 # File h.dat, created by Task#1 of TABOO on 2025.03.09 time=16.06.40
 # These h numbers are of loading type
  1       -0.10174843E+01      -0.16072985E+01      -0.58805434E-06      -0.12567995E-03      -0.28481902E-03      -0.56787865E-01      -0.39596429E-13       0.39596429E-13      -0.49173050E-03      -0.10957745E-11       0.10957745E-11      -0.15084246E-04      -0.13071874E-15      -0.13071874E-15
  2       -0.45391558E+00      -0.26455494E+01      -0.30189264E-05      -0.73637396E-03      -0.15968163E-03      -0.21021409E+00      -0.82124178E+00       0.31716322E-29      -0.21786198E-01      -0.11360783E-01      -0.55955907E-25      -0.42068484E-03      -0.95491885E-04       0.15942749E-27
  3       -0.46059872E+00      -0.37051626E+01      -0.80361328E-05      -0.19502351E-02      -0.17060521E-04      -0.30784194E+00      -0.95530152E+00      -0.55959954E-30      -0.85142748E-02      -0.15766682E-02       0.10695495E-25      -0.18942395E-03      -0.10409824E-04      -0.24370297E-28
  4       -0.45309444E+00      -0.47651713E+01      -0.16197126E-04      -0.38309625E-02      -0.16377937E-03      -0.37547665E+00      -0.97498602E+00      -0.30001185E-28      -0.43777892E-02      -0.94505855E-04       0.76211734E-24      -0.98933143E-04      -0.19229882E-04      -0.14374689E-26
  5       -0.46928802E+00      -0.58251568E+01      -0.27754291E-04      -0.62788746E-02      -0.67654172E-02      -0.36397026E+00      -0.10534002E+01       0.15036465E-29      -0.31322676E-02      -0.17463412E-02       0.13416241E-24      -0.64655068E-04      -0.95706675E-04      -0.32441529E-27
  6       -0.50250864E+00      -0.68848440E+01      -0.42793850E-04      -0.90920277E-02      -0.38112594E-01      -0.21008839E+00      -0.12649143E+01       0.69467301E-29      -0.28384628E-02      -0.36993191E-02      -0.83686933E-25      -0.50902440E-04      -0.16931245E-03       0.79495296E-28
  7       -0.54461057E+00      -0.79439400E+01      -0.61311322E-04      -0.12021213E-01      -0.75247640E-01      -0.40631542E-03      -0.15371734E+01       0.60808584E-28      -0.29843179E-02      -0.52559434E-02      -0.16207735E-23      -0.45855278E-04      -0.21949839E-03       0.24905052E-26
  8       -0.59099136E+00      -0.90020847E+01      -0.83239693E-04      -0.14817638E-01      -0.55430056E-01      -0.51840995E+00      -0.11428173E+01       0.14809986E-28      -0.34110897E-02      -0.63606132E-02      -0.57246010E-24      -0.45168692E-04      -0.24652863E-03       0.10775606E-26
  9       -0.63929293E+00      -0.10058826E+02      -0.10844958E-03      -0.17268914E-01      -0.24913043E-01      -0.11539214E+01      -0.64185930E+00       0.24910997E-28      -0.40606318E-02      -0.70943433E-02      -0.94376503E-24      -0.46977893E-04      -0.25568336E-03       0.21046392E-26
 10       -0.68826078E+00      -0.11113604E+02      -0.13674261E-03      -0.19222678E-01      -0.93814134E-02      -0.14733165E+01      -0.44026352E+00      -0.12002362E-28      -0.49059164E-02      -0.75427343E-02       0.13612808E-23      -0.50332469E-04      -0.25230450E-03      -0.40119902E-26
 11       -0.73715675E+00      -0.12165736E+02      -0.16784759E-03      -0.20596650E-01      -0.33217298E-02      -0.16787759E+01      -0.34034030E+00      -0.55279342E-28      -0.59286487E-02      -0.77729691E-02       0.22132100E-23      -0.54661292E-04      -0.24069500E-03      -0.73909498E-26
 12       -0.78549164E+00      -0.13214406E+02      -0.20142122E-03      -0.21375493E-01      -0.11477103E-02      -0.18390102E+01      -0.27833766E+00      -0.24916115E-28      -0.71109484E-02      -0.78360532E-02       0.12500158E-23      -0.59573106E-04      -0.22408896E-03      -0.52612171E-26
 13       -0.83290879E+00      -0.14258656E+02      -0.23705212E-03      -0.21597790E-01      -0.39175320E-03      -0.19764157E+01      -0.23384979E+00       0.34210001E-28      -0.84319045E-02      -0.77717265E-02      -0.11689012E-23      -0.64774634E-04      -0.20483676E-03       0.57809809E-26
 14       -0.87913342E+00      -0.15297372E+02      -0.27426736E-03      -0.21338167E-01      -0.13271409E-03      -0.20992914E+01      -0.19908991E+00       0.78018680E-28      -0.98662127E-02      -0.76117893E-02      -0.10994323E-23      -0.70033166E-04      -0.18459574E-03       0.52639253E-26
 15       -0.92394969E+00      -0.16329283E+02      -0.31254085E-03      -0.20689423E-01      -0.44716786E-04      -0.22110018E+01      -0.17066668E+00       0.28435716E-28      -0.11383964E-01      -0.73819924E-02      -0.58311401E-24      -0.75157792E-04      -0.16449172E-03       0.41782042E-26
 16       -0.96718906E+00      -0.17352950E+02      -0.35130345E-03      -0.19747876E-01      -0.15003266E-04      -0.23130321E+01      -0.14692055E+00       0.11427069E-27      -0.12951210E-01      -0.71031590E-02      -0.26746733E-23      -0.79989424E-04      -0.14525156E-03       0.21400643E-25
 17       -0.10087235E+01      -0.18366768E+02      -0.38995476E-03      -0.18603288E-01      -0.50162124E-05      -0.24061396E+01      -0.12692423E+00      -0.28146803E-28      -0.14531085E-01      -0.67919712E-02      -0.57427996E-24      -0.84395410E-04      -0.12731021E-03       0.68053800E-26
 18       -0.10484605E+01      -0.19368960E+02      -0.42787629E-03      -0.17333209E-01      -0.16719828E-05      -0.24908187E+01      -0.11007361E+00       0.11400815E-27      -0.16085305E-01      -0.64616121E-02      -0.25441363E-23      -0.88266657E-04      -0.11089520E-03       0.27372493E-25
 19       -0.10863395E+01      -0.20357584E+02      -0.46444587E-03      -0.16000809E-01      -0.55572281E-06      -0.25674911E+01      -0.95914386E-01       0.21239304E-27      -0.17575862E-01      -0.61223312E-02      -0.40210986E-23      -0.91516143E-04      -0.96091351E-04       0.49157603E-25
 20       -0.11223277E+01      -0.21330531E+02      -0.49905291E-03      -0.14655048E-01      -0.18420281E-06      -0.26365792E+01      -0.84069239E-01       0.22951063E-27      -0.18966754E-01      -0.57819497E-02      -0.51263668E-23      -0.94078117E-04      -0.82889070E-04       0.72601694E-25
 21       -0.11564172E+01      -0.22285543E+02      -0.53111391E-03      -0.13332154E-01      -0.60889146E-07      -0.26985283E+01      -0.74208829E-01      -0.22205164E-27      -0.20225584E-01      -0.54463056E-02       0.26911925E-23      -0.95907548E-04      -0.71219361E-04      -0.37792019E-25
 22       -0.11886217E+01      -0.23220216E+02      -0.56008785E-03      -0.12057683E-01      -0.20070084E-07      -0.27538053E+01      -0.66041185E-01       0.89863376E-29      -0.21324901E-01      -0.51196396E-02      -0.10684655E-24      -0.96979540E-04      -0.60978547E-04       0.31146229E-26
 23       -0.12189730E+01      -0.24132023E+02      -0.58549065E-03      -0.10848643E-01      -0.65956984E-08      -0.28028903E+01      -0.59308065E-01      -0.17073160E-27      -0.22243187E-01      -0.48049224E-02       0.19601245E-23      -0.97288529E-04      -0.52045299E-04      -0.34802070E-25
 24       -0.12475181E+01      -0.25018329E+02      -0.60690829E-03      -0.97154547E-02      -0.21607084E-08      -0.28462654E+01      -0.53783271E-01      -0.12371023E-28      -0.22965442E-01      -0.45041286E-02       0.79659653E-24      -0.96847148E-04      -0.44292014E-04      -0.19993705E-25
 25       -0.12743164E+01      -0.25876417E+02      -0.62400799E-03      -0.86636147E-02      -0.70545367E-09      -0.28844048E+01      -0.49270975E-01       0.25583314E-27      -0.23483356E-01      -0.42184615E-02      -0.40840935E-23      -0.95684733E-04      -0.37592177E-04       0.95004609E-25
 26       -0.12994371E+01      -0.26703516E+02      -0.63654684E-03      -0.76950367E-02      -0.22950278E-09      -0.29177664E+01      -0.45603492E-01       0.76657679E-27      -0.23795101E-01      -0.39485369E-02      -0.10324143E-22      -0.93845453E-04      -0.31824890E-04       0.25869108E-24
 27       -0.13229563E+01      -0.27496832E+02      -0.64437770E-03      -0.68091005E-02      -0.74381670E-10      -0.29467857E+01      -0.42638543E-01      -0.29276396E-27      -0.23904796E-01      -0.36945292E-02       0.54064381E-24      -0.91386122E-04      -0.26877468E-04       0.38384391E-26
 28       -0.13449552E+01      -0.28253583E+02      -0.64745186E-03      -0.60034461E-02      -0.24011456E-10      -0.29718715E+01      -0.40256221E-01      -0.35847921E-27      -0.23821736E-01      -0.34562890E-02       0.30831206E-23      -0.88373754E-04      -0.22646734E-04      -0.84943126E-25
 29       -0.13655182E+01      -0.28971036E+02      -0.64581861E-03      -0.52745634E-02      -0.77191411E-11      -0.29934038E+01      -0.38355935E-01       0.38047847E-28      -0.23559461E-01      -0.32334340E-02       0.13459929E-23      -0.84882960E-04      -0.19039448E-04      -0.48656935E-25
 30       -0.13847310E+01      -0.29646544E+02      -0.63962147E-03      -0.46182215E-02      -0.24708709E-11      -0.30117321E+01      -0.36853484E-01      -0.54357261E-27      -0.23134749E-01      -0.30254213E-02       0.52177739E-23      -0.80993287E-04      -0.15972203E-04      -0.17397139E-24
 31       -0.14026793E+01      -0.30277590E+02      -0.62909154E-03      -0.40297779E-02      -0.78741781E-12      -0.30271759E+01      -0.35678429E-01       0.57163722E-27      -0.22566612E-01      -0.28316014E-02      -0.60183857E-23      -0.76786599E-04      -0.13370983E-04       0.22880319E-24
 32       -0.14194476E+01      -0.30861827E+02      -0.61453804E-03      -0.35043966E-02      -0.24979860E-12      -0.30400250E+01      -0.34771780E-01      -0.56019145E-27      -0.21875352E-01      -0.26512605E-02       0.21529321E-23      -0.72344614E-04      -0.11170529E-04      -0.55247139E-25
 33       -0.14351185E+01      -0.31397114E+02      -0.59633670E-03      -0.30372016E-02      -0.78881006E-13      -0.30505412E+01      -0.34084039E-01      -0.46431179E-27      -0.21081710E-01      -0.24836513E-02       0.49427733E-23      -0.67746664E-04      -0.93136194E-05      -0.19191173E-24
 34       -0.14497718E+01      -0.31881558E+02      -0.57491640E-03      -0.26233828E-02      -0.24793260E-13      -0.30589594E+01      -0.33573577E-01      -0.10270535E-26      -0.20206152E-01      -0.23280166E-02       0.82899931E-23      -0.63067770E-04      -0.77503176E-05      -0.33613950E-24
 35       -0.14634840E+01      -0.32313544E+02      -0.55074482E-03      -0.22582691E-02      -0.77565334E-14      -0.30654899E+01      -0.33205293E-01       0.11190722E-26      -0.19268289E-01      -0.21836055E-02      -0.14071591E-22      -0.58377056E-04      -0.64372246E-05       0.66274979E-24
 36       -0.14763279E+01      -0.32691771E+02      -0.52431352E-03      -0.19373776E-02      -0.24153569E-14      -0.30703201E+01      -0.32949534E-01      -0.41965738E-27      -0.18286438E-01      -0.20496857E-02       0.89250329E-24      -0.53736556E-04      -0.53367673E-05      -0.16766515E-25
 37       -0.14883726E+01      -0.33015271E+02      -0.49612335E-03      -0.16564462E-02      -0.74867545E-15      -0.30736168E+01      -0.32781220E-01       0.11787986E-26      -0.17277316E-01      -0.19255512E-02      -0.67483761E-23      -0.49200389E-04      -0.44165310E-05       0.30632692E-24
 38       -0.14996830E+01      -0.33283435E+02      -0.46667055E-03      -0.14114548E-02      -0.23101225E-15      -0.30755277E+01      -0.32679136E-01      -0.25181805E-27      -0.16255848E-01      -0.18105279E-02       0.12872280E-23      -0.44814313E-04      -0.36486440E-05      -0.52841774E-25
 39       -0.15103200E+01      -0.33496019E+02      -0.43643418E-03      -0.11986381E-02      -0.70965408E-16      -0.30761836E+01      -0.32625358E-01       0.27805151E-27      -0.15235078E-01      -0.17039763E-02       0.29246692E-23      -0.40615615E-04      -0.30092172E-05      -0.19086971E-24
 40       -0.15203405E+01      -0.33653155E+02      -0.40586517E-03      -0.10144923E-02      -0.21705976E-16      -0.30757005E+01      -0.32604780E-01       0.20450982E-26      -0.14226160E-01      -0.16052933E-02      -0.15551382E-22      -0.36633292E-04      -0.24778383E-05       0.86794560E-24
 41       -0.15297975E+01      -0.33755350E+02      -0.37537743E-03      -0.85577683E-03      -0.66113782E-17      -0.30741803E+01      -0.32604729E-01       0.23670830E-26      -0.13238416E-01      -0.15139125E-02      -0.15236447E-22      -0.32888480E-04      -0.20371174E-05       0.86463432E-24
 42       -0.15387402E+01      -0.33803474E+02      -0.34534105E-03      -0.71951253E-03      -0.20056312E-17      -0.30717134E+01      -0.32614638E-01       0.13202494E-26      -0.12279432E-01      -0.14293038E-02      -0.50499829E-23      -0.29395065E-04      -0.16722834E-05       0.24157453E-24
 43       -0.15472139E+01      -0.33798748E+02      -0.31607770E-03      -0.60297709E-03      -0.60607861E-18      -0.30683795E+01      -0.32625767E-01       0.74432535E-27      -0.11355201E-01      -0.13509720E-02       0.48182728E-24      -0.26160436E-04      -0.13708249E-05      -0.55164391E-25
 44       -0.15552606E+01      -0.33742722E+02      -0.28785814E-03      -0.50369753E-03      -0.18247476E-18      -0.30642489E+01      -0.32630965E-01       0.19340555E-26      -0.10470265E-01      -0.12784559E-02      -0.10542801E-22      -0.23186315E-04      -0.11221744E-05       0.64064963E-24
 45       -0.15629191E+01      -0.33637249E+02      -0.26090168E-03      -0.41944065E-03      -0.54746137E-19      -0.30593837E+01      -0.32624467E-01      -0.34866491E-26      -0.96278906E-02      -0.12113260E-02       0.10150537E-22      -0.20469622E-04      -0.91743061E-06      -0.53618450E-24
 46       -0.15702248E+01      -0.33484455E+02      -0.23537737E-03      -0.34820183E-03      -0.16370589E-19      -0.30538389E+01      -0.32601704E-01       0.73862127E-27      -0.88302217E-02      -0.11491829E-02      -0.21235791E-23      -0.18003339E-04      -0.74911577E-06       0.10155200E-24
 47       -0.15772104E+01      -0.33286701E+02      -0.21140666E-03      -0.28819221E-03      -0.48800038E-20      -0.30476634E+01      -0.32559151E-01       0.23799452E-26      -0.80784474E-02      -0.10916550E-02      -0.33917688E-23      -0.15777338E-04      -0.61096419E-06       0.11187701E-24
 48       -0.15839058E+01      -0.33046550E+02      -0.18906707E-03      -0.23782490E-03      -0.14504621E-20      -0.30409003E+01      -0.32494180E-01       0.14405695E-26      -0.73729504E-02      -0.10383966E-02      -0.16835619E-22      -0.13779153E-04      -0.49773902E-06       0.13037079E-23
 49       -0.15903384E+01      -0.32766726E+02      -0.16839680E-03      -0.19570033E-03      -0.42994022E-21      -0.30335882E+01      -0.32404932E-01      -0.10707332E-27      -0.67134478E-02      -0.98908587E-03      -0.21249529E-23      -0.11994667E-04      -0.40507405E-06       0.23274203E-24
 50       -0.15965331E+01      -0.32450076E+02      -0.14939978E-03      -0.16059130E-03      -0.12711863E-21      -0.30257614E+01      -0.32290207E-01       0.29063533E-26      -0.60991182E-02      -0.94342229E-03      -0.18981200E-22      -0.10408728E-04      -0.32933746E-06       0.14782895E-23
 51       -0.16025129E+01      -0.32099531E+02      -0.13205089E-03      -0.13142775E-03      -0.37496628E-22      -0.30174508E+01      -0.32149364E-01       0.50252304E-26      -0.55287153E-02      -0.90112481E-03      -0.33069262E-22      -0.90056637E-05      -0.26751513E-06       0.26271320E-23
 52       -0.16082983E+01      -0.31718070E+02      -0.11630127E-03      -0.10728187E-03      -0.11036627E-22      -0.30086840E+01      -0.31982227E-01      -0.93947097E-27      -0.50006676E-02      -0.86192955E-03      -0.93461672E-24      -0.77697145E-05      -0.21711106E-06       0.89848382E-25
 53       -0.16139085E+01      -0.31308684E+02      -0.10208334E-03      -0.87353451E-04      -0.32420744E-23      -0.29994859E+01      -0.31789012E-01       0.11109571E-26      -0.45131653E-02      -0.82558769E-03      -0.24981360E-22      -0.66853810E-05      -0.17606254E-06       0.23200495E-23
 54       -0.16193607E+01      -0.30874344E+02      -0.89315557E-04      -0.70956001E-04      -0.95064545E-24      -0.29898791E+01      -0.31570256E-01      -0.41075856E-26      -0.40642342E-02      -0.79186328E-03       0.18086189E-22      -0.57376926E-05      -0.14266832E-06      -0.14890908E-23
 55       -0.16246704E+01      -0.30417974E+02      -0.77906591E-04      -0.57503546E-04      -0.27830200E-24      -0.29798841E+01      -0.31326751E-01       0.80283159E-27      -0.36517978E-02      -0.76053107E-03      -0.66359244E-23      -0.49124075E-05      -0.11552792E-06       0.61703381E-24
 56       -0.16298519E+01      -0.29942422E+02      -0.67759101E-04      -0.46498364E-04      -0.81338886E-25      -0.29695197E+01      -0.31059499E-01      -0.17774398E-26      -0.32737301E-02      -0.73137441E-03       0.13926282E-22      -0.41961518E-05      -0.93490488E-07      -0.12595600E-23
 57       -0.16349180E+01      -0.29450441E+02      -0.58772902E-04      -0.37519688E-04      -0.23720299E-25      -0.29588031E+01      -0.30769659E-01      -0.45913274E-26      -0.29278980E-02      -0.70418319E-03       0.11498424E-22      -0.35765075E-05      -0.75611915E-07      -0.83361935E-24
 58       -0.16398805E+01      -0.28944670E+02      -0.50847604E-04      -0.30213418E-04      -0.69306738E-26      -0.29477501E+01      -0.30458511E-01       0.33551007E-27      -0.26121955E-02      -0.67875186E-03       0.15691042E-23      -0.30420574E-05      -0.61118911E-07      -0.14483081E-24
 59       -0.16447497E+01      -0.28427619E+02      -0.43884734E-04      -0.24282853E-04      -0.20123883E-26      -0.29363756E+01      -0.30127420E-01       0.29745366E-26      -0.23245713E-02      -0.65487768E-03      -0.88565180E-23      -0.25823967E-05      -0.49379048E-07       0.78420429E-24
 60       -0.16495354E+01      -0.27901656E+02      -0.37789370E-04      -0.19480415E-04      -0.59517654E-27      -0.29246930E+01      -0.29777805E-01      -0.32227639E-26      -0.20630495E-02      -0.63235930E-03       0.32037137E-22      -0.21881173E-05      -0.39875828E-07      -0.32470035E-23
 61       -0.16542460E+01      -0.27369003E+02      -0.32471356E-04      -0.15600341E-04      -0.16788301E-27      -0.29127153E+01      -0.29411118E-01      -0.10432706E-25      -0.18257445E-02      -0.61099575E-03       0.34320860E-22      -0.18507721E-05      -0.32187979E-07      -0.31093898E-23
 62       -0.16588893E+01      -0.26831727E+02      -0.27846132E-04      -0.12472263E-04      -0.58168829E-28      -0.29004545E+01      -0.29028823E-01       0.18905602E-26      -0.16108715E-02      -0.59058616E-03      -0.12570127E-22      -0.15628258E-05      -0.25972322E-07       0.13874922E-23
 63       -0.16634723E+01      -0.26291741E+02      -0.23835257E-04      -0.99556304E-05       0.63172817E-29      -0.28879218E+01      -0.28632373E-01       0.79018755E-26      -0.14167523E-02      -0.57093027E-03      -0.14742260E-22      -0.13175953E-05      -0.20949615E-07       0.96167338E-24
 64       -0.16680013E+01      -0.25750800E+02      -0.20366657E-04      -0.79348861E-05      -0.14193451E-28      -0.28751280E+01      -0.28223204E-01       0.80557553E-26      -0.12418167E-02      -0.55183017E-03      -0.14837805E-22      -0.11091848E-05      -0.16892877E-07       0.95380127E-24
 65       -0.16724818E+01      -0.25210506E+02      -0.17374681E-04      -0.63153321E-05      -0.53814932E-29      -0.28620832E+01      -0.27802719E-01       0.81800694E-26      -0.10846009E-02      -0.53309318E-03      -0.26077348E-22      -0.93241854E-06      -0.13617790E-07       0.24227149E-23
 66       -0.16769188E+01      -0.24672310E+02      -0.14799974E-04      -0.50196033E-05      -0.17835766E-28      -0.28487971E+01      -0.27372278E-01       0.10617452E-25      -0.94374237E-03      -0.51453622E-03      -0.21437463E-22      -0.78277312E-06      -0.10974820E-07       0.17014731E-23
 67       -0.16813170E+01      -0.24137519E+02      -0.12589248E-04      -0.39846799E-05       0.24496184E-28      -0.28352791E+01      -0.26933194E-01       0.31014350E-26      -0.81797177E-03      -0.49599141E-03      -0.17672726E-23      -0.65631155E-06      -0.88427482E-08      -0.95644465E-25
 68       -0.16856803E+01      -0.23607299E+02      -0.10694950E-04      -0.31593698E-05       0.72820878E-29      -0.28215379E+01      -0.26486727E-01       0.16567180E-25      -0.70610314E-03      -0.47731274E-03      -0.51335882E-22      -0.54962032E-06      -0.71233901E-08       0.50556201E-23
 69       -0.16900123E+01      -0.23082682E+02      -0.90748859E-05      -0.25021974E-05      -0.12391816E-30      -0.28075822E+01      -0.26034077E-01      -0.53542116E-26      -0.60702263E-03      -0.45838302E-03       0.97892334E-23      -0.45975025E-06      -0.57372733E-08      -0.83081474E-24
 70       -0.16943161E+01      -0.22564577E+02      -0.76918038E-05      -0.19796431E-05       0.11569205E-28      -0.27934201E+01      -0.25576387E-01      -0.59409627E-26      -0.51967717E-03      -0.43912060E-03       0.18766552E-22      -0.38416158E-06      -0.46201133E-08      -0.18574234E-23
 71       -0.16985947E+01      -0.22053774E+02      -0.65129689E-05      -0.15646800E-05      -0.69712894E-29      -0.27790597E+01      -0.25114736E-01      -0.51612990E-26      -0.44306415E-03      -0.41948452E-03      -0.90298878E-24      -0.32067382E-06      -0.37199422E-08       0.34265142E-24
 72       -0.17028504E+01      -0.21550953E+02      -0.55097361E-05      -0.12355651E-05       0.29573853E-28      -0.27645086E+01      -0.24650141E-01       0.39901648E-26      -0.37622320E-03      -0.39947743E-03      -0.90239131E-23      -0.26742018E-06      -0.29947719E-08       0.66075817E-24
 73       -0.17070854E+01      -0.21056694E+02      -0.46571354E-05      -0.97484220E-06       0.16104265E-30      -0.27497743E+01      -0.24183557E-01      -0.58135584E-26      -0.31823107E-03      -0.37914537E-03       0.11723567E-22      -0.22280661E-06      -0.24106942E-08      -0.89495965E-24
 74       -0.17113018E+01      -0.20571483E+02      -0.39334776E-05      -0.76852464E-06       0.29540960E-29      -0.27348640E+01      -0.23715878E-01       0.37258760E-26      -0.26819986E-03      -0.35857412E-03      -0.14240403E-22      -0.18547530E-06      -0.19403387E-08       0.16047327E-23
 75       -0.17155011E+01      -0.20095719E+02      -0.33199839E-05      -0.60542629E-06       0.25151976E-28      -0.27197847E+01      -0.23247936E-01      -0.12195490E-27      -0.22527857E-03      -0.33788241E-03      -0.18271348E-22      -0.15427227E-06      -0.15616209E-08       0.23683340E-23
 76       -0.17196848E+01      -0.19629723E+02      -0.28004431E-05      -0.47661649E-06       0.42877433E-29      -0.27045432E+01      -0.22780506E-01       0.11090079E-25      -0.18865718E-03      -0.31721270E-03      -0.53341477E-22      -0.12821889E-06      -0.12567283E-08       0.63888446E-23
 77       -0.17238542E+01      -0.19173747E+02      -0.23608991E-05      -0.37497691E-06      -0.45725318E-29      -0.26891463E+01      -0.22314303E-01      -0.44900915E-26      -0.15757227E-03      -0.29672066E-03       0.45032868E-23      -0.10648684E-06      -0.10112985E-08      -0.23293074E-24
 78       -0.17280104E+01      -0.18727977E+02      -0.19893668E-05      -0.29484253E-06       0.27137756E-29      -0.26736004E+01      -0.21849990E-01       0.37742386E-25      -0.13131294E-03      -0.27656457E-03      -0.73667416E-22      -0.88376367E-07      -0.81375485E-09       0.72247575E-23
 79       -0.17321542E+01      -0.18292542E+02      -0.16755771E-05      -0.23171141E-06       0.23561092E-28      -0.26579119E+01      -0.21388174E-01       0.17771766E-25      -0.10922587E-03      -0.25689580E-03      -0.68874105E-22      -0.73297319E-07      -0.65476820E-09       0.80210431E-23
 80       -0.17362865E+01      -0.17867520E+02      -0.14107499E-05      -0.18201077E-06      -0.23117662E-28      -0.26420869E+01      -0.20929414E-01       0.23947459E-25      -0.90718856E-04      -0.23785108E-03      -0.21404322E-22      -0.60752810E-07      -0.52682265E-09       0.11938698E-23
 81       -0.17404079E+01      -0.17452943E+02      -0.11873924E-05      -0.14290879E-06       0.10181736E-28      -0.26261315E+01      -0.20474218E-01       0.11354767E-26      -0.75262304E-04      -0.21954714E-03      -0.18691956E-22      -0.50325106E-07      -0.42386427E-09       0.23499186E-23
 82       -0.17445188E+01      -0.17048803E+02      -0.99912167E-06      -0.11216360E-06       0.17666025E-28      -0.26100515E+01      -0.20023051E-01      -0.23593444E-25      -0.62388621E-04      -0.20207760E-03       0.61962512E-22      -0.41663522E-07      -0.34101773E-09      -0.68576535E-23
 83       -0.17486198E+01      -0.16655057E+02      -0.84050914E-06      -0.88002330E-07       0.21860233E-28      -0.25938528E+01      -0.19576331E-01      -0.76642354E-27      -0.51689830E-04      -0.18551198E-03       0.31091462E-22      -0.34474055E-07      -0.27435746E-09      -0.37153522E-23
 84       -0.17527112E+01      -0.16271629E+02      -0.70694441E-06      -0.69024452E-07      -0.58417684E-29      -0.25775410E+01      -0.19134439E-01      -0.34787063E-25      -0.42813735E-04      -0.16989642E-03       0.39568477E-22      -0.28510528E-07      -0.22072307E-09      -0.36056212E-23
 85       -0.17567931E+01      -0.15898417E+02      -0.59451736E-06      -0.54124613E-07       0.16095595E-28      -0.25611215E+01      -0.18697714E-01       0.23320861E-25      -0.35459125E-04      -0.15525549E-03      -0.15140507E-22      -0.23567059E-07      -0.17757058E-09       0.63723140E-24
 86       -0.17608658E+01      -0.15535298E+02      -0.49991584E-06      -0.42431206E-07       0.28874072E-29      -0.25445999E+01      -0.18266460E-01       0.21632504E-25      -0.29370469E-04      -0.14159491E-03      -0.70574837E-22      -0.19471654E-07      -0.14285236E-09       0.81659310E-23
 87       -0.17649294E+01      -0.15182126E+02      -0.42033727E-06      -0.33257500E-07       0.47458346E-29      -0.25279813E+01      -0.17840948E-01      -0.29451156E-25      -0.24332465E-04      -0.12890445E-03       0.80010748E-22      -0.16080780E-07      -0.11492049E-09      -0.89551825E-23
 88       -0.17689838E+01      -0.14838739E+02      -0.35341269E-06      -0.26062836E-07       0.10870936E-28      -0.25112710E+01      -0.17421413E-01      -0.32612717E-25      -0.20164737E-04      -0.11716104E-03       0.32415588E-22      -0.13274773E-07      -0.92448817E-10      -0.28796472E-23
 89       -0.17730291E+01      -0.14504963E+02      -0.29714147E-06      -0.20421846E-07      -0.11547798E-28      -0.24944740E+01      -0.17008065E-01       0.45900757E-25      -0.16716865E-04      -0.10633164E-03      -0.72657800E-22      -0.10953961E-07      -0.74370199E-10       0.75503566E-23
 90       -0.17770652E+01      -0.14180610E+02      -0.24983544E-06      -0.16000086E-07      -0.14442807E-28      -0.24775954E+01      -0.16601083E-01      -0.10199226E-25      -0.13863875E-04      -0.96375887E-04      -0.40386695E-22      -0.90353970E-08      -0.59825979E-10       0.53281538E-23
 91       -0.17810920E+01      -0.13865485E+02      -0.21007112E-06      -0.12534749E-07      -0.11837109E-28      -0.24606399E+01      -0.16200621E-01       0.35320898E-25      -0.11502227E-04      -0.87248342E-04      -0.97011041E-22      -0.74501090E-08      -0.48125281E-10       0.11196883E-22
 92       -0.17851093E+01      -0.13559383E+02      -0.17664906E-06      -0.98194315E-08      -0.21500384E-28      -0.24436123E+01      -0.15806809E-01      -0.34476754E-25      -0.95463284E-05      -0.78900453E-04       0.15302073E-21      -0.61407908E-08      -0.38712243E-10      -0.18546099E-22
 93       -0.17891171E+01      -0.13262097E+02      -0.14855910E-06      -0.76921032E-08      -0.77364020E-29      -0.24265174E+01      -0.15419755E-01      -0.19837555E-25      -0.79255239E-05      -0.71282109E-04      -0.50298661E-22      -0.50598632E-08      -0.31139648E-10       0.74840583E-23
 94       -0.17931149E+01      -0.12973412E+02      -0.12495100E-06      -0.60256234E-08      -0.12964597E-28      -0.24093596E+01      -0.15039544E-01       0.29732268E-25      -0.65815513E-05      -0.64342899E-04      -0.86635482E-22      -0.41678509E-08      -0.25047697E-10       0.10130671E-22
 95       -0.17971028E+01      -0.12693113E+02      -0.10510943E-06      -0.47202657E-08      -0.53105208E-29      -0.23921435E+01      -0.14666244E-01       0.93919990E-25      -0.54663922E-05      -0.58033076E-04      -0.17641027E-21      -0.34320234E-08      -0.20146925E-10       0.19197188E-22
 96       -0.18010803E+01      -0.12420983E+02      -0.88432789E-07      -0.36978336E-08      -0.23239893E-28      -0.23748735E+01      -0.14299905E-01       0.53580890E-25      -0.45404790E-05      -0.52304287E-04      -0.90056345E-22      -0.28252596E-08      -0.16204455E-10       0.97559571E-23
 97       -0.18050472E+01      -0.12156805E+02      -0.74415311E-07      -0.28970303E-08      -0.22743971E-28      -0.23575538E+01      -0.13940561E-01       0.32540092E-25      -0.37712032E-05      -0.47110093E-04      -0.93500958E-22      -0.23250999E-08      -0.13032938E-10       0.10911430E-22
 98       -0.18090033E+01      -0.11900361E+02      -0.62631907E-07      -0.22698191E-08       0.47477467E-29      -0.23401888E+01      -0.13588230E-01       0.13027066E-25      -0.31316819E-05      -0.42406328E-04      -0.58552716E-22      -0.19129551E-08      -0.10481651E-10       0.75732057E-23
 99       -0.18129483E+01      -0.11651435E+02      -0.52725391E-07      -0.17785628E-08       0.11058556E-28      -0.23227825E+01      -0.13242916E-01      -0.49614247E-25      -0.25997397E-05      -0.38151322E-04       0.86044915E-22      -0.15734475E-08      -0.84293357E-11      -0.91325323E-23
100       -0.18168817E+01      -0.11409815E+02      -0.44395686E-07      -0.13937783E-08       0.67786272E-33      -0.23053391E+01      -0.12904612E-01      -0.85317165E-25      -0.21570710E-05      -0.34306027E-04       0.11803192E-21      -0.12938630E-08      -0.67784419E-11      -0.11790367E-22
101       -0.18208034E+01      -0.11175288E+02      -0.37390733E-07      -0.10923730E-08      -0.20389253E-29      -0.22878624E+01      -0.12573298E-01       0.40642041E-25      -0.17885524E-05      -0.30834049E-04      -0.94433896E-22      -0.10636942E-08      -0.54504887E-11       0.10580735E-22
102       -0.18247130E+01      -0.10947646E+02      -0.31498831E-07      -0.85626237E-09      -0.99650899E-29      -0.22703564E+01      -0.12248943E-01      -0.38834467E-26      -0.14816772E-05      -0.27701637E-04       0.47460838E-22      -0.87426176E-09      -0.43823376E-11      -0.65448918E-23
103       -0.18286102E+01      -0.10726684E+02      -0.26542185E-07      -0.67128468E-09      -0.67994824E-29      -0.22528249E+01      -0.11931510E-01      -0.13140236E-24      -0.12260927E-05      -0.24877611E-04       0.12834723E-21      -0.71839913E-09      -0.35231928E-11      -0.11588738E-22
104       -0.18324947E+01      -0.10512203E+02      -0.22371486E-07      -0.52635115E-09      -0.25301684E-28      -0.22352717E+01      -0.11620948E-01       0.74125825E-25      -0.10132201E-05      -0.22333271E-04      -0.18725572E-21      -0.59019158E-09      -0.28321884E-11       0.22110283E-22
105       -0.18363660E+01      -0.10304004E+02      -0.18861345E-07      -0.41277937E-09      -0.77514559E-29      -0.22177005E+01      -0.11317203E-01      -0.11430027E-24      -0.83594291E-06      -0.20042278E-04       0.16079182E-21      -0.48475931E-09      -0.22764466E-11      -0.17040980E-22
106       -0.18402240E+01      -0.10101895E+02      -0.15906460E-07      -0.32377116E-09       0.70543544E-29      -0.22001148E+01      -0.11020211E-01       0.11736765E-26      -0.68835155E-06      -0.17980522E-04       0.26462932E-22      -0.39807796E-09      -0.18295167E-11      -0.36657398E-23
107       -0.18440681E+01      -0.99056873E+01      -0.13418392E-07      -0.25400366E-09       0.13138315E-28      -0.21825181E+01      -0.10729902E-01       0.12708170E-26      -0.56553318E-06      -0.16125984E-04      -0.12018996E-22      -0.32682977E-09      -0.14701183E-11       0.15089421E-23
108       -0.18478982E+01      -0.97151981E+01      -0.11322863E-07      -0.19930902E-09       0.22753710E-29      -0.21649140E+01      -0.10446202E-01      -0.80260587E-25      -0.46339938E-06      -0.14458594E-04       0.58038214E-22      -0.26828051E-09      -0.11811308E-11      -0.48604378E-23
109       -0.18517139E+01      -0.95302479E+01      -0.95574755E-08      -0.15642361E-09      -0.45382430E-29      -0.21473058E+01      -0.10169030E-01      -0.85041356E-26      -0.37854426E-06      -0.12960093E-04      -0.35787535E-22      -0.22017757E-09      -0.94878038E-12       0.44899950E-23
110       -0.18555148E+01      -0.93506627E+01      -0.80698133E-08      -0.12279169E-09       0.68774129E-29      -0.21296968E+01      -0.98983021E-02      -0.48174413E-25      -0.30812777E-06      -0.11613893E-04       0.19334897E-22      -0.18066568E-09      -0.76198573E-12      -0.53067341E-24
111       -0.18593007E+01      -0.91762730E+01      -0.68158335E-08      -0.96411671E-10       0.18887781E-28      -0.21120904E+01      -0.96339289E-02      -0.31977353E-25      -0.24977937E-06      -0.10404946E-04       0.60986167E-23      -0.14821733E-09      -0.61183191E-12       0.74074820E-26
112       -0.18630711E+01      -0.90069139E+01      -0.57585253E-08      -0.75715808E-10      -0.15263930E-28      -0.20944896E+01      -0.93758186E-02      -0.83679201E-25      -0.20151866E-06      -0.93196174E-05       0.84483476E-22      -0.12157521E-09      -0.49114688E-12      -0.76400094E-23
113       -0.18668259E+01      -0.88424256E+01      -0.48667808E-08      -0.59476030E-10       0.53069991E-29      -0.20768977E+01      -0.91238763E-02      -0.13801779E-24      -0.16168978E-06      -0.83455671E-05       0.24191270E-21      -0.99704704E-10      -0.39416089E-12      -0.26685810E-22
114       -0.18705646E+01      -0.86826529E+01      -0.41144488E-08      -0.46730210E-10      -0.19997357E-31      -0.20593176E+01      -0.88780043E-02       0.12123248E-25      -0.12890710E-06      -0.74716372E-05      -0.20266566E-22      -0.81754672E-10      -0.31623254E-12       0.32055924E-23
115       -0.18742869E+01      -0.85274453E+01      -0.34795403E-08      -0.36724470E-10      -0.99853817E-29      -0.20417524E+01      -0.86381031E-02      -0.11948735E-25      -0.10201031E-06      -0.66877477E-05       0.47531780E-22      -0.67025098E-10      -0.25362791E-12      -0.55713760E-23
116       -0.18779926E+01      -0.83766567E+01      -0.29435621E-08      -0.28868010E-10      -0.73338903E-29      -0.20242050E+01      -0.84040710E-02      -0.32283579E-25      -0.80027114E-07      -0.59848000E-05       0.63252881E-22      -0.54940402E-10      -0.20334363E-12      -0.73664698E-23
117       -0.18816814E+01      -0.82301459E+01      -0.24909573E-08      -0.22697757E-10       0.88470939E-29      -0.20066782E+01      -0.81758052E-02       0.12664131E-25      -0.62142330E-07      -0.53545870E-05      -0.13350329E-22      -0.45027429E-10      -0.16296386E-12       0.16848157E-23
118       -0.18853529E+01      -0.80877759E+01      -0.21086355E-08      -0.17850686E-10       0.13039116E-28      -0.19891750E+01      -0.79532016E-02      -0.12271579E-24      -0.47672120E-07      -0.47897108E-05       0.19680227E-21      -0.36897316E-10      -0.13054539E-12      -0.22302744E-22
119       -0.18890069E+01      -0.79494142E+01      -0.17855797E-08      -0.14042154E-10      -0.36799658E-29      -0.19716980E+01      -0.77361551E-02       0.93496390E-25      -0.36042602E-07      -0.42835069E-05      -0.15742137E-21      -0.30230547E-10      -0.10452562E-12       0.17726755E-22
120       -0.18926431E+01      -0.78149326E+01      -0.15125146E-08      -0.11048927E-10      -0.80860382E-29      -0.19542499E+01      -0.75245602E-02       0.73773242E-25      -0.26772010E-07      -0.38299746E-05      -0.20341276E-21      -0.24764642E-10      -0.83647552E-13       0.24412624E-22
121       -0.18962612E+01      -0.76842070E+01      -0.12816297E-08      -0.86959042E-11       0.10090410E-29      -0.19368335E+01      -0.73183111E-02      -0.67424594E-25      -0.19455811E-07      -0.34237141E-05       0.15420841E-21      -0.20284022E-10      -0.66900465E-13      -0.17499685E-22
122       -0.18998610E+01      -0.75571175E+01      -0.10863459E-08      -0.68457034E-11      -0.19244642E-28      -0.19194511E+01      -0.71173016E-02       0.39158678E-26      -0.13754282E-07      -0.30598679E-05      -0.89243155E-23      -0.16611664E-10      -0.53472000E-13       0.91529542E-24
123       -0.19034422E+01      -0.74335479E+01      -0.92111967E-09      -0.53905179E-11      -0.17622191E-28      -0.19021055E+01      -0.69214257E-02      -0.10151420E-24      -0.93821262E-08      -0.27340687E-05       0.13075475E-21      -0.13602235E-10      -0.42708565E-13      -0.14221936E-22
124       -0.19070045E+01      -0.73133863E+01      -0.78127880E-09      -0.42457286E-11      -0.14345946E-28      -0.18847990E+01      -0.67305777E-02      -0.16759559E-25      -0.60997835E-08      -0.24423915E-05       0.16010847E-21      -0.11136442E-10      -0.34085071E-13      -0.20451640E-22
125       -0.19105477E+01      -0.71965243E+01      -0.66288422E-09      -0.33449021E-11       0.17516306E-28      -0.18675341E+01      -0.65446522E-02       0.16552019E-24      -0.37061584E-08      -0.21813097E-05      -0.28576851E-21      -0.91163831E-11      -0.27179527E-13       0.33419591E-22
126       -0.19140716E+01      -0.70828571E+01      -0.56261395E-09      -0.26358706E-11       0.78463916E-29      -0.18503131E+01      -0.63635444E-02      -0.24226097E-24      -0.20325262E-08      -0.19476561E-05       0.32226236E-21      -0.74617302E-11      -0.21652050E-13      -0.35047588E-22
127       -0.19175759E+01      -0.69722836E+01      -0.47766555E-09      -0.20776586E-11       0.14686952E-29      -0.18331383E+01      -0.61871502E-02       0.58387989E-25      -0.93742325E-09      -0.17385870E-05      -0.15401759E-21      -0.61065813E-11      -0.17230909E-13       0.18968405E-22
128       -0.19210604E+01      -0.68647060E+01      -0.40567413E-09      -0.16380741E-11      -0.10010140E-28      -0.18160120E+01      -0.60153662E-02      -0.62184009E-25      -0.30236227E-09      -0.15515499E-05       0.92410951E-22      -0.49968833E-11      -0.13696319E-13      -0.11159042E-22
129       -0.19245249E+01      -0.67600300E+01      -0.34464341E-09      -0.12918198E-11       0.86876246E-29      -0.17989364E+01      -0.58480901E-02      -0.16525538E-24      -0.28236173E-10      -0.13842545E-05       0.31610058E-21      -0.40883066E-11      -0.10872694E-13      -0.36417484E-22
130       -0.19279692E+01      -0.66581644E+01      -0.29288769E-09      -0.10190114E-11       0.93797325E-29      -0.17819136E+01      -0.56852207E-02      -0.46015815E-25      -0.32299991E-10      -0.12346458E-05      -0.29629701E-22      -0.33445028E-11      -0.86190903E-14       0.51983605E-23
131       -0.19313930E+01      -0.65590212E+01      -0.24898315E-09      -0.80401570E-12      -0.23549391E-28      -0.17649458E+01      -0.55266575E-02       0.14881775E-24      -0.24563693E-09      -0.11008809E-05      -0.16964938E-21      -0.27356734E-11      -0.68216855E-14       0.17009201E-22
132       -0.19347962E+01      -0.64625153E+01      -0.21172667E-09      -0.63453839E-12      -0.85264464E-29      -0.17480349E+01      -0.53723016E-02      -0.10507209E-24      -0.61103064E-09      -0.98130680E-06       0.29790085E-21      -0.22373927E-11      -0.53891896E-14      -0.35053355E-22
133       -0.19381787E+01      -0.63685646E+01      -0.18010140E-09      -0.50090882E-12       0.11390908E-28      -0.17311830E+01      -0.52220553E-02      -0.11761411E-24      -0.10811782E-08      -0.87444175E-06       0.23272094E-21      -0.18296414E-11      -0.42492872E-14      -0.27294521E-22
134       -0.19415401E+01      -0.62770899E+01      -0.15324753E-09      -0.39551804E-12      -0.13487360E-28      -0.17143920E+01      -0.50758220E-02      -0.19994757E-25      -0.16171886E-08      -0.77895724E-06      -0.92143240E-22      -0.14960154E-11      -0.33432872E-14       0.14302930E-22
135       -0.19448804E+01      -0.61880145E+01      -0.13043791E-09      -0.31237780E-12      -0.11714182E-28      -0.16976639E+01      -0.49335068E-02       0.25911890E-24      -0.21873206E-08      -0.69366248E-06      -0.40553371E-21      -0.12230751E-11      -0.26240193E-14       0.44684824E-22
136       -0.19481994E+01      -0.61012645E+01      -0.11105728E-09      -0.24677411E-12       0.77265752E-30      -0.16810004E+01      -0.47950159E-02       0.47968364E-25      -0.27659196E-08      -0.61749021E-06      -0.10168784E-21      -0.99981092E-12      -0.20533413E-14       0.11643524E-22
137       -0.19514969E+01      -0.60167686E+01      -0.94584946E-10      -0.19499521E-12      -0.14556947E-28      -0.16644033E+01      -0.46602573E-02      -0.75091895E-25      -0.33325227E-08      -0.54948394E-06       0.21723371E-21      -0.81720446E-12      -0.16015342E-14      -0.26536195E-22
138       -0.19547728E+01      -0.59344577E+01      -0.80580089E-10      -0.15411767E-12       0.14819097E-28      -0.16478745E+01      -0.45291402E-02       0.27012302E-24      -0.38710999E-08      -0.48878651E-06      -0.44572240E-21      -0.66786937E-12      -0.12455073E-14       0.50271616E-22
139       -0.19580269E+01      -0.58542654E+01      -0.68669368E-10      -0.12183844E-12      -0.43560985E-29      -0.16314156E+01      -0.44015756E-02       0.81905806E-25      -0.43694114E-08      -0.43462978E-06      -0.17919025E-21      -0.54576020E-12      -0.96401968E-15       0.22198093E-22
140       -0.19612591E+01      -0.57761273E+01      -0.58536508E-10      -0.96342704E-13       0.13110166E-28      -0.16150283E+01      -0.42774759E-02       0.16541681E-24      -0.48184582E-08      -0.38632542E-06      -0.15035864E-21      -0.44592464E-12      -0.74278021E-15       0.14464154E-22
141       -0.19644693E+01      -0.56999813E+01      -0.49913482E-10      -0.76200023E-13      -0.11748006E-28      -0.15987143E+01      -0.41567550E-02       0.11726748E-24      -0.52120095E-08      -0.34325658E-06      -0.27476083E-21      -0.36430961E-12      -0.56944691E-15       0.32744342E-22
142       -0.19676573E+01      -0.56257674E+01      -0.42573076E-10      -0.60282644E-13      -0.17008923E-28      -0.15824750E+01      -0.40393285E-02      -0.39714747E-24      -0.55461931E-08      -0.30487045E-06       0.50228705E-21      -0.29759917E-12      -0.43267034E-15      -0.51835181E-22
143       -0.19708230E+01      -0.55534277E+01      -0.36322615E-10      -0.47701224E-13       0.25774693E-28      -0.15663120E+01      -0.39251137E-02      -0.71187900E-25      -0.58191367E-08      -0.27067161E-06       0.17212284E-21      -0.24307559E-12      -0.32733569E-15      -0.20339459E-22
144       -0.19739663E+01      -0.54829063E+01      -0.30998659E-10      -0.37754256E-13      -0.10799628E-28      -0.15502268E+01      -0.38140294E-02      -0.21989961E-26      -0.60306506E-08      -0.24021608E-06       0.18608585E-21      -0.19851924E-12      -0.24518823E-15      -0.25361039E-22
145       -0.19770872E+01      -0.54141491E+01      -0.26462520E-10      -0.29888254E-13       0.15207858E-28      -0.15342208E+01      -0.37059958E-02       0.85158558E-25      -0.61819444E-08      -0.21310592E-06      -0.22278964E-21      -0.16211112E-12      -0.18253635E-15       0.28343983E-22
146       -0.19801855E+01      -0.53471038E+01      -0.22596479E-10      -0.23666415E-13       0.57864036E-29      -0.15182954E+01      -0.36009351E-02      -0.50047451E-24      -0.62753720E-08      -0.18898449E-06       0.53158193E-21      -0.13236726E-12      -0.13241281E-15      -0.52327714E-22
147       -0.19832611E+01      -0.52817200E+01      -0.19300582E-10      -0.18743936E-13       0.17678124E-29      -0.15024520E+01      -0.34987708E-02      -0.18824190E-24      -0.63142012E-08      -0.16753217E-06       0.38672767E-21      -0.10806756E-12      -0.95439027E-16      -0.44018399E-22
148       -0.19863139E+01      -0.52179490E+01      -0.16489930E-10      -0.14848566E-13      -0.18651315E-28      -0.14866919E+01      -0.33994281E-02      -0.46700902E-24      -0.63024040E-08      -0.14846252E-06       0.56327182E-21      -0.88219452E-13      -0.66891185E-16      -0.58522469E-22
149       -0.19893439E+01      -0.51557436E+01      -0.14092395E-10      -0.11765291E-13      -0.42861682E-30      -0.14710163E+01      -0.33028338E-02      -0.40109316E-24      -0.62444670E-08      -0.13151890E-06       0.25016153E-21      -0.72007708E-13      -0.46535046E-16      -0.23214471E-22
150       -0.19923510E+01      -0.50950583E+01      -0.12046673E-10      -0.93242583E-14      -0.16567285E-29      -0.14554265E+01      -0.32089164E-02      -0.20326021E-24      -0.61452209E-08      -0.11647137E-06      -0.57222937E-23      -0.58768325E-13      -0.31638971E-16       0.53300461E-23
151       -0.19953352E+01      -0.50358490E+01      -0.10300648E-10      -0.73912589E-14      -0.78520241E-29      -0.14399237E+01      -0.31176057E-02       0.16826956E-24      -0.60096873E-08      -0.10311401E-06      -0.42001282E-21      -0.47956861E-13      -0.21598295E-16       0.51831163E-22
152       -0.19982963E+01      -0.49780734E+01      -0.88099973E-11      -0.58602215E-14       0.65559005E-29      -0.14245089E+01      -0.30288332E-02       0.25406694E-24      -0.58429449E-08      -0.91262431E-07      -0.22993372E-21      -0.39131199E-13      -0.13011224E-16       0.21639754E-22
153       -0.20012343E+01      -0.49216901E+01      -0.75370189E-11      -0.46472940E-14      -0.12845433E-28      -0.14091834E+01      -0.29425320E-02      -0.34798882E-24      -0.56500132E-08      -0.80751598E-07       0.33247170E-21      -0.31927416E-13      -0.56792022E-17      -0.31982295E-22
154       -0.20041492E+01      -0.48666594E+01      -0.64496297E-11      -0.36861735E-14       0.12584996E-28      -0.13939481E+01      -0.28586366E-02       0.26536186E-24      -0.54357546E-08      -0.71433881E-07      -0.58013170E-21      -0.26041973E-13      -0.55819590E-17       0.69076115E-22
155       -0.20070410E+01      -0.48129429E+01      -0.55205210E-11      -0.29244211E-14       0.93160170E-29      -0.13788041E+01      -0.27770832E-02       0.18307160E-24      -0.52047943E-08      -0.63177278E-07      -0.20741366E-22      -0.21243249E-13      -0.12088715E-17      -0.16743435E-23
156       -0.20099095E+01      -0.47605035E+01      -0.47264409E-11      -0.23205533E-14      -0.12141400E-29      -0.13637523E+01      -0.26978091E-02       0.75914649E-24      -0.49614579E-08      -0.55863832E-07      -0.94452448E-21      -0.17320567E-13      -0.45944899E-17       0.10271010E-21
157       -0.20127548E+01      -0.47093050E+01      -0.40475855E-11      -0.18417457E-14      -0.60997541E-29      -0.13487938E+01      -0.26207536E-02      -0.35164147E-24      -0.47097247E-08      -0.49388206E-07       0.35367307E-21      -0.14129135E-13       0.17383720E-17      -0.34940820E-22
158       -0.20155769E+01      -0.46593128E+01      -0.34670830E-11      -0.14620200E-14       0.97710086E-30      -0.13339294E+01      -0.25458570E-02       0.25354799E-24      -0.44531969E-08      -0.43656399E-07      -0.41997457E-21      -0.11515730E-13      -0.28883341E-17       0.46951573E-22
159       -0.20183757E+01      -0.46104931E+01      -0.29705553E-11      -0.11608108E-14      -0.76334636E-29      -0.13191600E+01      -0.24730611E-02      -0.16368262E-24      -0.41950825E-08      -0.38584586E-07       0.27060809E-21      -0.93908814E-14       0.30407778E-18      -0.31255199E-22
160       -0.20211512E+01      -0.45628135E+01      -0.25457457E-11      -0.92183471E-15      -0.24839320E-28      -0.13044865E+01      -0.24023094E-02       0.38747123E-25      -0.39381895E-08      -0.34098071E-07       0.14384617E-21      -0.76532201E-14      -0.16538264E-17      -0.17974930E-22
161       -0.20239035E+01      -0.45162423E+01      -0.21822030E-11      -0.73219570E-15      -0.13012663E-28      -0.12899096E+01      -0.23335465E-02      -0.10179146E-24      -0.36849318E-08      -0.30130347E-07       0.20449288E-21      -0.62366386E-14      -0.26903173E-17      -0.22075330E-22
162       -0.20266324E+01      -0.44707491E+01      -0.18710132E-11      -0.58167821E-15      -0.11837663E-28      -0.12754300E+01      -0.22667183E-02      -0.19242871E-24      -0.34373422E-08      -0.26622242E-07       0.15990223E-21      -0.50803065E-14      -0.47058667E-17      -0.16817828E-22
163       -0.20293381E+01      -0.44263045E+01      -0.16045709E-11      -0.46218828E-15       0.16767831E-28      -0.12610486E+01      -0.22017722E-02       0.87405611E-25      -0.31970931E-08      -0.23521147E-07       0.13630050E-21      -0.41372340E-14      -0.65838674E-17      -0.20711126E-22
164       -0.20320204E+01      -0.43828797E+01      -0.13763857E-11      -0.36731155E-15      -0.42766970E-29      -0.12467660E+01      -0.21386570E-02      -0.19401212E-24      -0.29655215E-08      -0.20780328E-07       0.10620883E-21      -0.33673031E-14      -0.91757562E-17      -0.10078229E-22
165       -0.20346795E+01      -0.43404471E+01      -0.11809171E-11      -0.29196365E-15      -0.10924600E-28      -0.12325829E+01      -0.20773225E-02       0.30636627E-24      -0.27436574E-08      -0.18358294E-07      -0.26370993E-21      -0.27350704E-14      -0.15876996E-16       0.29193314E-22
166       -0.20373154E+01      -0.42989800E+01      -0.10134340E-11      -0.23211357E-15      -0.20759981E-28      -0.12184999E+01      -0.20177199E-02       0.24584379E-24      -0.25322548E-08      -0.16218236E-07      -0.27031697E-21      -0.22220420E-14      -0.19029602E-16       0.27555823E-22
167       -0.20399280E+01      -0.42584524E+01      -0.86989578E-12      -0.18456480E-15      -0.87648921E-29      -0.12045175E+01      -0.19598017E-02      -0.76252747E-24      -0.23318228E-08      -0.14327521E-07       0.11788458E-20      -0.18255514E-14       0.38816712E-19      -0.13580543E-21
168       -0.20425174E+01      -0.42188391E+01      -0.74685016E-12      -0.14678202E-15       0.60118433E-29      -0.11906364E+01      -0.19035216E-02      -0.27332598E-24      -0.21426568E-08      -0.12657232E-07       0.43417650E-21      -0.14724917E-14      -0.14364753E-16      -0.48205907E-22
169       -0.20450836E+01      -0.41801159E+01      -0.64134704E-12      -0.11675392E-15       0.97534673E-29      -0.11768570E+01      -0.18488343E-02       0.50790458E-24      -0.19648685E-08      -0.11181760E-07      -0.35443029E-21      -0.11776362E-14      -0.33265725E-16       0.35400574E-22
170       -0.20476267E+01      -0.41422592E+01      -0.55086471E-12      -0.92884622E-16      -0.76835209E-29      -0.11631798E+01      -0.17956959E-02      -0.27922582E-24      -0.17984149E-08      -0.98784385E-08       0.26866441E-21      -0.96068127E-15      -0.25383181E-16      -0.24704734E-22
171       -0.20501467E+01      -0.41052460E+01      -0.47324706E-12      -0.73907568E-16      -0.76411148E-29      -0.11496054E+01      -0.17440636E-02      -0.20917795E-24      -0.16431243E-08      -0.87272125E-08       0.27992107E-22      -0.76541279E-15      -0.37479917E-16       0.51867281E-23
172       -0.20526436E+01      -0.40690543E+01      -0.40665010E-12      -0.58817400E-16       0.15049016E-28      -0.11361341E+01      -0.16938955E-02      -0.54508359E-24      -0.14987210E-08      -0.77103451E-08       0.73886872E-21      -0.63176337E-15      -0.21918763E-16      -0.81134607E-22
173       -0.20551175E+01      -0.40336626E+01      -0.34949643E-12      -0.46815927E-16      -0.45719806E-29      -0.11227663E+01      -0.16451510E-02       0.31519029E-24      -0.13648473E-08      -0.68121551E-08      -0.64246452E-21      -0.45356710E-15      -0.78579150E-16       0.71346856E-22
174       -0.20575685E+01      -0.39990502E+01      -0.30043630E-12      -0.37269312E-16      -0.19267430E-28      -0.11095024E+01      -0.15977906E-02      -0.73127553E-24      -0.12410823E-08      -0.60187831E-08       0.77627818E-21      -0.39957682E-15      -0.33589054E-16      -0.81350857E-22
175       -0.20599965E+01      -0.39651967E+01      -0.25831449E-12      -0.29674142E-16       0.76650237E-30      -0.10963427E+01      -0.15517756E-02       0.86957763E-25      -0.11269596E-08      -0.53179829E-08      -0.72021784E-22      -0.27072152E-15      -0.81838105E-16       0.83530388E-23
176       -0.20624018E+01      -0.39320828E+01      -0.22214205E-12      -0.23630510E-16      -0.85699978E-29      -0.10832875E+01      -0.15070686E-02      -0.26428670E-24      -0.10219813E-08      -0.46989361E-08       0.11932378E-21      -0.20263299E-15      -0.84292500E-16      -0.67660963E-23
177       -0.20647842E+01      -0.38996894E+01      -0.19107213E-12      -0.18820677E-16       0.17371019E-28      -0.10703371E+01      -0.14636330E-02      -0.45736421E-24      -0.92563076E-09      -0.41520871E-08       0.76597491E-21      -0.17879833E-15      -0.54689332E-16      -0.85604251E-22
178       -0.20671439E+01      -0.38679981E+01      -0.16437942E-12      -0.14992143E-16      -0.13095506E-28      -0.10574918E+01      -0.14214333E-02       0.55923629E-24      -0.83738319E-09      -0.36689973E-08      -0.65360910E-21      -0.55825781E-16      -0.13415634E-15       0.71892545E-22
179       -0.20694810E+01      -0.38369912E+01      -0.14144254E-12      -0.11944215E-16      -0.29855878E-29      -0.10447517E+01      -0.13804349E-02      -0.48132393E-24      -0.75671389E-09      -0.32422149E-08       0.55203577E-21      -0.89675585E-16      -0.64894200E-16      -0.60393571E-22
180       -0.20717955E+01      -0.38066513E+01      -0.12172900E-12      -0.95173512E-17      -0.11313834E-28      -0.10321171E+01      -0.13406040E-02       0.34454572E-24      -0.68310544E-09      -0.28651603E-08      -0.68068652E-21      -0.56684962E-17      -0.12007584E-15       0.78958651E-22
181       -0.20740875E+01      -0.37769615E+01      -0.10478244E-12      -0.75846975E-17      -0.18044746E-28      -0.10195881E+01      -0.13019079E-02      -0.62019813E-24      -0.61605313E-09      -0.25320242E-08       0.42356331E-21      -0.45290886E-16      -0.56995441E-16      -0.35895318E-22
182       -0.20763570E+01      -0.37479058E+01      -0.90211599E-13      -0.60453751E-17      -0.70757167E-29      -0.10071649E+01      -0.12643148E-02      -0.20899571E-24      -0.55506926E-09      -0.22376776E-08       0.11822790E-21      -0.23090657E-16      -0.60104967E-16      -0.90297051E-23
183       -0.20786043E+01      -0.37194681E+01      -0.77680973E-13      -0.48191476E-17       0.99075787E-29      -0.99484749E+00      -0.12277935E-02      -0.64982998E-24      -0.49968629E-09      -0.19775922E-08       0.75866058E-21      -0.43876632E-16      -0.23785675E-16      -0.85009597E-22
184       -0.20808293E+01      -0.36916332E+01      -0.66902810E-13      -0.38421856E-17      -0.15188032E-28      -0.98263606E+00      -0.11923140E-02      -0.56903250E-24      -0.44945907E-09      -0.17477697E-08       0.73122068E-21      -0.37091903E-16      -0.17931709E-16      -0.80259739E-22
185       -0.20830321E+01      -0.36643862E+01      -0.57630250E-13      -0.30637031E-17      -0.95257381E-29      -0.97053064E+00      -0.11578468E-02       0.28028642E-24      -0.40396637E-09      -0.15446803E-08       0.52195426E-22      -0.91248989E-17      -0.35616034E-16      -0.11679323E-22
186       -0.20852129E+01      -0.36377127E+01      -0.49651472E-13      -0.24432875E-17       0.11116575E-28      -0.95853126E+00      -0.11243633E-02      -0.95137994E-24      -0.36281164E-09      -0.13652071E-08       0.44863616E-21      -0.18537172E-16      -0.17840037E-16      -0.32410952E-22
187       -0.20873717E+01      -0.36115985E+01      -0.42784677E-13      -0.19487721E-17       0.63077471E-29      -0.94663794E+00      -0.10918359E-02      -0.28345615E-24      -0.32562338E-09      -0.12065977E-08       0.44649336E-21      -0.18152793E-16      -0.11421182E-16      -0.47606163E-22
188       -0.20895086E+01      -0.35860301E+01      -0.36873806E-13      -0.15545524E-17       0.47810113E-29      -0.93485065E+00      -0.10602375E-02      -0.51513591E-25      -0.29205498E-09      -0.10664219E-08       0.30294925E-21      -0.12312274E-16      -0.11728468E-16      -0.33474677E-22
189       -0.20916238E+01      -0.35609941E+01      -0.31784860E-13      -0.12402425E-17       0.61939800E-29      -0.92316936E+00      -0.10295418E-02       0.34119937E-24      -0.26178429E-09      -0.94253330E-09      -0.55063188E-21       0.15058238E-16      -0.34598548E-16       0.63211577E-22
190       -0.20937173E+01      -0.35364779E+01      -0.27402762E-13      -0.98961032E-18      -0.70676637E-29      -0.91159400E+00      -0.99972323E-03      -0.16039170E-24      -0.23451292E-09      -0.83303642E-09       0.30402588E-21      -0.10734535E-16      -0.51475888E-17      -0.35619493E-22
191       -0.20957892E+01      -0.35124687E+01      -0.23628663E-13      -0.78972738E-18       0.22709472E-30      -0.90012451E+00      -0.97075698E-03      -0.53637335E-24      -0.20996531E-09      -0.73625700E-09       0.86423880E-21      -0.26108541E-16       0.13200915E-16      -0.95522589E-22
192       -0.20978396E+01      -0.34889545E+01      -0.20377638E-13      -0.63029646E-18       0.30378960E-28      -0.88876076E+00      -0.94261889E-03       0.26632040E-24      -0.18788773E-09      -0.65071617E-09      -0.28440672E-21       0.67238762E-17      -0.17211827E-16       0.26675255E-22
193       -0.20998687E+01      -0.34659235E+01      -0.17576708E-13      -0.50311425E-18       0.41941063E-29      -0.87750264E+00      -0.91528546E-03      -0.38929740E-24      -0.16804715E-09      -0.57510752E-09       0.42976805E-21      -0.12410056E-16       0.38876683E-17      -0.45958335E-22
194       -0.21018765E+01      -0.34433643E+01      -0.15163146E-13      -0.40164397E-18      -0.22940574E-28      -0.86634999E+00      -0.88873385E-03      -0.28361214E-24      -0.15023000E-09      -0.50827694E-09       0.17392828E-21      -0.49945989E-17      -0.19293482E-17      -0.16127825E-22
195       -0.21038633E+01      -0.34212656E+01      -0.13083029E-13      -0.32067746E-18      -0.10540535E-28      -0.85530265E+00      -0.86294187E-03       0.15039572E-24      -0.13424102E-09      -0.44920473E-09      -0.13902742E-21       0.31638647E-17      -0.87885443E-17       0.14119419E-22
196       -0.21058290E+01      -0.33996166E+01      -0.11289992E-13      -0.25606326E-18       0.12882685E-28      -0.84436043E+00      -0.83788791E-03       0.22035442E-24      -0.11990203E-09      -0.39698992E-09      -0.15960175E-21       0.38172993E-17      -0.83862731E-17       0.17697345E-22
197       -0.21077738E+01      -0.33784068E+01      -0.97441619E-14      -0.20449206E-18       0.36288649E-29      -0.83352311E+00      -0.81355101E-03      -0.34017872E-25      -0.10705071E-09      -0.35083638E-09       0.40737363E-21      -0.11217445E-16       0.75058592E-17      -0.50490373E-22
198       -0.21096979E+01      -0.33576260E+01      -0.84112392E-14      -0.16332656E-18      -0.67203065E-29      -0.82279048E+00      -0.78991077E-03      -0.79618737E-25      -0.95539438E-10      -0.31004057E-09       0.47294884E-21      -0.12656162E-16       0.96415895E-17      -0.56770555E-22
199       -0.21116012E+01      -0.33372641E+01      -0.72617164E-14      -0.13046229E-18      -0.58832546E-29      -0.81216228E+00      -0.76694735E-03      -0.50014624E-24      -0.85234195E-10      -0.27398075E-09       0.20908587E-21      -0.48399100E-17       0.23919161E-17      -0.15037187E-22
200       -0.21134841E+01      -0.33173115E+01      -0.62702026E-14      -0.10422284E-18       0.11241205E-28      -0.80163824E+00      -0.74464149E-03      -0.52187126E-24      -0.76013460E-10      -0.24210739E-09       0.17010302E-21      -0.39392579E-17       0.19514115E-17      -0.13068803E-22
201       -0.21153466E+01      -0.32977587E+01      -0.54148451E-14      -0.83270253E-19      -0.17587719E-28      -0.79121809E+00      -0.72297447E-03      -0.26460553E-24      -0.67767197E-10      -0.21393482E-09       0.30431118E-21      -0.76313197E-17       0.60171230E-17      -0.32942584E-22
202       -0.21171888E+01      -0.32785967E+01      -0.46768329E-14      -0.66537061E-19      -0.15462761E-28      -0.78090152E+00      -0.70192806E-03      -0.57157871E-24      -0.60395897E-10      -0.18903373E-09       0.74259872E-21      -0.18513338E-16       0.17202353E-16      -0.82956217E-22
203       -0.21190108E+01      -0.32598164E+01      -0.40399709E-14      -0.53171931E-19       0.14651714E-28      -0.77068822E+00      -0.68148459E-03       0.60474200E-24      -0.53809671E-10      -0.16702465E-09      -0.48394892E-21       0.11554278E-16      -0.12617611E-16       0.49586262E-22
204       -0.21208128E+01      -0.32414091E+01      -0.34903131E-14      -0.42496163E-19      -0.14668722E-28      -0.76057785E+00      -0.66162686E-03      -0.45475821E-25      -0.47927409E-10      -0.14757214E-09       0.19150326E-21      -0.45872814E-17       0.37236003E-17      -0.18278110E-22
205       -0.21225950E+01      -0.32233664E+01      -0.30158486E-14      -0.33967570E-19      -0.10303080E-28      -0.75057006E+00      -0.64233816E-03      -0.63548610E-24      -0.42675992E-10      -0.13037967E-09       0.17142159E-21      -0.38923418E-17       0.31912907E-17      -0.15093739E-22
206       -0.21243573E+01      -0.32056802E+01      -0.26062310E-14      -0.27152686E-19       0.17025355E-28      -0.74066448E+00      -0.62360226E-03       0.12128331E-23      -0.37989571E-10      -0.11518508E-09      -0.14937611E-20       0.36061202E-16      -0.36628751E-16       0.15955540E-21
207       -0.21261001E+01      -0.31883423E+01      -0.22525463E-14      -0.21707837E-19       0.20847439E-29      -0.73086074E+00      -0.60540337E-03      -0.19659900E-24      -0.33808895E-10      -0.10175662E-09      -0.35319319E-21       0.95348007E-17      -0.99961615E-17       0.52538369E-22
208       -0.21278234E+01      -0.31713450E+01      -0.19471135E-14      -0.17356429E-19      -0.14153404E-28      -0.72115843E+00      -0.58772616E-03       0.15788063E-24      -0.30080691E-10      -0.89889398E-10      -0.38012060E-22       0.85113363E-18      -0.12257293E-17       0.40085390E-23
209       -0.21295273E+01      -0.31546806E+01      -0.16833126E-14      -0.13878824E-19      -0.25733606E-28      -0.71155715E+00      -0.57055574E-03      -0.23713154E-23      -0.26757100E-10      -0.79402285E-10       0.23392091E-20      -0.56031276E-16       0.55725239E-16      -0.24543852E-21
210       -0.21312120E+01      -0.31383418E+01      -0.14554374E-14      -0.11098909E-19      -0.68078095E-29      -0.70205646E+00      -0.55387762E-03       0.36891997E-24      -0.23795157E-10      -0.70135131E-10       0.28879475E-21      -0.79860176E-17       0.77391404E-17      -0.44613534E-22
211       -0.21328776E+01      -0.31223214E+01      -0.12585682E-14      -0.88764100E-20      -0.28354499E-29      -0.69265594E+00      -0.53767775E-03      -0.12262199E-23      -0.21156319E-10      -0.61946350E-10       0.64433413E-21      -0.14609685E-16       0.14409020E-16      -0.56044291E-22
212       -0.21345243E+01      -0.31066124E+01      -0.10884633E-14      -0.71000164E-20      -0.92289840E-29      -0.68335513E+00      -0.52194245E-03       0.83227323E-25      -0.18806027E-10      -0.54710765E-10      -0.13336122E-21       0.36893479E-17      -0.38515535E-17       0.21345532E-22
213       -0.21361522E+01      -0.30912079E+01      -0.94146441E-15      -0.56798492E-20       0.44809709E-29      -0.67415356E+00      -0.50665846E-03       0.48669528E-24      -0.16713319E-10      -0.48317706E-10      -0.20247436E-21       0.39765775E-17      -0.41080530E-17       0.83554520E-23
214       -0.21377614E+01      -0.30761013E+01      -0.81441621E-15      -0.45444105E-20      -0.52220027E-28      -0.66505076E+00      -0.49181286E-03       0.87356009E-24      -0.14850465E-10      -0.42669329E-10      -0.16235698E-20       0.40541957E-16      -0.40647335E-16       0.18940875E-21
215       -0.21393521E+01      -0.30612860E+01      -0.70459668E-15      -0.36353446E-20       0.33628516E-28      -0.65604623E+00      -0.47739312E-03      -0.12661745E-23      -0.13192649E-10      -0.37679131E-10       0.52648591E-21      -0.11709152E-16       0.11622069E-16      -0.41688971E-22
216       -0.21409245E+01      -0.30467558E+01      -0.60965732E-15      -0.29087505E-20      -0.40048397E-28      -0.64713949E+00      -0.46338707E-03       0.95623918E-25      -0.11717670E-10      -0.33270637E-10      -0.11120912E-21       0.27026499E-17      -0.27727896E-17       0.11647720E-22
217       -0.21424786E+01      -0.30325045E+01      -0.52757149E-15      -0.23274972E-20      -0.28476563E-29      -0.63833001E+00      -0.44978287E-03      -0.76111044E-24      -0.10405678E-10      -0.29376237E-10       0.78933586E-22      -0.12135966E-17       0.11565657E-17       0.48464317E-24
218       -0.21440147E+01      -0.30185261E+01      -0.45659013E-15      -0.18626507E-20      -0.70655842E-29      -0.62961727E+00      -0.43656903E-03      -0.96934321E-24      -0.92389318E-11      -0.25936160E-10       0.15364136E-20      -0.38702505E-16       0.38654984E-16      -0.17715088E-21
219       -0.21455328E+01      -0.30048147E+01      -0.39520344E-15      -0.14906088E-20       0.79515491E-29      -0.62100075E+00      -0.42373439E-03       0.14911423E-24      -0.82015823E-11      -0.22897569E-10      -0.95082634E-22       0.20871513E-17      -0.21245078E-17       0.65483056E-23
220       -0.21470331E+01      -0.29913647E+01      -0.34210804E-15      -0.11935783E-20      -0.31801983E-28      -0.61247989E+00      -0.41126810E-03      -0.11771509E-23      -0.72794770E-11      -0.20213756E-10       0.10123303E-20      -0.25275095E-16       0.25243855E-16      -0.11188520E-21
221       -0.21485157E+01      -0.29781704E+01      -0.29617853E-15      -0.95442393E-21      -0.38901905E-29      -0.60405416E+00      -0.39915962E-03       0.88671272E-24      -0.64599834E-11      -0.17843429E-10      -0.10881507E-20       0.27662380E-16      -0.27686038E-16       0.12455913E-21
222       -0.21499809E+01      -0.29652264E+01      -0.25644305E-15      -0.76454231E-21       0.31640846E-28      -0.59572297E+00      -0.38739871E-03       0.25798052E-24      -0.57318284E-11      -0.15750091E-10      -0.65571370E-21       0.16809375E-16      -0.16828750E-16       0.75460882E-22
223       -0.21514287E+01      -0.29525274E+01      -0.22206226E-15      -0.61261379E-21       0.35576486E-28      -0.58748577E+00      -0.37597543E-03      -0.10112436E-23      -0.50849575E-11      -0.13901482E-10       0.46045470E-21      -0.10720581E-16       0.10704002E-16      -0.38416150E-22
224       -0.21528592E+01      -0.29400684E+01      -0.19231112E-15      -0.48957287E-21      -0.13304081E-29      -0.57934197E+00      -0.36488012E-03      -0.96172716E-24      -0.45104053E-11      -0.12269087E-10       0.17085905E-21      -0.30404770E-17       0.30272117E-17      -0.17415338E-23
225       -0.21542728E+01      -0.29278441E+01      -0.16656329E-15      -0.39300880E-21      -0.25533231E-29      -0.57129099E+00      -0.35410340E-03      -0.12463453E-24      -0.40001796E-11      -0.10827704E-10       0.30346273E-21      -0.72611537E-17       0.72502621E-17      -0.25409445E-22
226       -0.21556693E+01      -0.29158498E+01      -0.14427756E-15      -0.31353219E-21      -0.55240962E-28      -0.56333223E+00      -0.34363614E-03       0.31914035E-24      -0.35471590E-11      -0.95550578E-11      -0.43530273E-21       0.11214886E-16      -0.11223110E-16       0.47955867E-22
227       -0.21570492E+01      -0.29040806E+01      -0.12498627E-15      -0.25157275E-21      -0.28140398E-28      -0.55546509E+00      -0.33346950E-03       0.40715053E-26      -0.31449987E-11      -0.84314645E-11      -0.34863058E-21       0.10038180E-16      -0.10044858E-16       0.52242927E-22
228       -0.21584124E+01      -0.28925319E+01      -0.10828525E-15      -0.20119343E-21      -0.76855199E-29      -0.54768895E+00      -0.32359488E-03      -0.17238613E-23      -0.27880483E-11      -0.74395280E-11       0.79001654E-21      -0.18568428E-16       0.18562067E-16      -0.61187968E-22
229       -0.21597591E+01      -0.28811990E+01      -0.93825120E-16      -0.16144906E-21       0.17023270E-28      -0.54000321E+00      -0.31400391E-03      -0.38964540E-24      -0.24712775E-11      -0.65638754E-11      -0.45436155E-21       0.13654488E-16      -0.13658685E-16       0.73097241E-22
230       -0.21610895E+01      -0.28700775E+01      -0.81303874E-16      -0.12883106E-21      -0.41412386E-28      -0.53240724E+00      -0.30468849E-03      -0.13952320E-23      -0.21902076E-11      -0.57909237E-11       0.16298936E-20      -0.42250819E-16       0.42245677E-16      -0.17020711E-21
231       -0.21624037E+01      -0.28591632E+01      -0.70460391E-16      -0.10283823E-21      -0.43811956E-29      -0.52490041E+00      -0.29564073E-03       0.57921957E-24      -0.19408541E-11      -0.51086700E-11      -0.70552621E-21       0.18232530E-16      -0.18234910E-16       0.71163458E-22
232       -0.21637018E+01      -0.28484516E+01      -0.61068895E-16      -0.82875836E-22       0.52048309E-28      -0.51748208E+00      -0.28685297E-03       0.20175308E-23      -0.17196709E-11      -0.45065102E-11      -0.16791265E-20       0.43483411E-16      -0.43484362E-16       0.16939249E-21
233       -0.21649841E+01      -0.28379388E+01      -0.52934109E-16      -0.66859028E-22       0.11613796E-28      -0.51015162E+00      -0.27831778E-03      -0.18752237E-23      -0.15235042E-11      -0.39750758E-11       0.18803637E-20      -0.49720815E-16       0.49717192E-16      -0.19894033E-21
234       -0.21662507E+01      -0.28276205E+01      -0.45887169E-16      -0.52976845E-22       0.35773351E-28      -0.50290838E+00      -0.27002792E-03       0.23787236E-24      -0.13495503E-11      -0.35060889E-11      -0.37553088E-22       0.97380374E-18      -0.97536732E-18       0.42258473E-23
235       -0.21675016E+01      -0.28174930E+01      -0.39781982E-16      -0.43116905E-22      -0.36261643E-28      -0.49575170E+00      -0.26197639E-03       0.19774537E-24      -0.11953151E-11      -0.30922385E-11      -0.92182257E-21       0.26202801E-16      -0.26203298E-16       0.11653129E-21
236       -0.21687371E+01      -0.28075523E+01      -0.34492170E-16      -0.33860763E-22      -0.24750898E-28      -0.48868093E+00      -0.25415637E-03       0.13050741E-23      -0.10585823E-11      -0.27270656E-11      -0.14103804E-20       0.38000155E-16      -0.37999962E-16       0.14917334E-21
237       -0.21699573E+01      -0.27977946E+01      -0.29908396E-16      -0.27771777E-22      -0.35599730E-29      -0.48169542E+00      -0.24656123E-03       0.12934869E-23      -0.93738202E-12      -0.24048657E-11      -0.12286673E-20       0.32888819E-16      -0.32888582E-16       0.12451367E-21
238       -0.21711623E+01      -0.27882163E+01      -0.25936038E-16      -0.21562706E-22      -0.23719110E-28      -0.47479449E+00      -0.23918455E-03       0.68679478E-24      -0.82996387E-12      -0.21206000E-11      -0.10360585E-20       0.29153443E-16      -0.29153227E-16       0.12061865E-21
239       -0.21723524E+01      -0.27788138E+01      -0.22493220E-16      -0.16002025E-22       0.44882190E-28      -0.46797748E+00      -0.23202007E-03      -0.13705730E-23      -0.73477280E-12      -0.18698185E-11       0.18269508E-20      -0.51193379E-16       0.51191228E-16      -0.20632725E-21
240       -0.21735275E+01      -0.27695835E+01      -0.19509070E-16      -0.14515222E-22       0.11491501E-28      -0.46124373E+00      -0.22506174E-03      -0.20131311E-23      -0.65042810E-12      -0.16485910E-11       0.94060113E-21      -0.24015297E-16       0.24014004E-16      -0.76570022E-22
241       -0.21746880E+01      -0.27605221E+01      -0.16922236E-16      -0.11204079E-22       0.81773249E-29      -0.45459255E+00      -0.21830366E-03      -0.71159153E-25      -0.57570313E-12      -0.14534472E-11       0.59442434E-21      -0.17273065E-16       0.17272185E-16      -0.71569212E-22
242       -0.21758339E+01      -0.27516261E+01      -0.14679627E-16      -0.82948905E-23       0.52756743E-28      -0.44802326E+00      -0.21174010E-03      -0.70984543E-24      -0.50950852E-12      -0.12813230E-11       0.80585371E-21      -0.22693905E-16       0.22692904E-16      -0.87345089E-22
243       -0.21769653E+01      -0.27428924E+01      -0.12735259E-16      -0.72737109E-23      -0.90282690E-30      -0.44153520E+00      -0.20536550E-03       0.48591029E-24      -0.45087780E-12      -0.11295124E-11      -0.21808704E-21       0.56815575E-17      -0.56816002E-17       0.17636742E-22
244       -0.21780825E+01      -0.27343176E+01      -0.11049314E-16      -0.56998448E-23       0.35400640E-28      -0.43512767E+00      -0.19917448E-03      -0.11392255E-23      -0.39895234E-12      -0.99562711E-12       0.11390455E-20      -0.31999387E-16       0.31998191E-16      -0.11751125E-21
245       -0.21791855E+01      -0.27258987E+01      -0.95873219E-17      -0.45796757E-23      -0.31237931E-28      -0.42880000E+00      -0.19316177E-03      -0.77700422E-24      -0.35297108E-12      -0.87755760E-12       0.56560090E-21      -0.15624914E-16       0.15624256E-16      -0.54005771E-22
246       -0.21802746E+01      -0.27176326E+01      -0.83194286E-17      -0.38835676E-23       0.59415757E-28      -0.42255149E+00      -0.18732228E-03       0.37160088E-25      -0.31225798E-12      -0.77344240E-12       0.33697222E-21      -0.94789000E-17       0.94784737E-17      -0.32155900E-22
247       -0.21813498E+01      -0.27095162E+01      -0.72197660E-17      -0.27909975E-23       0.17567565E-28      -0.41638145E+00      -0.18165108E-03      -0.25094314E-23      -0.27621327E-12      -0.68163836E-12       0.15198850E-20      -0.42280444E-16       0.42278994E-16      -0.14318884E-21
248       -0.21824113E+01      -0.27015468E+01      -0.62659290E-17      -0.17198176E-23       0.30663957E-28      -0.41028921E+00      -0.17614334E-03      -0.10418704E-24      -0.24430576E-12      -0.60069426E-12      -0.52841209E-22       0.15296020E-17      -0.15296371E-17       0.47470437E-23
249       -0.21834592E+01      -0.26937214E+01      -0.54385293E-17      -0.20321016E-23      -0.27058932E-28      -0.40427406E+00      -0.17079441E-03       0.93651461E-24      -0.21606318E-12      -0.52933039E-12      -0.54730232E-21       0.15094031E-16      -0.15093609E-16       0.47309102E-22
250       -0.21844936E+01      -0.26860372E+01      -0.47207295E-17      -0.21480227E-23      -0.39689895E-28      -0.39833532E+00      -0.16559975E-03       0.38632485E-24      -0.19106724E-12      -0.46641684E-12      -0.63474278E-21       0.18907023E-16      -0.18906520E-16       0.69053724E-22
251       -0.21855148E+01      -0.26784915E+01      -0.40979688E-17      -0.41272131E-24      -0.36292543E-28      -0.39247230E+00      -0.16055495E-03       0.19652431E-24      -0.16894712E-12      -0.41095637E-12      -0.24532186E-21       0.73310076E-17      -0.73308360E-17       0.26421048E-22
252       -0.21865229E+01      -0.26710815E+01      -0.35576069E-17       0.20044437E-24      -0.18401598E-28      -0.38668429E+00      -0.15565574E-03      -0.10424713E-23      -0.14937396E-12      -0.36206916E-12      -0.26086410E-21       0.10836976E-16      -0.10836808E-16       0.61961425E-22
253       -0.21875179E+01      -0.26638048E+01      -0.30887333E-17       0.87482795E-25      -0.24490560E-28      -0.38097062E+00      -0.15089796E-03       0.35409051E-24      -0.13205644E-12      -0.31897861E-12       0.61742704E-22      -0.26703794E-17       0.26703029E-17      -0.15293900E-22
254       -0.21885001E+01      -0.26566587E+01      -0.26818382E-17      -0.10045850E-23       0.67268724E-29      -0.37533057E+00      -0.14627757E-03      -0.21332681E-23      -0.11673566E-12      -0.28100026E-12       0.33595680E-20      -0.10369335E-15       0.10369039E-15      -0.37949605E-21
255       -0.21894696E+01      -0.26496408E+01      -0.23286967E-17       0.10045010E-23      -0.48727406E-28      -0.36976347E+00      -0.14179067E-03       0.19439277E-23      -0.10318389E-12      -0.24752851E-12      -0.21993144E-20       0.67004863E-16      -0.67002949E-16       0.23397699E-21
256       -0.21904264E+01      -0.26427485E+01      -0.20222064E-17       0.98883488E-24       0.27775797E-28      -0.36426861E+00      -0.13743343E-03      -0.38173637E-24      -0.91196522E-13      -0.21803192E-12       0.13400490E-20      -0.42770515E-16       0.42769337E-16      -0.16086589E-21
257       -0.21913708E+01      -0.26359795E+01      -0.17561696E-17       0.15261144E-24      -0.68291116E-28      -0.35884531E+00      -0.13320216E-03       0.35189340E-24      -0.80595186E-13      -0.19203878E-12      -0.15823663E-20       0.51246515E-16      -0.51245157E-16       0.19419612E-21
258       -0.21923029E+01      -0.26293314E+01      -0.15252332E-17       0.19452053E-24      -0.89130705E-29      -0.35349288E+00      -0.12909327E-03       0.20294280E-23      -0.71220049E-13      -0.16913484E-12      -0.16700356E-20       0.49986527E-16      -0.49985054E-16       0.15677371E-21
259       -0.21932228E+01      -0.26228020E+01      -0.13247530E-17      -0.91830818E-24      -0.20521971E-28      -0.34821061E+00      -0.12510328E-03      -0.48019133E-25      -0.62929707E-13      -0.14895451E-12       0.10125417E-20      -0.33365375E-16       0.33364491E-16      -0.12605195E-21
260       -0.21941307E+01      -0.26163889E+01      -0.11506953E-17      -0.17882595E-23      -0.73951030E-29      -0.34299782E+00      -0.12122878E-03      -0.20504184E-23      -0.55599732E-13      -0.13117458E-12       0.21225368E-20      -0.66236862E-16       0.66234987E-16      -0.22070421E-21
261       -0.21950266E+01      -0.26100901E+01      -0.99957009E-18       0.20992487E-25       0.22906537E-29      -0.33785383E+00      -0.11746650E-03       0.16165415E-23      -0.49119989E-13      -0.11550994E-12      -0.11738388E-20       0.36765658E-16      -0.36764630E-16       0.12188494E-21
262       -0.21959107E+01      -0.26039033E+01      -0.86834900E-18       0.10704755E-24       0.33206161E-28      -0.33277794E+00      -0.11381323E-03       0.40819625E-24      -0.43391453E-13      -0.10171067E-12      -0.11210540E-20       0.36571804E-16      -0.36570830E-16       0.12827235E-21
263       -0.21967832E+01      -0.25978264E+01      -0.75441576E-18      -0.36482099E-24      -0.38066081E-28      -0.32776947E+00      -0.11026586E-03      -0.11133702E-23      -0.38327685E-13      -0.89555156E-13       0.12750598E-20      -0.41050117E-16       0.41048995E-16      -0.13783396E-21
264       -0.21976442E+01      -0.25918574E+01      -0.65544687E-18       0.11515190E-23      -0.39806766E-28      -0.32282773E+00      -0.10682139E-03       0.10663015E-23      -0.33852640E-13      -0.78847521E-13      -0.25242739E-20       0.84034862E-16      -0.84032667E-16       0.29549399E-21
265       -0.21984938E+01      -0.25859943E+01      -0.56951527E-18       0.10808610E-23       0.44837817E-28      -0.31795203E+00      -0.10347688E-03       0.94579040E-24      -0.29897385E-13      -0.69416682E-13      -0.17105279E-20       0.57099183E-16      -0.57097696E-16       0.19884768E-21
266       -0.21993322E+01      -0.25802350E+01      -0.49486187E-18      -0.58770218E-25      -0.28834522E-28      -0.31314171E+00      -0.10022948E-03       0.18375559E-23      -0.26402249E-13      -0.61110470E-13      -0.14211115E-20       0.45542174E-16      -0.45540922E-16       0.14325719E-21
267       -0.22001594E+01      -0.25745777E+01      -0.43002437E-18       0.37841249E-24      -0.42697722E-28      -0.30839608E+00      -0.97076435E-04       0.21714510E-23      -0.23313861E-13      -0.53795302E-13      -0.11193892E-20       0.34506476E-16      -0.34505477E-16       0.96720302E-22
268       -0.22009756E+01      -0.25690204E+01      -0.37370111E-18       0.13174720E-23       0.66840756E-29      -0.30371446E+00      -0.94015057E-04       0.41357205E-24      -0.20584970E-13      -0.47353444E-13      -0.49308433E-22       0.66358998E-18      -0.66354050E-18      -0.44533168E-23
269       -0.22017809E+01      -0.25635614E+01      -0.32478246E-18       0.12048299E-24       0.73907983E-29      -0.29909617E+00      -0.91042737E-04       0.94805412E-24      -0.18174265E-13      -0.41680627E-13       0.14978371E-21      -0.79327721E-17       0.79326627E-17      -0.46025941E-22
270       -0.22025754E+01      -0.25581987E+01      -0.28227366E-18      -0.19613139E-23       0.39674300E-28      -0.29454055E+00      -0.88156941E-04      -0.20214882E-23      -0.16044374E-13      -0.36685765E-13       0.12924670E-20      -0.41959351E-16       0.41958207E-16      -0.12613566E-21
271       -0.22033594E+01      -0.25529306E+01      -0.24537092E-18      -0.24566260E-23      -0.95351064E-29      -0.29004693E+00      -0.85355210E-04      -0.18012957E-23      -0.14163232E-13      -0.32287593E-13       0.14770735E-20      -0.48960252E-16       0.48958949E-16      -0.15026029E-21
272       -0.22041328E+01      -0.25477553E+01      -0.21326244E-18       0.18503109E-23       0.82839126E-28      -0.28561463E+00      -0.82635153E-04       0.21503131E-23      -0.12502162E-13      -0.28414800E-13      -0.20569986E-20       0.69809158E-16      -0.69807354E-16       0.22105435E-21
273       -0.22048959E+01      -0.25426712E+01      -0.18540307E-18       0.53941512E-24      -0.22558142E-28      -0.28124300E+00      -0.79994449E-04       0.27106114E-24      -0.11034603E-13      -0.25005747E-13      -0.13754865E-20       0.48261587E-16      -0.48260387E-16       0.15891574E-21
274       -0.22056487E+01      -0.25376765E+01      -0.16118479E-18       0.82393111E-24       0.38358953E-28      -0.27693137E+00      -0.77430841E-04       0.52242658E-24      -0.97386478E-14      -0.22004536E-13      -0.66531073E-22       0.14113423E-17      -0.14112780E-17      -0.12397354E-23
275       -0.22063914E+01      -0.25327697E+01      -0.14011928E-18      -0.73966895E-24      -0.12262533E-28      -0.27267909E+00      -0.74942140E-04       0.12409788E-24      -0.85942661E-14      -0.19362571E-13       0.77880557E-21      -0.29318411E-16       0.29317746E-16      -0.10715482E-21
276       -0.22071241E+01      -0.25279491E+01      -0.12180266E-18      -0.10385013E-23       0.81952920E-29      -0.26848550E+00      -0.72526218E-04       0.34761137E-23      -0.75843515E-14      -0.17036431E-13      -0.37734722E-20       0.13049902E-15      -0.13049570E-15       0.39744200E-21
277       -0.22078469E+01      -0.25232131E+01      -0.10590698E-18      -0.66239452E-24       0.53466579E-28      -0.26434994E+00      -0.70181008E-04       0.23324717E-23      -0.66920613E-14      -0.14989580E-13      -0.18632953E-20       0.65124926E-16      -0.65123293E-16       0.20108678E-21
278       -0.22085599E+01      -0.25185602E+01      -0.92100361E-19      -0.36875933E-24       0.96799912E-28      -0.26027178E+00      -0.67904501E-04       0.17257912E-23      -0.59044752E-14      -0.13187864E-13      -0.18612566E-20       0.65707503E-16      -0.65705872E-16       0.20217311E-21
279       -0.22092632E+01      -0.25139890E+01      -0.80080259E-19      -0.34215985E-24       0.30587208E-28      -0.25625036E+00      -0.65694748E-04      -0.16211409E-23      -0.52087901E-14      -0.11602576E-13       0.22064855E-20      -0.79197758E-16       0.79195829E-16      -0.24683217E-21
280       -0.22099570E+01      -0.25094978E+01      -0.69625345E-19       0.34006907E-23      -0.41495705E-28      -0.25228504E+00      -0.63549854E-04      -0.43887844E-24      -0.45952189E-14      -0.10206902E-13       0.13904758E-20      -0.50559910E-16       0.50558695E-16      -0.15782571E-21
281       -0.22106414E+01      -0.25050853E+01      -0.60572308E-19      -0.54630751E-24       0.63390993E-28      -0.24837518E+00      -0.61467980E-04       0.22050717E-24      -0.40536338E-14      -0.89786988E-14       0.90659296E-21      -0.34288321E-16       0.34287537E-16      -0.11345729E-21
282       -0.22113165E+01      -0.25007500E+01      -0.52658768E-19       0.20746608E-23      -0.12110095E-27      -0.24452016E+00      -0.59447336E-04      -0.16059895E-23      -0.35754586E-14      -0.78980924E-14       0.73890827E-21      -0.23580336E-16       0.23579666E-16      -0.50817939E-22
283       -0.22119824E+01      -0.24964906E+01      -0.45801346E-19      -0.45199019E-24      -0.13394650E-27      -0.24071934E+00      -0.57486188E-04       0.38292275E-23      -0.31542577E-14      -0.69464364E-14      -0.43362311E-20       0.15723483E-15      -0.15723103E-15       0.46592898E-21
284       -0.22126392E+01      -0.24923056E+01      -0.39843379E-19       0.21526840E-23      -0.36247615E-28      -0.23697209E+00      -0.55582848E-04      -0.64612983E-24      -0.27813603E-14      -0.61102919E-14       0.71473545E-21      -0.26032734E-16       0.26032107E-16      -0.76601244E-22
285       -0.22132870E+01      -0.24881938E+01      -0.34630815E-19      -0.35021540E-23      -0.26753060E-28      -0.23327779E+00      -0.53735677E-04      -0.50194590E-24      -0.24529441E-14      -0.53739917E-14      -0.33072108E-21       0.12835871E-16      -0.12835583E-16       0.40662840E-22
286       -0.22139260E+01      -0.24841537E+01      -0.30138357E-19      -0.95271010E-24       0.77660977E-29      -0.22963582E+00      -0.51943085E-04      -0.11019324E-23      -0.21629569E-14      -0.47264104E-14       0.96984674E-21      -0.34535843E-16       0.34534982E-16      -0.92371135E-22
287       -0.22145562E+01      -0.24801842E+01      -0.26228587E-19      -0.78140210E-24       0.34342523E-29      -0.22604557E+00      -0.50203525E-04      -0.23175449E-23      -0.19070960E-14      -0.41567108E-14       0.19775111E-20      -0.71702755E-16       0.71701007E-16      -0.19741214E-21
288       -0.22151778E+01      -0.24762840E+01      -0.22810576E-19       0.36290439E-23       0.10675345E-27      -0.22250642E+00      -0.48515494E-04      -0.27512945E-23      -0.16814609E-14      -0.36554508E-14       0.20121588E-20      -0.71812191E-16       0.71810402E-16      -0.18613731E-21
289       -0.22157909E+01      -0.24724518E+01      -0.19816075E-19       0.24543365E-23       0.11214926E-27      -0.21901777E+00      -0.46877535E-04      -0.22737641E-23      -0.14823880E-14      -0.32145356E-14       0.36263201E-20      -0.13697829E-15       0.13697511E-15      -0.39572693E-21
290       -0.22163955E+01      -0.24686864E+01      -0.17263801E-19      -0.11842003E-23      -0.13278218E-28      -0.21557902E+00      -0.45288229E-04      -0.22303723E-23      -0.13069832E-14      -0.28264984E-14       0.17660459E-20      -0.65323067E-16       0.65321508E-16      -0.17826804E-21
291       -0.22169918E+01      -0.24649866E+01      -0.15032316E-19       0.41458043E-23       0.65615932E-28      -0.21218956E+00      -0.43746201E-04       0.16155038E-23      -0.11525819E-14      -0.24848738E-14      -0.10390382E-20       0.38539504E-16      -0.38538587E-16       0.10437092E-21
292       -0.22175799E+01      -0.24613513E+01      -0.13063267E-19       0.38671321E-23      -0.95343859E-29      -0.20884881E+00      -0.42250112E-04       0.36340646E-24      -0.10159214E-14      -0.21848806E-14      -0.30941495E-21       0.10809105E-16      -0.10808826E-16       0.24412428E-22
293       -0.22181599E+01      -0.24577792E+01      -0.11377992E-19      -0.46722764E-23       0.47315920E-28      -0.20555618E+00      -0.40798664E-04      -0.18067745E-23      -0.89515323E-15      -0.19212803E-14       0.25087614E-20      -0.97058902E-16       0.97056705E-16      -0.27553261E-21
294       -0.22187319E+01      -0.24542694E+01      -0.99046627E-20       0.20439961E-23      -0.46587839E-28      -0.20231107E+00      -0.39390595E-04      -0.22166357E-23      -0.78902571E-15      -0.16890806E-14       0.87118168E-21      -0.30151026E-16       0.30150240E-16      -0.64258078E-22
295       -0.22192960E+01      -0.24508206E+01      -0.85970913E-20      -0.10432192E-23      -0.44477612E-28      -0.19911292E+00      -0.38024678E-04      -0.74802742E-24      -0.69551840E-15      -0.14848020E-14       0.16426642E-21      -0.38349030E-17       0.38347410E-17       0.49666892E-23
296       -0.22198523E+01      -0.24474318E+01      -0.74890005E-20       0.28769766E-24      -0.20422566E-28      -0.19596113E+00      -0.36699722E-04       0.14514095E-23      -0.61315126E-15      -0.13050793E-14      -0.36416512E-21       0.12042685E-16      -0.12042354E-16       0.22020544E-22
297       -0.22204009E+01      -0.24441019E+01      -0.65104342E-20       0.32664421E-23       0.87985435E-28      -0.19285515E+00      -0.35414572E-04       0.43359812E-23      -0.54082837E-15      -0.11467409E-14      -0.47114758E-20       0.18508943E-15      -0.18508530E-15       0.50825001E-21
298       -0.22209419E+01      -0.24408299E+01      -0.56872027E-20      -0.14327419E-23       0.19217884E-28      -0.18979440E+00      -0.34168102E-04      -0.45106580E-23      -0.47547113E-15      -0.10091065E-14       0.38489734E-20      -0.14846534E-15       0.14846194E-15      -0.38412129E-21
299       -0.22214753E+01      -0.24376148E+01      -0.49258335E-20      -0.33017145E-23      -0.46925328E-28      -0.18677832E+00      -0.32959222E-04      -0.38578537E-23      -0.41892754E-15      -0.88701742E-15       0.42238389E-20      -0.16799575E-15       0.16799204E-15      -0.45815405E-21
300       -0.22220014E+01      -0.24344556E+01      -0.43099369E-20      -0.56857177E-24      -0.63139490E-28      -0.18380636E+00      -0.31786870E-04       0.31689273E-24      -0.36965639E-15      -0.77909916E-15      -0.51348627E-21       0.19831341E-16      -0.19830884E-16       0.48379797E-22
301       -0.22225201E+01      -0.24313512E+01      -0.37404739E-20      -0.39225804E-23       0.79537617E-28      -0.18087795E+00      -0.30650017E-04      -0.24402977E-23      -0.32544541E-15      -0.68499664E-15       0.22822655E-21      -0.50040955E-17       0.50038737E-17       0.70907540E-23
302       -0.22230317E+01      -0.24283008E+01      -0.32624402E-20       0.34579169E-23      -0.53790021E-28      -0.17799256E+00      -0.29547661E-04       0.11962124E-23      -0.28693172E-15      -0.60181164E-15       0.43708070E-21      -0.21279240E-16       0.21278878E-16      -0.76660089E-22
303       -0.22235361E+01      -0.24253033E+01      -0.28392952E-20       0.79604818E-24       0.20927897E-29      -0.17514963E+00      -0.28478831E-04      -0.10607338E-24      -0.25276795E-15      -0.52890067E-15      -0.63479275E-21       0.26454619E-16      -0.26454064E-16       0.72929629E-22
304       -0.22240335E+01      -0.24223579E+01      -0.24634704E-20       0.64251886E-23       0.22266685E-28      -0.17234863E+00      -0.27442581E-04       0.19709682E-23      -0.22288224E-15      -0.46458261E-15      -0.16509986E-20       0.65599115E-16      -0.65597655E-16       0.16334242E-21
305       -0.22245239E+01      -0.24194636E+01      -0.21660628E-20       0.17040191E-23      -0.98916991E-28      -0.16958902E+00      -0.26437995E-04       0.78896918E-24      -0.19623150E-15      -0.40835720E-15      -0.10266214E-20       0.41887720E-16      -0.41886817E-16       0.10846973E-21
306       -0.22250075E+01      -0.24166196E+01      -0.18765173E-20      -0.26399131E-23       0.97365499E-28      -0.16687028E+00      -0.25464182E-04      -0.12222276E-23      -0.17258545E-15      -0.35909591E-15       0.92153722E-21      -0.37711852E-16       0.37711043E-16      -0.97775468E-22
307       -0.22254844E+01      -0.24138249E+01      -0.16366498E-20      -0.42821343E-24      -0.78729371E-28      -0.16419188E+00      -0.24520275E-04      -0.51359964E-23      -0.15145593E-15      -0.31609065E-15       0.46936920E-20      -0.19282201E-15       0.19281788E-15      -0.49252938E-21
308       -0.22259546E+01      -0.24110787E+01      -0.14076139E-20       0.35290310E-23       0.29660320E-28      -0.16155329E+00      -0.23605433E-04       0.26601592E-24      -0.13401572E-15      -0.27711546E-15      -0.34858126E-21       0.15289310E-16      -0.15289009E-16       0.43752985E-22
309       -0.22264182E+01      -0.24083801E+01      -0.12305747E-20       0.54405624E-23       0.21604246E-28      -0.15895400E+00      -0.22718840E-04      -0.13507203E-23      -0.11783198E-15      -0.24367642E-15       0.78253841E-21      -0.30215995E-16       0.30215292E-16      -0.63492039E-22
310       -0.22268753E+01      -0.24057284E+01      -0.10465573E-20       0.64716659E-24      -0.23551645E-28      -0.15639351E+00      -0.21859702E-04      -0.29193257E-23      -0.10348061E-15      -0.21438160E-15       0.29383645E-20      -0.12119789E-15       0.12119529E-15      -0.29472434E-21
311       -0.22273260E+01      -0.24031226E+01      -0.94018259E-21      -0.35410114E-23       0.59498057E-28      -0.15387130E+00      -0.21027247E-04      -0.14889566E-23      -0.91329673E-16      -0.18814471E-15       0.87260907E-21      -0.35209008E-16       0.35208233E-16      -0.81193237E-22
312       -0.22277704E+01      -0.24005621E+01      -0.80764709E-21       0.63637929E-24       0.30102850E-29      -0.15138688E+00      -0.20220727E-04       0.11979706E-23      -0.80842135E-16      -0.16487074E-15      -0.30000396E-20       0.13270798E-15      -0.13270537E-15       0.36345252E-21
313       -0.22282086E+01      -0.23980460E+01      -0.68827379E-21       0.24449085E-23      -0.46711565E-28      -0.14893974E+00      -0.19439415E-04       0.13657311E-23      -0.71109123E-16      -0.14491234E-15      -0.94086564E-21       0.38654484E-16      -0.38653649E-16       0.88955288E-22
314       -0.22286406E+01      -0.23955735E+01      -0.60361838E-21       0.35410764E-23      -0.16710389E-28      -0.14652940E+00      -0.18682603E-04       0.39338569E-23      -0.62803031E-16      -0.12710748E-15      -0.76906753E-21       0.25372917E-16      -0.25372200E-16       0.25254799E-22
315       -0.22290665E+01      -0.23931439E+01      -0.53541468E-21      -0.57814588E-24       0.10001562E-28      -0.14415537E+00      -0.17949606E-04       0.50842710E-23      -0.55599822E-16      -0.11134938E-15      -0.30655747E-20       0.12466911E-15      -0.12466637E-15       0.26926896E-21
316       -0.22294865E+01      -0.23907565E+01      -0.47802539E-21       0.27583513E-23       0.17027737E-28      -0.14181717E+00      -0.17239755E-04      -0.30636879E-23      -0.48080242E-16      -0.98678330E-16       0.20046361E-20      -0.86672372E-16       0.86670616E-16      -0.21572501E-21
317       -0.22299006E+01      -0.23884105E+01      -0.34735783E-21      -0.58227339E-23       0.91745656E-28      -0.13951431E+00      -0.16552404E-04      -0.11524248E-23      -0.42453151E-16      -0.86551675E-16       0.12026521E-20      -0.52677123E-16       0.52676070E-16      -0.13147142E-21
318       -0.22303088E+01      -0.23861052E+01      -0.34325993E-21       0.37695538E-23       0.10258073E-27      -0.13724634E+00      -0.15886923E-04      -0.49267971E-24      -0.37523981E-16      -0.75870564E-16      -0.32519066E-21       0.14406172E-16      -0.14405885E-16       0.34455719E-22
319       -0.22307113E+01      -0.23838398E+01      -0.32874441E-21      -0.55704756E-23      -0.44854096E-28      -0.13501277E+00      -0.15242701E-04      -0.32417600E-23      -0.32606827E-16      -0.67062732E-16       0.24656458E-20      -0.10586480E-15       0.10586262E-15      -0.24408258E-21
320       -0.22311082E+01      -0.23816138E+01      -0.31393034E-21       0.59475021E-23       0.33677332E-28      -0.13281315E+00      -0.14619144E-04       0.35822526E-23      -0.29558975E-16      -0.58043503E-16      -0.34030516E-20       0.15083593E-15      -0.15083294E-15       0.36876866E-21
321       -0.22314994E+01      -0.23794264E+01      -0.22141222E-21      -0.74402698E-25       0.47000460E-28      -0.13064702E+00      -0.14015675E-04       0.31171816E-24      -0.25616836E-16      -0.51376845E-16      -0.22662836E-21       0.10382061E-16      -0.10381865E-16       0.27415720E-22
322       -0.22318852E+01      -0.23772770E+01      -0.20728614E-21      -0.21688867E-23      -0.71782666E-28      -0.12851393E+00      -0.13431735E-04       0.60590094E-23      -0.23395580E-16      -0.44271490E-16      -0.63275360E-20       0.28406129E-15      -0.28405575E-15       0.68997362E-21
323       -0.22322655E+01      -0.23751649E+01      -0.19592150E-21      -0.13775826E-23       0.25238707E-28      -0.12641342E+00      -0.12866778E-04      -0.49261829E-23      -0.19169233E-16      -0.40299092E-16       0.38561703E-20      -0.16956600E-15       0.16956259E-15      -0.38711721E-21
324       -0.22326404E+01      -0.23730894E+01      -0.13917983E-21      -0.50412894E-24      -0.34757085E-29      -0.12434505E+00      -0.12320277E-04       0.19336900E-23      -0.17641569E-16      -0.34619359E-16      -0.10517787E-20       0.46739621E-16      -0.46738697E-16       0.10957711E-21
325       -0.22330101E+01      -0.23710500E+01      -0.12776586E-21      -0.10504050E-22       0.36801646E-29      -0.12230839E+00      -0.11791718E-04       0.27440094E-23      -0.15853765E-16      -0.30071695E-16      -0.41194644E-20       0.18917575E-15      -0.18917215E-15       0.45857231E-21
326       -0.22333746E+01      -0.23690459E+01      -0.96884562E-22      -0.33765629E-23      -0.89950298E-28      -0.12030299E+00      -0.11280602E-04      -0.45271496E-23      -0.12828886E-16      -0.27527889E-16       0.47226611E-20      -0.21511691E-15       0.21511276E-15      -0.50522550E-21
327       -0.22337339E+01      -0.23670767E+01      -0.99596935E-22       0.31517391E-23      -0.96321738E-29      -0.11832843E+00      -0.10786445E-04       0.26549356E-23      -0.12123652E-16      -0.23338275E-16      -0.77886697E-21       0.32584942E-16      -0.32584246E-16       0.63980070E-22
328       -0.22340881E+01      -0.23651417E+01      -0.57917642E-22      -0.12167803E-23       0.59752723E-28      -0.11638429E+00      -0.10308776E-04       0.19689237E-23      -0.10736001E-16      -0.20423762E-16      -0.17669414E-20       0.80141971E-16      -0.80140413E-16       0.18072752E-21
329       -0.22344373E+01      -0.23632403E+01      -0.13597803E-21       0.33073651E-23       0.20783360E-28      -0.11447014E+00      -0.98471389E-05       0.29223145E-23      -0.96252766E-17      -0.17753322E-16      -0.29085843E-20       0.13494778E-15      -0.13494523E-15       0.31651110E-21
330       -0.22347817E+01      -0.23613719E+01      -0.39299893E-22      -0.91040768E-23      -0.29543628E-28      -0.11258557E+00      -0.94010894E-05       0.31046056E-24      -0.81367384E-17      -0.15918775E-16      -0.24942933E-21       0.11653984E-16      -0.11653767E-16       0.28055881E-22
331       -0.22351211E+01      -0.23595360E+01      -0.10607721E-21      -0.20476649E-25      -0.29231420E-28      -0.11073016E+00      -0.89701965E-05       0.21482994E-23      -0.71321686E-17      -0.14002888E-16       0.19685430E-20      -0.10118138E-15       0.10117970E-15      -0.27450399E-21
332       -0.22354558E+01      -0.23577321E+01      -0.66378859E-22       0.38427556E-23       0.18816596E-27      -0.10890352E+00      -0.85540416E-05      -0.37704803E-23      -0.58170557E-17      -0.12751502E-16       0.18368158E-20      -0.79133715E-16       0.79132065E-16      -0.14672698E-21
333       -0.22357857E+01      -0.23559594E+01      -0.74313030E-22       0.26696701E-23      -0.12770101E-27      -0.10710522E+00      -0.81522181E-05       0.65700476E-24      -0.54290822E-17      -0.10884069E-16       0.17662479E-20      -0.88722386E-16       0.88720862E-16      -0.22605425E-21
334       -0.22361110E+01      -0.23542177E+01      -0.20643961E-22      -0.18434616E-23       0.18929305E-27      -0.10533489E+00      -0.77643312E-05       0.60973830E-23      -0.58075683E-17      -0.85235711E-17      -0.65185547E-20       0.30801152E-15      -0.30800579E-15       0.69337145E-21
335       -0.22364316E+01      -0.23525062E+01      -0.87155276E-22      -0.36572836E-23      -0.85535149E-28      -0.10359213E+00      -0.73899974E-05       0.52010291E-23      -0.50684782E-17      -0.75211558E-17      -0.55803218E-20       0.26652860E-15      -0.26652371E-15       0.60594009E-21
336       -0.22367478E+01      -0.23508245E+01      -0.61028660E-23      -0.89428554E-23      -0.82042040E-29      -0.10187654E+00      -0.70288444E-05       0.20494071E-23      -0.41204278E-17      -0.69390033E-17      -0.29935225E-20       0.14565674E-15      -0.14565413E-15       0.33811076E-21
337       -0.22370595E+01      -0.23491721E+01      -0.14226769E-22      -0.95460224E-23      -0.73098746E-28      -0.10018774E+00      -0.66805104E-05       0.28716074E-24      -0.32869794E-17      -0.64279425E-17       0.55470502E-22      -0.15528509E-17       0.15527949E-17       0.25956419E-23
338       -0.22373668E+01      -0.23475484E+01      -0.90849034E-23      -0.32023275E-23      -0.73247546E-28      -0.98525362E-01      -0.63446444E-05      -0.80020067E-23      -0.16653332E-17      -0.68683503E-17       0.79597894E-20      -0.38182060E-15       0.38181360E-15      -0.83796238E-21
339       -0.22376697E+01      -0.23459531E+01       0.34398599E-22      -0.85973215E-23      -0.22971741E-28      -0.96889019E-01      -0.60209054E-05      -0.83023331E-24      -0.24175843E-17      -0.50780690E-17       0.92133123E-21      -0.45051997E-16       0.45051191E-16      -0.10204686E-21
340       -0.22379684E+01      -0.23443855E+01       0.48570348E-23       0.11102619E-22       0.57504322E-28      -0.95278344E-01      -0.57089622E-05       0.42684776E-23      -0.28981675E-17      -0.36855266E-17      -0.42146562E-20       0.20459356E-15      -0.20458986E-15       0.44777378E-21
341       -0.22382628E+01      -0.23428453E+01       0.17089734E-22       0.17849569E-22      -0.27618937E-28      -0.93692969E-01      -0.54084933E-05      -0.50637081E-23      -0.11932476E-17      -0.45894547E-17       0.50498441E-20      -0.24607683E-15       0.24607239E-15      -0.53415392E-21
342       -0.22385531E+01      -0.23413319E+01      -0.18990502E-22       0.13676506E-22       0.25105689E-28      -0.92132533E-01      -0.51191865E-05       0.49738037E-23      -0.25747262E-17      -0.25040284E-17      -0.61542034E-20       0.30631204E-15      -0.30630666E-15       0.68615298E-21
343       -0.22388393E+01      -0.23398449E+01      -0.27152767E-23       0.16181110E-23       0.10312498E-27      -0.90596678E-01      -0.48407388E-05       0.55996189E-24      -0.17780540E-17      -0.26824819E-17      -0.30107453E-20       0.15642641E-15      -0.15642381E-15       0.37502862E-21
344       -0.22391215E+01      -0.23383839E+01      -0.42281764E-23       0.85908780E-23      -0.19730472E-28      -0.89085051E-01      -0.45728560E-05       0.19859808E-23      -0.16348464E-17      -0.22825758E-17      -0.19767413E-20       0.99215176E-16      -0.99213449E-16       0.22100582E-21
345       -0.22393996E+01      -0.23369484E+01       0.25746440E-23      -0.11518447E-22       0.15913600E-27      -0.87597301E-01      -0.43152522E-05      -0.37782977E-23      -0.68868367E-18      -0.27517168E-17       0.25542580E-20      -0.12406470E-15       0.12406245E-15      -0.25329728E-21
346       -0.22396739E+01      -0.23355379E+01       0.15732827E-22       0.39901696E-25      -0.12337586E-28      -0.86133085E-01      -0.40676502E-05       0.10440356E-22      -0.25388075E-17      -0.48234808E-18      -0.88917757E-20       0.44115461E-15      -0.44114679E-15       0.92956158E-21
347       -0.22399443E+01      -0.23341521E+01      -0.54964258E-22       0.12008733E-22      -0.21206394E-27      -0.84692060E-01      -0.38297808E-05      -0.24370715E-24      -0.10323626E-17      -0.16208040E-17      -0.20159631E-20       0.10857292E-15      -0.10857119E-15       0.26384846E-21
348       -0.22402108E+01      -0.23327905E+01      -0.10153165E-22      -0.84242964E-23       0.99928224E-28      -0.83273891E-01      -0.36013826E-05      -0.61508622E-23       0.31268037E-19      -0.23612018E-17       0.38991796E-20      -0.18749329E-15       0.18748982E-15      -0.35572073E-21
349       -0.22404736E+01      -0.23314527E+01      -0.36914507E-22      -0.16746000E-22       0.48460859E-28      -0.81878244E-01      -0.33822019E-05      -0.44687139E-23      -0.64351606E-19      -0.19815937E-17       0.39257050E-20      -0.19923120E-15       0.19922776E-15      -0.42318471E-21
350       -0.22407328E+01      -0.23301384E+01      -0.20612147E-22      -0.12213775E-23      -0.12637276E-28      -0.80504791E-01      -0.31719926E-05      -0.17994015E-23      -0.27731148E-18      -0.15191985E-17       0.28214188E-20      -0.14817259E-15       0.14817013E-15      -0.33225616E-21
351       -0.22409882E+01      -0.23288470E+01       0.38695228E-22       0.86595287E-24      -0.45809882E-28      -0.79153209E-01      -0.29705155E-05      -0.21957409E-23      -0.25031379E-18      -0.13271356E-17       0.18080407E-20      -0.93272388E-16       0.93270807E-16      -0.20009452E-21
352       -0.22412401E+01      -0.23275783E+01      -0.88676187E-24      -0.79575994E-23      -0.23222637E-27      -0.77823175E-01      -0.27775390E-05       0.41548484E-23      -0.11121351E-17      -0.27285459E-18      -0.38635601E-20       0.19812185E-15      -0.19811846E-15       0.41220702E-21
353       -0.22414884E+01      -0.23263317E+01      -0.22009378E-22       0.92587967E-23      -0.88388158E-29      -0.76514375E-01      -0.25928377E-05       0.16719343E-23      -0.45745514E-18      -0.75864708E-18       0.11745561E-20      -0.67728001E-16       0.67727001E-16      -0.16972237E-21
354       -0.22417332E+01      -0.23251071E+01       0.11832061E-22       0.79590446E-23      -0.14476707E-27      -0.75226495E-01      -0.24161935E-05       0.10799843E-23      -0.39768974E-18      -0.67003993E-18       0.73396807E-21      -0.42608232E-16       0.42607607E-16      -0.10645668E-21
355       -0.22419746E+01      -0.23239039E+01      -0.71484583E-23       0.17373788E-22      -0.60953543E-28      -0.73959227E-01      -0.22473942E-05       0.10483870E-23      -0.58341597E-18      -0.35398961E-18      -0.23460251E-20       0.12702684E-15      -0.12702481E-15       0.28329847E-21
356       -0.22422126E+01      -0.23227218E+01      -0.89608085E-22       0.95716116E-23      -0.41729951E-28      -0.72712266E-01      -0.20862345E-05      -0.36953912E-24      -0.29544459E-18      -0.52756917E-18      -0.60992826E-21       0.35725006E-16      -0.35724490E-16       0.90590850E-22
357       -0.22424472E+01      -0.23215605E+01       0.63615743E-22       0.92916856E-23      -0.20831250E-27      -0.71485313E-01      -0.19325146E-05       0.43421463E-23      -0.91414985E-18       0.19165691E-18      -0.35202280E-20       0.17994310E-15      -0.17993998E-15       0.34421600E-21
358       -0.22426785E+01      -0.23204195E+01       0.95591540E-23       0.82636711E-23       0.54758639E-28      -0.70278069E-01      -0.17860413E-05       0.81651431E-23      -0.13303197E-17       0.69607934E-18      -0.53490490E-20       0.27323113E-15      -0.27322640E-15       0.51777585E-21
359       -0.22429066E+01      -0.23192987E+01       0.12937308E-21       0.95699494E-23      -0.94718666E-28      -0.69090242E-01      -0.16466267E-05       0.66771967E-24      -0.33143044E-18      -0.22542017E-18      -0.11335412E-20       0.62412177E-16      -0.62411195E-16       0.13731374E-21
360       -0.22431315E+01      -0.23181975E+01       0.89548961E-23       0.11743311E-22      -0.86229346E-28      -0.67921543E-01      -0.15140888E-05      -0.27147724E-23       0.36451970E-18      -0.85341872E-18       0.39978377E-20      -0.21681690E-15       0.21681341E-15      -0.45333385E-21
361       -0.22433533E+01      -0.23171157E+01      -0.10082679E-21      -0.63926185E-23       0.14982631E-28      -0.66771686E-01      -0.13882511E-05       0.57559716E-23      -0.11707249E-17       0.74168972E-18      -0.70385486E-20       0.38117457E-15      -0.38116841E-15       0.78585258E-21
362       -0.22435719E+01      -0.23160530E+01      -0.84516801E-22       0.23377944E-22       0.17619267E-27      -0.65640390E-01      -0.12689422E-05      -0.14283047E-23       0.14087035E-18      -0.51759145E-18       0.20186173E-20      -0.11014141E-15       0.11013965E-15      -0.22655464E-21
363       -0.22437875E+01      -0.23150089E+01      -0.58062163E-22      -0.95738828E-23      -0.61925771E-28      -0.64527376E-01      -0.11559962E-05       0.35710266E-23      -0.67642127E-18       0.34580705E-18      -0.28674169E-20       0.14995373E-15      -0.14995119E-15       0.27815090E-21
364       -0.22440000E+01      -0.23139833E+01       0.56292078E-22      -0.54603568E-23       0.30566876E-27      -0.63432369E-01      -0.10492522E-05      -0.48069661E-23       0.64837453E-18      -0.93868109E-18       0.40986057E-20      -0.21830469E-15       0.21830108E-15      -0.41707521E-21
365       -0.22442096E+01      -0.23129758E+01      -0.99083279E-22       0.67761092E-23       0.10373984E-27      -0.62355099E-01      -0.94855399E-06      -0.75736652E-25       0.11739080E-18      -0.37217960E-18       0.25165231E-20      -0.14310195E-15       0.14309977E-15      -0.30540445E-21
366       -0.22444163E+01      -0.23119861E+01      -0.28613644E-22      -0.52121630E-23       0.43922048E-28      -0.61295299E-01      -0.85375042E-06       0.40073731E-23      -0.51369906E-18       0.29011467E-18      -0.13718404E-20       0.68815404E-16      -0.68814177E-16       0.11293052E-21
367       -0.22446200E+01      -0.23110138E+01      -0.32281971E-22       0.12238767E-22      -0.11715965E-27      -0.60252705E-01      -0.76469487E-06      -0.45315243E-23       0.49995231E-18      -0.69625812E-18       0.19622654E-20      -0.97979557E-16       0.97977792E-16      -0.15259229E-21
368       -0.22448210E+01      -0.23100587E+01       0.85647758E-22       0.68790593E-23      -0.16545951E-27      -0.59227056E-01      -0.68124527E-06       0.26463229E-23      -0.31774543E-18       0.14549759E-18      -0.42865646E-24      -0.99713970E-17       0.99714419E-17      -0.59668600E-22
369       -0.22450191E+01      -0.23091205E+01       0.75208637E-22       0.16922291E-22       0.52236635E-28      -0.58218095E-01      -0.60326399E-06       0.97548574E-23      -0.13018550E-17       0.11507562E-17      -0.48487758E-20       0.25237324E-15      -0.25236892E-15       0.42856738E-21
370       -0.22452145E+01      -0.23081990E+01       0.86325593E-22       0.56863480E-23       0.85725155E-28      -0.57225570E-01      -0.53061767E-06      -0.37079500E-23       0.53530366E-18      -0.66804002E-18       0.30366106E-20      -0.16441427E-15       0.16441158E-15      -0.29894536E-21
371       -0.22454071E+01      -0.23072937E+01      -0.62378002E-22      -0.61627454E-23      -0.81430397E-28      -0.56249231E-01      -0.46317716E-06      -0.33297586E-23       0.53404473E-18      -0.65054655E-18       0.38456671E-20      -0.21772527E-15       0.21772191E-15      -0.43301008E-21
372       -0.22455971E+01      -0.23064045E+01       0.17935965E-22      -0.68178633E-23       0.22465221E-27      -0.55288830E-01      -0.40081736E-06       0.30535265E-23      -0.55212522E-18       0.44996966E-18      -0.29238579E-20       0.16222601E-15      -0.16222344E-15       0.30478916E-21
373       -0.22457844E+01      -0.23055310E+01       0.20100450E-22      -0.89337058E-23      -0.10784941E-27      -0.54344124E-01      -0.34341714E-06      -0.27970791E-23       0.44960580E-18      -0.53933520E-18       0.30914215E-20      -0.17610437E-15       0.17610166E-15      -0.34661266E-21
374       -0.22459692E+01      -0.23046731E+01       0.32525667E-23       0.91823526E-23       0.98968039E-28      -0.53414874E-01      -0.29085925E-06      -0.35061107E-24       0.11565983E-18      -0.19438289E-18       0.13984024E-20      -0.82484126E-16       0.82482915E-16      -0.17120655E-21
375       -0.22461513E+01      -0.23038304E+01       0.28884888E-22      -0.28304946E-23       0.16636938E-27      -0.52500843E-01      -0.24303017E-06       0.25612252E-23      -0.26236985E-18       0.19331224E-18      -0.31958263E-21       0.12086969E-16      -0.12086664E-16       0.32314384E-24
376       -0.22463310E+01      -0.23030026E+01      -0.22091358E-22       0.10797112E-22       0.21047805E-28      -0.51601797E-01      -0.19982006E-06       0.62253020E-24      -0.27367597E-19      -0.33247310E-19       0.76192115E-21      -0.48536554E-16       0.48535908E-16      -0.11160196E-21
377       -0.22465082E+01      -0.23021896E+01      -0.52547542E-22      -0.76294911E-23       0.11713510E-27      -0.50717506E-01      -0.16112265E-06      -0.13265604E-23       0.29748387E-18      -0.35070015E-18       0.23435917E-20      -0.13624287E-15       0.13624082E-15      -0.26392536E-21
378       -0.22466829E+01      -0.23013911E+01       0.15425113E-22       0.13974281E-22      -0.51470356E-28      -0.49847743E-01      -0.12683512E-06      -0.15604986E-23       0.79176610E-19      -0.12584750E-18      -0.50986395E-21       0.35284221E-16      -0.35283797E-16       0.87826915E-22
379       -0.22468552E+01      -0.23006068E+01       0.16090307E-21      -0.16073134E-23      -0.28268511E-28      -0.48992283E-01      -0.96858067E-07       0.23777530E-23      -0.32456835E-18       0.28363845E-18      -0.15069747E-20       0.86759343E-16      -0.86758025E-16       0.16427347E-21
380       -0.22470251E+01      -0.22998364E+01      -0.11464435E-21      -0.12369381E-22       0.11378969E-27      -0.48150907E-01      -0.71095355E-07      -0.20359778E-23       0.30772901E-18      -0.34368827E-18       0.18815987E-20      -0.10963961E-15       0.10963796E-15      -0.20752958E-21
381       -0.22471927E+01      -0.22990799E+01      -0.12266079E-21       0.18049861E-22      -0.70600229E-28      -0.47323396E-01      -0.49454076E-07       0.45567536E-23      -0.74054405E-18       0.70907105E-18      -0.34564612E-20       0.19377576E-15      -0.19377269E-15       0.32963359E-21
382       -0.22473580E+01      -0.22983368E+01      -0.53628750E-22      -0.15230963E-22       0.27772319E-27      -0.46509535E-01      -0.31844448E-07       0.32612448E-23      -0.70686168E-18       0.67926027E-18      -0.48756420E-20       0.28899276E-15      -0.28898850E-15       0.54920693E-21
383       -0.22475210E+01      -0.22976070E+01      -0.14488035E-22      -0.65659771E-23      -0.14937010E-27      -0.45709113E-01      -0.18179740E-07       0.46987690E-23      -0.84665155E-18       0.82244932E-18      -0.52758726E-20       0.31234583E-15      -0.31234122E-15       0.58710644E-21
384       -0.22476818E+01      -0.22968902E+01       0.25952388E-22       0.16674264E-22      -0.41035473E-28      -0.44921921E-01      -0.83761946E-08      -0.11528659E-23       0.21910570E-18      -0.24042237E-18       0.17016191E-20      -0.10323420E-15       0.10323272E-15      -0.20137520E-21
385       -0.22478403E+01      -0.22961863E+01      -0.11766697E-21      -0.72744454E-23      -0.13064769E-27      -0.44147752E-01      -0.23529528E-08      -0.59428532E-23       0.10376859E-17      -0.10564567E-17       0.63664461E-20      -0.37875518E-15       0.37874961E-15      -0.70192668E-21
386       -0.22479967E+01      -0.22954950E+01       0.14045857E-21       0.57316358E-23       0.13079297E-27      -0.43386404E-01      -0.31982218E-10      -0.26017729E-23       0.29988605E-18      -0.31629698E-18       0.83635301E-21      -0.44986987E-16       0.44986239E-16      -0.67284835E-22
387       -0.22481510E+01      -0.22948161E+01       0.70004146E-23       0.17201673E-22      -0.21944610E-27      -0.42637676E-01      -0.13380063E-08       0.65299018E-24       0.11637317E-18      -0.13077406E-18       0.19330311E-20      -0.12216831E-15       0.12216664E-15      -0.24694694E-21
388       -0.22483032E+01      -0.22941494E+01       0.35024986E-22      -0.12070959E-22       0.82398325E-28      -0.41901371E-01      -0.61984359E-08       0.67306213E-24      -0.11876241E-18       0.10615385E-18      -0.56201344E-21       0.32708054E-16      -0.32707557E-16       0.55474486E-22
389       -0.22484532E+01      -0.22934947E+01       0.84823988E-22      -0.77180925E-24       0.31321889E-28      -0.41177296E-01      -0.14543303E-07      -0.78166454E-25       0.13362874E-18      -0.14471339E-18       0.12590018E-20      -0.77000381E-16       0.76999280E-16      -0.14179763E-21
390       -0.22486013E+01      -0.22928517E+01      -0.15447463E-21      -0.15073643E-22       0.87256488E-28      -0.40465257E-01      -0.26305199E-07      -0.17509264E-23       0.37500096E-18      -0.38474501E-18       0.26098164E-20      -0.16008957E-15       0.16008729E-15      -0.29724381E-21
391       -0.22487473E+01      -0.22922203E+01      -0.29746754E-22      -0.39807953E-23      -0.42608455E-28      -0.39765065E-01      -0.41419208E-07      -0.52770567E-23       0.55310330E-18      -0.56165079E-18       0.80782673E-21      -0.33610840E-16       0.33610071E-16      -0.49006576E-23
392       -0.22488914E+01      -0.22916003E+01       0.14831598E-22       0.21555548E-22      -0.31649059E-27      -0.39076535E-01      -0.59822849E-07      -0.10299093E-23       0.29760728E-19      -0.37230450E-19      -0.62502943E-21       0.42698236E-16      -0.42697706E-16       0.92651569E-22
393       -0.22490335E+01      -0.22909915E+01       0.81252644E-22      -0.24672213E-23      -0.14876536E-27      -0.38399483E-01      -0.81456021E-07      -0.14756999E-23       0.17348569E-18      -0.18005154E-18       0.43801706E-21      -0.22991871E-16       0.22991472E-16      -0.27311434E-22
394       -0.22491736E+01      -0.22903936E+01      -0.12381110E-21       0.37888005E-22       0.14833341E-28      -0.37733728E-01      -0.10626094E-06       0.24971392E-24       0.12173501E-18      -0.12750205E-18       0.15685290E-20      -0.10061898E-15       0.10061762E-15      -0.19302587E-21
395       -0.22493119E+01      -0.22898066E+01      -0.39410647E-22       0.11343277E-22       0.23640678E-27      -0.37079091E-01      -0.13418209E-06       0.17970925E-23      -0.21719420E-18       0.21216247E-18      -0.51930157E-21       0.26856001E-16      -0.26855525E-16       0.28558320E-22
396       -0.22494483E+01      -0.22892301E+01       0.11145391E-21       0.96907785E-23       0.38181484E-28      -0.36435396E-01      -0.16516616E-06       0.46332702E-24       0.19484944E-18      -0.19930038E-18       0.25134098E-20      -0.16297529E-15       0.16297312E-15      -0.31288265E-21
397       -0.22495829E+01      -0.22886641E+01      -0.59756618E-22      -0.15611424E-22      -0.52494710E-27      -0.35802470E-01      -0.19916201E-06      -0.11586436E-22       0.17489640E-17      -0.17529686E-17       0.74868420E-20      -0.44619534E-15       0.44618871E-15      -0.71601259E-21
398       -0.22497157E+01      -0.22881084E+01      -0.70297559E-22      -0.26756424E-22      -0.12653147E-27      -0.35180142E-01      -0.23612060E-06      -0.48709794E-23       0.59311263E-18      -0.59655182E-18       0.15281339E-20      -0.82997809E-16       0.82996423E-16      -0.10257308E-21
399       -0.22498467E+01      -0.22875627E+01       0.55836254E-22       0.11514752E-22      -0.34408007E-27      -0.34568245E-01      -0.27599497E-06       0.30396205E-23      -0.58551889E-18       0.58258057E-18      -0.36510943E-20       0.23077880E-15      -0.23077561E-15       0.41123250E-21
400       -0.22499759E+01      -0.22870270E+01       0.17450574E-21       0.11311444E-22       0.46905640E-27      -0.33966611E-01      -0.31874016E-06      -0.10053823E-22       0.18627951E-17      -0.18655625E-17       0.11010057E-19      -0.69530238E-15       0.69529275E-15      -0.12245282E-20
401       -0.22501034E+01      -0.22865010E+01       0.27066095E-21      -0.76099763E-23      -0.14685548E-27      -0.33375078E-01      -0.36431319E-06       0.89114428E-23      -0.15299266E-17       0.15277433E-17      -0.73907973E-20       0.45412129E-15      -0.45411477E-15       0.74237743E-21
402       -0.22502292E+01      -0.22859845E+01      -0.12710535E-21       0.28663797E-22       0.31887234E-27      -0.32793484E-01      -0.41267300E-06      -0.11802977E-23       0.23022556E-18      -0.23226013E-18       0.17380037E-20      -0.11423713E-15       0.11423562E-15      -0.21349059E-21
403       -0.22503533E+01      -0.22854775E+01       0.19809164E-21      -0.11806683E-22      -0.13900996E-27      -0.32221671E-01      -0.46378041E-06      -0.11949504E-22       0.19950861E-17      -0.19969988E-17       0.94011241E-20      -0.58195059E-15       0.58194229E-15      -0.94633452E-21
404       -0.22504758E+01      -0.22849797E+01      -0.65917976E-22       0.19382487E-22      -0.11389848E-27      -0.31659482E-01      -0.51759811E-06       0.22224031E-23      -0.49740396E-18       0.49589656E-18      -0.33822676E-20       0.21922130E-15      -0.21921835E-15       0.38765754E-21
405       -0.22505967E+01      -0.22844910E+01      -0.39114602E-22      -0.96227427E-25       0.36578777E-27      -0.31106764E-01      -0.57409058E-06       0.79693061E-24      -0.16794985E-18       0.16660392E-18      -0.89009008E-21       0.55592823E-16      -0.55592037E-16       0.89125853E-22
406       -0.22507159E+01      -0.22840112E+01      -0.14619335E-21      -0.16098278E-22      -0.46965434E-28      -0.30563364E-01      -0.63322404E-06       0.74574799E-23      -0.15595071E-17       0.15584424E-17      -0.96971417E-20       0.62840524E-15      -0.62839677E-15       0.10878496E-20
407       -0.22508336E+01      -0.22835402E+01       0.36168452E-22       0.15102938E-22       0.45007120E-27      -0.30029133E-01      -0.69496649E-06      -0.71321347E-24       0.31785540E-19      -0.32829184E-19      -0.43843458E-21       0.31484085E-16      -0.31483710E-16       0.62618760E-22
408       -0.22509497E+01      -0.22830778E+01       0.55836012E-22      -0.78856229E-23      -0.39408696E-28      -0.29503924E-01      -0.75928759E-06       0.20127326E-23      -0.38550165E-18       0.38461346E-18      -0.17205962E-20       0.10574447E-15      -0.10574294E-15       0.15658062E-21
409       -0.22510643E+01      -0.22826239E+01       0.12782983E-21       0.76935959E-23      -0.46919992E-27      -0.28987591E-01      -0.82615867E-06       0.71362099E-23      -0.10990668E-17       0.10983357E-17      -0.40225619E-20       0.24413191E-15      -0.24412832E-15       0.35075886E-21
410       -0.22511774E+01      -0.22821783E+01       0.13823022E-21       0.62199194E-23      -0.58770800E-27      -0.28479991E-01      -0.89555267E-06       0.25652990E-23      -0.55064540E-18       0.54998405E-18      -0.31691002E-20       0.20647776E-15      -0.20647499E-15       0.34601569E-21
411       -0.22512890E+01      -0.22817410E+01      -0.12741311E-21       0.30832261E-23       0.22192284E-27      -0.27980984E-01      -0.96744416E-06      -0.15003631E-23       0.91445076E-19      -0.92063957E-19      -0.31413229E-21       0.24964708E-16      -0.24964447E-16       0.55516018E-22
412       -0.22513991E+01      -0.22813116E+01      -0.15980852E-21       0.90932439E-24      -0.39409049E-28      -0.27490431E-01      -0.10418092E-05      -0.10060779E-23       0.51582017E-18      -0.51641463E-18       0.46941914E-20      -0.31955491E-15       0.31955083E-15      -0.56863341E-21
413       -0.22515078E+01      -0.22808902E+01      -0.15102939E-21      -0.12855620E-22      -0.85995967E-28      -0.27008195E-01      -0.11186255E-05       0.10044340E-23      -0.58165009E-19       0.57688725E-19       0.45900859E-21      -0.35731915E-16       0.35731534E-16      -0.77822844E-22
414       -0.22516151E+01      -0.22804766E+01      -0.22701448E-22      -0.13275284E-22       0.11743250E-27      -0.26534141E-01      -0.11978722E-05       0.92052747E-25      -0.35221828E-18       0.35184135E-18      -0.38723841E-20       0.26798355E-15      -0.26798020E-15       0.48077328E-21
415       -0.22517210E+01      -0.22800706E+01       0.15171950E-21      -0.15829097E-22      -0.24021609E-28      -0.26068137E-01      -0.12795299E-05      -0.50983091E-23       0.74752959E-18      -0.74794244E-18       0.25576326E-20      -0.15821319E-15       0.15821091E-15      -0.22233165E-21
416       -0.22518255E+01      -0.22796721E+01       0.17931392E-21      -0.22426663E-22      -0.15304684E-27      -0.25610053E-01      -0.13635807E-05       0.44601855E-23      -0.76676062E-18       0.76649444E-18      -0.35570430E-20       0.23083818E-15      -0.23083504E-15       0.35720090E-21
417       -0.22519286E+01      -0.22792810E+01      -0.32290652E-23      -0.22954401E-22       0.54076367E-27      -0.25159759E-01      -0.14500081E-05      -0.78837432E-23       0.15937880E-17      -0.15941909E-17       0.85451796E-20      -0.56565854E-15       0.56565103E-15      -0.90314050E-21
418       -0.22520305E+01      -0.22788971E+01      -0.32085954E-21       0.52646575E-22       0.27414812E-27      -0.24717129E-01      -0.15387969E-05      -0.87115347E-23       0.14707259E-17      -0.14710727E-17       0.59841039E-20      -0.38304751E-15       0.38304219E-15      -0.56112145E-21
419       -0.22521310E+01      -0.22785204E+01       0.12738661E-21       0.23621300E-22      -0.31316492E-27      -0.24282038E-01      -0.16299335E-05      -0.10717703E-23      -0.56992168E-19       0.56789746E-19      -0.16357300E-20       0.11876983E-15      -0.11876843E-15       0.22118376E-21
420       -0.22522302E+01      -0.22781506E+01      -0.16289002E-21      -0.20391073E-23      -0.31098946E-27      -0.23854364E-01      -0.17234055E-05      -0.29518087E-23       0.77676904E-18      -0.77702480E-18       0.54479586E-20      -0.37670939E-15       0.37670465E-15      -0.63897721E-21
421       -0.22523282E+01      -0.22777878E+01       0.31831438E-21      -0.16890463E-22      -0.19394891E-27      -0.23433985E-01      -0.18192018E-05       0.53330582E-23      -0.95702449E-18       0.95692768E-18      -0.50355275E-20       0.34140023E-15      -0.34139583E-15       0.55262010E-21
422       -0.22524248E+01      -0.22774317E+01      -0.29048911E-21      -0.12158794E-22       0.22919990E-27      -0.23020782E-01      -0.19173127E-05       0.80737729E-23      -0.16574052E-17       0.16573851E-17      -0.89608834E-20       0.60624730E-15      -0.60623944E-15       0.96113769E-21
423       -0.22525203E+01      -0.22770822E+01      -0.23261130E-21      -0.24078149E-22      -0.62551286E-28      -0.22614637E-01      -0.20177298E-05       0.31261841E-23      -0.31163715E-18       0.31152134E-18       0.12682148E-22      -0.13167501E-16       0.13167534E-16      -0.61200554E-22
424       -0.22526146E+01      -0.22767393E+01       0.37962469E-22      -0.32915263E-22      -0.24088794E-27      -0.22215436E-01      -0.21204458E-05       0.10401095E-22      -0.18711611E-17       0.18711817E-17      -0.91400161E-20       0.61939499E-15      -0.61938696E-15       0.96878715E-21
425       -0.22527076E+01      -0.22764028E+01       0.11451981E-21      -0.52874740E-22      -0.49986063E-27      -0.21823064E-01      -0.22254549E-05       0.17189194E-23      -0.30288488E-18       0.30280679E-18      -0.10784572E-20       0.68192939E-16      -0.68191970E-16       0.87289269E-22
426       -0.22527995E+01      -0.22760726E+01       0.25706019E-21       0.35223165E-22       0.20504819E-27      -0.21437410E-01      -0.23327524E-05       0.91364650E-23      -0.16827048E-17       0.16827397E-17      -0.86892979E-20       0.59787963E-15      -0.59787202E-15       0.94493173E-21
427       -0.22528902E+01      -0.22757486E+01      -0.90214409E-22      -0.27131814E-23      -0.42511103E-27      -0.21058362E-01      -0.24423347E-05       0.32829428E-23      -0.69498201E-18       0.69496100E-18      -0.43485168E-20       0.30569661E-15      -0.30569282E-15       0.49766748E-21
428       -0.22529798E+01      -0.22754307E+01       0.95403386E-22       0.36633370E-22       0.50331293E-28      -0.20685813E-01      -0.25541997E-05      -0.13372241E-23       0.16774905E-18      -0.16782473E-18       0.53993701E-21      -0.35108014E-16       0.35107532E-16      -0.47434153E-22
429       -0.22530682E+01      -0.22751188E+01      -0.77241956E-22      -0.18210184E-22      -0.14646174E-27      -0.20319655E-01      -0.26683461E-05      -0.43071712E-24      -0.70440807E-19       0.70393311E-19      -0.10327728E-20       0.75206330E-16      -0.75205434E-16       0.12662219E-21
430       -0.22531556E+01      -0.22748127E+01       0.12306885E-21       0.49594828E-22       0.49602183E-27      -0.19959783E-01      -0.27847742E-05      -0.78603228E-23       0.16137104E-17      -0.16138786E-17       0.80504723E-20      -0.55579258E-15       0.55578550E-15      -0.84553696E-21
431       -0.22532418E+01      -0.22745124E+01       0.45127921E-21      -0.25384840E-23       0.64804443E-28      -0.19606094E-01      -0.29034850E-05       0.96508851E-23      -0.18672094E-17       0.18672970E-17      -0.89574825E-20       0.61878115E-15      -0.61877327E-15       0.93311766E-21
432       -0.22533270E+01      -0.22742179E+01      -0.12112980E-22       0.37383401E-22       0.11070173E-27      -0.19258484E-01      -0.30244811E-05      -0.58734434E-23       0.14684398E-17      -0.14685955E-17       0.88662381E-20      -0.62827799E-15       0.62827023E-15      -0.98553725E-21
433       -0.22534111E+01      -0.22739288E+01      -0.42942109E-21       0.46100373E-22      -0.15689137E-27      -0.18916855E-01      -0.31477658E-05       0.57545024E-24      -0.60635206E-19       0.60603409E-19      -0.17057181E-21       0.12879996E-16      -0.12879854E-16       0.25215030E-22
434       -0.22534942E+01      -0.22736453E+01      -0.58394996E-21      -0.54997930E-23       0.19604322E-27      -0.18581107E-01      -0.32733438E-05      -0.36703676E-23       0.64743665E-18      -0.64750857E-18       0.23907951E-20      -0.16005287E-15       0.16005074E-15      -0.21687145E-21
435       -0.22535762E+01      -0.22733672E+01      -0.21359089E-21       0.30877274E-22       0.34410051E-27      -0.18251142E-01      -0.34012208E-05       0.41753901E-23      -0.95272906E-18       0.95277472E-18      -0.52629447E-20       0.37401124E-15      -0.37400662E-15       0.57288214E-21
436       -0.22536572E+01      -0.22730943E+01      -0.25556933E-21       0.30849603E-22      -0.48419407E-28      -0.17926865E-01      -0.35314037E-05      -0.70889479E-23       0.15179791E-17      -0.15181109E-17       0.70261877E-20      -0.48700502E-15       0.48699880E-15      -0.69616902E-21
437       -0.22537373E+01      -0.22728267E+01       0.27033129E-21       0.13217161E-22      -0.94018151E-28      -0.17608181E-01      -0.36639003E-05       0.63291773E-23      -0.86157026E-18       0.86159632E-18      -0.21363076E-20       0.13552014E-15      -0.13551821E-15       0.15460081E-21
438       -0.22538163E+01      -0.22725641E+01      -0.13228247E-21       0.10258101E-23      -0.36853738E-27      -0.17294997E-01      -0.37987196E-05      -0.15751893E-22       0.28595382E-17      -0.28597465E-17       0.12177247E-19      -0.84888767E-15       0.84887691E-15      -0.12104351E-20
439       -0.22538944E+01      -0.22723066E+01       0.32180462E-21      -0.86396729E-22      -0.17942087E-27      -0.16987222E-01      -0.39358716E-05       0.17665645E-23      -0.28292395E-18       0.28292491E-18      -0.79798780E-21       0.51708638E-16      -0.51707918E-16       0.60532715E-22
440       -0.22539716E+01      -0.22720540E+01       0.17731740E-21      -0.62425126E-22       0.16892729E-28      -0.16684766E-01      -0.40753674E-05      -0.72357668E-23       0.15438761E-17      -0.15440027E-17       0.84127655E-20      -0.61105728E-15       0.61104992E-15      -0.93412549E-21
441       -0.22540478E+01      -0.22718063E+01      -0.12117787E-21      -0.38768137E-22       0.38923386E-28      -0.16387540E-01      -0.42172192E-05       0.77218400E-23      -0.13418075E-17       0.13418839E-17      -0.62302314E-20       0.45051743E-15      -0.45051198E-15       0.68062317E-21
442       -0.22541231E+01      -0.22715633E+01      -0.37089269E-21       0.54537634E-22      -0.17021991E-27      -0.16095458E-01      -0.43614401E-05      -0.10098825E-22       0.19111545E-17      -0.19112937E-17       0.85904235E-20      -0.61367381E-15       0.61366625E-15      -0.88747930E-21
443       -0.22541974E+01      -0.22713250E+01       0.17955762E-21      -0.24618033E-22      -0.53017091E-28      -0.15808432E-01      -0.45080444E-05       0.21229106E-23      -0.17223244E-18       0.17222822E-18      -0.28057655E-21       0.20537924E-16      -0.20537686E-16       0.35569756E-22
444       -0.22542709E+01      -0.22710913E+01       0.38518852E-22       0.63422778E-22       0.23640128E-27      -0.15526380E-01      -0.46570472E-05       0.23326883E-23      -0.73161512E-18       0.73166784E-18      -0.50859274E-20       0.38210470E-15      -0.38210027E-15       0.59938291E-21
445       -0.22543435E+01      -0.22708621E+01       0.30904566E-22      -0.25448406E-22       0.19143888E-27      -0.15249217E-01      -0.48084649E-05       0.51596648E-23      -0.65351035E-18       0.65353379E-18      -0.89899325E-21       0.46927837E-16      -0.46926987E-16       0.13074624E-22
446       -0.22544153E+01      -0.22706373E+01      -0.26948482E-22       0.40702402E-22      -0.42576114E-27      -0.14976861E-01      -0.49623146E-05       0.54322761E-24      -0.24600628E-18       0.24602455E-18      -0.27106799E-20       0.21401839E-15      -0.21401607E-15       0.36246891E-21
447       -0.22544862E+01      -0.22704169E+01       0.55345891E-21      -0.21994020E-23      -0.33752169E-27      -0.14709233E-01      -0.51186148E-05      -0.64977001E-24       0.15180140E-18      -0.15181962E-18       0.13293506E-20      -0.10443081E-15       0.10442966E-15      -0.17407010E-21
448       -0.22545562E+01      -0.22702008E+01      -0.44989107E-21      -0.44271862E-22       0.46151030E-27      -0.14446253E-01      -0.52773846E-05      -0.55282561E-23       0.96600724E-18      -0.96607382E-18       0.42515030E-20      -0.31254788E-15       0.31254415E-15      -0.45505749E-21
449       -0.22546254E+01      -0.22699889E+01      -0.31739970E-21       0.27825038E-22       0.18130418E-27      -0.14187842E-01      -0.54386445E-05      -0.21286010E-23       0.41245252E-18      -0.41248488E-18       0.20452908E-20      -0.15188323E-15       0.15188144E-15      -0.22179300E-21
450       -0.22546938E+01      -0.22697811E+01      -0.73294577E-21      -0.44830592E-22      -0.48712576E-27      -0.13933925E-01      -0.56024155E-05      -0.10232722E-22       0.18967980E-17      -0.18969226E-17       0.74356454E-20      -0.53436595E-15       0.53435936E-15      -0.71934624E-21
451       -0.22547614E+01      -0.22695774E+01      -0.13533725E-20      -0.26003545E-22      -0.73705885E-27      -0.13684425E-01      -0.57687201E-05       0.12513121E-22      -0.24764371E-17       0.24765998E-17      -0.11167542E-19       0.82173263E-15      -0.82172280E-15       0.11532309E-20
452       -0.22548282E+01      -0.22693777E+01      -0.13288300E-21       0.15594076E-22      -0.29470058E-27      -0.13439269E-01      -0.59375815E-05      -0.66045325E-23       0.10979257E-17      -0.10979930E-17       0.34017982E-20      -0.23532529E-15       0.23532224E-15      -0.28023788E-21
453       -0.22548942E+01      -0.22691819E+01      -0.40072484E-22      -0.10699319E-21       0.18956019E-27      -0.13198383E-01      -0.61090239E-05       0.32276773E-23      -0.82012107E-18       0.82018034E-18      -0.47064886E-20       0.35689602E-15      -0.35689190E-15       0.52129806E-21
454       -0.22549595E+01      -0.22689899E+01      -0.36440843E-21       0.44643729E-22      -0.45767694E-27      -0.12961695E-01      -0.62830726E-05      -0.49114496E-23       0.10847286E-17      -0.10848076E-17       0.56733646E-20      -0.43011802E-15       0.43011306E-15      -0.62511329E-21
455       -0.22550240E+01      -0.22688018E+01      -0.59346759E-22      -0.34102262E-22      -0.25972211E-27      -0.12729134E-01      -0.64597539E-05      -0.99444932E-23       0.17330301E-17      -0.17331372E-17       0.63839514E-20      -0.46526097E-15       0.46525531E-15      -0.61641041E-21
456       -0.22550878E+01      -0.22686173E+01      -0.80163755E-23      -0.51035071E-22      -0.42021237E-27      -0.12500630E-01      -0.66390949E-05      -0.95030186E-25       0.30775096E-18      -0.30778320E-18       0.27504785E-20      -0.21638738E-15       0.21638499E-15      -0.32908559E-21
457       -0.22551508E+01      -0.22684365E+01       0.55085619E-21       0.11957645E-21      -0.15581313E-27      -0.12276116E-01      -0.68211237E-05       0.52936812E-23      -0.11459761E-17       0.11460534E-17      -0.55277325E-20       0.41853689E-15      -0.41853203E-15       0.58862337E-21
458       -0.22552131E+01      -0.22682593E+01       0.45018394E-21      -0.15371820E-21      -0.22170524E-27      -0.12055523E-01      -0.70058697E-05       0.51571931E-23      -0.60351359E-18       0.60353399E-18       0.33937240E-21      -0.55848280E-16       0.55848082E-16      -0.16791375E-21
459       -0.22552747E+01      -0.22680856E+01       0.51713517E-21       0.25808290E-23      -0.24980770E-27      -0.11838785E-01      -0.71933629E-05      -0.24081851E-23       0.35144189E-18      -0.35146164E-18       0.99096706E-21      -0.70546954E-16       0.70546069E-16      -0.84925101E-22
460       -0.22553356E+01      -0.22679153E+01      -0.11511247E-21      -0.33055326E-22      -0.18908416E-27      -0.11625837E-01      -0.73836345E-05       0.41767921E-23      -0.12373400E-17       0.12374335E-17      -0.73026659E-20       0.56862988E-15      -0.56862350E-15       0.82193887E-21
461       -0.22553958E+01      -0.22677485E+01      -0.22202389E-22      -0.17859732E-22       0.22717602E-27      -0.11416614E-01      -0.75767165E-05       0.87053737E-23      -0.15448220E-17       0.15449127E-17      -0.51340149E-20       0.37240374E-15      -0.37239916E-15       0.45445828E-21
462       -0.22554553E+01      -0.22675850E+01      -0.43681088E-21      -0.26535307E-22       0.47771720E-27      -0.11211054E-01      -0.77726421E-05      -0.34862791E-24      -0.77329076E-19       0.77339505E-19      -0.14003273E-20       0.11799503E-15      -0.11799383E-15       0.19431659E-21
463       -0.22555142E+01      -0.22674248E+01      -0.72546543E-21      -0.44956652E-23       0.55690009E-27      -0.11009094E-01      -0.79714453E-05      -0.21846813E-23      -0.12923552E-18       0.12926600E-18      -0.42618956E-20       0.36273698E-15      -0.36273335E-15       0.60051955E-21
464       -0.22555724E+01      -0.22672678E+01       0.27676022E-21       0.71548314E-22      -0.14102168E-27      -0.10810672E-01      -0.81731611E-05      -0.17321455E-22       0.36145653E-17      -0.36148032E-17       0.16079326E-19      -0.12342890E-14       0.12342749E-14      -0.16705263E-20
465       -0.22556300E+01      -0.22671139E+01      -0.67296848E-21      -0.60429104E-22       0.73251099E-27      -0.10615729E-01      -0.83778255E-05       0.51953799E-23      -0.18031498E-17       0.18032942E-17      -0.12186362E-19       0.97840243E-15      -0.97839183E-15       0.14361607E-20
466       -0.22556869E+01      -0.22669632E+01       0.34926138E-22       0.81951290E-22      -0.17869196E-27      -0.10424206E-01      -0.85854756E-05      -0.43760683E-23       0.74043802E-18      -0.74048238E-18       0.29621614E-20      -0.22929417E-15       0.22929157E-15      -0.31288555E-21
467       -0.22557432E+01      -0.22668155E+01       0.10514730E-21      -0.13285234E-22       0.11577316E-26      -0.10236043E-01      -0.87961493E-05      -0.41033612E-23       0.58612167E-18      -0.58614957E-18       0.89617387E-21      -0.53406395E-16       0.53405556E-16      -0.26287190E-22
468       -0.22557988E+01      -0.22666708E+01      -0.54415543E-21      -0.53061943E-22       0.68136701E-27      -0.10051184E-01      -0.90098856E-05      -0.84803224E-23       0.16863479E-17      -0.16864526E-17       0.62779734E-20      -0.47315570E-15       0.47315012E-15      -0.58722967E-21
469       -0.22558539E+01      -0.22665291E+01       0.31422098E-21       0.90562600E-22       0.43327470E-27      -0.98695722E-02      -0.92267244E-05       0.14737455E-22      -0.35491230E-17       0.35493716E-17      -0.18833001E-19       0.15018999E-14      -0.15018834E-14       0.21014580E-20
470       -0.22559083E+01      -0.22663902E+01      -0.48521255E-21      -0.45635353E-22       0.39088869E-28      -0.96911523E-02      -0.94467066E-05       0.12681419E-22      -0.23468400E-17       0.23469819E-17      -0.91682782E-20       0.70936290E-15      -0.70935481E-15       0.92423510E-21
471       -0.22559622E+01      -0.22662542E+01       0.59647943E-21      -0.15160886E-21      -0.20941877E-27      -0.95158696E-02      -0.96698741E-05       0.95522691E-23      -0.19064529E-17       0.19065720E-17      -0.78076721E-20       0.60742432E-15      -0.60741744E-15       0.79168593E-21
472       -0.22560155E+01      -0.22661210E+01      -0.28867186E-23       0.96788951E-22      -0.24068460E-27      -0.93436705E-02      -0.98962699E-05       0.16438405E-24      -0.22885663E-20       0.22872961E-20       0.32044383E-21      -0.30805356E-16       0.30805096E-16      -0.59785836E-22
473       -0.22560682E+01      -0.22659905E+01       0.21073764E-21       0.14778348E-21       0.25067405E-27      -0.91745019E-02      -0.10125938E-04      -0.24331334E-22       0.53415958E-17      -0.53419463E-17       0.24521919E-19      -0.19482695E-14       0.19482480E-14      -0.26073839E-20
474       -0.22561203E+01      -0.22658628E+01      -0.90922317E-22      -0.99246898E-23       0.24159347E-28      -0.90083121E-02      -0.10358922E-04      -0.72202136E-23       0.12304324E-17      -0.12305003E-17       0.36404186E-20      -0.27173422E-15       0.27173097E-15      -0.31134907E-21
475       -0.22561719E+01      -0.22657376E+01      -0.18115254E-21       0.73739340E-22      -0.24147647E-27      -0.88450500E-02      -0.10595270E-04       0.40454091E-23      -0.47584997E-18       0.47586480E-18       0.63362066E-21      -0.79799767E-16       0.79799305E-16      -0.19010294E-21
476       -0.22562229E+01      -0.22656151E+01       0.61741127E-21      -0.50441551E-24       0.12071280E-27      -0.86846651E-02      -0.10835027E-04       0.81358797E-23      -0.18968146E-17       0.18969417E-17      -0.91606775E-20       0.73794063E-15      -0.73793260E-15       0.98758570E-21
477       -0.22562734E+01      -0.22654951E+01      -0.80816731E-22      -0.94740333E-22       0.28627604E-27      -0.85271082E-02      -0.11078242E-04      -0.13820975E-24      -0.39522497E-18       0.39526437E-18      -0.37080067E-20       0.31352778E-15      -0.31352457E-15       0.45536889E-21
478       -0.22563234E+01      -0.22653776E+01       0.30131769E-21       0.76655614E-22       0.88777837E-27      -0.83723305E-02      -0.11324963E-04      -0.60162582E-23       0.10157052E-17      -0.10157612E-17       0.34071290E-20      -0.26776068E-15       0.26775767E-15      -0.33828758E-21
479       -0.22563728E+01      -0.22652626E+01       0.47909464E-21      -0.73031702E-22      -0.13963270E-27      -0.82202842E-02      -0.11575240E-04       0.18697662E-22      -0.37757640E-17       0.37759943E-17      -0.14738063E-19       0.11674694E-14      -0.11674564E-14       0.14657847E-20
480       -0.22564217E+01      -0.22651499E+01       0.47160347E-21      -0.13228991E-21       0.37336198E-27      -0.80709223E-02      -0.11829123E-04      -0.18061379E-22       0.39288709E-17      -0.39291265E-17       0.18905124E-19      -0.15523097E-14       0.15522931E-14      -0.20933083E-20
481       -0.22564701E+01      -0.22650397E+01       0.78439687E-21      -0.16353017E-24      -0.60682452E-27      -0.79241985E-02      -0.12086666E-04      -0.10135558E-22       0.17523043E-17      -0.17523991E-17       0.50605955E-20      -0.38513451E-15       0.38512998E-15      -0.43158211E-21
482       -0.22565180E+01      -0.22649318E+01      -0.37904218E-21      -0.29256999E-22       0.14312372E-27      -0.77800672E-02      -0.12347919E-04      -0.41288418E-23       0.13754353E-17      -0.13755412E-17       0.91226751E-20      -0.77395705E-15       0.77394913E-15      -0.10909185E-20
483       -0.22565655E+01      -0.22648261E+01       0.79062974E-21      -0.42235455E-23      -0.21875258E-28      -0.76384838E-02      -0.12612938E-04      -0.16755307E-22       0.33266830E-17      -0.33268864E-17       0.14230336E-19      -0.11663072E-14       0.11662947E-14      -0.15281558E-20
484       -0.22566124E+01      -0.22647227E+01      -0.95038782E-21      -0.10700826E-21       0.50408023E-27      -0.74994042E-02      -0.12881777E-04      -0.21778947E-23       0.36164023E-18      -0.36165967E-18       0.95706533E-21      -0.70046395E-16       0.70045524E-16      -0.64653127E-22
485       -0.22566588E+01      -0.22646216E+01       0.27032377E-21      -0.47544110E-22      -0.12070964E-28      -0.73627850E-02      -0.13154491E-04       0.11453671E-22      -0.20470913E-17       0.20472047E-17      -0.65757172E-20       0.51743244E-15      -0.51742659E-15       0.60482920E-21
486       -0.22567048E+01      -0.22645225E+01      -0.97103935E-22       0.13195397E-21      -0.16587260E-27      -0.72285838E-02      -0.13431137E-04      -0.59600184E-23       0.11845521E-17      -0.11846244E-17       0.51298202E-20      -0.42525325E-15       0.42524875E-15      -0.55543497E-21
487       -0.22567503E+01      -0.22644256E+01      -0.52931540E-21       0.10178450E-21      -0.54880477E-27      -0.70967586E-02      -0.13711773E-04      -0.12009383E-23       0.76702814E-18      -0.76709356E-18       0.58368582E-20      -0.50437025E-15       0.50436518E-15      -0.70314909E-21
488       -0.22567954E+01      -0.22643308E+01       0.13618882E-21       0.16700855E-23      -0.17916096E-27      -0.69672682E-02      -0.13996458E-04       0.41320164E-23      -0.94417171E-18       0.94423176E-18      -0.42588103E-20       0.35482687E-15      -0.35482314E-15       0.45897943E-21
489       -0.22568400E+01      -0.22642381E+01       0.49286512E-21      -0.26114976E-21       0.10377840E-26      -0.68400722E-02      -0.14285250E-04       0.10420203E-22      -0.22681637E-17       0.22683072E-17      -0.10680040E-19       0.90233797E-15      -0.90232864E-15       0.11947411E-20
490       -0.22568841E+01      -0.22641473E+01       0.40531382E-21      -0.10977900E-22       0.19143634E-27      -0.67151306E-02      -0.14578211E-04       0.47888146E-23      -0.11011772E-17       0.11012462E-17      -0.47092069E-20       0.39162064E-15      -0.39161650E-15       0.49563252E-21
491       -0.22569278E+01      -0.22640586E+01       0.35727649E-22      -0.80021771E-22       0.43415917E-27      -0.65924045E-02      -0.14875402E-04       0.20183131E-23      -0.37039145E-18       0.37041348E-18      -0.17993519E-20       0.15645419E-15      -0.15645263E-15       0.21797109E-21
492       -0.22569711E+01      -0.22639717E+01       0.32509689E-21       0.53488340E-22       0.30030394E-27      -0.64718551E-02      -0.15176886E-04      -0.27617918E-24       0.32533189E-18      -0.32536076E-18       0.25622402E-20      -0.22388927E-15       0.22388704E-15      -0.30477848E-21
493       -0.22570140E+01      -0.22638868E+01      -0.64010675E-21      -0.64298008E-22      -0.36532512E-27      -0.63534447E-02      -0.15482725E-04      -0.73794858E-23       0.13903705E-17      -0.13904488E-17       0.49231644E-20      -0.40555896E-15       0.40555461E-15      -0.49110609E-21
494       -0.22570564E+01      -0.22638038E+01       0.99132150E-21      -0.53413881E-22       0.97758055E-27      -0.62371360E-02      -0.15792985E-04      -0.15949532E-22       0.35488142E-17      -0.35490325E-17       0.14848698E-19      -0.12457083E-14       0.12456952E-14      -0.15471724E-20
495       -0.22570984E+01      -0.22637226E+01      -0.42032772E-21      -0.15172297E-22       0.15585983E-27      -0.61228924E-02      -0.16107730E-04       0.13752162E-23      -0.63025869E-18       0.63030911E-18      -0.47213120E-20       0.42272039E-15      -0.42271632E-15       0.59532652E-21
496       -0.22571400E+01      -0.22636431E+01      -0.16065949E-21      -0.17932210E-21      -0.77041892E-27      -0.60106778E-02      -0.16427026E-04       0.11640414E-22      -0.29798110E-17       0.29800068E-17      -0.14483110E-19       0.12431374E-14      -0.12431247E-14       0.15909037E-20
497       -0.22571812E+01      -0.22635655E+01      -0.34633662E-21      -0.19178253E-21       0.10838008E-26      -0.59004569E-02      -0.16750941E-04      -0.99551299E-23       0.15882836E-17      -0.15883608E-17       0.39875821E-20      -0.31561759E-15       0.31561403E-15      -0.33598434E-21
498       -0.22572221E+01      -0.22634896E+01       0.57063755E-22       0.13518251E-21      -0.49832506E-27      -0.57921948E-02      -0.17079542E-04       0.15289318E-23      -0.66237240E-18       0.66242334E-18      -0.42079949E-20       0.36968876E-15      -0.36968509E-15       0.48474922E-21
499       -0.22572625E+01      -0.22634154E+01       0.15011414E-20      -0.95208232E-22      -0.80261043E-27      -0.56858573E-02      -0.17412898E-04       0.19998220E-23      -0.61989400E-18       0.61994141E-18      -0.46567431E-20       0.42335358E-15      -0.42334956E-15       0.59268657E-21
500       -0.22573025E+01      -0.22633429E+01      -0.30668592E-21       0.11578045E-21      -0.43610953E-27      -0.55814108E-02      -0.17751078E-04       0.68161292E-23      -0.12801911E-17       0.12802630E-17      -0.49008012E-20       0.41949888E-15      -0.41949458E-15       0.52041927E-21
501       -0.22573422E+01      -0.22632720E+01      -0.61024470E-21      -0.22625886E-21       0.18990349E-27      -0.54788220E-02      -0.18094153E-04       0.30545902E-23      -0.60284598E-18       0.60287668E-18      -0.10457696E-20       0.68579038E-16      -0.68578051E-16       0.24685395E-22
502       -0.22573815E+01      -0.22632027E+01       0.14549293E-21       0.19511297E-21       0.17479979E-27      -0.53780585E-02      -0.18442194E-04       0.33395258E-23      -0.69935425E-18       0.69939228E-18      -0.17459420E-20       0.13252708E-15      -0.13252548E-15       0.11188467E-21
503       -0.22574204E+01      -0.22631351E+01       0.54629275E-21       0.14554717E-22       0.22033876E-27      -0.52790883E-02      -0.18795273E-04      -0.80826857E-23       0.19227495E-17      -0.19228716E-17       0.93775006E-20      -0.82830353E-15       0.82829535E-15      -0.10639440E-20
504       -0.22574590E+01      -0.22630689E+01       0.11004925E-20      -0.31357517E-21       0.73074704E-28      -0.51818799E-02      -0.19153462E-04       0.94637609E-23      -0.25946819E-17       0.25948537E-17      -0.13028116E-19       0.11488356E-14      -0.11488242E-14       0.14520906E-20
505       -0.22574972E+01      -0.22630043E+01       0.49267146E-21      -0.64780480E-22      -0.33945656E-27      -0.50864024E-02      -0.19516835E-04      -0.21579565E-24       0.35736034E-18      -0.35739521E-18       0.41774910E-20      -0.39777641E-15       0.39777285E-15      -0.57968693E-21
506       -0.22575350E+01      -0.22629412E+01      -0.31305681E-21       0.77093221E-22       0.17715489E-27      -0.49926253E-02      -0.19885466E-04       0.10206166E-22      -0.17868596E-17       0.17869507E-17      -0.51717280E-20       0.42994133E-15      -0.42993673E-15       0.47158769E-21
507       -0.22575725E+01      -0.22628796E+01      -0.19196148E-21       0.11531729E-21      -0.50632436E-27      -0.49005188E-02      -0.20259429E-04      -0.41132701E-23       0.31488702E-18      -0.31488335E-18      -0.24448198E-20       0.25456463E-15      -0.25456260E-15       0.41361815E-21
508       -0.22576097E+01      -0.22628194E+01      -0.11395938E-20       0.13420985E-21      -0.88587811E-27      -0.48100534E-02      -0.20638800E-04       0.14314999E-22      -0.34867180E-17       0.34869347E-17      -0.15770791E-19       0.13961817E-14      -0.13961678E-14       0.17254968E-20
509       -0.22576465E+01      -0.22627607E+01       0.12921512E-20       0.13978166E-21      -0.18057872E-26      -0.47212002E-02      -0.21023654E-04      -0.79072000E-23       0.17720039E-17      -0.17721081E-17       0.68691864E-20      -0.59587879E-15       0.59587273E-15      -0.69675959E-21
510       -0.22576830E+01      -0.22627033E+01      -0.38832990E-21      -0.55815718E-22      -0.39607719E-27      -0.46339309E-02      -0.21414068E-04      -0.66424379E-23       0.19455853E-17      -0.19457165E-17       0.10431863E-19      -0.94378950E-15       0.94378040E-15      -0.11969184E-20
511       -0.22577192E+01      -0.22626473E+01       0.44867910E-21       0.16265700E-22      -0.99091364E-27      -0.45482175E-02      -0.21810118E-04       0.14058090E-22      -0.33507286E-17       0.33509303E-17      -0.13674238E-19       0.11998850E-14      -0.11998730E-14       0.14132718E-20
512       -0.22577550E+01      -0.22625926E+01       0.59054876E-21      -0.12321610E-21       0.26307497E-27      -0.44640325E-02      -0.22211883E-04      -0.55132257E-24       0.76567070E-18      -0.76573821E-18       0.66320451E-20      -0.62389717E-15       0.62389144E-15      -0.83724289E-21
