 # File k.dat, created by Task#1 of TABOO on 2025.03.09 time=16.06.41
 # These k numbers are of loading type
  1       -0.10000000E+01      -0.10000000E+01      -0.32962379E-38      -0.00000000E+00       0.00000000E+00       0.11645313E-34       0.00000000E+00      -0.00000000E+00      -0.15281365E-36       0.18197162E-33      -0.23085345E-33      -0.00000000E+00       0.29296402E-18       0.29296402E-18
  2       -0.24398316E+00      -0.98425542E+00      -0.12942512E-06      -0.72722261E-04       0.28052170E-03      -0.75833528E-01      -0.46509413E+00      -0.15477310E-24      -0.11765689E-01      -0.72729634E-02       0.51924162E-22      -0.22840801E-03      -0.67135028E-04      -0.91467774E-25
  3       -0.16379886E+00      -0.98422612E+00      -0.30845996E-06      -0.16609750E-03       0.32089119E-03      -0.84350399E-01      -0.36102135E+00       0.84256816E-26      -0.30685566E-02      -0.85744075E-03      -0.31670902E-23      -0.68946813E-04      -0.71183167E-05       0.44944677E-26
  4       -0.11738574E+00      -0.98358014E+00      -0.58022741E-06      -0.29118190E-03      -0.13353470E-03      -0.80935539E-01      -0.26988403E+00       0.20089323E-24      -0.11671491E-02       0.67214843E-04      -0.10257863E-21      -0.26843987E-04       0.16301149E-06       0.12260769E-24
  5       -0.94729633E-01      -0.98268658E+00      -0.94577556E-06      -0.43269588E-03      -0.23082539E-02      -0.62422158E-01      -0.22590852E+00      -0.52824851E-26      -0.65975556E-03      -0.15036355E-03      -0.99754139E-23      -0.13959988E-04      -0.12513756E-04       0.15549876E-25
  6       -0.82798997E-01      -0.98164813E+00      -0.14017483E-05      -0.57356574E-03      -0.80531437E-02      -0.27270553E-01      -0.21800398E+00      -0.14385695E-25      -0.49311672E-03      -0.39064966E-03       0.38952250E-23      -0.91255955E-05      -0.21784740E-04      -0.24272197E-26
  7       -0.75661973E-01      -0.98049924E+00      -0.19428672E-05      -0.69903407E-03      -0.11809941E-01       0.42840478E-03      -0.21699959E+00      -0.80703449E-25      -0.44031342E-03      -0.52374103E-03       0.51531477E-22      -0.70256283E-05      -0.25518894E-04      -0.52957236E-25
  8       -0.70876960E-01      -0.97924783E+00      -0.25626237E-05      -0.79863617E-03      -0.71081480E-02      -0.71340734E-01      -0.13177235E+00      -0.13347315E-25      -0.43651249E-03      -0.57788136E-03       0.13257603E-22      -0.60370331E-05      -0.25657078E-04      -0.16996211E-25
  9       -0.67382243E-01      -0.97788851E+00      -0.32530863E-05      -0.86673408E-03      -0.27280180E-02      -0.13156052E+00      -0.61831994E-01      -0.15942329E-25      -0.45796714E-03      -0.58645301E-03       0.16720114E-22      -0.55620655E-05      -0.23932080E-04      -0.25842678E-25
 10       -0.64667126E-01      -0.97640797E+00      -0.40046354E-05      -0.90217043E-03      -0.89780685E-03      -0.14710814E+00      -0.36666076E-01       0.56598573E-26      -0.49388809E-03      -0.57031308E-03      -0.19171265E-22      -0.53425913E-05      -0.21402903E-04       0.39816225E-25
 11       -0.62457221E-01      -0.97478764E+00      -0.48059125E-05      -0.90735036E-03      -0.28214346E-03      -0.14970763E+00      -0.25087856E-01       0.19781227E-25      -0.53836383E-03      -0.54115991E-03      -0.25548991E-22      -0.52522900E-05      -0.18649650E-04       0.61061344E-25
 12       -0.60590006E-01      -0.97300498E+00      -0.56439812E-05      -0.88702537E-03      -0.87546348E-04      -0.14829788E+00      -0.18453358E-01       0.69440070E-26      -0.58759467E-03      -0.50556279E-03      -0.12126271E-22      -0.52235863E-05      -0.15972454E-04       0.37057536E-25
 13       -0.58961962E-01      -0.97103444E+00      -0.65046193E-05      -0.84706433E-03      -0.27095083E-04      -0.14548808E+00      -0.14104292E-01      -0.75515037E-26      -0.63880360E-03      -0.46733893E-03       0.97262186E-23      -0.52181958E-05      -0.13515547E-04      -0.35392812E-25
 14       -0.57503906E-01      -0.96884795E+00      -0.73726846E-05      -0.79343763E-03      -0.83906946E-05      -0.14215636E+00      -0.11017018E-01      -0.13909300E-25      -0.68976806E-03      -0.42877682E-03       0.79815921E-23      -0.52137395E-05      -0.11337156E-04      -0.28462990E-25
 15       -0.56168242E-01      -0.96641538E+00      -0.82325173E-05      -0.73152748E-03      -0.26025841E-05      -0.13862783E+00      -0.87219971E-02      -0.41727322E-26      -0.73861548E-03      -0.39126164E-03       0.37467188E-23      -0.51970484E-05      -0.94485466E-05      -0.20227788E-25
 16       -0.54921701E-01      -0.96370496E+00      -0.90683609E-05      -0.66576627E-03      -0.80880241E-06      -0.13503191E+00      -0.69708059E-02      -0.13914582E-25      -0.78374200E-03      -0.35561337E-03       0.15396531E-22      -0.51605640E-05      -0.78362443E-05      -0.93794796E-25
 17       -0.53740879E-01      -0.96068355E+00      -0.98647882E-05      -0.59953537E-03      -0.25183128E-06      -0.13142476E+00      -0.56151575E-02       0.28849809E-26      -0.82379035E-03      -0.32228479E-03       0.29925949E-23      -0.51002959E-05      -0.64748695E-05      -0.27265715E-25
 18       -0.52609330E-01      -0.95731707E+00      -0.10607117E-04      -0.53523290E-03      -0.78547247E-07      -0.12783440E+00      -0.45574646E-02      -0.99367116E-26      -0.85765413E-03      -0.29148656E-03       0.12109713E-22      -0.50146085E-05      -0.53345309E-05      -0.10108023E-24
 19       -0.51515594E-01      -0.95357087E+00      -0.11281808E-04      -0.47442766E-03      -0.24534731E-07      -0.12427798E+00      -0.37287172E-02      -0.15892108E-25      -0.88449018E-03      -0.26327006E-03       0.17619529E-22      -0.49034711E-05      -0.43849740E-05      -0.16852408E-24
 20       -0.50451814E-01      -0.94941008E+00      -0.11876823E-04      -0.41803939E-03      -0.76718683E-08      -0.12076828E+00      -0.30777350E-02      -0.14867942E-25      -0.90372848E-03      -0.23758406E-03       0.20819948E-22      -0.47679728E-05      -0.35977730E-05      -0.23252337E-24
 21       -0.49412744E-01      -0.94480013E+00      -0.12381940E-04      -0.36650973E-03      -0.24005349E-08      -0.11731608E+00      -0.25654709E-02       0.12545725E-25      -0.91507370E-03      -0.21431369E-03      -0.10191703E-22      -0.46099940E-05      -0.29473527E-05       0.11370226E-24
 22       -0.48395026E-01      -0.93970710E+00      -0.12789009E-04      -0.31994669E-03      -0.75128728E-09      -0.11393074E+00      -0.21616831E-02      -0.43971085E-27      -0.91849566E-03      -0.19330734E-03       0.37932494E-24      -0.44319713E-05      -0.24113308E-05      -0.88455955E-26
 23       -0.47396659E-01      -0.93409831E+00      -0.13092140E-04      -0.27823817E-03      -0.23506796E-09      -0.11062042E+00      -0.18427896E-02       0.74840463E-26      -0.91420860E-03      -0.17439501E-03      -0.65545478E-23      -0.42367201E-05      -0.19704787E-05       0.93717415E-25
 24       -0.46416594E-01      -0.92794278E+00      -0.13287813E-04      -0.24113622E-03      -0.73496883E-10      -0.10739193E+00      -0.15903609E-02       0.48051748E-27      -0.90264044E-03      -0.15740061E-03      -0.25197447E-23      -0.40272928E-05      -0.16084891E-05       0.51248110E-25
 25       -0.45454440E-01      -0.92121176E+00      -0.13374918E-04      -0.20831693E-03      -0.22952842E-10      -0.10425078E+00      -0.13899941E-02      -0.89312566E-26      -0.88439481E-03      -0.14215004E-03       0.12266980E-22      -0.38068613E-05      -0.13116569E-05      -0.23261159E-24
 26       -0.44510240E-01      -0.91387927E+00      -0.13354712E-04      -0.17942133E-03      -0.71566385E-11      -0.10120115E+00      -0.12304418E-02      -0.24041054E-25      -0.86020870E-03      -0.12847629E-03       0.29547841E-22      -0.35786168E-05      -0.10685393E-05      -0.60693659E-24
 27       -0.43584303E-01      -0.90592266E+00      -0.13230699E-04      -0.15408218E-03      -0.22269565E-11      -0.98245942E-01      -0.11029256E-02       0.82992594E-26      -0.83090901E-03      -0.11622241E-03      -0.14790389E-23      -0.33456838E-05      -0.86962674E-06      -0.86543502E-26
 28       -0.42677085E-01      -0.89732306E+00      -0.13008446E-04      -0.13194076E-03      -0.69132692E-12      -0.95386925E-01      -0.10005941E-02       0.92051635E-26      -0.79737070E-03      -0.10524311E-03      -0.80854036E-23      -0.31110460E-05      -0.70704304E-06       0.18454779E-24
 29       -0.41789098E-01      -0.88806594E+00      -0.12695339E-04      -0.11265668E-03      -0.21403214E-12      -0.92624817E-01      -0.91809477E-03      -0.89256242E-27      -0.76047895E-03      -0.95405347E-04      -0.33926122E-23      -0.28774848E-05      -0.57428121E-06       0.10210397E-24
 30       -0.40920852E-01      -0.87814148E+00      -0.12300288E-04      -0.95913179E-04      -0.66064741E-13      -0.89959442E-01      -0.85123803E-03       0.11612944E-25      -0.72109677E-03      -0.86588289E-04      -0.12670690E-22      -0.26475298E-05      -0.46597513E-06       0.35338539E-24
 31       -0.40072805E-01      -0.86754503E+00      -0.11833403E-04      -0.81419301E-04      -0.20325654E-13      -0.87389868E-01      -0.79673612E-03      -0.11203323E-25      -0.68003903E-03      -0.78682868E-04       0.14111601E-22      -0.24234217E-05      -0.37770568E-06      -0.45079449E-24
 32       -0.39245346E-01      -0.85627736E+00      -0.11305641E-04      -0.68910301E-04      -0.62317486E-14      -0.84914531E-01      -0.75200042E-03       0.10101745E-25      -0.63805304E-03      -0.71591099E-04      -0.48841447E-23      -0.22070872E-05      -0.30583762E-06       0.10577217E-24
 33       -0.38438771E-01      -0.84434490E+00      -0.10728460E-04      -0.58146887E-04      -0.19036635E-14      -0.82531368E-01      -0.71498538E-03       0.77291371E-26      -0.59580567E-03      -0.65225263E-04      -0.10869348E-22      -0.20001258E-05      -0.24738318E-06       0.35764581E-24
 34       -0.37653280E-01      -0.83175990E+00      -0.10113467E-04      -0.48913863E-04      -0.57933133E-15      -0.80237919E-01      -0.68406876E-03       0.15820229E-25      -0.55387603E-03      -0.59507037E-04      -0.17701503E-22      -0.18038075E-05      -0.19988881E-06       0.61070575E-24
 35       -0.36888976E-01      -0.81854040E+00      -0.94721014E-05      -0.41018473E-04      -0.17562205E-15      -0.78031428E-01      -0.65795969E-03      -0.16006538E-25      -0.51275315E-03      -0.54366624E-04       0.29222206E-22      -0.16190808E-05      -0.16134113E-06      -0.11755593E-23
 36       -0.36145868E-01      -0.80471022E+00      -0.88153400E-05      -0.34288634E-04      -0.53029937E-16      -0.75908929E-01      -0.63562823E-03       0.55924437E-26      -0.47283761E-03      -0.49741905E-04      -0.18052212E-23      -0.14465894E-05      -0.13008932E-06       0.29072299E-25
 37       -0.35423873E-01      -0.79029869E+00      -0.81534496E-05      -0.28571189E-04      -0.15949361E-16      -0.73867314E-01      -0.61625111E-03      -0.14644481E-25      -0.43444605E-03      -0.45577642E-04       0.13312589E-22      -0.12866948E-05      -0.10478090E-06      -0.51989524E-24
 38       -0.34722831E-01      -0.77534042E+00      -0.74957853E-05      -0.23730224E-04      -0.47780406E-17      -0.71903398E-01      -0.59916975E-03       0.29322857E-26      -0.39781785E-03      -0.41824746E-04      -0.24797351E-23      -0.11395058E-05      -0.84308793E-07       0.87877473E-25
 39       -0.34042508E-01      -0.75987481E+00      -0.68506388E-05      -0.19645483E-04      -0.14257979E-17      -0.70013964E-01      -0.58385767E-03      -0.30273197E-26      -0.36312310E-03      -0.38439596E-04      -0.55082577E-23      -0.10049096E-05      -0.67767668E-07       0.31134106E-24
 40       -0.33382607E-01      -0.74394563E+00      -0.62251396E-05      -0.16210904E-04      -0.42383468E-18      -0.68195806E-01      -0.56989487E-03      -0.20926029E-25      -0.33047119E-03      -0.35383430E-04       0.28665416E-22      -0.88260668E-06      -0.54417911E-07      -0.13899800E-23
 41       -0.32742777E-01      -0.72760039E+00      -0.56252055E-05      -0.13333246E-04      -0.12551757E-18      -0.66445757E-01      -0.55694757E-03      -0.22789204E-25      -0.29991956E-03      -0.32621796E-04       0.27513941E-22      -0.77214416E-06      -0.43655954E-07      -0.13606165E-23
 42       -0.32122622E-01      -0.71088972E+00      -0.50555381E-05      -0.10930841E-04      -0.37036508E-19      -0.64760722E-01      -0.54475203E-03      -0.11986705E-25      -0.27148219E-03      -0.30124056E-04       0.89419683E-23      -0.67294959E-06      -0.34989827E-07      -0.37383921E-24
 43       -0.31521708E-01      -0.69386666E+00      -0.45196601E-05      -0.89324214E-05      -0.10890011E-19      -0.63137687E-01      -0.53310156E-03      -0.63733278E-26      -0.24513758E-03      -0.27862952E-04      -0.83728152E-24      -0.58436208E-06      -0.28019001E-07       0.84011470E-25
 44       -0.30939571E-01      -0.67658596E+00      -0.40199843E-05      -0.72760498E-05      -0.31912505E-20      -0.61573742E-01      -0.52183593E-03      -0.15694612E-25      -0.22083604E-03      -0.25814211E-04       0.17993148E-22      -0.50566089E-06      -0.22417808E-07      -0.96077834E-24
 45       -0.30375725E-01      -0.65910332E+00      -0.35579096E-05      -0.59081220E-05      -0.93216731E-21      -0.60066083E-01      -0.51083271E-03       0.26824246E-25      -0.19850616E-03      -0.23956204E-04      -0.17026227E-22      -0.43609073E-06      -0.17921792E-07       0.79232976E-24
 46       -0.29829666E-01      -0.64147471E+00      -0.31339350E-05      -0.47824497E-05      -0.27145442E-21      -0.58612025E-01      -0.50000021E-03      -0.53905189E-26      -0.17806049E-03      -0.22269633E-04       0.35031464E-23      -0.37488348E-06      -0.14316485E-07      -0.14794759E-24
 47       -0.29300878E-01      -0.62375566E+00      -0.27477844E-05      -0.38594135E-05      -0.78821016E-22      -0.57209000E-01      -0.48927156E-03      -0.16525715E-25      -0.15940041E-03      -0.20737265E-04       0.55059937E-23      -0.32127640E-06      -0.11428192E-07      -0.16077027E-24
 48       -0.28788839E-01      -0.60600060E+00      -0.23985360E-05      -0.31051854E-05      -0.22824565E-22      -0.55854562E-01      -0.47859992E-03      -0.95289837E-26      -0.14242014E-03      -0.19343688E-04       0.26908834E-22      -0.27452668E-06      -0.91164272E-08      -0.18487967E-23
 49       -0.28293024E-01      -0.58826228E+00      -0.20847503E-05      -0.24910171E-05      -0.65925285E-23      -0.54546385E-01      -0.46795438E-03       0.67211224E-27      -0.12701018E-03      -0.18075099E-04       0.33457221E-23      -0.23392278E-06      -0.72677132E-08      -0.32584440E-24
 50       -0.27812905E-01      -0.57059127E+00      -0.18045921E-05      -0.19925914E-05      -0.18996065E-23      -0.53282262E-01      -0.45731669E-03      -0.17494952E-25      -0.11305996E-03      -0.16919112E-04       0.29453513E-22      -0.19879268E-06      -0.57905106E-08      -0.20439978E-23
 51       -0.27347963E-01      -0.55303547E+00      -0.15559428E-05      -0.15894362E-05      -0.54614708E-24      -0.52060102E-01      -0.44667847E-03      -0.28917414E-25      -0.10046002E-03      -0.15864592E-04       0.50593382E-22      -0.16850948E-06      -0.46110701E-08      -0.35887245E-23
 52       -0.26897680E-01      -0.53563973E+00      -0.13365009E-05      -0.12643964E-05      -0.15669666E-24      -0.50877923E-01      -0.43603895E-03       0.51717899E-26      -0.89103658E-04      -0.14901501E-04       0.14103479E-23      -0.14249478E-06      -0.36700492E-08      -0.12129482E-24
 53       -0.26461548E-01      -0.51844561E+00      -0.11438689E-05      -0.10031631E-05      -0.44872744E-25      -0.49733854E-01      -0.42540304E-03      -0.58643762E-26      -0.78888168E-04      -0.14020770E-04       0.37194895E-22      -0.12022012E-06      -0.29197551E-08      -0.30961671E-23
 54       -0.26039069E-01      -0.50149113E+00      -0.97562607E-06      -0.79385501E-06      -0.12827472E-25      -0.48626127E-01      -0.41477988E-03       0.20795154E-25      -0.69715724E-04      -0.13214172E-04      -0.26578420E-22      -0.10120688E-06      -0.23219021E-08       0.19649722E-23
 55       -0.25629754E-01      -0.48481062E+00      -0.82938833E-06      -0.62665091E-06      -0.36613877E-26      -0.47553071E-01      -0.40418153E-03      -0.39005607E-26      -0.61493979E-04      -0.12474218E-04       0.96277847E-23      -0.85025040E-07      -0.18457899E-08      -0.80528831E-24
 56       -0.25233126E-01      -0.46843469E+00      -0.70285395E-06      -0.49346726E-06      -0.10430684E-26      -0.46513110E-01      -0.39362196E-03       0.83101348E-26      -0.54136425E-04      -0.11794061E-04      -0.19953541E-22      -0.71291043E-07      -0.14668266E-08       0.16261770E-23
 57       -0.24848723E-01      -0.45239019E+00      -0.59383814E-06      -0.38767896E-06      -0.29672233E-27      -0.45504754E-01      -0.38311630E-03       0.20650118E-25      -0.47562568E-04      -0.11167408E-04      -0.16273851E-22      -0.59665033E-07      -0.11653329E-08       0.10648898E-23
 58       -0.24476093E-01      -0.43670029E+00      -0.50029693E-06      -0.30387840E-06      -0.84301433E-28      -0.44526601E-01      -0.37268013E-03      -0.14531345E-26      -0.41697949E-04      -0.10588447E-04      -0.21941674E-23      -0.49847704E-07      -0.92557507E-09       0.18309089E-24
 59       -0.24114801E-01      -0.42138455E+00      -0.42034209E-06      -0.23766923E-06      -0.23762448E-28      -0.43577325E-01      -0.36232905E-03      -0.12422091E-25      -0.36474056E-04      -0.10051780E-04       0.12238725E-22      -0.41576933E-07      -0.73498538E-09      -0.98121108E-24
 60       -0.23764423E-01      -0.40645910E+00      -0.35224854E-06      -0.18549087E-06      -0.71832822E-29      -0.42655676E-01      -0.35207824E-03       0.12998601E-25      -0.31828140E-04      -0.95523723E-05      -0.43758851E-22      -0.34624343E-07      -0.58353281E-09       0.40217576E-23
 61       -0.23424550E-01      -0.39193680E+00      -0.29445585E-06      -0.14447026E-06      -0.17006678E-29      -0.41760473E-01      -0.34194223E-03       0.40596773E-25      -0.27702968E-04      -0.90855044E-05      -0.46343196E-22      -0.28791901E-07      -0.46321722E-09       0.38130021E-23
 62       -0.23094789E-01      -0.37782742E+00      -0.24556502E-06      -0.11229735E-06      -0.76825955E-30      -0.40890602E-01      -0.33193464E-03      -0.71158014E-26      -0.24046530E-04      -0.86467488E-05       0.16782397E-22      -0.23908644E-07      -0.36766255E-09      -0.16847440E-23
 63       -0.22774758E-01      -0.36413789E+00      -0.20433186E-06      -0.87121076E-07       0.66169854E-30      -0.40045011E-01      -0.32206807E-03      -0.28752330E-25      -0.20811703E-04      -0.82319544E-05       0.19463934E-22      -0.19827577E-07      -0.29179043E-09      -0.11563588E-23
 64       -0.22464090E-01      -0.35087251E+00      -0.16965787E-06      -0.67463035E-07       0.19572545E-30      -0.39222703E-01      -0.31235403E-03      -0.28372476E-25      -0.17955893E-04      -0.78372511E-05       0.19375349E-22      -0.16422795E-07      -0.23155837E-09      -0.11358775E-23
 65       -0.22162433E-01      -0.33803319E+00      -0.14057968E-06      -0.52146150E-07       0.21572309E-30      -0.38422740E-01      -0.30280282E-03      -0.27909244E-25      -0.15440658E-04      -0.74590704E-05       0.33683210E-22      -0.13586828E-07      -0.18375016E-09      -0.28577698E-23
 66       -0.21869446E-01      -0.32561968E+00      -0.11625752E-06      -0.40236082E-07      -0.20579077E-30      -0.37644232E-01      -0.29342360E-03      -0.35122572E-25      -0.13231316E-04      -0.70941847E-05       0.27393458E-22      -0.11228248E-07      -0.14580823E-09      -0.19881144E-23
 67       -0.21584804E-01      -0.31362980E+00      -0.95963503E-07      -0.30993311E-07      -0.34607720E-30      -0.36886336E-01      -0.28422434E-03      -0.99519117E-26      -0.11296560E-04      -0.67397599E-05       0.22343448E-23      -0.92695035E-08      -0.11569963E-09       0.11071583E-24
 68       -0.21308191E-01      -0.30205968E+00      -0.79069904E-07      -0.23834129E-07      -0.48060376E-31      -0.36148258E-01      -0.27521187E-03      -0.51610983E-25      -0.96080681E-05      -0.63934166E-05       0.64222708E-22      -0.76450048E-08      -0.91809007E-10      -0.57980869E-23
 69       -0.21039308E-01      -0.29090395E+00      -0.65037988E-07      -0.18299032E-07       0.33105463E-30      -0.35429241E-01      -0.26639190E-03       0.16204846E-25      -0.81401401E-05      -0.60532921E-05      -0.12119410E-22      -0.62994208E-08      -0.72853280E-10       0.94409431E-24
 70       -0.20777864E-01      -0.28015597E+00      -0.53407406E-07      -0.14027207E-07      -0.73170909E-31      -0.34728571E-01      -0.25776912E-03       0.17475349E-25      -0.68693567E-05      -0.57180911E-05      -0.22994562E-22      -0.51861902E-08      -0.57813581E-10       0.20914608E-23
 71       -0.20523581E-01      -0.26980801E+00      -0.43786390E-07      -0.10736023E-07       0.28635403E-30      -0.34045568E-01      -0.24934721E-03       0.14775579E-25      -0.57742847E-05      -0.53871143E-05       0.10951384E-23      -0.42662202E-08      -0.45881054E-10      -0.38233068E-24
 72       -0.20276193E-01      -0.25985142E+00      -0.35842793E-07      -0.82046075E-08      -0.34345495E-30      -0.33379589E-01      -0.24112895E-03      -0.11107373E-25      -0.48352334E-05      -0.50602546E-05       0.10833559E-22      -0.35067590E-08      -0.36413703E-10      -0.73067714E-24
 73       -0.20035445E-01      -0.25027679E+00      -0.29296001E-07      -0.62607345E-08      -0.28411035E-30      -0.32730022E-01      -0.23311625E-03       0.15759283E-25      -0.40340687E-05      -0.47379538E-05      -0.13933500E-22      -0.28804213E-08      -0.28902067E-10       0.98084717E-24
 74       -0.19801092E-01      -0.24107411E+00      -0.23909707E-07      -0.47703991E-08      -0.75954224E-31      -0.32096286E-01      -0.22531022E-03      -0.98255863E-26      -0.33540852E-05      -0.44211211E-05       0.16756512E-22      -0.23643512E-08      -0.22941913E-10      -0.17432148E-23
 75       -0.19572897E-01      -0.23223292E+00      -0.19485521E-07      -0.36295494E-08       0.13164223E-30      -0.31477829E-01      -0.21771127E-03       0.31681436E-27      -0.27799290E-05      -0.41110191E-05       0.21287640E-22      -0.19395064E-08      -0.18212544E-10      -0.25501046E-23
 76       -0.19350637E-01      -0.22374239E+00      -0.15857360E-07      -0.27575507E-08       0.21250034E-30      -0.30874124E-01      -0.21031916E-03      -0.27835464E-25      -0.22975573E-05      -0.38091291E-05       0.61539179E-22      -0.15900473E-08      -0.14459555E-10      -0.68192135E-23
 77       -0.19134095E-01      -0.21559145E+00      -0.12886547E-07      -0.20920340E-08       0.11326511E-30      -0.30284670E-01      -0.20313304E-03       0.11005292E-25      -0.18942203E-05      -0.35170112E-05      -0.51449287E-23      -0.13028183E-08      -0.11481146E-10       0.24646868E-24
 78       -0.18923064E-01      -0.20776889E+00      -0.10457582E-07      -0.15848470E-08       0.40094153E-30      -0.29708992E-01      -0.19615154E-03      -0.90207550E-25      -0.15584465E-05      -0.32361748E-05       0.83352871E-22      -0.10669083E-08      -0.91172467E-11      -0.75788451E-23
 79       -0.18717346E-01      -0.20026342E+00      -0.84744887E-08      -0.11988788E-08      -0.10102392E-30      -0.29146634E-01      -0.18937283E-03      -0.41486462E-25      -0.12800215E-05      -0.29679702E-05       0.77184237E-22      -0.87327960E-09      -0.72408928E-11      -0.83422129E-23
 80       -0.18516750E-01      -0.19306378E+00      -0.68576875E-08      -0.90557680E-09       0.53873977E-30      -0.28597163E-01      -0.18279463E-03      -0.54616791E-25      -0.10499489E-05      -0.27135110E-05       0.23759258E-22      -0.71445562E-09      -0.57513776E-11      -0.12311102E-23
 81       -0.18321094E-01      -0.18615875E+00      -0.55413298E-08      -0.68300913E-09      -0.46526370E-30      -0.28060165E-01      -0.17641433E-03      -0.25339442E-26      -0.86039162E-06      -0.24736266E-05       0.20553052E-22      -0.58425828E-09      -0.45688196E-11      -0.24028069E-23
 82       -0.18130204E-01      -0.17953727E+00      -0.44710336E-08      -0.51435652E-09      -0.72470814E-31      -0.27535245E-01      -0.17022899E-03       0.51440578E-25      -0.70459464E-06      -0.22488457E-05      -0.67494923E-22      -0.47758798E-09      -0.36298543E-11       0.69531287E-23
 83       -0.17943911E-01      -0.17318841E+00      -0.36019684E-08      -0.38674031E-09       0.17744363E-30      -0.27022024E-01      -0.16423537E-03       0.16485210E-26      -0.57679248E-06      -0.20394028E-05      -0.33553226E-22      -0.39023957E-09      -0.28842159E-11       0.37356706E-23
 84       -0.17762056E-01      -0.16710146E+00      -0.28972413E-08      -0.29031414E-09      -0.37353438E-30      -0.26520142E-01      -0.15843003E-03       0.72617285E-25      -0.47210821E-06      -0.18452642E-05      -0.42308102E-22      -0.31874875E-09      -0.22920272E-11       0.35953557E-23
 85       -0.17584485E-01      -0.16126595E+00      -0.23265412E-08      -0.21756103E-09       0.20997640E-30      -0.26029254E-01      -0.15280932E-03      -0.47645940E-25      -0.38644893E-06      -0.16661633E-05       0.16040775E-22      -0.26026405E-09      -0.18216498E-11      -0.63016643E-24
 86       -0.17411049E-01      -0.15567165E+00      -0.18650028E-08      -0.16275063E-09      -0.13817964E-30      -0.25549028E-01      -0.14736941E-03      -0.43291422E-25      -0.31640311E-06      -0.15016431E-05       0.74092709E-22      -0.21244036E-09      -0.14479802E-11      -0.80096535E-23
 87       -0.17241607E-01      -0.15030864E+00      -0.14922590E-08      -0.12152068E-09       0.88276775E-30      -0.25079148E-01      -0.14210635E-03       0.57745294E-25      -0.25914356E-06      -0.13510985E-05      -0.83242299E-22      -0.17335052E-09      -0.11510974E-11       0.87125024E-23
 88       -0.17076023E-01      -0.14516725E+00      -0.11916503E-08      -0.90555076E-10       0.72135152E-31      -0.24619311E-01      -0.13701609E-03       0.62684891E-25      -0.21233843E-06      -0.12138167E-05      -0.33423290E-22      -0.14141194E-09      -0.91519188E-12       0.27790031E-23
 89       -0.16914167E-01      -0.14023816E+00      -0.94956905E-09      -0.67336432E-10       0.23199307E-30      -0.24169224E-01      -0.13209449E-03      -0.86486612E-25      -0.17407191E-06      -0.10890135E-05       0.74251731E-22      -0.11532593E-09      -0.72771522E-12      -0.72281484E-23
 90       -0.16755915E-01      -0.13551231E+00      -0.75491428E-09      -0.49956320E-10      -0.32571984E-30      -0.23728610E-01      -0.12733735E-03       0.18842148E-25      -0.14277471E-06      -0.97586392E-06       0.40909180E-22      -0.94027399E-10      -0.57870648E-12      -0.50601568E-23
 91       -0.16601145E-01      -0.13098100E+00      -0.59864205E-09      -0.36969947E-10      -0.38001203E-30      -0.23297200E-01      -0.12274045E-03      -0.64046086E-25      -0.11716432E-06      -0.87352783E-06       0.97407167E-22      -0.76643380E-10      -0.46025753E-12      -0.10549691E-22
 92       -0.16449744E-01      -0.12663583E+00      -0.47339320E-09      -0.27285019E-10       0.29072950E-30      -0.22874736E-01      -0.11829952E-03       0.61354360E-25      -0.96194371E-07      -0.78117003E-06      -0.15231278E-21      -0.62458772E-10      -0.36608925E-12       0.17336930E-22
 93       -0.16301600E-01      -0.12246870E+00      -0.37318686E-09      -0.20076884E-10       0.36172663E-30      -0.22460973E-01      -0.11401031E-03       0.34660956E-25      -0.79012076E-07      -0.69797557E-06       0.49634989E-22      -0.50888098E-10      -0.29121525E-12      -0.69415740E-23
 94       -0.16156607E-01      -0.11847184E+00      -0.29316812E-09      -0.14723823E-10       0.25352158E-30      -0.22055670E-01      -0.10986859E-03      -0.51009006E-25      -0.64922862E-07      -0.62316100E-06       0.84762104E-22      -0.41452243E-10      -0.23167526E-12      -0.93235955E-23
 95       -0.16014664E-01      -0.11463779E+00      -0.22940079E-09      -0.10757788E-10      -0.11502713E-30      -0.21658602E-01      -0.10587013E-03      -0.15826546E-24      -0.53361157E-07      -0.55598213E-06       0.17113270E-21      -0.33759314E-10      -0.18432347E-12      -0.17532009E-22
 96       -0.15875673E-01      -0.11095938E+00      -0.17869732E-09      -0.78269338E-11       0.15069119E-31      -0.21269546E-01      -0.10201074E-03      -0.88722354E-25      -0.43866395E-07      -0.49573894E-06       0.86627483E-22      -0.27488899E-10      -0.14666074E-12      -0.88417023E-23
 97       -0.15739539E-01      -0.10742974E+00      -0.13847949E-09      -0.56671736E-11       0.45642074E-30      -0.20888292E-01      -0.98286286E-04      -0.52954284E-25      -0.36063388E-07      -0.44177835E-06       0.89190446E-22      -0.22379138E-10      -0.11670132E-12      -0.98139601E-23
 98       -0.15606173E-01      -0.10404231E+00      -0.10666450E-09      -0.40806007E-11      -0.12195530E-29      -0.20514636E-01      -0.94692682E-04      -0.20853335E-25      -0.29646328E-07      -0.39349512E-06       0.55390993E-22      -0.18216102E-10      -0.92867245E-13      -0.67602538E-23
 99       -0.15475487E-01      -0.10079079E+00      -0.81571809E-10      -0.29191501E-11      -0.43160475E-30      -0.20148381E-01      -0.91225901E-04       0.78068555E-25      -0.24365772E-07      -0.35033159E-06      -0.80730155E-22      -0.14825086E-10      -0.73904378E-13       0.80913216E-23
100       -0.15347398E-01      -0.97669161E-01      -0.61847202E-10      -0.20722392E-11       0.10326314E-29      -0.19789339E-01      -0.87881982E-04       0.13205164E-24      -0.20018077E-07      -0.31177643E-06      -0.10983913E-21      -0.12063463E-10      -0.58815807E-13       0.10368647E-22
101       -0.15221826E-01      -0.94671660E-01      -0.46400838E-10      -0.14574316E-11       0.33087237E-30      -0.19437326E-01      -0.84657036E-04      -0.61882543E-25      -0.16436831E-07      -0.27736269E-06       0.87168868E-22      -0.98148308E-11      -0.46808996E-13      -0.92363800E-23
102       -0.15098694E-01      -0.91792793E-01      -0.34356855E-10      -0.10133949E-11      -0.16697564E-30      -0.19092166E-01      -0.81547252E-04       0.58046759E-26      -0.13485902E-07      -0.24666544E-06      -0.43458346E-22      -0.79842222E-11      -0.37253848E-13       0.56715990E-23
103       -0.14977927E-01      -0.89027304E-01      -0.25012364E-10      -0.69459426E-12       0.63924616E-30      -0.18753689E-01      -0.78548895E-04       0.19384183E-24      -0.11053810E-07      -0.21929923E-06      -0.11658887E-21      -0.64941759E-11      -0.29649250E-13       0.99696174E-23
104       -0.14859455E-01      -0.86370178E-01      -0.17804155E-10      -0.46730170E-12       0.32811817E-30      -0.18421732E-01      -0.75658317E-04      -0.10767834E-24      -0.90491560E-08      -0.19491527E-06       0.16875901E-21      -0.52815282E-11      -0.23596660E-13      -0.18884350E-22
105       -0.14743207E-01      -0.83816626E-01      -0.12281675E-10      -0.30659694E-12       0.44226160E-30      -0.18096136E-01      -0.72871950E-04       0.16353317E-24      -0.73969256E-08      -0.17319868E-06      -0.14377567E-21      -0.42947867E-11      -0.18779181E-13       0.14450710E-22
106       -0.14629119E-01      -0.81362080E-01      -0.80851181E-11      -0.19411821E-12       0.56529994E-31      -0.17776747E-01      -0.70186317E-04      -0.16738346E-26      -0.60354793E-08      -0.15386578E-06      -0.23478877E-22      -0.34919835E-11      -0.14944564E-13       0.30865441E-23
107       -0.14517126E-01      -0.79002181E-01      -0.49276944E-11      -0.11637745E-12      -0.85499949E-31      -0.17463418E-01      -0.67598025E-04      -0.17415113E-26      -0.49141125E-08      -0.13666141E-06       0.10581653E-22      -0.28389212E-11      -0.11892244E-13      -0.12615818E-23
108       -0.14407167E-01      -0.76732772E-01      -0.25812812E-11      -0.63500419E-13      -0.61117808E-30      -0.17156005E-01      -0.65103771E-04       0.10983359E-24      -0.39910708E-08      -0.12135642E-06      -0.50707690E-22      -0.23077403E-11      -0.94625988E-14       0.40353473E-23
109       -0.14299183E-01      -0.74549886E-01      -0.86483011E-12      -0.28286153E-13       0.77160324E-30      -0.16854371E-01      -0.62700340E-04       0.11483105E-25      -0.32319343E-08      -0.10774531E-06       0.31030861E-22      -0.18757488E-11      -0.75285825E-14      -0.37019979E-23
110       -0.14193117E-01      -0.72449743E-01       0.36498962E-12      -0.55060734E-14       0.83172489E-30      -0.16558380E-01      -0.60384607E-04       0.64056381E-25      -0.26083010E-08      -0.95643970E-07      -0.16639283E-22      -0.15244674E-11      -0.59891374E-14       0.43449851E-24
111       -0.14088914E-01      -0.70428738E-01       0.12213358E-11       0.86173029E-14      -0.25751970E-30      -0.16267904E-01      -0.58153533E-04       0.41922337E-25      -0.20967125E-08      -0.84887656E-07      -0.52093226E-23      -0.12388503E-11      -0.47637844E-14      -0.60259993E-26
112       -0.13986521E-01      -0.68483434E-01       0.17932690E-11       0.16797282E-13      -0.34826208E-30      -0.15982817E-01      -0.56004170E-04       0.10822009E-24      -0.16777767E-08      -0.75329071E-07      -0.71632252E-22      -0.10066490E-11      -0.37884991E-14       0.61713761E-23
113       -0.13885888E-01      -0.66610556E-01       0.21506395E-11       0.20969531E-13       0.50553080E-30      -0.15702996E-01      -0.53933654E-04       0.17607971E-24      -0.13354497E-08      -0.66836629E-07      -0.20361467E-21      -0.81789421E-12      -0.30123037E-14       0.21411604E-22
114       -0.13786964E-01      -0.64806979E-01       0.23480142E-11       0.22503752E-13       0.86454816E-30      -0.15428325E-01      -0.51939210E-04      -0.15257292E-25      -0.10564477E-08      -0.59292866E-07       0.16934491E-22      -0.66447284E-12      -0.23945403E-14      -0.25549163E-23
115       -0.13689703E-01      -0.63069726E-01       0.24278260E-11       0.22359641E-13       0.93798190E-30      -0.15158690E-01      -0.50018145E-04       0.14860277E-25      -0.82976546E-09      -0.52592990E-07      -0.39431585E-22      -0.53978321E-12      -0.19030047E-14       0.44113185E-23
116       -0.13594059E-01      -0.61395959E-01       0.24228983E-11       0.21201445E-13       0.18044683E-30      -0.14893978E-01      -0.48167852E-04       0.39580898E-25      -0.64627952E-09      -0.46643568E-07      -0.52099875E-22      -0.43845456E-12      -0.15119157E-14       0.57944338E-23
117       -0.13499988E-01      -0.59782972E-01       0.23584640E-11       0.19481830E-13      -0.24223170E-30      -0.14634083E-01      -0.46385805E-04      -0.15352331E-25      -0.49842316E-09      -0.41361340E-07       0.10918710E-22      -0.35611792E-12      -0.12007814E-14      -0.13166812E-23
118       -0.13407447E-01      -0.58228185E-01       0.22537781E-11       0.17503055E-13       0.10375528E-30      -0.14378901E-01      -0.44669559E-04       0.14665193E-24      -0.37991823E-09      -0.36672143E-07      -0.15983074E-21      -0.28921966E-12      -0.95336168E-15       0.17317690E-22
119       -0.13316394E-01      -0.56729138E-01       0.21234035E-11       0.15461399E-13       0.27272829E-30      -0.14128330E-01      -0.43016748E-04      -0.11031885E-24      -0.28555418E-09      -0.32509947E-07       0.12696133E-21      -0.23487003E-12      -0.75650700E-15      -0.13676816E-22
120       -0.13226791E-01      -0.55283487E-01       0.19782347E-11       0.13479266E-13       0.44494645E-30      -0.13882272E-01      -0.41425084E-04      -0.85988969E-25      -0.21100586E-09      -0.28815983E-07       0.16292596E-21      -0.19071887E-12      -0.60004257E-15      -0.18716212E-22
121       -0.13138599E-01      -0.53888996E-01       0.18263099E-11       0.11628257E-13       0.97130519E-30      -0.13640632E-01      -0.39892353E-04       0.77651111E-25      -0.15268289E-09      -0.25537965E-07      -0.12267365E-21      -0.15485544E-12      -0.47577175E-15       0.13332229E-22
122       -0.13051780E-01      -0.52543532E-01       0.16734552E-11       0.99456444E-14      -0.12969864E-30      -0.13403317E-01      -0.38416416E-04      -0.44565002E-26      -0.10760511E-09      -0.22629388E-07       0.70514250E-23      -0.12572662E-12      -0.37692563E-15      -0.69297752E-24
123       -0.12966299E-01      -0.51245060E-01       0.15237934E-11       0.84460317E-14      -0.16446882E-30      -0.13170237E-01      -0.36995205E-04       0.11414653E-24      -0.73299543E-10      -0.20048900E-07      -0.10262253E-21      -0.10206948E-12      -0.29847691E-15       0.10701515E-22
124       -0.12882122E-01      -0.49991641E-01       0.13801451E-11       0.71295360E-14      -0.15565604E-30      -0.12941305E-01      -0.35626725E-04       0.18594546E-25      -0.47714953E-10      -0.17759741E-07      -0.12482752E-21      -0.82857787E-13      -0.23617206E-15       0.15295270E-22
125       -0.12799214E-01      -0.48781423E-01       0.12443432E-11       0.59874575E-14       0.53760790E-30      -0.12716435E-01      -0.34309046E-04      -0.18180281E-24      -0.29151036E-10      -0.15729239E-07       0.22133361E-21      -0.67257521E-13      -0.18657833E-15      -0.24842373E-22
126       -0.12717543E-01      -0.47612642E-01       0.11174800E-11       0.50061512E-14      -0.11641477E-29      -0.12495545E-01      -0.33040306E-04       0.26304530E-24      -0.16199637E-10      -0.13928364E-07      -0.24797372E-21      -0.54590341E-13      -0.14753210E-15       0.25896353E-22
127       -0.12637079E-01      -0.46483611E-01       0.10000990E-11       0.41696181E-14       0.84471827E-31      -0.12278554E-01      -0.31818706E-04      -0.62704040E-25      -0.76959511E-11      -0.12331325E-07       0.11774853E-21      -0.44306100E-13      -0.11626716E-15      -0.13932298E-22
128       -0.12557791E-01      -0.45392722E-01       0.89234384E-12       0.34611938E-14       0.35550774E-30      -0.12065383E-01      -0.30642513E-04       0.66019092E-25      -0.26779663E-11      -0.10915212E-07      -0.70197794E-22      -0.35956660E-13      -0.91707130E-16       0.81480691E-23
129       -0.12479649E-01      -0.44338440E-01       0.79407324E-12       0.28646076E-14       0.15459682E-29      -0.11855958E-01      -0.29510051E-04       0.17352730E-24      -0.35275142E-12      -0.96596787E-08      -0.23859752E-21      -0.29178664E-13      -0.72279746E-16       0.26435642E-22
130       -0.12402626E-01      -0.43319299E-01       0.70494909E-12       0.23646079E-14       0.15703150E-29      -0.11650202E-01      -0.28419705E-04       0.47802473E-25      -0.68419536E-13      -0.85466581E-08       0.22224587E-22      -0.23676970E-13      -0.56696329E-16      -0.37517062E-23
131       -0.12326694E-01      -0.42333899E-01       0.62450327E-12       0.19472931E-14       0.77260851E-30      -0.11448045E-01      -0.27369919E-04      -0.15291008E-24      -0.12908020E-11      -0.75601070E-08       0.12645927E-21      -0.19211331E-13      -0.44428323E-16      -0.12205240E-22
132       -0.12251826E-01      -0.41380903E-01       0.55218797E-12       0.16002490E-14      -0.16534007E-29      -0.11249415E-01      -0.26359189E-04       0.10685607E-24      -0.35840360E-11      -0.66857824E-08      -0.22069227E-21      -0.15586668E-13      -0.35005394E-16       0.25010126E-22
133       -0.12177997E-01      -0.40459036E-01       0.48741310E-12       0.13125600E-14       0.16789988E-30      -0.11054245E-01      -0.25386067E-04       0.11834782E-24      -0.65944018E-11      -0.59110399E-08      -0.17135345E-21      -0.12645226E-13      -0.27373206E-16       0.19364674E-22
134       -0.12105181E-01      -0.39567076E-01       0.42957371E-12       0.10747454E-14       0.14026544E-29      -0.10862466E-01      -0.24449156E-04       0.19951319E-25      -0.10036861E-10      -0.52246548E-08       0.67435381E-22      -0.10258379E-13      -0.21198511E-16      -0.10090805E-22
135       -0.12033356E-01      -0.38703858E-01       0.37806960E-12       0.87865075E-15      -0.88317133E-30      -0.10674015E-01      -0.23547111E-04      -0.25543189E-24      -0.13683835E-10      -0.46166635E-08       0.29501443E-21      -0.83215970E-14      -0.16297578E-16      -0.31351368E-22
136       -0.11962497E-01      -0.37868269E-01       0.33231902E-12       0.71731885E-15       0.25975241E-30      -0.10488827E-01      -0.22678634E-04      -0.46819498E-25      -0.17355838E-10      -0.40782216E-08       0.73536300E-22      -0.67497656E-14      -0.12764080E-16      -0.81244470E-23
137       -0.11892581E-01      -0.37059242E-01       0.29176787E-12       0.58485395E-15       0.92724965E-30      -0.10306840E-01      -0.21842474E-04       0.72560266E-25      -0.20913658E-10      -0.36014787E-08      -0.15617132E-21      -0.54743852E-14      -0.10073300E-16       0.18415666E-22
138       -0.11823588E-01      -0.36275760E-01       0.25589542E-12       0.47628804E-15      -0.47536702E-30      -0.10127995E-01      -0.21037427E-04      -0.25841109E-24      -0.24251793E-10      -0.31794659E-08       0.31856939E-21      -0.44403319E-14      -0.73145997E-17      -0.34699857E-22
139       -0.11755495E-01      -0.35516848E-01       0.22421756E-12       0.38745535E-15       0.12722340E-29      -0.99522313E-02      -0.20262333E-04      -0.77614089E-25      -0.27292948E-10      -0.28059974E-08       0.12733385E-21      -0.36008889E-14      -0.57169207E-17      -0.15240440E-22
140       -0.11688283E-01      -0.34781576E-01       0.19628810E-12       0.31487743E-15      -0.12648187E-29      -0.97794922E-02      -0.19516073E-04      -0.15522133E-24      -0.29983385E-10      -0.24755816E-08       0.10623603E-21      -0.29200617E-14      -0.43542224E-17      -0.98782037E-23
141       -0.11621930E-01      -0.34069052E-01       0.17169877E-12       0.25566046E-15       0.14413240E-29      -0.96097213E-02      -0.18797569E-04      -0.10903767E-24      -0.32288982E-10      -0.21833433E-08       0.19303505E-21      -0.23679684E-14      -0.31416991E-17      -0.22245751E-22
142       -0.11556419E-01      -0.33378424E-01       0.15007826E-12       0.20740471E-15      -0.10664424E-30      -0.94428637E-02      -0.18105785E-04       0.36572067E-24      -0.34191867E-10      -0.19249542E-08      -0.35090947E-21      -0.19193229E-14      -0.30441947E-17       0.35033240E-22
143       -0.11491730E-01      -0.32708875E-01       0.13109062E-12       0.16812588E-15      -0.12584328E-29      -0.92788659E-02      -0.17439722E-04       0.64958120E-25      -0.35687531E-10      -0.16965713E-08      -0.11958232E-21      -0.15563480E-14      -0.21033916E-17       0.13676126E-22
144       -0.11427844E-01      -0.32059625E-01       0.11443321E-12       0.13618733E-15      -0.43302173E-30      -0.91176755E-02      -0.16798417E-04       0.19787193E-26      -0.36782326E-10      -0.14947821E-08      -0.12857331E-21      -0.12616970E-14      -0.16491777E-17       0.16966003E-22
145       -0.11364745E-01      -0.31429924E-01       0.99834456E-13       0.11024223E-15      -0.17062947E-29      -0.89592413E-02      -0.16180944E-04      -0.76294319E-25      -0.37491289E-10      -0.13165566E-08       0.15309635E-21      -0.10232991E-14      -0.75724867E-18      -0.18866135E-22
146       -0.11302415E-01      -0.30819058E-01       0.87051476E-13       0.89184487E-16      -0.88286467E-30      -0.88035134E-02      -0.15586410E-04       0.44435918E-24      -0.37836240E-10      -0.11592039E-08      -0.36332527E-21      -0.82860175E-15      -0.14348958E-17       0.34656339E-22
147       -0.11240837E-01      -0.30226339E-01       0.75867689E-13       0.72107397E-16       0.46743945E-30      -0.86504428E-02      -0.15013957E-04       0.16563924E-24      -0.37844103E-10      -0.10203349E-08      -0.26291135E-21      -0.67163664E-15      -0.10971487E-17       0.29009228E-22
148       -0.11179996E-01      -0.29651110E-01       0.66090468E-13       0.58268917E-16      -0.10784791E-29      -0.84999819E-02      -0.14462758E-04       0.40743535E-24      -0.37545445E-10      -0.89782787E-09      -0.38091113E-21      -0.54397664E-15      -0.12303033E-17       0.38379334E-22
149       -0.11119876E-01      -0.29092741E-01       0.57548887E-13       0.47062688E-16       0.55719734E-30      -0.83520839E-02      -0.13932017E-04       0.34690780E-24      -0.36973184E-10      -0.78979932E-09      -0.16828696E-21      -0.44117593E-15      -0.65090262E-18       0.15150416E-22
150       -0.11060461E-01      -0.28550628E-01       0.50091590E-13       0.37993901E-16      -0.32763825E-30      -0.82067031E-02      -0.13420967E-04       0.17433053E-24      -0.36161476E-10      -0.69457709E-09       0.38295371E-23      -0.35789485E-15      -0.13163252E-18      -0.34619123E-23
151       -0.11001737E-01      -0.28024193E-01       0.43584802E-13       0.30659280E-16       0.19527571E-29      -0.80637948E-02      -0.12928870E-04      -0.14311114E-24      -0.35144747E-10      -0.61067714E-09       0.27964626E-21      -0.29085415E-15       0.75212722E-18      -0.33504628E-22
152       -0.10943689E-01      -0.27512880E-01       0.37910481E-13       0.24730530E-16      -0.16711400E-29      -0.79233154E-02      -0.12455016E-04      -0.21427234E-24      -0.33956890E-10      -0.53678269E-09       0.15231439E-21      -0.23545634E-15       0.40742546E-18      -0.13922492E-22
153       -0.10886304E-01      -0.27016156E-01       0.32964627E-13       0.19940673E-16      -0.82740746E-30      -0.77852220E-02      -0.11998723E-04       0.29109034E-24      -0.32630583E-10      -0.47172579E-09      -0.21913260E-21      -0.18965604E-15      -0.77488722E-18       0.20481183E-22
154       -0.10829568E-01      -0.26533512E-01       0.28655737E-13       0.16072810E-16       0.15569576E-30      -0.76494727E-02      -0.11559331E-04      -0.22015797E-24      -0.31196763E-10      -0.41447089E-09       0.38046523E-21      -0.15576536E-15       0.14919276E-17      -0.44031791E-22
155       -0.10773467E-01      -0.26064457E-01       0.24903403E-13       0.12950879E-16      -0.14665038E-29      -0.75160266E-02      -0.11136209E-04      -0.15067462E-24      -0.29684204E-10      -0.36410027E-09       0.13535776E-22      -0.12499245E-15       0.19830151E-19       0.10624295E-23
156       -0.10717990E-01      -0.25608520E-01       0.21637048E-13       0.10432090E-16      -0.10923543E-29      -0.73848435E-02      -0.10728745E-04      -0.61985193E-24      -0.28119234E-10      -0.31980106E-09       0.61339361E-21      -0.10406825E-15       0.28371132E-17      -0.64878551E-22
157       -0.10663123E-01      -0.25165251E-01       0.18794785E-13       0.84007207E-17       0.23774089E-29      -0.72558841E-02      -0.10336355E-04       0.28490344E-24      -0.26525536E-10      -0.28085364E-09      -0.22857538E-21      -0.80863260E-16      -0.11303576E-17       0.21972233E-22
158       -0.10608855E-01      -0.24734215E-01       0.16322403E-13       0.67630528E-17      -0.61304366E-30      -0.71291100E-02      -0.99584727E-05      -0.20380898E-24      -0.24924064E-10      -0.24662134E-09       0.27013013E-21      -0.67933593E-16       0.15249916E-17      -0.29394629E-22
159       -0.10555173E-01      -0.24314997E-01       0.14172453E-13       0.54432390E-17       0.13261147E-29      -0.70044833E-02      -0.95945559E-05       0.13053316E-24      -0.23333021E-10      -0.21654124E-09      -0.17323469E-21      -0.52679047E-16      -0.11027828E-17       0.19481907E-22
160       -0.10502067E-01      -0.23907196E-01       0.12303436E-13       0.43799310E-17      -0.80335511E-30      -0.68819672E-02      -0.92440816E-05      -0.30650721E-25      -0.21767925E-10      -0.19011592E-09      -0.91655329E-22      -0.42873853E-16      -0.67957728E-18       0.11155531E-22
161       -0.10449525E-01      -0.23510429E-01       0.10679089E-13       0.35235364E-17       0.14868419E-29      -0.67615254E-02      -0.89065469E-05       0.79998996E-25      -0.20241713E-10      -0.16690616E-09      -0.12969511E-21      -0.34252827E-16      -0.10151436E-17       0.13641578E-22
162       -0.10397537E-01      -0.23124327E-01       0.92677419E-14       0.28339871E-17       0.18770649E-29      -0.66431225E-02      -0.85814676E-05       0.15011862E-24      -0.18764902E-10      -0.14652437E-09      -0.10095016E-21      -0.27677130E-16      -0.87980503E-18       0.10348508E-22
163       -0.10346092E-01      -0.22748535E-01       0.80417518E-14       0.22789257E-17      -0.57054129E-30      -0.65267236E-02      -0.82683779E-05      -0.67655229E-25      -0.17345771E-10      -0.12862873E-09      -0.85659889E-22      -0.22159751E-16      -0.96169723E-18       0.12690556E-22
164       -0.10295179E-01      -0.22382712E-01       0.69770080E-14       0.18322337E-17       0.36631902E-29      -0.64122947E-02      -0.79668296E-05       0.14911631E-24      -0.15990567E-10      -0.11291800E-09      -0.66449103E-22      -0.17988654E-16      -0.73069866E-18       0.61496007E-23
165       -0.10244790E-01      -0.22026530E-01       0.60524901E-14       0.14728376E-17       0.99704015E-30      -0.62998023E-02      -0.76763913E-05      -0.23381978E-24      -0.14703726E-10      -0.99126846E-10       0.16425695E-21      -0.17045469E-16       0.18908671E-17      -0.17740211E-22
166       -0.10194913E-01      -0.21679673E-01       0.52498808E-14       0.11837410E-17       0.14462610E-29      -0.61892137E-02      -0.73966479E-05      -0.18634074E-24      -0.13488087E-10      -0.87021677E-10       0.16763301E-21      -0.14398991E-16       0.21312036E-17      -0.16676869E-22
167       -0.10145541E-01      -0.21341839E-01       0.45532262E-14       0.95124135E-18      -0.10962756E-29      -0.60804966E-02      -0.71272000E-05       0.57382304E-24      -0.12345112E-10      -0.76396987E-10      -0.72786758E-21       0.15345197E-17      -0.11463992E-16       0.81858593E-22
168       -0.10096663E-01      -0.21012736E-01       0.39486360E-14       0.76429482E-18       0.45397681E-30      -0.59736194E-02      -0.68676633E-05       0.20428707E-24      -0.11275091E-10      -0.67072048E-10      -0.26692598E-21      -0.32093877E-17      -0.48278493E-17       0.28940890E-22
169       -0.10048270E-01      -0.20692083E-01       0.34240217E-14       0.61400383E-18      -0.11174111E-29      -0.58685514E-02      -0.66176679E-05      -0.37701368E-24      -0.10277338E-10      -0.58888000E-10       0.21697229E-21      -0.10595053E-16       0.40897110E-17      -0.21169047E-22
170       -0.10000355E-01      -0.20379610E-01       0.29688666E-14       0.49320193E-18      -0.19212314E-30      -0.57652620E-02      -0.63768580E-05       0.20584298E-24      -0.93503662E-11      -0.51705259E-10      -0.16377675E-21      -0.14710391E-17      -0.37934423E-17       0.14715307E-22
171       -0.99529078E-02      -0.20075057E-01       0.25740244E-14       0.39611867E-18       0.66060658E-30      -0.56637215E-02      -0.61448911E-05       0.15314192E-24      -0.84920567E-11      -0.45401222E-10      -0.16992895E-22      -0.39836954E-17      -0.27668676E-18      -0.30775882E-23
172       -0.99059211E-02      -0.19778173E-01       0.22315430E-14       0.31810893E-18      -0.17060312E-29      -0.55639006E-02      -0.59214377E-05       0.39657237E-24      -0.76997978E-11      -0.39868235E-10      -0.44668892E-21       0.10832130E-16      -0.14279250E-16       0.47957217E-22
173       -0.98593867E-02      -0.19488717E-01       0.19345109E-14       0.25543439E-18       0.37356151E-29      -0.54657706E-02      -0.57061807E-05      -0.22780398E-24      -0.69706142E-11      -0.35011798E-10       0.38682447E-21      -0.16707516E-16       0.13917629E-16      -0.42012145E-22
174       -0.98132966E-02      -0.19206456E-01       0.16769221E-14       0.20508723E-18       0.11949513E-29      -0.53693033E-02      -0.54988150E-05       0.52514170E-24      -0.63012771E-11      -0.30748971E-10      -0.46550901E-21       0.17419839E-16      -0.19676443E-16       0.47723867E-22
175       -0.97676433E-02      -0.18931168E-01       0.14535594E-14       0.16464791E-18      -0.21206514E-29      -0.52744711E-02      -0.52990470E-05      -0.62061181E-25      -0.56883974E-11      -0.27006979E-10       0.43016932E-22      -0.34987986E-17       0.16727338E-17      -0.48822547E-23
176       -0.97224194E-02      -0.18662636E-01       0.12598912E-14       0.13217055E-18      -0.10976198E-29      -0.51812467E-02      -0.51065940E-05       0.18744486E-24      -0.51285049E-11      -0.23721972E-10      -0.70988257E-22       0.21127202E-17      -0.35899016E-17       0.39402094E-23
177       -0.96776175E-02      -0.18400653E-01       0.10919827E-14       0.10609046E-18       0.21661738E-29      -0.50896036E-02      -0.49211844E-05       0.32228134E-24      -0.46181133E-11      -0.20837938E-10      -0.45391698E-21       0.24172612E-16      -0.25367224E-16       0.49669178E-22
178       -0.96332307E-02      -0.18145017E-01       0.94641777E-15       0.85149746E-19       0.47974870E-29      -0.49995153E-02      -0.47425563E-05      -0.39175109E-24      -0.41537726E-11      -0.18305746E-10       0.38583452E-21      -0.21442904E-16       0.20475930E-16      -0.41563924E-22
179       -0.95892521E-02      -0.17895537E-01       0.82023120E-15       0.68337303E-19       0.18193051E-29      -0.49109564E-02      -0.45704580E-05       0.33506466E-24      -0.37321115E-11      -0.16082299E-10      -0.32463061E-21       0.16663920E-16      -0.17445491E-16       0.34792250E-22
180       -0.95456749E-02      -0.17652026E-01       0.71084951E-15       0.54840540E-19      -0.15349461E-29      -0.48239013E-02      -0.44046472E-05      -0.23840974E-24      -0.33498687E-11      -0.14129799E-10       0.39877429E-21      -0.20287374E-16       0.19654667E-16      -0.45327813E-22
181       -0.95024926E-02      -0.17414303E-01       0.61603967E-15       0.44006507E-19       0.37180099E-29      -0.47383254E-02      -0.42448908E-05       0.42664921E-24      -0.30039180E-11      -0.12415092E-10      -0.24721460E-21       0.10474404E-16      -0.10985596E-16       0.20535014E-22
182       -0.94596988E-02      -0.17182196E-01       0.53386426E-15       0.35310599E-19       0.18779415E-29      -0.46542041E-02      -0.40909644E-05       0.14292549E-24      -0.26912846E-11      -0.10909095E-10      -0.68749549E-22       0.25898530E-17      -0.30033670E-17       0.51478618E-23
183       -0.94172873E-02      -0.16955538E-01       0.46264259E-15       0.28331395E-19       0.89750858E-32      -0.45715136E-02      -0.39426520E-05       0.44178291E-24      -0.24091568E-11      -0.95863015E-11      -0.43955034E-21       0.17794645E-16      -0.18128695E-16       0.48301101E-22
184       -0.93752520E-02      -0.16734167E-01       0.40091688E-15       0.22730400E-19       0.52272933E-30      -0.44902301E-02      -0.37997458E-05       0.38460316E-24      -0.21548925E-11      -0.84243338E-11      -0.42212291E-21       0.16003140E-16      -0.16273190E-16       0.45449645E-22
185       -0.93335870E-02      -0.16517927E-01       0.34742280E-15       0.18235762E-19       0.27358187E-29      -0.44103307E-02      -0.36620458E-05      -0.18839195E-24      -0.19260210E-11      -0.74035616E-11      -0.30024066E-22       0.14304615E-17      -0.16490834E-17       0.65917388E-23
186       -0.92922865E-02      -0.16306668E-01       0.30106394E-15       0.14629177E-19       0.16410595E-30      -0.43317924E-02      -0.35293595E-05       0.63588330E-24      -0.17202435E-11      -0.65067619E-11      -0.25715556E-21       0.78007725E-17      -0.79773128E-17       0.18232882E-22
187       -0.92513449E-02      -0.16100245E-01       0.26088959E-15       0.11735357E-19       0.23958656E-29      -0.42545930E-02      -0.34015016E-05       0.18840181E-24      -0.15354285E-11      -0.57188230E-11      -0.25503409E-21       0.82697596E-17      -0.84124457E-17       0.26694089E-22
188       -0.92107566E-02      -0.15898518E-01       0.22607545E-15       0.94135715E-20      -0.67273895E-30      -0.41787104E-02      -0.32782940E-05       0.34046186E-25      -0.13696082E-11      -0.50264841E-11      -0.17244544E-21       0.54480281E-17      -0.55634043E-17       0.18710172E-22
189       -0.91705162E-02      -0.15701352E-01       0.19590690E-15       0.75508429E-20      -0.18741943E-29      -0.41041230E-02      -0.31595649E-05      -0.22433890E-24      -0.12209709E-11      -0.44181075E-11       0.31236256E-21      -0.96325543E-17       0.95388956E-17      -0.35218818E-22
190       -0.91306186E-02      -0.15508614E-01       0.16976441E-15       0.60564827E-20      -0.36334994E-30      -0.40308096E-02      -0.30451492E-05       0.10489493E-24      -0.10878544E-11      -0.38834789E-11      -0.17188603E-21       0.51652226E-17      -0.52405557E-17       0.19783497E-22
191       -0.90910585E-02      -0.15320180E-01       0.14711098E-15       0.48576989E-20       0.11386093E-29      -0.39587492E-02      -0.29348880E-05       0.34888834E-24      -0.96873728E-12      -0.34136321E-11      -0.48698224E-21       0.13961256E-16      -0.14021838E-16       0.52889733E-22
192       -0.90518309E-02      -0.15135927E-01       0.12748111E-15       0.38960706E-20      -0.52500801E-29      -0.38879212E-02      -0.28286282E-05      -0.17233299E-24      -0.86223054E-12      -0.30006962E-11       0.15972955E-21      -0.42645683E-17       0.42151194E-17      -0.14724679E-22
193       -0.90129310E-02      -0.14955736E-01       0.11047137E-15       0.31247127E-20       0.15279675E-29      -0.38183056E-02      -0.27262225E-05       0.25060305E-24      -0.76706942E-12      -0.26377603E-11      -0.24058117E-21       0.65120165E-17      -0.65516519E-17       0.25291982E-22
194       -0.89743540E-02      -0.14779494E-01       0.95732084E-16       0.25060012E-20       0.25112562E-30      -0.37498823E-02      -0.26275293E-05       0.18170027E-24      -0.68210409E-12      -0.23187564E-11      -0.97050192E-22       0.24639204E-17      -0.24960343E-17       0.88489306E-23
195       -0.89360952E-02      -0.14607091E-01       0.82960212E-16       0.20097464E-20       0.28810881E-29      -0.36826319E-02      -0.25324119E-05      -0.95872176E-25      -0.60629159E-12      -0.20383555E-11       0.77328887E-22      -0.19897982E-17       0.19637106E-17      -0.77242206E-23
196       -0.88981501E-02      -0.14438419E-01       0.71893135E-16       0.16117248E-20      -0.20212602E-29      -0.36165351E-02      -0.24407391E-05      -0.13974626E-24      -0.53868750E-12      -0.17918775E-11       0.88493129E-22      -0.22929248E-17       0.22718239E-17      -0.96531694E-23
197       -0.88605141E-02      -0.14273376E-01       0.62303269E-16       0.12925012E-20      -0.37599016E-29      -0.35515729E-02      -0.23523845E-05       0.21580420E-25      -0.47843798E-12      -0.15752116E-11      -0.22517048E-21       0.60183901E-17      -0.60351808E-17       0.27460483E-22
198       -0.88231829E-02      -0.14111861E-01       0.53993400E-16       0.10364828E-20       0.28304043E-29      -0.34877269E-02      -0.22672262E-05       0.50081077E-25      -0.42477222E-12      -0.13847468E-11      -0.26061257E-21       0.68195865E-17      -0.68330827E-17       0.30787880E-22
199       -0.87861522E-02      -0.13953779E-01       0.46792633E-16       0.83116031E-21       0.15381520E-29      -0.34249787E-02      -0.21851471E-05       0.31258625E-24      -0.37699546E-12      -0.12173107E-11      -0.11486399E-21       0.25522657E-17      -0.25632480E-17       0.81320656E-23
200       -0.87494180E-02      -0.13799035E-01       0.40552887E-16       0.66650037E-21      -0.46584799E-29      -0.33633103E-02      -0.21060345E-05       0.32462627E-24      -0.33448217E-12      -0.10701160E-11      -0.93167762E-22       0.20729023E-17      -0.20817740E-17       0.70477524E-23
201       -0.87129760E-02      -0.13647539E-01       0.35145848E-16       0.53445182E-21       0.84148325E-29      -0.33027039E-02      -0.20297797E-05       0.16376437E-24      -0.29666993E-12      -0.94071371E-12      -0.16618048E-21       0.40874544E-17      -0.40945423E-17       0.17716288E-22
202       -0.86768223E-02      -0.13499203E-01       0.30460336E-16       0.42855958E-21       0.13863714E-30      -0.32431423E-02      -0.19562781E-05       0.35218326E-24      -0.26305360E-12      -0.82695170E-12      -0.40433425E-21       0.99822731E-17      -0.99877620E-17       0.44491803E-22
203       -0.86409530E-02      -0.13353943E-01       0.26400016E-16       0.34364294E-21      -0.11179742E-29      -0.31846081E-02      -0.18854291E-05      -0.37100889E-24      -0.23317982E-12      -0.72693879E-12       0.26273939E-21      -0.62784016E-17       0.62734507E-17      -0.26522660E-22
204       -0.86053643E-02      -0.13211677E-01       0.22881417E-16       0.27554881E-21      -0.11054946E-30      -0.31270846E-02      -0.18171357E-05       0.27733673E-25      -0.20664247E-12      -0.63901267E-12      -0.10367075E-21       0.24413224E-17      -0.24450414E-17       0.97505140E-23
205       -0.85700524E-02      -0.13072325E-01       0.19832215E-16       0.22094572E-21      -0.77785389E-30      -0.30705552E-02      -0.17513048E-05       0.38624881E-24      -0.18307759E-12      -0.56171252E-12      -0.92536847E-22       0.20671028E-17      -0.20700985E-17       0.80305256E-23
206       -0.85350138E-02      -0.12935810E-01       0.17189747E-16       0.17716023E-21       0.29723074E-29      -0.30150036E-02      -0.16878463E-05      -0.73405329E-24      -0.16215954E-12      -0.49375432E-12       0.80410801E-21      -0.19337332E-16       0.19334139E-16      -0.84672167E-22
207       -0.85002447E-02      -0.12802058E-01       0.14899716E-16       0.14205109E-21       0.31838489E-31      -0.29604135E-02      -0.16266739E-05       0.11840047E-24      -0.14359748E-12      -0.43400906E-12       0.18960248E-21      -0.51093976E-17       0.51072299E-17      -0.27809426E-22
208       -0.84657417E-02      -0.12670996E-01       0.12915079E-16       0.11389919E-21       0.49958213E-30      -0.29067694E-02      -0.15677041E-05      -0.94715940E-25      -0.12713112E-12      -0.38148471E-12       0.20349949E-22      -0.46581876E-18       0.46418060E-18      -0.21164941E-23
209       -0.84315015E-02      -0.12542554E-01       0.11195074E-16       0.91326092E-22      -0.26229634E-30      -0.28540556E-02      -0.15108569E-05       0.14167363E-23      -0.11252848E-12      -0.33530880E-12      -0.12489377E-20       0.29767237E-16      -0.29767445E-16       0.12925937E-21
210       -0.83975205E-02      -0.12416664E-01       0.97043841E-17       0.73225924E-22      -0.61569761E-29      -0.28022567E-02      -0.14560550E-05      -0.21944982E-24      -0.99582001E-13      -0.29471481E-12      -0.15378091E-21       0.42250626E-17      -0.42259890E-17       0.23437459E-22
211       -0.83637956E-02      -0.12293261E-01       0.84124079E-17       0.58712251E-22      -0.29676851E-29      -0.27513578E-02      -0.14032239E-05       0.72667275E-24      -0.88107403E-13      -0.25902814E-12      -0.34219981E-21       0.77176300E-17      -0.77181771E-17       0.29370556E-22
212       -0.83303235E-02      -0.12172281E-01       0.72926308E-17       0.47075392E-22      -0.12163234E-29      -0.27013440E-02      -0.13522921E-05      -0.49049814E-25      -0.77939786E-13      -0.22765630E-12       0.70642639E-22      -0.19507742E-17       0.19500268E-17      -0.11159058E-22
213       -0.82971011E-02      -0.12053661E-01       0.63220788E-17       0.37744535E-22       0.85777014E-29      -0.26522007E-02      -0.13031906E-05      -0.28605488E-24      -0.68932664E-13      -0.20007800E-12       0.10697725E-21      -0.20959904E-17       0.20953352E-17      -0.43578121E-23
214       -0.82641252E-02      -0.11937343E-01       0.54808452E-17       0.30263865E-22       0.58475877E-29      -0.26039135E-02      -0.12558529E-05      -0.51132306E-24      -0.60955462E-13      -0.17583505E-12       0.85563591E-21      -0.21276906E-16       0.21275711E-16      -0.98552678E-22
215       -0.82313929E-02      -0.11823267E-01       0.47516812E-17       0.24265306E-22       0.19196203E-30      -0.25564683E-02      -0.12102152E-05       0.73813217E-24      -0.53892208E-13      -0.15452441E-12      -0.27676758E-21       0.61263653E-17      -0.61264786E-17       0.21641351E-22
216       -0.81989012E-02      -0.11711378E-01       0.41196409E-17       0.19455859E-22       0.11987799E-29      -0.25098513E-02      -0.11662158E-05      -0.55527759E-25      -0.47639300E-13      -0.13579211E-12       0.58316655E-22      -0.14134848E-17       0.14131413E-17      -0.60324467E-23
217       -0.81666472E-02      -0.11601620E-01       0.35717731E-17       0.15598927E-22      -0.58018781E-30      -0.24640486E-02      -0.11237953E-05       0.44034443E-24      -0.42105150E-13      -0.11932644E-12      -0.41290638E-22       0.63041448E-18      -0.63061093E-18      -0.25031109E-24
218       -0.81346279E-02      -0.11493940E-01       0.30968555E-17       0.12507656E-22      -0.75936652E-29      -0.24190469E-02      -0.10828966E-05       0.55868378E-24      -0.37208089E-13      -0.10485359E-12      -0.80176611E-21       0.20112544E-16      -0.20112034E-16       0.91334534E-22
219       -0.81028407E-02      -0.11388288E-01       0.26851634E-17       0.10027656E-22       0.34777589E-29      -0.23748328E-02      -0.10434647E-05      -0.85602781E-25      -0.32875505E-13      -0.92132848E-13       0.49499834E-22      -0.10833593E-17       0.10831608E-17      -0.33686587E-23
220       -0.80712828E-02      -0.11284612E-01       0.23282698E-17       0.80409190E-23       0.17747641E-29      -0.23313934E-02      -0.10054465E-05       0.67331116E-24      -0.29043271E-13      -0.80952240E-13      -0.52577663E-21       0.13074032E-16      -0.13073696E-16       0.57431377E-22
221       -0.80399515E-02      -0.11182865E-01       0.20188721E-17       0.64458097E-23      -0.13620396E-29      -0.22887157E-02      -0.96879092E-06      -0.50523975E-24      -0.25653957E-13      -0.71125871E-13       0.56384153E-21      -0.14278241E-16       0.14277649E-16      -0.63799053E-22
222       -0.80088441E-02      -0.11082999E-01       0.17506418E-17       0.51693997E-23      -0.12241552E-28      -0.22467872E-02      -0.93344884E-06      -0.14653767E-24      -0.22657146E-13      -0.62489748E-13       0.33898772E-21      -0.86570591E-17       0.86566824E-17      -0.38568988E-22
223       -0.79779581E-02      -0.10984968E-01       0.15180947E-17       0.41450080E-23      -0.42314315E-29      -0.22055953E-02      -0.89937285E-06       0.57211598E-24      -0.20007774E-13      -0.54900016E-13      -0.23750390E-21       0.55081238E-17      -0.55079762E-17       0.19593408E-22
224       -0.79472910E-02      -0.10888729E-01       0.13164780E-17       0.33216376E-23       0.54756081E-29      -0.21651278E-02      -0.86651729E-06       0.54230516E-24      -0.17665843E-13      -0.48230226E-13      -0.87932392E-22       0.15584844E-17      -0.15584535E-17       0.88642470E-24
225       -0.79168402E-02      -0.10794237E-01       0.11416725E-17       0.26651080E-23      -0.31299499E-30      -0.21253727E-02      -0.83483817E-06       0.70027226E-25      -0.15596051E-13      -0.42369040E-13      -0.15583137E-21       0.37145321E-17      -0.37144343E-17       0.12906550E-22
226       -0.78866033E-02      -0.10701450E-01       0.99010834E-18       0.21346773E-23       0.14200895E-28      -0.20863180E-02      -0.80429315E-06      -0.17867182E-24      -0.13767040E-13      -0.37218631E-13       0.22304472E-21      -0.57256786E-17       0.57254489E-17      -0.24308306E-22
227       -0.78565780E-02      -0.10610329E-01       0.85869160E-18       0.17119829E-23       0.46601447E-29      -0.20479522E-02      -0.77484140E-06      -0.21638317E-26      -0.12151106E-13      -0.32692913E-13       0.17824971E-21      -0.51141203E-17       0.51139421E-17      -0.26428739E-22
228       -0.78267618E-02      -0.10520834E-01       0.74474065E-18       0.13723875E-23       0.29180933E-29      -0.20102637E-02      -0.74644361E-06       0.95871396E-24      -0.10723649E-13      -0.28716251E-13      -0.40306478E-21       0.94397734E-17      -0.94394326E-17       0.30892758E-22
229       -0.77971524E-02      -0.10432925E-01       0.64593121E-18       0.11007106E-23       0.46936582E-30      -0.19732411E-02      -0.71906188E-06       0.21602221E-24      -0.94626773E-14      -0.25222357E-13       0.23132745E-21      -0.69276848E-17       0.69274731E-17      -0.36833788E-22
230       -0.77677477E-02      -0.10346566E-01       0.56024872E-18       0.88234316E-24       0.30397834E-29      -0.19368734E-02      -0.69265973E-06       0.77094598E-24      -0.83491767E-14      -0.22152494E-13      -0.82810116E-21       0.21392261E-16      -0.21391546E-16       0.85601619E-22
231       -0.77385453E-02      -0.10261721E-01       0.48594698E-18       0.70770359E-24      -0.18141525E-29      -0.19011495E-02      -0.66720198E-06      -0.31906294E-24      -0.73657212E-14      -0.19455618E-13       0.35772354E-21      -0.92131267E-17       0.92127987E-17      -0.35721630E-22
232       -0.77095430E-02      -0.10178353E-01       0.42151238E-18       0.56799657E-24      -0.98766778E-29      -0.18660588E-02      -0.64265475E-06      -0.11073909E-23      -0.64974417E-14      -0.17086303E-13       0.84964848E-21      -0.21929240E-16       0.21928480E-16      -0.84870238E-22
233       -0.76807388E-02      -0.10096429E-01       0.36563283E-18       0.45607918E-24      -0.84157687E-30      -0.18315905E-02      -0.61898539E-06       0.10260305E-23      -0.57311656E-14      -0.15004629E-13      -0.94957811E-21       0.25025887E-16      -0.25025059E-16       0.99489359E-22
234       -0.76521305E-02      -0.10015916E-01       0.31717100E-18       0.36485729E-24      -0.14797060E-29      -0.17977342E-02      -0.59616244E-06      -0.12975869E-24      -0.50544816E-14      -0.13176261E-13       0.18926849E-22      -0.48925389E-18       0.48923148E-18      -0.21091847E-23
235       -0.76237161E-02      -0.99367799E-02       0.27514091E-18       0.29276259E-24       0.57227045E-29      -0.17644796E-02      -0.57415559E-06      -0.10755745E-24      -0.44573102E-14      -0.11570123E-13       0.46369834E-21      -0.13138386E-16       0.13137981E-16      -0.58065630E-22
236       -0.75954934E-02      -0.98589903E-02       0.23868783E-18       0.23460274E-24      -0.32966649E-29      -0.17318165E-02      -0.55293562E-06      -0.70753575E-24      -0.39302729E-14      -0.10159359E-13       0.70809377E-21      -0.19018030E-16       0.19017403E-16      -0.74197945E-22
237       -0.75674606E-02      -0.97825161E-02       0.20707075E-18       0.18796650E-24       0.41182176E-29      -0.16997351E-02      -0.53247439E-06      -0.69910012E-24      -0.34652594E-14      -0.89201836E-14       0.61569562E-21      -0.16429542E-16       0.16428995E-16      -0.61823772E-22
238       -0.75396155E-02      -0.97073275E-02       0.17964727E-18       0.15101631E-24       0.23758047E-29      -0.16682255E-02      -0.51274476E-06      -0.37028727E-24      -0.30549981E-14      -0.78317911E-14       0.51820776E-21      -0.14536992E-16       0.14536537E-16      -0.59786153E-22
239       -0.75119564E-02      -0.96333954E-02       0.15586041E-18       0.12001160E-24      -0.83966194E-29      -0.16372780E-02      -0.49372060E-06       0.73648790E-24      -0.26931634E-14      -0.68757938E-14      -0.91210549E-21       0.25480942E-16      -0.25480147E-16       0.10209285E-21
240       -0.74844812E-02      -0.95606916E-02       0.13522728E-18       0.97549034E-25      -0.25325338E-29      -0.16068831E-02      -0.47537670E-06       0.10786353E-23      -0.23738716E-14      -0.60363239E-14      -0.46874084E-21       0.11932122E-16      -0.11931703E-16       0.37823390E-22
241       -0.74571882E-02      -0.94891885E-02       0.11732919E-18       0.78846413E-25      -0.10750891E-28      -0.15770315E-02      -0.45768879E-06       0.38112490E-25      -0.20921803E-14      -0.52991806E-14      -0.29569445E-21       0.85671723E-17      -0.85669166E-17       0.35294688E-22
242       -0.74300754E-02      -0.94188593E-02       0.10180313E-18       0.60909603E-25       0.11697859E-28      -0.15477139E-02      -0.44063346E-06       0.37816589E-24      -0.18438285E-14      -0.46517781E-14      -0.40015931E-21       0.11236371E-16      -0.11236021E-16       0.43003756E-22
243       -0.74031411E-02      -0.93496779E-02       0.88334298E-19       0.50235705E-25       0.34423395E-29      -0.15189214E-02      -0.42418816E-06      -0.25802692E-24      -0.16247372E-14      -0.40833708E-14       0.10810510E-21      -0.28083054E-17       0.28082074E-17      -0.86691964E-23
244       -0.73763835E-02      -0.92816189E-02       0.76649749E-19       0.39772167E-25       0.36715402E-29      -0.14906449E-02      -0.40833114E-06       0.60360004E-24      -0.14316888E-14      -0.35841312E-14      -0.56364787E-21       0.15790123E-16      -0.15789627E-16       0.57669340E-22
245       -0.73498008E-02      -0.92146577E-02       0.66512799E-19       0.31893392E-25       0.31558891E-29      -0.14628757E-02      -0.39304145E-06       0.41051692E-24      -0.12613803E-14      -0.31458848E-14      -0.27940697E-21       0.76973182E-17      -0.76970708E-17       0.26461251E-22
246       -0.73233913E-02      -0.91487701E-02       0.57718198E-19       0.26578456E-25      -0.76502234E-29      -0.14356052E-02      -0.37829890E-06      -0.19634550E-25      -0.11112356E-14      -0.27611094E-14      -0.16618475E-21       0.46619475E-17      -0.46617999E-17       0.15731166E-22
247       -0.72971533E-02      -0.90839327E-02       0.50087961E-19       0.19576892E-25       0.11430550E-28      -0.14088249E-02      -0.36408401E-06       0.13190249E-23      -0.97900269E-15      -0.24231726E-14      -0.74832022E-21       0.20760918E-16      -0.20760254E-16       0.69942495E-22
248       -0.72710852E-02      -0.90201226E-02       0.43467715E-19       0.15933701E-25      -0.53408857E-30      -0.13825263E-02      -0.35037801E-06       0.54520652E-25      -0.86224761E-15      -0.21266929E-14       0.25973816E-22      -0.74988362E-18       0.74985987E-18      -0.23151284E-23
249       -0.72451852E-02      -0.89573177E-02       0.37723613E-19       0.13990664E-25      -0.55035405E-29      -0.13567014E-02      -0.33716283E-06      -0.48977956E-24      -0.75939975E-15      -0.18663659E-14       0.26859168E-21      -0.73881407E-17       0.73879003E-17      -0.23039314E-22
250       -0.72194519E-02      -0.88954962E-02       0.32739541E-19       0.10674760E-25       0.70781806E-29      -0.13313418E-02      -0.32442101E-06      -0.20150913E-24      -0.66881514E-15      -0.16377882E-14       0.31100790E-21      -0.92401340E-17       0.92398608E-17      -0.33578674E-22
251       -0.71938835E-02      -0.88346371E-02       0.28414803E-19       0.71042927E-26      -0.28982900E-30      -0.13064398E-02      -0.31213574E-06      -0.10230322E-24      -0.58899589E-15      -0.14371388E-14       0.12001291E-21      -0.35772826E-17       0.35771770E-17      -0.12828941E-22
252       -0.71684785E-02      -0.87747198E-02       0.24662049E-19       0.78246367E-26      -0.86735227E-29      -0.12819874E-02      -0.30029083E-06       0.54103562E-24      -0.51869119E-15      -0.12609903E-14       0.12741855E-21      -0.52800857E-17       0.52799862E-17      -0.30042599E-22
253       -0.71432354E-02      -0.87157243E-02       0.21405569E-19       0.37712657E-26       0.95273250E-29      -0.12579770E-02      -0.28887063E-06      -0.18332291E-24      -0.45667314E-15      -0.11064565E-14      -0.30112107E-22       0.12991452E-17      -0.12991219E-17       0.74045662E-23
254       -0.71181527E-02      -0.86576310E-02       0.18579615E-19       0.51864845E-26      -0.54591255E-29      -0.12344008E-02      -0.27786010E-06       0.11019865E-23      -0.40223203E-15      -0.97062916E-15      -0.16359994E-20       0.50372915E-16      -0.50371485E-16       0.18348585E-21
255       -0.70932287E-02      -0.86004208E-02       0.16127203E-19       0.21897167E-26       0.94962478E-29      -0.12112516E-02      -0.26724471E-06      -0.10016500E-23      -0.35386371E-15      -0.85183097E-15       0.10694024E-20      -0.32502918E-16       0.32501978E-16      -0.11297213E-21
256       -0.70684622E-02      -0.85440754E-02       0.13998906E-19       0.15554670E-26      -0.75578249E-29      -0.11885218E-02      -0.25701046E-06       0.19620067E-24      -0.31165995E-15      -0.74717259E-15      -0.65063497E-21       0.20717576E-16      -0.20717011E-16       0.77565591E-22
257       -0.70438516E-02      -0.84885765E-02       0.12151825E-19       0.68886249E-27       0.16681027E-28      -0.11662043E-02      -0.24714384E-06      -0.18061775E-24      -0.27424772E-15      -0.65556744E-15       0.76717673E-21      -0.24788245E-16       0.24787580E-16      -0.93511113E-22
258       -0.70193954E-02      -0.84339065E-02       0.10548750E-19       0.16940054E-26       0.17308996E-29      -0.11442919E-02      -0.23763184E-06      -0.10386884E-23      -0.24132001E-15      -0.57515994E-15       0.80852682E-21      -0.24145144E-16       0.24144425E-16      -0.75390432E-22
259       -0.69950923E-02      -0.83800482E-02       0.91574151E-20       0.25723719E-26      -0.96074188E-29      -0.11227777E-02      -0.22846191E-06       0.24625349E-25      -0.21251872E-15      -0.50440696E-15      -0.48952002E-21       0.16094465E-16      -0.16094041E-16       0.60538529E-22
260       -0.69709409E-02      -0.83269849E-02       0.79498148E-20       0.18871683E-26       0.72438174E-29      -0.11016548E-02      -0.21962195E-06       0.10449899E-23      -0.18712806E-15      -0.44235294E-15      -0.10247314E-20       0.31907460E-16      -0.31906558E-16       0.10585937E-21
261       -0.69469397E-02      -0.82747003E-02       0.69016477E-20       0.17147637E-26      -0.15403720E-28      -0.10809163E-02      -0.21110029E-06      -0.82188016E-24      -0.16448860E-15      -0.38818814E-15       0.56593779E-21      -0.17687030E-16       0.17686532E-16      -0.58387424E-22
262       -0.69230875E-02      -0.82231783E-02       0.59918481E-20       0.14468990E-26      -0.10470658E-28      -0.10605556E-02      -0.20288568E-06      -0.20695812E-24      -0.14476291E-15      -0.34045849E-15       0.53975981E-21      -0.17570619E-16       0.17570148E-16      -0.61370234E-22
263       -0.68993829E-02      -0.81724034E-02       0.52021414E-20      -0.38212947E-27       0.89010415E-29      -0.10405661E-02      -0.19496726E-06       0.56352164E-24      -0.12748365E-15      -0.29849619E-15      -0.61309329E-21       0.19696594E-16      -0.19696056E-16       0.65864401E-22
264       -0.68758246E-02      -0.81223604E-02       0.45166109E-20       0.59298189E-27      -0.75967690E-29      -0.10209414E-02      -0.18733458E-06      -0.53866553E-24      -0.11200468E-15      -0.26194979E-15       0.12121671E-20      -0.40269861E-16       0.40268805E-16      -0.14102891E-21
265       -0.68524113E-02      -0.80730345E-02       0.39215467E-20      -0.22740672E-27      -0.95727494E-29      -0.10016752E-02      -0.17997755E-06      -0.47674281E-24      -0.98552214E-16      -0.22971618E-15       0.82034031E-21      -0.27327644E-16       0.27326929E-16      -0.94789209E-22
266       -0.68291417E-02      -0.80244114E-02       0.34049590E-20       0.10165072E-27      -0.26777095E-29      -0.98276113E-03      -0.17288643E-06      -0.92465200E-24      -0.86667917E-16      -0.20148318E-15       0.68067211E-21      -0.21769346E-16       0.21768746E-16      -0.68208727E-22
267       -0.68060145E-02      -0.79764768E-02       0.29565055E-20      -0.75813304E-27       0.55451338E-29      -0.96419310E-03      -0.16605185E-06      -0.10903837E-23      -0.76223614E-16      -0.17670181E-15       0.53548127E-21      -0.16474003E-16       0.16473525E-16      -0.45998029E-22
268       -0.67830285E-02      -0.79292170E-02       0.25671801E-20      -0.67268329E-27      -0.75370079E-29      -0.94596505E-03      -0.15946474E-06      -0.20739600E-24      -0.67117305E-16      -0.15487906E-15       0.23558493E-22      -0.31642646E-18       0.31640228E-18       0.21154931E-23
269       -0.67601825E-02      -0.78826186E-02       0.22291884E-20      -0.14367250E-28      -0.84375691E-29      -0.92807105E-03      -0.15311640E-06      -0.47415024E-24      -0.59017015E-16      -0.13582409E-15      -0.71475615E-22       0.37781541E-17      -0.37781023E-17       0.21838517E-22
270       -0.67374752E-02      -0.78366685E-02       0.19357438E-20       0.10548351E-27       0.12861425E-28      -0.91050524E-03      -0.14699839E-06       0.10089845E-23      -0.52030000E-16      -0.11897026E-15      -0.61601179E-21       0.19960552E-16      -0.19960007E-16       0.59782584E-22
271       -0.67149055E-02      -0.77913539E-02       0.16809883E-20       0.13158627E-26       0.31240345E-29      -0.89326187E-03      -0.14110260E-06       0.89736328E-24      -0.45768714E-16      -0.10430155E-15      -0.70316195E-21       0.23263965E-16      -0.23263345E-16       0.71138317E-22
272       -0.66924721E-02      -0.77466623E-02       0.14597664E-20      -0.18728147E-27      -0.55540320E-29      -0.87633527E-03      -0.13542120E-06      -0.10692529E-23      -0.40042682E-16      -0.91653869E-16       0.97808850E-21      -0.33132631E-16       0.33131772E-16      -0.10453987E-21
273       -0.66701740E-02      -0.77025815E-02       0.12677157E-20       0.17236740E-26      -0.13913832E-28      -0.85971989E-03      -0.12994664E-06      -0.13442421E-24      -0.35266177E-16      -0.80301408E-16       0.65327911E-21      -0.22879977E-16       0.22879407E-16      -0.75073314E-22
274       -0.66480098E-02      -0.76590996E-02       0.11009618E-20      -0.10679680E-26       0.78349635E-29      -0.84341024E-03      -0.12467164E-06      -0.25880736E-24      -0.31036389E-16      -0.70373381E-16       0.31562483E-22      -0.66834976E-18       0.66831912E-18       0.58490377E-24
275       -0.66259786E-02      -0.76162050E-02       0.95614692E-21       0.20167506E-26      -0.87270888E-29      -0.82740094E-03      -0.11958916E-06      -0.61679775E-25      -0.27317283E-16      -0.61665472E-16      -0.36905326E-21       0.13868713E-16      -0.13868397E-16       0.50514686E-22
276       -0.66040792E-02      -0.75738863E-02       0.83039732E-21       0.11721621E-26      -0.23234966E-30      -0.81168670E-03      -0.11469244E-06      -0.17165366E-23      -0.23785641E-16      -0.54289815E-16       0.17861608E-20      -0.61664336E-16       0.61662765E-16      -0.18716993E-21
277       -0.65823105E-02      -0.75321324E-02       0.72121609E-21       0.18376022E-26      -0.75977538E-29      -0.79626231E-03      -0.10997494E-06      -0.11496530E-23      -0.20985109E-16      -0.47517258E-16       0.88102280E-21      -0.30740565E-16       0.30739793E-16      -0.94603321E-22
278       -0.65606713E-02      -0.74909325E-02       0.62641387E-21       0.14400900E-26      -0.98226771E-29      -0.78112264E-03      -0.10543035E-06      -0.84913895E-24      -0.18445967E-16      -0.41654723E-16       0.87911293E-21      -0.30983037E-16       0.30982266E-16      -0.95018848E-22
279       -0.65391606E-02      -0.74502759E-02       0.54407271E-21       0.19207627E-26      -0.16151414E-28      -0.76626266E-03      -0.10105259E-06       0.79645330E-24      -0.16419302E-16      -0.36308060E-16      -0.10410683E-20       0.37305499E-16      -0.37304588E-16       0.11589545E-21
280       -0.65177774E-02      -0.74101525E-02       0.47256994E-21      -0.41665097E-26       0.15923786E-28      -0.75167741E-03      -0.96835793E-07       0.21512648E-24      -0.14391919E-16      -0.31864919E-16      -0.65537186E-21       0.23791601E-16      -0.23791028E-16       0.74032628E-22
281       -0.64965205E-02      -0.73705519E-02       0.41049032E-21       0.78133304E-28      -0.66469865E-29      -0.73736203E-03      -0.92774302E-07      -0.10798049E-24      -0.12620958E-16      -0.27957828E-16      -0.42686399E-21       0.16118602E-16      -0.16118233E-16       0.53169395E-22
282       -0.64753889E-02      -0.73314645E-02       0.35655136E-21      -0.33140622E-26       0.20843624E-28      -0.72331172E-03      -0.88862656E-07       0.78504494E-24      -0.11153368E-16      -0.24442980E-16      -0.34755788E-21       0.11073916E-16      -0.11073600E-16       0.23792526E-22
283       -0.64543817E-02      -0.72928805E-02       0.30971915E-21      -0.12454557E-26       0.14076583E-28      -0.70952177E-03      -0.85095590E-07      -0.18687727E-23      -0.94842092E-17      -0.21740321E-16       0.20375794E-20      -0.73769405E-16       0.73767616E-16      -0.21793898E-21
284       -0.64334977E-02      -0.72547905E-02       0.26904535E-21      -0.27658918E-26       0.49311045E-29      -0.69598755E-03      -0.81468022E-07       0.31513072E-24      -0.85944435E-17      -0.18794109E-16      -0.33552053E-21       0.12201964E-16      -0.12201669E-16       0.35797536E-22
285       -0.64127360E-02      -0.72171853E-02       0.23369364E-21       0.44380744E-26      -0.15102602E-28      -0.68270451E-03      -0.77975051E-07       0.24434984E-24      -0.75159936E-17      -0.16506975E-16       0.15510082E-21      -0.60106823E-17       0.60105474E-17      -0.18985297E-22
286       -0.63920956E-02      -0.71800559E-02       0.20302482E-21       0.74663079E-27       0.64298762E-29      -0.66966818E-03      -0.74611950E-07       0.53538519E-24      -0.66721684E-17      -0.14397998E-16      -0.45440100E-21       0.16157083E-16      -0.16156680E-16       0.43090297E-22
287       -0.63715755E-02      -0.71433935E-02       0.17637683E-21       0.20097477E-26      -0.13806477E-28      -0.65687413E-03      -0.71374155E-07       0.11241145E-23      -0.59385803E-17      -0.12541054E-16      -0.92564746E-21       0.33514220E-16      -0.33513402E-16       0.92010424E-22
288       -0.63511747E-02      -0.71071894E-02       0.15322110E-21      -0.11150875E-26      -0.10832164E-28      -0.64431806E-03      -0.68257268E-07       0.13324530E-23      -0.52535409E-17      -0.10953479E-16      -0.94099009E-21       0.33534949E-16      -0.33534112E-16       0.86680289E-22
289       -0.63308923E-02      -0.70714353E-02       0.13308903E-21       0.15906234E-26      -0.24430367E-28      -0.63199570E-03      -0.65257041E-07       0.10996367E-23      -0.46663559E-17      -0.95470180E-17      -0.16943037E-20       0.63909171E-16      -0.63907685E-16       0.18412487E-21
290       -0.63107273E-02      -0.70361229E-02       0.11565183E-21      -0.45344918E-27       0.11004258E-28      -0.61990287E-03      -0.62369379E-07       0.10771235E-23      -0.40588425E-17      -0.84056991E-17      -0.82439445E-21       0.30450585E-16      -0.30449857E-16       0.82875822E-22
291       -0.62906787E-02      -0.70012442E-02       0.10047726E-21       0.60225742E-27      -0.35535548E-28      -0.60803546E-03      -0.59590329E-07      -0.77911447E-24      -0.33784190E-17      -0.75520968E-17       0.48459444E-21      -0.17949751E-16       0.17949324E-16      -0.48481742E-22
292       -0.62707457E-02      -0.69667914E-02       0.87297643E-22      -0.42533865E-26       0.53243702E-29      -0.59638941E-03      -0.56916079E-07      -0.17509435E-24      -0.30093651E-17      -0.65755650E-17       0.14418097E-21      -0.50300329E-17       0.50299032E-17      -0.11330187E-22
293       -0.62509274E-02      -0.69327566E-02       0.75851661E-22       0.37373335E-26       0.15149171E-29      -0.58496077E-03      -0.54342950E-07       0.86889376E-24      -0.28017687E-17      -0.56029171E-17      -0.11680212E-20       0.45128482E-16      -0.45127459E-16       0.12778148E-21
294       -0.62312228E-02      -0.68991325E-02       0.65909092E-22      -0.27609558E-26       0.11423821E-29      -0.57374561E-03      -0.51867392E-07       0.10646294E-23      -0.24442436E-17      -0.49252971E-17      -0.40525712E-21       0.14007386E-16      -0.14007020E-16       0.29776810E-22
295       -0.62116309E-02      -0.68659116E-02       0.57247828E-22       0.18707921E-26       0.19014860E-29      -0.56274010E-03      -0.49485981E-07       0.35888317E-24      -0.20947779E-17      -0.43668904E-17      -0.76349616E-22       0.17801407E-17      -0.17800654E-17      -0.22991544E-23
296       -0.61921511E-02      -0.68330867E-02       0.49744940E-22       0.25488926E-26      -0.15411960E-28      -0.55194046E-03      -0.47195412E-07      -0.69532447E-24      -0.17493248E-17      -0.39161273E-17       0.16912102E-21      -0.55856470E-17       0.55854931E-17      -0.10188621E-22
297       -0.61727822E-02      -0.68006508E-02       0.43226298E-22      -0.29591908E-26      -0.14670674E-28      -0.54134298E-03      -0.44992497E-07      -0.20745026E-23      -0.13053432E-17      -0.36618595E-17       0.21862652E-20      -0.85780224E-16       0.85778305E-16      -0.23498079E-21
298       -0.61535236E-02      -0.67685971E-02       0.37576178E-22      -0.65842424E-27       0.23532300E-29      -0.53094400E-03      -0.42874161E-07       0.21549873E-23      -0.16649098E-17      -0.26898790E-17      -0.17846076E-20       0.68752918E-16      -0.68751340E-16       0.17746060E-21
299       -0.61343743E-02      -0.67369187E-02       0.32632381E-22       0.30949488E-26      -0.23230007E-29      -0.52073996E-03      -0.40837434E-07       0.18406923E-23      -0.14776215E-17      -0.23401796E-17      -0.19568710E-20       0.77737377E-16      -0.77735661E-16       0.21150766E-21
300       -0.61153335E-02      -0.67056090E-02       0.28375132E-22      -0.88248640E-27      -0.15817298E-29      -0.51072731E-03      -0.38879453E-07      -0.15099978E-24      -0.10443879E-17      -0.23025637E-17       0.23770903E-21      -0.91696806E-17       0.91694690E-17      -0.22318433E-22
301       -0.60964004E-02      -0.66746617E-02       0.24646638E-22       0.31075447E-26      -0.10131499E-28      -0.50090259E-03      -0.36997454E-07       0.11615310E-23      -0.10290973E-17      -0.19049485E-17      -0.10557250E-21       0.23120816E-17      -0.23119791E-17      -0.32681200E-23
302       -0.60775740E-02      -0.66440703E-02       0.21424708E-22      -0.32716479E-26       0.42443499E-29      -0.49126240E-03      -0.35188771E-07      -0.56865770E-24      -0.80319943E-18      -0.17688103E-17      -0.20203082E-21       0.98245796E-17      -0.98244123E-17       0.35314447E-22
303       -0.60588536E-02      -0.66138287E-02       0.18615625E-22       0.21420252E-27      -0.39708261E-29      -0.48180340E-03      -0.33450831E-07       0.50392214E-25      -0.70729438E-18      -0.15472804E-17       0.29320145E-21      -0.12205187E-16       0.12204931E-16      -0.33573181E-22
304       -0.60402384E-02      -0.65839309E-02       0.16173671E-22      -0.39899794E-26      -0.95733094E-30      -0.47252229E-03      -0.31781151E-07      -0.93437832E-24      -0.51890678E-18      -0.14573553E-17       0.76201269E-21      -0.30243406E-16       0.30242732E-16      -0.75143226E-22
305       -0.60217276E-02      -0.65543709E-02       0.14078204E-22      -0.33886279E-26       0.23742890E-28      -0.46341584E-03      -0.30177336E-07      -0.37372973E-24      -0.49984259E-18      -0.12323979E-17       0.47349202E-21      -0.19298070E-16       0.19297654E-16      -0.49865950E-22
306       -0.60033203E-02      -0.65251429E-02       0.12219248E-22       0.29641998E-26      -0.25979007E-29      -0.45448087E-03      -0.28637074E-07       0.57829453E-24      -0.55845445E-18      -0.95984037E-18      -0.42472343E-21       0.17362172E-16      -0.17361799E-16       0.44919911E-22
307       -0.59850158E-02      -0.64962413E-02       0.10629444E-22      -0.20122560E-26       0.23953283E-28      -0.44571426E-03      -0.27158135E-07       0.24275605E-23      -0.74697673E-18      -0.58374092E-18      -0.21617442E-20       0.88712814E-16      -0.88710913E-16       0.22613481E-21
308       -0.59668133E-02      -0.64676605E-02       0.92206152E-23      -0.16263564E-26      -0.81810247E-29      -0.43711295E-03      -0.25738365E-07      -0.12566035E-24      -0.36489283E-18      -0.80143948E-18       0.16043311E-21      -0.70295200E-17       0.70293814E-17      -0.20075020E-22
309       -0.59487120E-02      -0.64393950E-02       0.80172655E-23      -0.16974388E-26      -0.11709842E-28      -0.42867391E-03      -0.24375689E-07       0.63735214E-24      -0.40940642E-18      -0.61278303E-18      -0.35991625E-21       0.13883121E-16      -0.13882798E-16       0.29114674E-22
310       -0.59307112E-02      -0.64114395E-02       0.69535088E-23      -0.32891400E-27      -0.11295681E-28      -0.42039419E-03      -0.23068102E-07       0.13755097E-23      -0.49204674E-18      -0.40378067E-18      -0.13505503E-20       0.55649600E-16      -0.55648407E-16       0.13506095E-21
311       -0.59128101E-02      -0.63837888E-02       0.60586502E-23       0.33877829E-26       0.11452601E-28      -0.41227088E-03      -0.21813671E-07       0.70100577E-24      -0.33631945E-18      -0.44876768E-18      -0.40081042E-21       0.16156298E-16      -0.16155943E-16       0.37185250E-22
312       -0.58950079E-02      -0.63564378E-02       0.52561337E-23       0.22369175E-26      -0.18311119E-28      -0.40430111E-03      -0.20610528E-07      -0.56325155E-24      -0.99053580E-19      -0.58897531E-18       0.13770967E-20      -0.60856981E-16       0.60855787E-16      -0.16635472E-21
313       -0.58773039E-02      -0.63293814E-02       0.45610707E-23      -0.31058070E-27       0.86144502E-29      -0.39648208E-03      -0.19456874E-07      -0.64172086E-24      -0.11992071E-18      -0.48300623E-18       0.43160641E-21      -0.17715064E-16       0.17714681E-16      -0.40691358E-22
314       -0.58596974E-02      -0.63026149E-02       0.39709125E-23      -0.24329570E-26      -0.39008064E-29      -0.38881101E-03      -0.18350972E-07      -0.18461226E-23      -0.14702372E-19      -0.51364422E-18       0.35257488E-21      -0.11621089E-16       0.11620760E-16      -0.11545197E-22
315       -0.58421877E-02      -0.62761333E-02       0.34589961E-23      -0.54122691E-27      -0.95429057E-29      -0.38128521E-03      -0.17291143E-07      -0.23831163E-23       0.12985025E-18      -0.59284087E-18       0.14045259E-20      -0.57065406E-16       0.57064152E-16      -0.12303078E-21
316       -0.58247739E-02      -0.62499320E-02       0.30152897E-23      -0.35663478E-26       0.97480667E-29      -0.37390200E-03      -0.16275771E-07       0.14347220E-23      -0.28680150E-18      -0.11885730E-18      -0.91788552E-21       0.39649379E-16      -0.39648575E-16       0.98510355E-22
317       -0.58074555E-02      -0.62240063E-02       0.25807574E-23       0.15621069E-26       0.10292115E-28      -0.36665876E-03      -0.15303294E-07       0.53933458E-24      -0.19325416E-18      -0.16219770E-18      -0.55034148E-21       0.24083707E-16      -0.24083225E-16       0.60003391E-22
318       -0.57902316E-02      -0.61983518E-02       0.22534115E-23       0.26911954E-26      -0.57776346E-28      -0.35955293E-03      -0.14372207E-07       0.23057458E-24      -0.98915706E-19      -0.21253967E-18       0.14872138E-21      -0.65826287E-17       0.65824973E-17      -0.15716772E-22
319       -0.57731017E-02      -0.61729640E-02       0.19808263E-23       0.53560918E-26      -0.96802505E-29      -0.35258196E-03      -0.13481054E-07       0.15139079E-23      -0.28207223E-18       0.92016716E-20      -0.11269716E-20       0.48345456E-16      -0.48344460E-16       0.11127851E-21
320       -0.57560649E-02      -0.61478385E-02       0.17455729E-23      -0.57922258E-26       0.12199009E-28      -0.34574338E-03      -0.12628434E-07      -0.16711977E-23       0.14799644E-18      -0.38711049E-18       0.15545396E-20      -0.68843978E-16       0.68842615E-16      -0.16803176E-21
321       -0.57391207E-02      -0.61229713E-02       0.14938537E-23      -0.40701970E-26       0.37157054E-29      -0.33903476E-03      -0.11812994E-07      -0.14527541E-24      -0.53831315E-19      -0.15564592E-18       0.10346702E-21      -0.47359330E-17       0.47358435E-17      -0.12485284E-22
322       -0.57222683E-02      -0.60983579E-02       0.12952313E-23       0.33382559E-26      -0.44996067E-29      -0.33245368E-03      -0.11033427E-07      -0.28216691E-23       0.34410933E-18      -0.52767289E-18       0.28872288E-20      -0.12950858E-15       0.12950604E-15      -0.31406525E-21
323       -0.57055070E-02      -0.60739945E-02       0.11463413E-23      -0.23818086E-26       0.16303799E-28      -0.32599780E-03      -0.10288473E-07       0.22919230E-23      -0.35094916E-18       0.19019416E-18      -0.17585915E-20       0.77266876E-16      -0.77265324E-16       0.17612004E-21
324       -0.56888362E-02      -0.60498770E-02       0.96474098E-24       0.37129030E-26      -0.32355912E-28      -0.31966480E-03      -0.95769161E-08      -0.89893512E-24       0.46443921E-19      -0.18730699E-18       0.47940140E-21      -0.21286853E-16       0.21286432E-16      -0.49827463E-22
325       -0.56722553E-02      -0.60260014E-02       0.84825210E-24       0.62330252E-26       0.17073788E-28      -0.31345241E-03      -0.88975838E-08      -0.12745403E-23       0.19223232E-18      -0.31565254E-18       0.18766571E-20      -0.86112650E-16       0.86111008E-16      -0.20842167E-21
326       -0.56557636E-02      -0.60023640E-02       0.73651035E-24      -0.16289549E-26       0.52454373E-28      -0.30735839E-03      -0.82493438E-08       0.21007836E-23      -0.34600516E-18       0.23793871E-18      -0.21503245E-20       0.97871155E-16      -0.97869267E-16       0.22951499E-21
327       -0.56393603E-02      -0.59789610E-02       0.64168855E-24      -0.51379383E-27       0.59374278E-29      -0.30138057E-03      -0.76311039E-08      -0.12309674E-23       0.79132262E-19      -0.17383233E-18       0.35445187E-21      -0.14817647E-16       0.14817330E-16      -0.29050662E-22
328       -0.56230450E-02      -0.59557887E-02       0.54053252E-24       0.60465040E-27      -0.13517689E-28      -0.29551677E-03      -0.70418104E-08      -0.91226988E-24       0.10111839E-18      -0.18407906E-18       0.80370356E-21      -0.36425690E-16       0.36424981E-16      -0.82024230E-22
329       -0.56068169E-02      -0.59328434E-02       0.51535324E-24      -0.17654895E-27      -0.77183780E-29      -0.28976490E-03      -0.64804466E-08      -0.13526840E-23       0.17113345E-18      -0.24381140E-18       0.13223271E-20      -0.61305907E-16       0.61304749E-16      -0.14358280E-21
330       -0.55906754E-02      -0.59101216E-02       0.41617357E-24       0.13023643E-26       0.50510573E-28      -0.28412285E-03      -0.59460315E-08      -0.14391205E-24      -0.13885402E-20      -0.62258107E-19       0.11334218E-21      -0.52917959E-17       0.52916972E-17      -0.12722221E-22
331       -0.55746199E-02      -0.58876198E-02       0.38592293E-24       0.40709247E-26      -0.38792420E-28      -0.27858861E-03      -0.54376189E-08      -0.99316302E-24      -0.13211223E-19      -0.42530058E-19      -0.89408571E-21       0.45922402E-16      -0.45921638E-16       0.12441459E-21
332       -0.55586497E-02      -0.58653347E-02       0.33544844E-24      -0.53582856E-26       0.21632627E-29      -0.27316016E-03      -0.49542957E-08       0.17420659E-23      -0.22080914E-18       0.17199647E-18      -0.83386011E-21       0.35899140E-16      -0.35898390E-16       0.66471955E-22
333       -0.55427643E-02      -0.58432629E-02       0.30163850E-24      -0.40872355E-26       0.37425972E-28      -0.26783554E-03      -0.44951811E-08      -0.30351334E-24      -0.51520180E-19       0.87596309E-20      -0.80144911E-21       0.40230677E-16      -0.40229985E-16       0.10236624E-21
334       -0.55269631E-02      -0.58214011E-02       0.22504477E-24       0.48097264E-26      -0.98071088E-29      -0.26261280E-03      -0.40594253E-08      -0.28118928E-23       0.42622082E-18      -0.46372152E-18       0.29564817E-20      -0.13960334E-15       0.13960075E-15      -0.31384981E-21
335       -0.55112454E-02      -0.57997460E-02       0.24506577E-24       0.63974231E-27       0.94854130E-29      -0.25749006E-03      -0.36462087E-08      -0.23972623E-23       0.35645350E-18      -0.38929617E-18       0.25298000E-20      -0.12074815E-15       0.12074593E-15      -0.27415849E-21
336       -0.54956106E-02      -0.57782946E-02       0.15993681E-24       0.99118675E-26      -0.32982318E-28      -0.25246545E-03      -0.32547403E-08      -0.94408146E-24       0.15921730E-18      -0.18796806E-18       0.13564864E-20      -0.65959605E-16       0.65958420E-16      -0.15291520E-21
337       -0.54800581E-02      -0.57570437E-02       0.15970017E-24       0.25753932E-26       0.48222646E-29      -0.24753713E-03      -0.28842575E-08      -0.13197285E-24      -0.13822424E-19      -0.11341088E-19      -0.25125068E-22       0.70289583E-18      -0.70287046E-18      -0.11735916E-23
338       -0.54645875E-02      -0.57359904E-02       0.13331716E-24      -0.15373679E-27       0.17255583E-28      -0.24270331E-03      -0.25340243E-08       0.36803128E-23      -0.57092159E-18       0.54893541E-18      -0.36037571E-20       0.17275763E-15      -0.17275446E-15       0.37867419E-21
339       -0.54491980E-02      -0.57151315E-02       0.91486708E-25       0.36320169E-26       0.27391770E-29      -0.23796221E-03      -0.22033312E-08       0.38134770E-24      -0.67600807E-19       0.48306108E-19      -0.41695035E-21       0.20375650E-16      -0.20375285E-16       0.46097673E-22
340       -0.54338891E-02      -0.56944643E-02       0.78749403E-25      -0.13465673E-26      -0.26658619E-28      -0.23331212E-03      -0.18914935E-08      -0.19603533E-23       0.29219131E-18      -0.30912090E-18       0.19065534E-20      -0.92493619E-16       0.92491944E-16      -0.20218922E-21
341       -0.54186602E-02      -0.56739857E-02       0.67563340E-25      -0.87503682E-26      -0.72850091E-29      -0.22875132E-03      -0.15978509E-08       0.23241751E-23      -0.36015344E-18       0.34538462E-18      -0.22834184E-20       0.11120280E-15      -0.11120079E-15       0.24110149E-21
342       -0.54035108E-02      -0.56536932E-02       0.74164419E-25      -0.37928823E-26      -0.48878525E-28      -0.22427814E-03      -0.13217668E-08      -0.22811582E-23       0.37744734E-18      -0.39044608E-18       0.27816531E-20      -0.13836842E-15       0.13836599E-15      -0.30959444E-21
343       -0.53884403E-02      -0.56335837E-02       0.77355288E-25      -0.55777031E-26       0.15085949E-28      -0.21989093E-03      -0.10626270E-08      -0.25676845E-24       0.11073681E-18      -0.12210166E-18       0.13602896E-20      -0.70633973E-16       0.70632797E-16      -0.16915053E-21
344       -0.53734482E-02      -0.56136548E-02       0.54650856E-25      -0.52358712E-26      -0.27263849E-28      -0.21558809E-03      -0.81983918E-09      -0.90970860E-24       0.12976850E-18      -0.13971975E-18       0.89276292E-21      -0.44783184E-16       0.44782404E-16      -0.99644724E-22
345       -0.53585338E-02      -0.55939036E-02       0.38160683E-25       0.10504606E-25      -0.90335840E-29      -0.21136804E-03      -0.59283238E-09       0.17294088E-23      -0.22611134E-18       0.21742643E-18      -0.11531427E-20       0.55978471E-16      -0.55977452E-16       0.11416412E-21
346       -0.53436967E-02      -0.55743276E-02       0.18477735E-25       0.68674442E-26      -0.24386217E-28      -0.20722921E-03      -0.38105585E-09      -0.47762243E-23       0.67909998E-18      -0.68678013E-18       0.40127414E-20      -0.19897667E-15       0.19897314E-15      -0.41881193E-21
347       -0.53289363E-02      -0.55549243E-02       0.61424373E-25      -0.59797650E-26       0.48364709E-29      -0.20317008E-03      -0.18397864E-09       0.11136687E-24       0.52282752E-19      -0.58964180E-19       0.90943654E-21      -0.48952394E-16       0.48951612E-16      -0.11883607E-21
348       -0.53142520E-02      -0.55356911E-02       0.40398584E-25       0.44679950E-26      -0.23183693E-28      -0.19918915E-03      -0.10887954E-11       0.28107696E-23      -0.37996160E-18       0.37414935E-18      -0.17583395E-20       0.84504873E-16      -0.84503308E-16       0.16015801E-21
349       -0.52996434E-02      -0.55166256E-02       0.39839853E-25       0.13815101E-25      -0.46656215E-28      -0.19528496E-03       0.16810723E-09       0.20412239E-23      -0.29224713E-18       0.28715647E-18      -0.17696571E-20       0.89763435E-16      -0.89761883E-16       0.19046995E-21
350       -0.52851099E-02      -0.54977253E-02       0.47501282E-25      -0.45256897E-26       0.21663611E-28      -0.19145604E-03       0.32408525E-09       0.82099205E-24      -0.15676322E-18       0.15229948E-18      -0.12714044E-20       0.66735745E-16      -0.66734639E-16       0.14949519E-21
351       -0.52706509E-02      -0.54789879E-02       0.35011438E-26      -0.36630172E-26       0.17276568E-28      -0.18770100E-03       0.46730392E-09       0.10012081E-23      -0.13478788E-18       0.13087733E-18      -0.81446342E-21       0.41994718E-16      -0.41994006E-16       0.89999963E-22
352       -0.52562660E-02      -0.54604111E-02       0.11284736E-25       0.82546525E-26      -0.26018882E-28      -0.18401842E-03       0.59820532E-09      -0.18939345E-23       0.28550926E-18      -0.28896794E-18       0.17398054E-20      -0.89171742E-16       0.89170215E-16      -0.18534860E-21
353       -0.52419547E-02      -0.54419925E-02       0.19837632E-25      -0.14527103E-26      -0.66453414E-28      -0.18040695E-03       0.71721555E-09      -0.76118982E-24       0.15441448E-19      -0.18444499E-19      -0.52873601E-21       0.30473250E-16      -0.30472800E-16       0.76290436E-22
354       -0.52277163E-02      -0.54237299E-02       0.16674300E-26      -0.21407266E-26      -0.11185577E-28      -0.17686525E-03       0.82474525E-09      -0.49162552E-24       0.11570932E-19      -0.14200984E-19      -0.33029098E-21       0.19164698E-16      -0.19164417E-16       0.47838227E-22
355       -0.52135505E-02      -0.54056211E-02       0.21896404E-25      -0.11186815E-25      -0.29165277E-29      -0.17339199E-03       0.92119014E-09      -0.47773243E-24       0.11592289E-18      -0.11823937E-18       0.10553798E-20      -0.57116840E-16       0.57115924E-16      -0.12726661E-21
356       -0.51994568E-02      -0.53876640E-02       0.55075664E-25      -0.42806010E-26      -0.33646941E-28      -0.16998587E-03       0.10069315E-08       0.16870082E-24       0.36000495E-20      -0.56191477E-20       0.27429234E-21      -0.16058442E-16       0.16058210E-16      -0.40685173E-22
357       -0.51854345E-02      -0.53698563E-02      -0.10929555E-25      -0.11053943E-25       0.48608895E-28      -0.16664564E-03       0.10823367E-08      -0.19741313E-23       0.29889225E-18      -0.30068333E-18       0.15825843E-20      -0.80859479E-16       0.80858078E-16      -0.15453759E-21
358       -0.51714833E-02      -0.53521961E-02       0.12064227E-25      -0.97130530E-26       0.41054294E-28      -0.16337005E-03       0.11477597E-08      -0.37106473E-23       0.50056783E-18      -0.50215318E-18       0.24040090E-20      -0.12274187E-15       0.12273974E-15      -0.23239244E-21
359       -0.51576026E-02      -0.53346813E-02      -0.63326693E-25      -0.29838944E-26      -0.19893857E-28      -0.16015786E-03       0.12035414E-08      -0.30317080E-24       0.61523505E-19      -0.62882969E-19       0.50928722E-21      -0.28028561E-16       0.28028120E-16      -0.61612969E-22
360       -0.51437920E-02      -0.53173098E-02       0.10477578E-26      -0.77106122E-26       0.13839528E-28      -0.15700788E-03       0.12500101E-08       0.12322320E-23      -0.24192361E-18       0.24076189E-18      -0.17956345E-20       0.97340962E-16      -0.97339394E-16       0.20335172E-21
361       -0.51300509E-02      -0.53000798E-02       0.62796545E-25       0.22867988E-26      -0.10509661E-28      -0.15391893E-03       0.12874821E-08      -0.26119022E-23       0.46017038E-18      -0.46124948E-18       0.31604275E-20      -0.17108011E-15       0.17107734E-15      -0.35241396E-21
362       -0.51163790E-02      -0.52829891E-02       0.64491642E-25      -0.20093431E-25       0.53192535E-28      -0.15088985E-03       0.13162618E-08       0.64817680E-24      -0.12326395E-18       0.12236771E-18      -0.90612583E-21       0.49419846E-16      -0.49419053E-16       0.10156937E-21
363       -0.51027756E-02      -0.52660361E-02       0.38213847E-25       0.21918332E-26       0.33388289E-28      -0.14791950E-03       0.13366425E-08      -0.16189014E-23       0.25246781E-18      -0.25328329E-18       0.12867659E-20      -0.67264379E-16       0.67263240E-16      -0.12466796E-21
364       -0.50892404E-02      -0.52492186E-02      -0.44861137E-25       0.14497222E-25      -0.10986868E-27      -0.14500677E-03       0.13489063E-08       0.21787199E-23      -0.33828060E-18       0.33761293E-18      -0.18387428E-20       0.97897152E-16      -0.97895531E-16       0.18688804E-21
365       -0.50757729E-02      -0.52325350E-02       0.47665550E-25       0.13600061E-26      -0.15996249E-28      -0.14215056E-03       0.13533248E-08       0.34682879E-25      -0.93368353E-19       0.92771469E-19      -0.11286615E-20       0.64155457E-16      -0.64154477E-16       0.13681105E-21
366       -0.50623727E-02      -0.52159835E-02       0.22902747E-25       0.16498827E-27       0.72073310E-29      -0.13934980E-03       0.13501596E-08      -0.18144271E-23       0.19577401E-18      -0.19631943E-18       0.61510084E-21      -0.30843006E-16       0.30842455E-16      -0.50575587E-22
367       -0.50490391E-02      -0.51995621E-02       0.36088329E-25      -0.14151394E-25       0.30066543E-28      -0.13660343E-03       0.13396622E-08       0.20505911E-23      -0.25629959E-18       0.25585084E-18      -0.87959441E-21       0.43902713E-16      -0.43901922E-16       0.68321674E-22
368       -0.50357719E-02      -0.51832693E-02      -0.17879299E-25      -0.14371689E-25       0.54680257E-28      -0.13391042E-03       0.13220745E-08      -0.11971071E-23       0.11555939E-18      -0.11597337E-18       0.19245733E-24       0.44668217E-17      -0.44668418E-17       0.26709523E-22
369       -0.50225706E-02      -0.51671032E-02      -0.33456177E-25      -0.84855183E-26      -0.56681611E-29      -0.13126975E-03       0.12976294E-08      -0.44105109E-23       0.56157275E-18      -0.56196989E-18       0.21723331E-20      -0.11302498E-15       0.11302305E-15      -0.19179398E-21
370       -0.50094347E-02      -0.51510623E-02      -0.55536457E-25       0.18282121E-26      -0.11999471E-28      -0.12868042E-03       0.12665507E-08       0.16756959E-23      -0.26189931E-18       0.26160770E-18      -0.13601003E-20       0.73614101E-16      -0.73612898E-16       0.13375238E-21
371       -0.49963637E-02      -0.51351447E-02       0.23600842E-25       0.82456446E-26      -0.63952497E-28      -0.12614146E-03       0.12290535E-08       0.15046940E-23      -0.25867896E-18       0.25842774E-18      -0.17220389E-20       0.97459114E-16      -0.97457609E-16       0.19369065E-21
372       -0.49833573E-02      -0.51193490E-02      -0.95421052E-26       0.66024784E-26      -0.57986284E-28      -0.12365190E-03       0.11853450E-08      -0.13788995E-23       0.23182242E-18      -0.23208138E-18       0.13089367E-20      -0.72598557E-16       0.72597405E-16      -0.13630326E-21
373       -0.49704150E-02      -0.51036736E-02       0.10984256E-26       0.16893276E-26      -0.14567159E-28      -0.12121080E-03       0.11356237E-08       0.12625405E-23      -0.21633844E-18       0.21614718E-18      -0.13836098E-20       0.78790380E-16      -0.78789171E-16       0.15497044E-21
374       -0.49575363E-02      -0.50881167E-02       0.10456199E-25      -0.91554105E-26       0.44693035E-29      -0.11881723E-03       0.10800809E-08       0.15831637E-24      -0.64536731E-19       0.64360178E-19      -0.62572283E-21       0.36895273E-16      -0.36894731E-16       0.76530412E-22
375       -0.49447209E-02      -0.50726770E-02      -0.16879585E-25       0.51568946E-26      -0.37745988E-28      -0.11647029E-03       0.10189001E-08      -0.11551441E-23       0.10675489E-18      -0.10692089E-18       0.14296429E-21      -0.54052612E-17       0.54051249E-17      -0.14315316E-24
376       -0.49319682E-02      -0.50573529E-02       0.16952863E-25      -0.91098638E-26       0.14579016E-29      -0.11416908E-03       0.95225744E-09      -0.28058030E-24       0.25778244E-20      -0.27164409E-20      -0.34076489E-21       0.21700454E-16      -0.21700165E-16       0.49865728E-22
377       -0.49192780E-02      -0.50421428E-02       0.11311864E-25       0.12455238E-25      -0.45789713E-28      -0.11191273E-03       0.88032219E-09       0.59807388E-24      -0.14202067E-18       0.14191106E-18      -0.10479150E-20       0.60899797E-16      -0.60898881E-16       0.11789880E-21
378       -0.49066497E-02      -0.50270454E-02       0.85766782E-26      -0.12863926E-25       0.94762331E-28      -0.10970038E-03       0.80325674E-09       0.70319476E-24      -0.43005431E-19       0.42897928E-19       0.22792947E-21      -0.15768355E-16       0.15768165E-16      -0.39224978E-22
379       -0.48940830E-02      -0.50120592E-02      -0.61550598E-25      -0.70126660E-26       0.52265261E-28      -0.10753119E-03       0.72121690E-09      -0.10714046E-23       0.13899508E-18      -0.13909923E-18       0.67352624E-21      -0.38763900E-16       0.38763311E-16      -0.73352222E-22
380       -0.48815774E-02      -0.49971828E-02       0.42962974E-25       0.12276318E-25      -0.20947456E-28      -0.10540432E-03       0.63435210E-09       0.91687566E-24      -0.14374758E-18       0.14367663E-18      -0.84077581E-21       0.48976254E-16      -0.48975519E-16       0.92648046E-22
381       -0.48691326E-02      -0.49824147E-02       0.73800878E-25      -0.16364795E-25       0.68258535E-28      -0.10331898E-03       0.54280564E-09      -0.20505442E-23       0.32687945E-18      -0.32697683E-18       0.15441547E-20      -0.86541804E-16       0.86540435E-16      -0.14712854E-21
382       -0.48567481E-02      -0.49677537E-02       0.32184821E-25       0.78480854E-26      -0.69116809E-30      -0.10127436E-03       0.44671482E-09      -0.14674303E-23       0.31231384E-18      -0.31240515E-18       0.21777025E-20      -0.12903971E-15       0.12903780E-15      -0.24508795E-21
383       -0.48444235E-02      -0.49531983E-02       0.20076484E-25      -0.49660606E-26       0.38349455E-28      -0.99269682E-04       0.34621121E-09      -0.21136511E-23       0.37539914E-18      -0.37548590E-18       0.23559717E-20      -0.13943875E-15       0.13943669E-15      -0.26194876E-21
384       -0.48321584E-02      -0.49387473E-02      -0.16320471E-25      -0.76161768E-26       0.17836987E-28      -0.97304177E-04       0.24142079E-09       0.51900222E-24      -0.10156492E-18       0.10152563E-18      -0.75971189E-21       0.46076998E-16      -0.46076337E-16       0.89829074E-22
385       -0.48199525E-02      -0.49243993E-02       0.53355066E-25       0.62564968E-26       0.29042494E-29      -0.95377094E-04       0.13246414E-09       0.26713082E-23      -0.46766030E-18       0.46765652E-18      -0.28418137E-20       0.16901818E-15      -0.16901569E-15       0.31305797E-21
386       -0.48078053E-02      -0.49101531E-02      -0.79203283E-25       0.80285490E-27      -0.38794624E-28      -0.93487695E-04       0.19456599E-10       0.11691102E-23      -0.13689096E-18       0.13686197E-18      -0.37325152E-21       0.20071387E-16      -0.20071053E-16       0.30000854E-22
387       -0.47957164E-02      -0.48960074E-02       0.21136196E-25      -0.18488565E-25       0.11615914E-28      -0.91635254E-04      -0.97491518E-10      -0.29253772E-24      -0.54403825E-19       0.54379906E-19      -0.86251304E-21       0.54496177E-16      -0.54495433E-16       0.11009804E-21
388       -0.47836855E-02      -0.48819610E-02       0.82562356E-26      -0.48002570E-26       0.37476240E-28      -0.89819062E-04      -0.21827481E-09      -0.30236131E-24       0.51101362E-19      -0.51133669E-19       0.25072136E-21      -0.14587490E-16       0.14587268E-16      -0.24728145E-22
389       -0.47717122E-02      -0.48680126E-02      -0.44249095E-25       0.18675716E-26       0.34107673E-28      -0.88038419E-04      -0.34279261E-09       0.34781730E-25      -0.61565264E-19       0.61547364E-19      -0.56154837E-21       0.34335111E-16      -0.34334619E-16       0.63195818E-22
390       -0.47597961E-02      -0.48541611E-02       0.63165322E-25       0.14639765E-25      -0.96636725E-28      -0.86292643E-04      -0.47094884E-09       0.78570534E-24      -0.16928067E-18       0.16927383E-18      -0.11638313E-20       0.71372290E-16      -0.71371274E-16       0.13245231E-21
391       -0.47479368E-02      -0.48404052E-02      -0.18113099E-25       0.16815629E-25      -0.90807518E-28      -0.84581060E-04      -0.60265185E-09       0.23671348E-23      -0.24868324E-18       0.24867703E-18      -0.36017877E-21       0.14981948E-16      -0.14981605E-16       0.21819959E-23
392       -0.47361339E-02      -0.48267439E-02       0.16183977E-25      -0.20511356E-25       0.85987999E-28      -0.82903013E-04      -0.73781433E-09       0.46180037E-24      -0.14513837E-19       0.14495721E-19       0.27862630E-21      -0.19029284E-16       0.19029048E-16      -0.41271094E-22
393       -0.47243871E-02      -0.48131760E-02      -0.52795161E-25       0.59074918E-26       0.27812741E-28      -0.81257855E-04      -0.87635308E-09       0.66164980E-24      -0.78596368E-19       0.78586414E-19      -0.19522535E-21       0.10244994E-16      -0.10244816E-16       0.12166373E-22
394       -0.47126960E-02      -0.47997003E-02       0.55537724E-25      -0.15714970E-25      -0.73429536E-28      -0.79644950E-04      -0.10181890E-08      -0.11189847E-24      -0.55326106E-19       0.55320709E-19      -0.69897542E-21       0.44827383E-16      -0.44826777E-16       0.85955357E-22
395       -0.47010603E-02      -0.47863158E-02      -0.83499898E-27       0.22097812E-26      -0.61191013E-28      -0.78063678E-04      -0.11632468E-08      -0.80550622E-24       0.96206918E-19      -0.96223693E-19       0.23137370E-21      -0.11962780E-16       0.11962567E-16      -0.12715798E-22
396       -0.46894796E-02      -0.47730214E-02      -0.65732408E-25       0.76765780E-27      -0.60799612E-28      -0.76513426E-04      -0.13114552E-08      -0.20836606E-24      -0.87743426E-19       0.87745334E-19      -0.11196557E-20       0.72584019E-16      -0.72583050E-16       0.13928382E-21
397       -0.46779534E-02      -0.47598160E-02       0.58137683E-25      -0.79553529E-26       0.15541111E-27      -0.74993596E-04      -0.14627462E-08       0.51902011E-23      -0.78159948E-18       0.78164595E-18      -0.33346311E-20       0.19868905E-15      -0.19868610E-15       0.31869346E-21
398       -0.46664815E-02      -0.47466985E-02       0.46794277E-25       0.70430069E-26       0.15490259E-28      -0.73503600E-04      -0.16170559E-08       0.21809391E-23      -0.26534247E-18       0.26535051E-18      -0.68051813E-21       0.36952716E-16      -0.36952099E-16       0.45649156E-22
399       -0.46550636E-02      -0.47336680E-02      -0.14686614E-25      -0.12562138E-25       0.68232680E-28      -0.72042862E-04      -0.17743233E-08      -0.13609266E-23       0.26085957E-18      -0.26088740E-18       0.16256669E-20      -0.10273244E-15       0.10273102E-15      -0.18298165E-21
400       -0.46436992E-02      -0.47207234E-02      -0.11882216E-24       0.12361784E-25      -0.23085806E-27      -0.70610814E-04      -0.19344911E-08       0.45001178E-23      -0.83171553E-18       0.83177589E-18      -0.49015056E-20       0.30946996E-15      -0.30946567E-15       0.54479126E-21
401       -0.46323880E-02      -0.47078637E-02      -0.15277344E-24       0.15823019E-25      -0.71024698E-28      -0.69206903E-04      -0.20975052E-08      -0.39882013E-23       0.68223446E-18      -0.68229021E-18       0.32897563E-20      -0.20209280E-15       0.20208989E-15      -0.33023309E-21
402       -0.46211296E-02      -0.46950880E-02       0.68039293E-25      -0.16900663E-25       0.21295554E-28      -0.67830584E-04      -0.22633146E-08       0.52766704E-24      -0.10302853E-18       0.10303292E-18      -0.77349385E-21       0.50830165E-16      -0.50829495E-16       0.94953076E-22
403       -0.46099238E-02      -0.46823952E-02      -0.74069108E-25      -0.27603635E-26       0.40072239E-28      -0.66481322E-04      -0.24318713E-08       0.53448937E-23      -0.89009521E-18       0.89015621E-18      -0.41833161E-20       0.25890277E-15      -0.25889908E-15       0.42084320E-21
404       -0.45987701E-02      -0.46697844E-02       0.38081346E-25      -0.15564513E-25       0.70390488E-28      -0.65158593E-04      -0.26031303E-08      -0.99417487E-24       0.22154711E-18      -0.22156939E-18       0.15048203E-20      -0.97514842E-16       0.97513529E-16      -0.17237094E-21
405       -0.45876683E-02      -0.46572548E-02      -0.46206303E-25       0.29000680E-25      -0.23845889E-27      -0.63861882E-04      -0.27770496E-08      -0.35636771E-24       0.74655590E-19      -0.74664486E-19       0.39595671E-21      -0.24725502E-16       0.24725152E-16      -0.39622877E-22
406       -0.45766180E-02      -0.46448052E-02       0.86542286E-25      -0.98028764E-28       0.70806782E-28      -0.62590687E-04      -0.29535899E-08      -0.33332731E-23       0.69495904E-18      -0.69501835E-18       0.43131565E-20      -0.27945098E-15       0.27944721E-15      -0.48357833E-21
407       -0.45656189E-02      -0.46324349E-02      -0.59226950E-25       0.14130244E-25      -0.14083086E-27      -0.61344510E-04      -0.31327145E-08       0.31894425E-24      -0.14336999E-19       0.14333905E-19       0.19498275E-21      -0.13999011E-16       0.13998844E-16      -0.27831516E-22
408       -0.45546706E-02      -0.46201430E-02      -0.28617231E-25       0.42233044E-26      -0.72339075E-28      -0.60122868E-04      -0.33143896E-08      -0.89919533E-24       0.17162734E-18      -0.17164211E-18       0.76508486E-21      -0.47011637E-16       0.47010955E-16      -0.69587122E-22
409       -0.45437729E-02      -0.46079285E-02      -0.14351697E-25      -0.21802150E-25       0.11520915E-27      -0.58925283E-04      -0.34985839E-08      -0.31879454E-23       0.48952197E-18      -0.48955615E-18       0.17884386E-20      -0.10852121E-15       0.10851962E-15      -0.15586209E-21
410       -0.45329253E-02      -0.45957906E-02      -0.16472204E-25      -0.23267424E-25       0.19717839E-27      -0.57751289E-04      -0.36852683E-08      -0.11448762E-23       0.24516504E-18      -0.24518606E-18       0.14087992E-20      -0.91771266E-16       0.91770032E-16      -0.15373557E-21
411       -0.45221276E-02      -0.45837285E-02       0.10949468E-25       0.16764059E-25      -0.86422580E-28      -0.56600427E-04      -0.38744165E-08       0.67028209E-24      -0.40828142E-19       0.40827034E-19       0.13962639E-21      -0.11094410E-16       0.11094294E-16      -0.24663675E-22
412       -0.45113794E-02      -0.45717413E-02       0.68388510E-25       0.85206724E-27      -0.38139431E-29      -0.55472248E-04      -0.40660044E-08       0.44869699E-24      -0.22978100E-18       0.22980303E-18      -0.20862236E-20       0.14199348E-15      -0.14199167E-15       0.25258442E-21
413       -0.45006805E-02      -0.45598282E-02       0.88418224E-25      -0.30108657E-26       0.81633053E-28      -0.54366310E-04      -0.42600102E-08      -0.44853036E-24       0.25818264E-19      -0.25818953E-19      -0.20397000E-21       0.15875424E-16      -0.15875255E-16       0.34565675E-22
414       -0.44900305E-02      -0.45479884E-02      -0.53449458E-26       0.11636575E-25      -0.55798857E-28      -0.53282182E-04      -0.44564143E-08      -0.41563663E-25       0.15672218E-18      -0.15674090E-18       0.17205562E-20      -0.11904857E-15       0.11904708E-15      -0.21350621E-21
415       -0.44794291E-02      -0.45362210E-02      -0.84765772E-25       0.11506620E-25      -0.13471693E-28      -0.52219438E-04      -0.46551994E-08       0.22747359E-23      -0.33277259E-18       0.33279277E-18      -0.11362523E-20       0.70275933E-16      -0.70274919E-16       0.98723979E-22
416       -0.44688759E-02      -0.45245253E-02      -0.68211339E-25       0.60204100E-26      -0.65647837E-29      -0.51177662E-04      -0.48563502E-08      -0.19899392E-23       0.34116669E-18      -0.34119159E-18       0.15800598E-20      -0.10252277E-15       0.10252137E-15      -0.15859394E-21
417       -0.44583708E-02      -0.45129005E-02      -0.58205640E-25       0.35699267E-25      -0.21797819E-27      -0.50156447E-04      -0.50598535E-08       0.35154953E-23      -0.70919768E-18       0.70925123E-18      -0.37953686E-20       0.25119826E-15      -0.25119492E-15       0.40094161E-21
418       -0.44479133E-02      -0.45013459E-02       0.10094175E-24      -0.47244975E-26      -0.10903583E-27      -0.49155391E-04      -0.52656982E-08       0.38837299E-23      -0.65433885E-18       0.65438290E-18      -0.26575478E-20       0.17008474E-15      -0.17008238E-15       0.24907832E-21
419       -0.44375033E-02      -0.44898606E-02      -0.52601188E-25      -0.13417204E-25       0.47402859E-28      -0.48174101E-04      -0.54738749E-08       0.47829412E-24       0.25315374E-19      -0.25321947E-19       0.72634569E-21      -0.52731498E-16       0.52730875E-16      -0.98172534E-22
420       -0.44271403E-02      -0.44784440E-02       0.89021213E-25      -0.72977019E-26       0.31339847E-28      -0.47212193E-04      -0.56843764E-08       0.13157281E-23      -0.34550125E-18       0.34553027E-18      -0.24188934E-20       0.16723320E-15      -0.16723109E-15       0.28357893E-21
421       -0.44168240E-02      -0.44670953E-02      -0.16577372E-24       0.17682434E-25      -0.21710526E-28      -0.46269289E-04      -0.58971974E-08      -0.23765283E-23       0.42555152E-18      -0.42558271E-18       0.22355253E-20      -0.15154190E-15       0.15153994E-15      -0.24522655E-21
422       -0.44065543E-02      -0.44558138E-02       0.13372516E-24       0.47724061E-26      -0.47543157E-28      -0.45345017E-04      -0.61123341E-08      -0.35977466E-23       0.73690464E-18      -0.73696073E-18       0.39777538E-20      -0.26907439E-15       0.26907090E-15      -0.42646644E-21
423       -0.43963307E-02      -0.44445988E-02       0.11146976E-24       0.49245490E-26       0.56313954E-28      -0.44439014E-04      -0.63297847E-08      -0.13927394E-23       0.13852260E-18      -0.13852818E-18      -0.56286262E-23       0.58435978E-17      -0.58436126E-17       0.27154040E-22
424       -0.43861531E-02      -0.44334495E-02      -0.40855628E-25       0.26209408E-25      -0.76639549E-28      -0.43550924E-04      -0.65495492E-08      -0.46317358E-23       0.83172703E-18      -0.83178612E-18       0.40564054E-20      -0.27485258E-15       0.27484902E-15      -0.42977361E-21
425       -0.43760210E-02      -0.44223654E-02      -0.60385645E-25       0.29527678E-25      -0.23836713E-28      -0.42680396E-04      -0.67716292E-08      -0.76594685E-24       0.13460069E-18      -0.13460983E-18       0.47857814E-21      -0.30257111E-16       0.30256681E-16      -0.38719342E-22
426       -0.43659343E-02      -0.44113457E-02      -0.16038141E-24       0.23728359E-27      -0.10913499E-27      -0.41827088E-04      -0.69960280E-08      -0.40681084E-23       0.74776535E-18      -0.74781925E-18       0.38555784E-20      -0.26525187E-15       0.26524850E-15      -0.41911011E-21
427       -0.43558926E-02      -0.44003897E-02       0.85496528E-25      -0.18613341E-25       0.98647177E-28      -0.40990662E-04      -0.72227505E-08      -0.14624896E-23       0.30879216E-18      -0.30881652E-18       0.19293110E-20      -0.13561031E-15       0.13560863E-15      -0.22071103E-21
428       -0.43458956E-02      -0.43894968E-02      -0.62674910E-25      -0.54080277E-26      -0.10361279E-27      -0.40170790E-04      -0.74518033E-08       0.59490713E-24      -0.74538409E-19       0.74542474E-19      -0.23952986E-21       0.15572790E-16      -0.15572576E-16       0.21034757E-22
429       -0.43359431E-02      -0.43786664E-02       0.51994485E-25      -0.26356691E-26       0.84554591E-28      -0.39367147E-04      -0.76831943E-08       0.19157778E-24       0.31281870E-19      -0.31286648E-19       0.45812143E-21      -0.33355951E-16       0.33355554E-16      -0.56147424E-22
430       -0.43260349E-02      -0.43678978E-02      -0.82123996E-25      -0.10566279E-25      -0.84512803E-28      -0.38579415E-04      -0.79169333E-08       0.34982514E-23      -0.71677103E-18       0.71682301E-18      -0.35707184E-20       0.24648537E-15      -0.24648223E-15       0.37489004E-21
431       -0.43161705E-02      -0.43571903E-02      -0.20920654E-24       0.37419101E-26       0.86130947E-28      -0.37807284E-04      -0.81530313E-08      -0.42932664E-23       0.82925325E-18      -0.82931200E-18       0.39726422E-20      -0.27439463E-15       0.27439114E-15      -0.41368348E-21
432       -0.43063497E-02      -0.43465434E-02       0.13448314E-25      -0.24549673E-25      -0.44019275E-30      -0.37050447E-04      -0.83915010E-08       0.26118283E-23      -0.65209006E-18       0.65214173E-18      -0.39318117E-20       0.27858080E-15      -0.27857736E-15       0.43688418E-21
433       -0.42965724E-02      -0.43359565E-02       0.22835388E-24      -0.38990637E-25       0.12991410E-27      -0.36308606E-04      -0.86323564E-08      -0.25626638E-24       0.26917238E-19      -0.26918405E-19       0.75635254E-22      -0.57105314E-17       0.57104683E-17      -0.11178570E-22
434       -0.42868381E-02      -0.43254289E-02       0.18663061E-24       0.31021001E-25      -0.22120793E-27      -0.35581466E-04      -0.88756130E-08       0.16318158E-23      -0.28744355E-18       0.28746207E-18      -0.10600278E-20       0.70955549E-16      -0.70954605E-16       0.96125674E-22
435       -0.42771467E-02      -0.43149601E-02       0.25112720E-25       0.11796702E-25      -0.17849013E-27      -0.34868740E-04      -0.91212876E-08      -0.18559869E-23       0.42292606E-18      -0.42295805E-18       0.23332732E-20      -0.16579456E-15       0.16579251E-15      -0.25389487E-21
436       -0.42674978E-02      -0.43045494E-02       0.17503180E-24      -0.41437140E-25       0.19805165E-27      -0.34170145E-04      -0.93693985E-08       0.31521666E-23      -0.67378332E-18       0.67383146E-18      -0.31147193E-20       0.21586509E-15      -0.21586233E-15       0.30850731E-21
437       -0.42578912E-02      -0.42941963E-02      -0.87078124E-25      -0.20748514E-25       0.12692053E-27      -0.33485404E-04      -0.96199653E-08      -0.28139623E-23       0.38237736E-18      -0.38239795E-18       0.94694826E-21      -0.60064351E-16       0.60063495E-16      -0.68505947E-22
438       -0.42483267E-02      -0.42839002E-02       0.93623888E-25      -0.17717849E-25       0.11040623E-27      -0.32814245E-04      -0.98730088E-08       0.70011251E-23      -0.12689840E-17       0.12690685E-17      -0.53972813E-20       0.37620773E-15      -0.37620296E-15       0.53632168E-21
439       -0.42388039E-02      -0.42736606E-02      -0.13192127E-24       0.31591068E-25       0.85341212E-28      -0.32156401E-04      -0.10128551E-07      -0.78569905E-24       0.12553787E-18      -0.12554523E-18       0.35366034E-21      -0.22914255E-16       0.22913936E-16      -0.26817561E-22
440       -0.42293227E-02      -0.42634769E-02      -0.85736035E-25       0.33530572E-25      -0.23849866E-28      -0.31511611E-04      -0.10386617E-07       0.32156672E-23      -0.68498883E-18       0.68503888E-18      -0.37281543E-20       0.27076361E-15      -0.27076035E-15       0.41383167E-21
441       -0.42198827E-02      -0.42533486E-02       0.10440723E-24      -0.94054001E-26       0.18056504E-27      -0.30879620E-04      -0.10647229E-07      -0.34310886E-23       0.59527099E-18      -0.59531019E-18       0.27607346E-20      -0.19961183E-15       0.19960941E-15      -0.30150186E-21
442       -0.42104837E-02      -0.42432750E-02       0.19949735E-24      -0.43017233E-25       0.17374401E-27      -0.30260175E-04      -0.10910415E-07       0.44856696E-23      -0.84777310E-18       0.84783014E-18      -0.38062839E-20       0.27188117E-15      -0.27187782E-15       0.39310851E-21
443       -0.42011255E-02      -0.42332558E-02      -0.11735366E-24       0.28465665E-25      -0.46408334E-28      -0.29653030E-04      -0.11176202E-07      -0.94306981E-24       0.76391777E-19      -0.76394000E-19       0.12430969E-21      -0.90984098E-17       0.90983044E-17      -0.15754980E-22
444       -0.41918078E-02      -0.42232904E-02       0.26505449E-26      -0.36086066E-25       0.50616324E-28      -0.29057943E-04      -0.11444618E-07      -0.10354857E-23       0.32447420E-18      -0.32450114E-18       0.22531534E-20      -0.16926193E-15       0.16925997E-15      -0.26545704E-21
445       -0.41825304E-02      -0.42133782E-02      -0.17188425E-25       0.13688374E-25      -0.23809701E-28      -0.28474678E-04      -0.11715693E-07      -0.22908336E-23       0.28980709E-18      -0.28982062E-18       0.39823953E-21      -0.20786241E-16       0.20785864E-16      -0.57882375E-23
446       -0.41732929E-02      -0.42035188E-02       0.81812922E-25      -0.48205431E-25       0.19558304E-27      -0.27903001E-04      -0.11989458E-07      -0.24130733E-24       0.10908380E-18      -0.10909465E-18       0.12006998E-20      -0.94790655E-16       0.94789626E-16      -0.16050926E-21
447       -0.41640953E-02      -0.41937116E-02      -0.23593953E-24      -0.55610746E-27       0.20643289E-28      -0.27342686E-04      -0.12265945E-07       0.28808851E-24      -0.67306986E-19       0.67312638E-19      -0.58879658E-21       0.46250091E-16      -0.46249585E-16       0.77075458E-22
448       -0.41549371E-02      -0.41839562E-02       0.18260905E-24       0.22717849E-25      -0.67143209E-28      -0.26793507E-04      -0.12545188E-07       0.24535242E-23      -0.42827356E-18       0.42830095E-18      -0.18829408E-20       0.13841099E-15      -0.13840934E-15       0.20148638E-21
449       -0.41458182E-02      -0.41742520E-02       0.49505191E-25       0.22657768E-25      -0.25399904E-27      -0.26255246E-04      -0.12827220E-07       0.94483127E-24      -0.18284259E-18       0.18285506E-18      -0.90577259E-21       0.67256518E-16      -0.67255724E-16       0.98195183E-22
450       -0.41367384E-02      -0.41645987E-02       0.28273438E-24       0.33156951E-25      -0.58743351E-28      -0.25727689E-04      -0.13112078E-07       0.45409735E-23      -0.84078651E-18       0.84084009E-18      -0.32927084E-20       0.23661069E-15      -0.23660777E-15       0.31846176E-21
451       -0.41276974E-02      -0.41549957E-02       0.64061466E-24      -0.22648877E-25       0.30101288E-27      -0.25210624E-04      -0.13399798E-07      -0.55518884E-23       0.10976265E-17      -0.10977000E-17       0.49449627E-20      -0.36382927E-15       0.36382491E-15      -0.51051242E-21
452       -0.41186949E-02      -0.41454425E-02       0.22085739E-25       0.98316683E-26      -0.28438573E-28      -0.24703844E-04      -0.13690418E-07       0.29294207E-23      -0.48659171E-18       0.48662026E-18      -0.15062097E-20       0.10418560E-15      -0.10418425E-15       0.12404825E-21
453       -0.41097308E-02      -0.41359387E-02      -0.25539020E-25       0.63310678E-25      -0.14256560E-27      -0.24207147E-04      -0.13983977E-07      -0.14320654E-23       0.36344029E-18      -0.36346763E-18       0.20837504E-20      -0.15799860E-15       0.15799678E-15      -0.23073846E-21
454       -0.41008047E-02      -0.41264839E-02       0.20085625E-24      -0.40681483E-25       0.10717131E-27      -0.23720334E-04      -0.14280515E-07       0.21784202E-23      -0.48066441E-18       0.48069842E-18      -0.25116628E-20       0.19040226E-15      -0.19040007E-15       0.27667676E-21
455       -0.40919166E-02      -0.41170775E-02       0.27228106E-25       0.17358669E-25      -0.18820308E-27      -0.23243210E-04      -0.14580074E-07       0.44110374E-23      -0.76787821E-18       0.76792482E-18      -0.28260700E-20       0.20594652E-15      -0.20594402E-15       0.27280868E-21
456       -0.40830660E-02      -0.41077192E-02      -0.39459592E-25       0.38876717E-25      -0.30483858E-28      -0.22775584E-04      -0.14882696E-07       0.42222091E-25      -0.13634925E-18       0.13636282E-18      -0.12175174E-20       0.95777516E-16      -0.95776458E-16       0.14563530E-21
457       -0.40742529E-02      -0.40984086E-02      -0.23038590E-24      -0.52788393E-25       0.12151091E-28      -0.22317269E-04      -0.15188423E-07      -0.23474377E-23       0.50768494E-18      -0.50771977E-18       0.24467361E-20      -0.18524207E-15       0.18523992E-15      -0.26048140E-21
458       -0.40654770E-02      -0.40891451E-02      -0.15590624E-24       0.57735342E-25       0.18108280E-27      -0.21868081E-04      -0.15497302E-07      -0.22859095E-23       0.26734546E-18      -0.26735507E-18      -0.15020647E-21       0.24716694E-16      -0.24716606E-16       0.74303009E-22
459       -0.40567380E-02      -0.40799283E-02      -0.22222579E-24       0.29037085E-26      -0.12242285E-28      -0.21427839E-04      -0.15809376E-07       0.10681730E-23      -0.15567105E-18       0.15567931E-18      -0.43857866E-21       0.31220075E-16      -0.31219683E-16       0.37578455E-22
460       -0.40480358E-02      -0.40707579E-02       0.83526173E-26       0.33009355E-25      -0.39833472E-28      -0.20996368E-04      -0.16124693E-07      -0.18511109E-23       0.54803882E-18      -0.54808064E-18       0.32318055E-20      -0.25162910E-15       0.25162627E-15      -0.36367104E-21
461       -0.40393701E-02      -0.40616335E-02      -0.11298631E-25       0.20565037E-25      -0.89104356E-28      -0.20573493E-04      -0.16443301E-07      -0.38591484E-23       0.68417875E-18      -0.68421925E-18       0.22719371E-20      -0.16478631E-15       0.16478429E-15      -0.20106799E-21
462       -0.40307407E-02      -0.40525545E-02       0.17234015E-24       0.13780539E-25      -0.14322528E-27      -0.20159045E-04      -0.16765249E-07       0.15476894E-24       0.34245303E-19      -0.34250247E-19       0.61964748E-21      -0.52209211E-16       0.52208682E-16      -0.85966794E-22
463       -0.40221474E-02      -0.40435207E-02       0.25513892E-24       0.23345737E-25      -0.15742121E-27      -0.19752857E-04      -0.17090585E-07       0.96775217E-24       0.57228469E-19      -0.57242274E-19       0.18857915E-20      -0.16049148E-15       0.16048987E-15      -0.26565890E-21
464       -0.40135900E-02      -0.40345316E-02      -0.22200132E-24       0.15069051E-25      -0.24897107E-27      -0.19354766E-04      -0.17419362E-07       0.76772140E-23      -0.16005053E-17       0.16006104E-17      -0.71143530E-20       0.54607728E-15      -0.54607102E-15       0.73897805E-21
465       -0.40050682E-02      -0.40255869E-02       0.28286908E-24       0.20828226E-25      -0.30962801E-28      -0.18964612E-04      -0.17751630E-07      -0.23021265E-23       0.79836919E-18      -0.79843331E-18       0.53916112E-20      -0.43284485E-15       0.43284016E-15      -0.63527372E-21
466       -0.39965818E-02      -0.40166860E-02       0.36099209E-25      -0.61379174E-25       0.18372798E-27      -0.18582238E-04      -0.18087444E-07       0.19395910E-23      -0.32781756E-18       0.32783700E-18      -0.13104809E-20       0.10143448E-15      -0.10143333E-15       0.13839417E-21
467       -0.39881307E-02      -0.40078288E-02      -0.10933222E-24       0.33664255E-25      -0.98612952E-28      -0.18207489E-04      -0.18426857E-07       0.18192290E-23      -0.25947956E-18       0.25949173E-18      -0.39645357E-21       0.23624579E-16      -0.23624208E-16       0.11626585E-22
468       -0.39797146E-02      -0.39990147E-02       0.20892809E-24       0.32187888E-25      -0.13094682E-27      -0.17840216E-04      -0.18769923E-07       0.37572819E-23      -0.74650861E-18       0.74655481E-18      -0.27771356E-20       0.20929241E-15      -0.20928994E-15       0.25971732E-21
469       -0.39713333E-02      -0.39902434E-02      -0.10742357E-24      -0.47681635E-25       0.73276929E-28      -0.17480270E-04      -0.19116700E-07      -0.65303214E-23       0.15710194E-17      -0.15711295E-17       0.83305868E-20      -0.66430777E-15       0.66430048E-15      -0.92938411E-21
470       -0.39629866E-02      -0.39815146E-02       0.16578339E-24       0.31286469E-25      -0.30410519E-28      -0.17127505E-04      -0.19467244E-07      -0.56178134E-23       0.10387650E-17      -0.10388278E-17       0.40552962E-20      -0.31374450E-15       0.31374092E-15      -0.40873053E-21
471       -0.39546743E-02      -0.39728279E-02      -0.16080180E-24       0.25427722E-25       0.22097943E-27      -0.16781780E-04      -0.19821614E-07      -0.42308975E-23       0.84378854E-18      -0.84384133E-18       0.34533104E-20      -0.26864544E-15       0.26864239E-15      -0.35009761E-21
472       -0.39463962E-02      -0.39641829E-02       0.46889316E-25      -0.57764303E-25       0.86029097E-29      -0.16442955E-04      -0.20179868E-07      -0.72129465E-25       0.10127678E-20      -0.10122907E-20      -0.14172509E-21       0.13623650E-16      -0.13623536E-16       0.26437218E-22
473       -0.39381521E-02      -0.39555793E-02       0.30890883E-25      -0.11097113E-24       0.20092996E-27      -0.16110893E-04      -0.20542068E-07       0.10776138E-22      -0.23638908E-17       0.23640458E-17      -0.10844955E-19       0.86158198E-15      -0.86157246E-15       0.11529291E-20
474       -0.39299418E-02      -0.39470167E-02       0.29355195E-25       0.14758684E-25      -0.11154773E-27      -0.15785461E-04      -0.20908273E-07       0.31974301E-23      -0.54448904E-18       0.54451898E-18      -0.16099217E-20       0.12016349E-15      -0.12016205E-15       0.13766743E-21
475       -0.39217651E-02      -0.39384948E-02       0.42267366E-26      -0.38324821E-26      -0.58365501E-28      -0.15466526E-04      -0.21278546E-07      -0.17909794E-23       0.21056052E-18      -0.21056713E-18      -0.28019619E-21       0.35286679E-16      -0.35286475E-16       0.84053092E-22
476       -0.39136218E-02      -0.39300132E-02      -0.25786206E-24       0.63629840E-26      -0.21948548E-27      -0.15153960E-04      -0.21652951E-07      -0.36023421E-23       0.83928147E-18      -0.83933778E-18       0.40508135E-20      -0.32629608E-15       0.32629253E-15      -0.43663402E-21
477       -0.39055117E-02      -0.39215717E-02       0.69485950E-25       0.23543414E-25       0.12409541E-28      -0.14847636E-04      -0.22031551E-07       0.59705917E-25       0.17486507E-18      -0.17488255E-18       0.16395956E-20      -0.13862707E-15       0.13862565E-15      -0.20132055E-21
478       -0.38974346E-02      -0.39131698E-02      -0.15554692E-24      -0.10217872E-25      -0.19858079E-27      -0.14547431E-04      -0.22414412E-07       0.26637676E-23      -0.44936936E-18       0.44939410E-18      -0.15064887E-20       0.11838610E-15      -0.11838477E-15       0.14955028E-21
479       -0.38893903E-02      -0.39048073E-02      -0.12333781E-24       0.50464349E-26       0.14119850E-27      -0.14253222E-04      -0.22801600E-07      -0.82771309E-23       0.16703893E-17      -0.16704912E-17       0.65162762E-20      -0.51615676E-15       0.51615100E-15      -0.64798037E-21
480       -0.38813787E-02      -0.38964838E-02      -0.15740042E-24       0.47873042E-25       0.87937034E-28      -0.13964892E-04      -0.23193182E-07       0.79947813E-23      -0.17380332E-17       0.17381463E-17      -0.83583530E-20       0.68627304E-15      -0.68626573E-15       0.92535430E-21
481       -0.38733994E-02      -0.38881990E-02      -0.25239687E-24      -0.32657408E-25       0.25433351E-27      -0.13682323E-04      -0.23589226E-07       0.44880756E-23      -0.77513561E-18       0.77517749E-18      -0.22373052E-20       0.17026045E-15      -0.17025845E-15       0.19077626E-21
482       -0.38654524E-02      -0.38799526E-02       0.12534114E-24       0.22203556E-25       0.17410123E-28      -0.13405400E-04      -0.23989801E-07       0.18277935E-23      -0.60839635E-18       0.60844312E-18      -0.40330022E-20       0.34213797E-15      -0.34213446E-15       0.48220803E-21
483       -0.38575375E-02      -0.38717442E-02      -0.20656514E-24      -0.47926613E-25       0.30237128E-27      -0.13134012E-04      -0.24394978E-07       0.74152546E-23      -0.14714191E-17       0.14715090E-17      -0.62907777E-20       0.51556175E-15      -0.51555624E-15       0.67545087E-21
484       -0.38496544E-02      -0.38635737E-02       0.38788027E-24       0.35792164E-25      -0.51621650E-28      -0.12868048E-04      -0.24804827E-07       0.96493017E-24      -0.15994862E-18       0.15995720E-18      -0.42307276E-21       0.30962581E-16      -0.30962196E-16       0.28578964E-22
485       -0.38418030E-02      -0.38554406E-02      -0.20094177E-24       0.56811972E-25      -0.15836175E-27      -0.12607401E-04      -0.25219419E-07      -0.50694190E-23       0.90535817E-18      -0.90540831E-18       0.29066933E-20      -0.22871197E-15       0.22870939E-15      -0.26731641E-21
486       -0.38339831E-02      -0.38473447E-02       0.86913432E-26      -0.52762876E-25       0.28897317E-28      -0.12351964E-04      -0.25638829E-07       0.26373541E-23      -0.52386221E-18       0.52389415E-18      -0.22674719E-20       0.18796069E-15      -0.18795870E-15       0.24547705E-21
487       -0.38261946E-02      -0.38392857E-02       0.29541268E-24      -0.83718066E-25       0.33199585E-27      -0.12101634E-04      -0.26063130E-07       0.53173630E-24      -0.33919870E-18       0.33922759E-18      -0.25799009E-20       0.22292217E-15      -0.22291993E-15       0.31075028E-21
488       -0.38184371E-02      -0.38312632E-02      -0.10397356E-24       0.14715663E-25      -0.22649538E-27      -0.11856310E-04      -0.26492395E-07      -0.18285441E-23       0.41751690E-18      -0.41754346E-18       0.18823333E-20      -0.15682127E-15       0.15681962E-15      -0.20283377E-21
489       -0.38107106E-02      -0.38232771E-02      -0.21924336E-24       0.10671927E-24      -0.29766982E-28      -0.11615891E-04      -0.26926701E-07      -0.46109823E-23       0.10029476E-17      -0.10030111E-17       0.47202562E-20      -0.39878850E-15       0.39878438E-15      -0.52797040E-21
490       -0.38030149E-02      -0.38153269E-02      -0.11642978E-24      -0.19998971E-25       0.23364500E-27      -0.11380280E-04      -0.27366125E-07      -0.21182024E-23       0.48690250E-18      -0.48693301E-18       0.20812535E-20      -0.17307093E-15       0.17306910E-15      -0.21901929E-21
491       -0.37953498E-02      -0.38074125E-02      -0.42156854E-25       0.47786113E-25      -0.14690773E-28      -0.11149382E-04      -0.27810742E-07      -0.89194541E-24       0.16376718E-18      -0.16377693E-18       0.79520379E-21      -0.69140286E-16       0.69139598E-16      -0.96319439E-22
492       -0.37877151E-02      -0.37995335E-02      -0.12713797E-24      -0.28050736E-25      -0.11818966E-27      -0.10923101E-04      -0.28260632E-07       0.12212245E-24      -0.14383827E-18       0.14385102E-18      -0.11323157E-20       0.98937949E-16      -0.98936964E-16       0.13467424E-21
493       -0.37801107E-02      -0.37916897E-02       0.32826725E-24      -0.14528005E-25       0.19180720E-27      -0.10701347E-04      -0.28715872E-07       0.32642772E-23      -0.61469572E-18       0.61473032E-18      -0.21755932E-20       0.17921300E-15      -0.17921108E-15       0.21699806E-21
494       -0.37725363E-02      -0.37838808E-02      -0.52788185E-24       0.80710521E-25      -0.29846807E-27      -0.10484029E-04      -0.29176543E-07       0.70561422E-23      -0.15688994E-17       0.15689959E-17      -0.65615665E-20       0.55045014E-15      -0.55044437E-15       0.68360477E-21
495       -0.37649918E-02      -0.37761066E-02       0.63312869E-25       0.51667764E-25      -0.32486437E-27      -0.10271059E-04      -0.29642726E-07      -0.60856448E-24       0.27862065E-18      -0.27864294E-18       0.20862572E-20      -0.18678465E-15       0.18678285E-15      -0.26303050E-21
496       -0.37574771E-02      -0.37683667E-02       0.82912497E-25       0.61412536E-25       0.44339140E-28      -0.10062349E-04      -0.30114500E-07      -0.51494132E-23       0.13172428E-17      -0.13173294E-17       0.63996065E-20      -0.54927988E-15       0.54927428E-15      -0.70288905E-21
497       -0.37499919E-02      -0.37606608E-02       0.72938978E-25       0.96379120E-25      -0.11848379E-27      -0.98578148E-05      -0.30591948E-07       0.44015691E-23      -0.70208273E-18       0.70211682E-18      -0.17619261E-20       0.13945129E-15      -0.13944972E-15       0.14844198E-21
498       -0.37425361E-02      -0.37529889E-02      -0.60102772E-25      -0.38322304E-25      -0.62873491E-28      -0.96573731E-05      -0.31075152E-07      -0.67555974E-24       0.29278310E-18      -0.29280560E-18       0.18592589E-20      -0.16333701E-15       0.16333539E-15      -0.21415756E-21
499       -0.37351096E-02      -0.37453505E-02      -0.63688171E-24       0.66152191E-25      -0.50763047E-28      -0.94609421E-05      -0.31564195E-07      -0.88456913E-24       0.27399627E-18      -0.27401721E-18       0.20574710E-20      -0.18704186E-15       0.18704008E-15      -0.26183522E-21
500       -0.37277121E-02      -0.37377454E-02       0.41562679E-25      -0.15302792E-25      -0.54019628E-28      -0.92684416E-05      -0.32059162E-07      -0.30140393E-23       0.56583007E-18      -0.56586185E-18       0.21652369E-20      -0.18533345E-15       0.18533155E-15      -0.22989966E-21
501       -0.37203435E-02      -0.37301735E-02       0.37073969E-24       0.21477823E-25       0.26502957E-27      -0.90797931E-05      -0.32560135E-07      -0.13505023E-23       0.26644137E-18      -0.26645494E-18       0.46202121E-21      -0.30297167E-16       0.30296731E-16      -0.10901406E-22
502       -0.37130036E-02      -0.37226343E-02      -0.14582667E-24      -0.39326683E-25      -0.11291111E-27      -0.88949197E-05      -0.33067200E-07      -0.14767198E-23       0.30908445E-18      -0.30910129E-18       0.77133520E-21      -0.58546790E-16       0.58546087E-16      -0.49423948E-22
503       -0.37056923E-02      -0.37151278E-02      -0.28619705E-24       0.16193217E-25       0.12995785E-29      -0.87137459E-05      -0.33580443E-07       0.35737485E-23      -0.84974237E-18       0.84979630E-18      -0.41427474E-20       0.36591147E-15      -0.36590785E-15       0.46997634E-21
504       -0.36984095E-02      -0.37076536E-02      -0.38406409E-24       0.11799708E-24      -0.28777069E-28      -0.85361977E-05      -0.34099948E-07      -0.41840889E-23       0.11466574E-17      -0.11467333E-17       0.57553382E-20      -0.50749600E-15       0.50749096E-15      -0.64141551E-21
505       -0.36911548E-02      -0.37002115E-02      -0.18398431E-24       0.19197256E-25       0.15762075E-27      -0.83622025E-05      -0.34625802E-07       0.94253970E-25      -0.15792146E-18       0.15793688E-18      -0.18454102E-20       0.17571231E-15      -0.17571073E-15       0.25605229E-21
506       -0.36839282E-02      -0.36928013E-02       0.18151895E-24      -0.52214476E-25       0.14736658E-27      -0.81916894E-05      -0.35158091E-07      -0.45116482E-23       0.78960660E-18      -0.78964684E-18       0.22845548E-20      -0.18991574E-15       0.18991371E-15      -0.20829733E-21
507       -0.36767296E-02      -0.36854227E-02       0.98818718E-25      -0.58443424E-25       0.25234025E-27      -0.80245885E-05      -0.35696902E-07       0.18186129E-23      -0.13914267E-18       0.13914104E-18       0.10799434E-20      -0.11244460E-15       0.11244371E-15      -0.18268894E-21
508       -0.36695588E-02      -0.36780755E-02       0.55934592E-24      -0.11850756E-24       0.41552084E-27      -0.78608316E-05      -0.36242321E-07      -0.63276501E-23       0.15406668E-17      -0.15407625E-17       0.69662091E-20      -0.61669647E-15       0.61669037E-15      -0.76210693E-21
509       -0.36624155E-02      -0.36707595E-02      -0.43346786E-24      -0.75945227E-25       0.41968409E-27      -0.77003518E-05      -0.36794435E-07       0.34950624E-23      -0.78296566E-18       0.78301169E-18      -0.30341496E-20       0.26319439E-15      -0.26319171E-15       0.30773193E-21
510       -0.36552998E-02      -0.36634744E-02       0.17851390E-24       0.13850961E-25       0.14180989E-27      -0.75430834E-05      -0.37353332E-07       0.29353296E-23      -0.85963626E-18       0.85969419E-18      -0.46076858E-20       0.41685322E-15      -0.41684921E-15       0.52862134E-21
511       -0.36482113E-02      -0.36562201E-02      -0.32857657E-27      -0.77558698E-25       0.27924330E-27      -0.73889619E-05      -0.37919097E-07      -0.62150135E-23       0.14804384E-17      -0.14805275E-17       0.60396732E-20      -0.52995276E-15       0.52994744E-15      -0.62416138E-21
512       -0.36411500E-02      -0.36489963E-02      -0.23161256E-24       0.56080909E-25      -0.11511891E-27      -0.72379245E-05      -0.38491819E-07       0.24521093E-24      -0.33828286E-18       0.33831269E-18      -0.29291888E-20       0.27554987E-15      -0.27554734E-15       0.36975574E-21
