 # File l.dat, created by Task#1 of TABOO on 2025.03.09 time=16.06.40
 # These l numbers are of loading type
  1       -0.10812225E+01      -0.17371171E+01       0.87249460E-06       0.54082219E-03      -0.13453930E-01      -0.24594531E+00      -0.39603842E-13       0.39603842E-13      -0.27618906E-02      -0.10975397E-11       0.10975397E-11      -0.77171418E-04      -0.23786688E-14      -0.23786688E-14
  2       -0.12822149E+00      -0.77289735E+00       0.11279014E-05       0.71410270E-03      -0.11122782E-01      -0.20308360E+00      -0.12875181E+00       0.72562830E-28      -0.61793125E-02       0.31904796E-02      -0.23467967E-24      -0.10295431E-03       0.51587369E-04       0.56298830E-27
  3       -0.67237923E-01      -0.50741280E+00       0.14582054E-05       0.88274319E-03      -0.72402193E-02      -0.16793761E+00      -0.18615958E-01      -0.62971780E-29      -0.88879311E-03       0.17499832E-02       0.22347557E-25      -0.12471053E-04       0.18560270E-04      -0.42670027E-28
  4       -0.55499093E-01      -0.37417640E+00       0.17627398E-05       0.99044317E-03       0.16528488E-02      -0.14589381E+00       0.96168102E-03      -0.20581444E-27      -0.18831537E-03      -0.67264570E-03       0.95291546E-24      -0.19405787E-06      -0.34271030E-04      -0.15106685E-26
  5       -0.52118844E-01      -0.29151309E+00       0.20359847E-05       0.10360068E-02       0.15019119E-01      -0.12648219E+00      -0.91664566E-02       0.68727009E-29      -0.45507324E-04      -0.16385113E-02       0.11154660E-24       0.17452316E-05      -0.50796961E-04      -0.22657086E-27
  6       -0.49400247E-01      -0.23397364E+00       0.22828936E-05       0.10297626E-02       0.25789179E-01      -0.92952263E-01      -0.37451506E-01       0.22647767E-28       0.31388258E-05      -0.18362346E-02      -0.49564979E-25       0.21303274E-05      -0.48011825E-04       0.39541349E-28
  7       -0.46511227E-01      -0.19085433E+00       0.25105713E-05       0.98533465E-03       0.18471960E-01      -0.55604091E-02      -0.10391746E+00       0.14889206E-27       0.31679912E-04      -0.17241370E-02      -0.71783139E-24       0.22877645E-05      -0.39060155E-04       0.92522800E-27
  8       -0.43533330E-01      -0.15681831E+00       0.27251889E-05       0.91562810E-03       0.63017276E-02       0.73032955E-01      -0.15837108E+00       0.28208803E-28       0.57326455E-04      -0.15060348E-02      -0.19656902E-24       0.24488221E-05      -0.29447681E-04       0.31012354E-27
  9       -0.40574433E-01      -0.12889161E+00       0.29310987E-05       0.83145035E-03       0.16379441E-02       0.52449256E-01      -0.12255197E+00       0.37914157E-28       0.85388133E-04      -0.12669938E-02      -0.25836429E-24       0.26470943E-05      -0.21065275E-04       0.48244037E-27
 10       -0.37696411E-01      -0.10528108E+00       0.31309252E-05       0.74127410E-03       0.41160102E-03       0.33808832E-01      -0.93334538E-01      -0.14946265E-28       0.11775800E-03      -0.10413330E-02       0.30379268E-24       0.28750257E-05      -0.14373015E-04      -0.74902880E-27
 11       -0.34933543E-01      -0.84839910E-01       0.33259333E-05       0.65135175E-03       0.10636827E-03       0.23492917E-01      -0.74428439E-01      -0.57304605E-28       0.15500756E-03      -0.84161423E-03       0.41001259E-24       0.31170773E-05      -0.92999328E-05      -0.11442118E-26
 12       -0.32306343E-01      -0.66800529E-01       0.35163833E-05       0.56594654E-03       0.28490107E-04       0.17626684E-01      -0.61133856E-01      -0.21872100E-28       0.19703096E-03      -0.67089371E-03       0.19516247E-24       0.33580757E-05      -0.55987477E-05      -0.68575918E-27
 13       -0.29827453E-01      -0.50630368E-01       0.37017951E-05       0.48764013E-03       0.78761493E-05       0.14158122E-01      -0.51120078E-01       0.25665829E-28       0.24328596E-03      -0.52807242E-03      -0.15578194E-24       0.35854411E-05      -0.29878389E-05       0.64241466E-27
 14       -0.27503986E-01      -0.35949134E-01       0.38811362E-05       0.41769067E-03       0.22352177E-05       0.12072731E-01      -0.43239656E-01       0.50700110E-28       0.29290898E-03      -0.41034364E-03      -0.12645438E-24       0.37895707E-05      -0.12077919E-05       0.50423686E-27
 15       -0.25338734E-01      -0.22478940E-01       0.40529588E-05       0.35639808E-03       0.64823322E-06       0.10836409E-01      -0.36870120E-01       0.16197116E-28       0.34479263E-03      -0.31435611E-03      -0.58437697E-25       0.39636112E-05      -0.41092042E-07       0.34840656E-27
 16       -0.23331053E-01      -0.10012989E-01       0.42155078E-05       0.30343361E-03       0.19141567E-06       0.10146522E-01      -0.31638044E-01       0.57306833E-28       0.39765646E-03      -0.23677173E-03      -0.23552324E-24       0.41030557E-05       0.68484497E-06       0.15659090E-26
 17       -0.21477633E-01       0.16047944E-02       0.43668160E-05       0.25810618E-03       0.57383624E-07       0.98194524E-02      -0.27298273E-01      -0.12545890E-28       0.45012020E-03      -0.17452148E-03      -0.44766899E-25       0.42053284E-05       0.11019020E-05       0.44029337E-27
 18       -0.19773171E-01       0.12493425E-01       0.45047924E-05       0.21955748E-03       0.17421952E-07       0.97370925E-02      -0.23677342E-01       0.45388031E-28       0.50078008E-03      -0.12490548E-03      -0.17675077E-24       0.42694157E-05       0.13080654E-05       0.15766120E-26
 19       -0.18210945E-01       0.22744256E-01       0.46273077E-05       0.18689195E-03       0.53454076E-08       0.98198824E-02      -0.20645174E-01       0.76034779E-28       0.54828424E-03      -0.85612656E-04      -0.25049457E-24       0.42955560E-05       0.13745028E-05       0.25362382E-26
 20       -0.16783281E-01       0.32427615E-01       0.47322777E-05       0.15925474E-03       0.16543348E-08       0.10012411E-01      -0.18100021E-01       0.74270234E-28       0.59140246E-03      -0.54700435E-04      -0.28794868E-24       0.42849843E-05       0.13518879E-05       0.33742856E-26
 21       -0.15481933E-01       0.41597587E-01       0.48177446E-05       0.13587237E-03       0.51557784E-09       0.10275245E-01      -0.15959946E-01      -0.65258659E-28       0.62908490E-03      -0.30556647E-04       0.13700391E-24       0.42397219E-05       0.12756252E-05      -0.15906011E-26
 22       -0.14298375E-01       0.50295550E-01       0.48819530E-05       0.11606859E-03       0.16156132E-09       0.10580009E-01      -0.14157700E-01       0.24087810E-29       0.66050607E-03      -0.11855559E-04      -0.49533707E-26       0.41624011E-05       0.11699637E-05       0.11928345E-27
 23       -0.13224031E-01       0.58552831E-01       0.49234210E-05       0.99265558E-04       0.50835133E-10       0.10906229E-01      -0.12637431E-01      -0.41885339E-28       0.68509160E-03       0.24856112E-05       0.83123102E-25       0.40561157E-05       0.10511338E-05      -0.12185322E-26
 24       -0.12250448E-01       0.66392747E-01       0.49410010E-05       0.84976902E-04       0.16041563E-10       0.11239213E-01      -0.11352442E-01      -0.27887981E-29       0.70252728E-03       0.13346652E-04       0.31031019E-25       0.39242907E-05       0.92968523E-06      -0.64271550E-27
 25       -0.11369421E-01       0.73832222E-01       0.49339307E-05       0.72797139E-04       0.50712555E-11       0.11568552E-01      -0.10263564E-01       0.53217600E-28       0.71275163E-03       0.21439568E-04      -0.14672476E-24       0.37705654E-05       0.81219926E-06       0.28160412E-26
 26       -0.10573091E-01       0.80883076E-01       0.49018706E-05       0.62390122E-04       0.16045511E-11       0.11887032E-01      -0.93379154E-02       0.14739094E-27       0.71593450E-03       0.27338763E-04      -0.34336414E-24       0.35986890E-05       0.70252691E-06       0.70979156E-26
 27       -0.98540048E-02       0.87553087E-01       0.48449272E-05       0.53477885E-04       0.50768409E-12       0.12189824E-01      -0.85479201E-02      -0.52206625E-28       0.71244515E-03       0.31506446E-04       0.16706243E-25       0.34124248E-05       0.60267320E-06       0.97803513E-28
 28       -0.92051531E-02       0.93846887E-01       0.47636598E-05       0.45830617E-04       0.16051443E-12       0.12473870E-01      -0.78704926E-02      -0.59445012E-28       0.70281373E-03       0.34313751E-04       0.88822791E-25       0.32154640E-05       0.51342247E-06      -0.20196855E-26
 29       -0.86199962E-02       0.99766722E-01       0.46590727E-05       0.39257999E-04       0.50679967E-13       0.12737419E-01      -0.72863604E-02       0.58817610E-29       0.68768968E-03       0.36058120E-04       0.36273804E-25       0.30113500E-05       0.43477604E-06      -0.10827348E-26
 30       -0.80924688E-02       0.10531312E+00       0.45325901E-05       0.33601928E-04       0.15970588E-13       0.12979673E-01      -0.67794844E-02      -0.78471759E-28       0.66780053E-03       0.36977516E-04       0.13196032E-24       0.28034121E-05       0.36625493E-06      -0.36354547E-26
 31       -0.76169763E-02       0.11048546E+00       0.43860176E-05       0.28730511E-04       0.50207079E-14       0.13200515E-01      -0.63365605E-02       0.77224532E-28       0.64391355E-03       0.37261982E-04      -0.14328049E-24       0.25947117E-05       0.30710671E-06       0.45046774E-26
 32       -0.71883830E-02       0.11528250E+00       0.42214910E-05       0.24533161E-04       0.15739801E-14       0.13400307E-01      -0.59465918E-02      -0.70986492E-28       0.61680208E-03       0.37063012E-04       0.48392531E-25       0.23880001E-05       0.25644430E-06      -0.10280153E-26
 33       -0.68019936E-02       0.11970285E+00       0.40414138E-05       0.20916636E-04       0.49190998E-15       0.13579734E-01      -0.56005192E-02      -0.55300973E-28       0.58721762E-03       0.36501114E-04       0.10519715E-24       0.21856886E-05       0.21333722E-06      -0.33854778E-26
 34       -0.64535307E-02       0.12374534E+00       0.38483882E-05       0.17801861E-04       0.15321972E-15       0.13739689E-01      -0.52909041E-02      -0.11514216E-27       0.55586816E-03       0.35671916E-04       0.16752069E-24       0.19898311E-05       0.17686954E-06      -0.56378782E-26
 35       -0.61391097E-02       0.12740939E+00       0.36451412E-05       0.15121380E-04       0.47555749E-16       0.13881190E-01      -0.50116577E-02       0.11827768E-27       0.52340248E-03       0.34651077E-04      -0.27070014E-24       0.18021195E-05       0.14617506E-06       0.10598291E-25
 36       -0.58552122E-02       0.13069532E+00       0.34344496E-05       0.12817320E-04       0.14705894E-16       0.14005315E-01      -0.47578095E-02      -0.41868198E-28       0.49040002E-03       0.33498240E-04       0.16386582E-25       0.16238882E-05       0.12045678E-06      -0.25629716E-27
 37       -0.55986592E-02       0.13360457E+00       0.32190677E-05       0.10839772E-04       0.45304595E-17       0.14113162E-01      -0.45253126E-02       0.11126069E-27       0.45736561E-03       0.32260209E-04      -0.11853889E-24       0.14561301E-05       0.98996000E-07       0.44882002E-26
 38       -0.53665837E-02       0.13613993E+00       0.30016591E-05       0.91454974E-05       0.13903927E-17       0.14205813E-01      -0.43108780E-02      -0.22496314E-28       0.42472809E-03       0.30973502E-04       0.21682196E-25       0.12995189E-05       0.81154552E-07      -0.74382270E-27
 39       -0.51564052E-02       0.13830568E+00       0.27847367E-05       0.76968903E-05       0.42508568E-18       0.14284316E-01      -0.41118376E-02       0.23568799E-28       0.39284217E-03       0.29666402E-04       0.47343765E-25       0.11544384E-05       0.66372646E-07      -0.25869835E-26
 40       -0.49658039E-02       0.14010767E+00       0.25706115E-05       0.64611455E-05       0.12947145E-18       0.14349671E-01      -0.39260288E-02       0.16452617E-27       0.36199244E-03       0.28360610E-04      -0.24243509E-24       0.10210158E-05       0.54164162E-07       0.11351370E-25
 41       -0.47926976E-02       0.14155337E+00       0.23613531E-05       0.54095849E-05       0.39287850E-19       0.14402821E-01      -0.37516994E-02       0.18103631E-27       0.33239905E-03       0.27072564E-04      -0.22919179E-24       0.89915763E-06       0.44110499E-07       0.10933504E-25
 42       -0.46352193E-02       0.14265190E+00       0.21587605E-05       0.45171073E-05       0.11878697E-19       0.14444652E-01      -0.35874291E-02       0.96101424E-28       0.30422428E-03       0.25814512E-04      -0.73433118E-25       0.78858587E-06       0.35853784E-07       0.29590892E-26
 43       -0.44916962E-02       0.14341395E+00       0.19643453E-05       0.37617345E-05       0.35789432E-20       0.14475986E-01      -0.34320651E-02       0.51627115E-28       0.27757959E-03       0.24595362E-04       0.67846741E-26       0.68887430E-06       0.29089988E-07      -0.65567417E-27
 44       -0.43606312E-02       0.14385168E+00       0.17793254E-05       0.31242307E-05       0.10746657E-20       0.14497586E-01      -0.32846692E-02       0.12782911E-27       0.25253270E-03       0.23421374E-04      -0.14398570E-24       0.59948250E-06       0.23562261E-07       0.74006794E-26
 45       -0.42406852E-02       0.14397868E+00       0.16046290E-05       0.25877805E-05       0.32165319E-21       0.14510155E-01      -0.31444750E-02      -0.21996953E-27       0.22911444E-03       0.22296712E-04       0.13465576E-24       0.51978735E-06       0.19054693E-07      -0.60287825E-26
 46       -0.41306611E-02       0.14380971E+00       0.14409064E-05       0.21377102E-05       0.95976824E-22       0.14514342E-01      -0.30108535E-02       0.44520156E-28       0.20732521E-03       0.21223885E-04      -0.27401351E-25       0.44911126E-06       0.15386606E-07       0.11128808E-26
 47       -0.40294892E-02       0.14336065E+00       0.12885503E-05       0.17612456E-05       0.28554887E-22       0.14510745E-01      -0.28832845E-02       0.13715912E-27       0.18714083E-03       0.20204107E-04      -0.42623044E-25       0.38674668E-06       0.12407427E-07       0.11963934E-26
 48       -0.39362144E-02       0.14264821E+00       0.11477198E-05       0.14472973E-05       0.84723491E-23       0.14499913E-01      -0.27613345E-02       0.79437220E-28       0.16851783E-03       0.19237575E-04      -0.20628373E-24       0.33197692E-06       0.99921481E-08       0.13620028E-25
 49       -0.38499839E-02       0.14168978E+00       0.10183691E-05       0.11862690E-05       0.25073296E-23       0.14482349E-01      -0.26446382E-02      -0.56535998E-29       0.15139807E-03       0.18323701E-04      -0.25413141E-25       0.28409312E-06       0.80373425E-08       0.23777609E-26
 50       -0.37700368E-02       0.14050325E+00       0.90027717E-06       0.96988513E-06       0.74024961E-24       0.14458517E-01      -0.25328849E-02       0.14713697E-27       0.13571268E-03       0.17461283E-04      -0.22178023E-24       0.24240773E-06       0.64577183E-08       0.14782554E-25
 51       -0.36956940E-02       0.13910678E+00       0.79307925E-06       0.79103553E-06       0.21806141E-24       0.14428845E-01      -0.24258060E-02       0.24401087E-27       0.12138550E-03       0.16648655E-04      -0.37782246E-24       0.20626471E-06       0.51831469E-08       0.25734508E-25
 52       -0.36263503E-02       0.13751861E+00       0.69629627E-06       0.64363466E-06       0.64104083E-25       0.14393724E-01      -0.23231671E-02      -0.43790073E-28       0.10833586E-03       0.15883788E-04      -0.10449591E-25       0.17504680E-06       0.41561275E-08       0.86280652E-27
 53       -0.35614658E-02       0.13575689E+00       0.60936345E-06       0.52249438E-06       0.18809296E-25       0.14353516E-01      -0.22247598E-02       0.49740164E-28       0.96480893E-04       0.15164380E-04      -0.27351716E-24       0.14818028E-06       0.33296352E-08       0.21853939E-25
 54       -0.35005594E-02       0.13383951E+00       0.53165618E-06       0.42320916E-06       0.55094339E-26       0.14308556E-01      -0.21303969E-02      -0.17675522E-27       0.85737434E-04       0.14487916E-04       0.19403894E-24       0.12513767E-06       0.26653044E-08      -0.13766980E-25
 55       -0.34432022E-02       0.13178397E+00       0.46251303E-06       0.34205291E-06       0.16112860E-26       0.14259151E-01      -0.20399078E-02       0.33207063E-28       0.76023459E-04       0.13851716E-04      -0.69799795E-25       0.10543858E-06       0.21319044E-08       0.56017356E-26
 56       -0.33890124E-02       0.12960722E+00       0.40125574E-06       0.27588662E-06       0.47047086E-27       0.14205588E-01      -0.19531350E-02      -0.70767340E-28       0.67259237E-04       0.13252969E-04       0.14368484E-24       0.88649294E-07       0.17040654E-08      -0.11233564E-25
 57       -0.33376497E-02       0.12732557E+00       0.34720580E-06       0.22207615E-06       0.13705479E-27       0.14148132E-01      -0.18699316E-02      -0.17605145E-27       0.59368174E-04       0.12688756E-04       0.11641836E-24       0.74381306E-07       0.13612184E-08      -0.73066182E-26
 58       -0.32888115E-02       0.12495457E+00       0.29969806E-06       0.17841945E-06       0.39998134E-28       0.14087029E-01      -0.17901593E-02       0.12385824E-28       0.52277420E-04       0.12156069E-04       0.15595664E-25       0.62289033E-07       0.10867168E-08      -0.12479966E-26
 59       -0.32422280E-02       0.12250899E+00       0.25809129E-06       0.14308249E-06       0.11604473E-28       0.14022508E-01      -0.17136871E-02       0.10592533E-27       0.45918278E-04       0.11651823E-04      -0.86441560E-25       0.52067074E-07       0.86711057E-09       0.66447166E-26
 60       -0.31976595E-02       0.12000271E+00       0.22177603E-06       0.11454331E-06       0.34978703E-29       0.13954784E-01      -0.16403896E-02      -0.11063262E-27       0.40226440E-04       0.11172870E-04       0.30714370E-24       0.43447132E-07       0.69154964E-09      -0.27060523E-25
 61       -0.31548927E-02       0.11744874E+00       0.19018019E-06       0.91543279E-07       0.91156131E-30       0.13884056E-01      -0.15701467E-02      -0.34575635E-27       0.35142093E-04       0.10716017E-04       0.32327869E-24       0.36194789E-07       0.55129355E-09      -0.25492960E-25
 62       -0.31137380E-02       0.11485913E+00       0.16277248E-06       0.73045063E-07       0.35368610E-30       0.13810512E-01      -0.15028429E-02       0.60463468E-28       0.30609911E-04       0.10278047E-04      -0.11635255E-24       0.30106254E-07       0.43931070E-09       0.11192769E-25
 63       -0.30740268E-02       0.11224504E+00       0.13906417E-06       0.58196454E-07      -0.13582621E-30       0.13734326E-01      -0.14383662E-02       0.24414433E-27       0.26578952E-04       0.98557591E-05      -0.13411895E-24       0.25005183E-07       0.34995111E-09       0.76339115E-26
 64       -0.30356095E-02       0.10961669E+00       0.11860955E-06       0.46299511E-07       0.52372475E-31       0.13655665E-01      -0.13766088E-02       0.24052289E-27       0.23002481E-04       0.94460159E-05      -0.13269226E-24       0.20739635E-07       0.27868011E-09       0.74514826E-26
 65       -0.29983532E-02       0.10698340E+00       0.10100519E-06       0.36784323E-07      -0.48439587E-31       0.13574683E-01      -0.13174659E-02       0.23608293E-27       0.19837736E-04       0.90458110E-05      -0.22926471E-24       0.17179213E-07       0.22186188E-09       0.18628455E-25
 66       -0.29621400E-02       0.10435360E+00       0.85888434E-07       0.29186846E-07       0.35129547E-31       0.13491526E-01      -0.12608361E-02       0.29633150E-27       0.17045638E-04       0.86523548E-05      -0.18530358E-24       0.14212427E-07       0.17658410E-09       0.12877069E-25
 67       -0.29268653E-02       0.10173491E+00       0.72935344E-07       0.23130250E-07      -0.37779864E-31       0.13406334E-01      -0.12066210E-02       0.83743790E-28       0.14590471E-04       0.82631732E-05      -0.15020355E-25       0.11744270E-07       0.14051598E-09      -0.71253061E-27
 68       -0.28924365E-02       0.99134092E-01       0.61858170E-07       0.18309319E-07      -0.73222431E-31       0.13319237E-01      -0.11547254E-02       0.43297161E-27       0.12439545E-04       0.78762157E-05      -0.42902885E-24       0.96940477E-08       0.11179366E-09       0.37071871E-25
 69       -0.28587714E-02       0.96557176E-01       0.52402634E-07       0.14477444E-07      -0.20350545E-31       0.13230358E-01      -0.11050568E-02      -0.13546420E-27       0.10562849E-04       0.74899610E-05       0.80448510E-25       0.79934188E-08       0.88927699E-10      -0.59967308E-26
 70       -0.28257976E-02       0.94009456E-01       0.44345095E-07       0.11435830E-07      -0.48726960E-31       0.13139814E-01      -0.10575258E-02      -0.14561038E-27       0.89327287E-05       0.71035061E-05       0.15165864E-24       0.65846671E-08       0.70728701E-10      -0.13196877E-25
 71       -0.27934507E-02       0.91495555E-01       0.37489702E-07       0.90245796E-08       0.66861712E-31       0.13047719E-01      -0.10120458E-02      -0.12252461E-27       0.75235996E-05       0.67166246E-05      -0.71760543E-26       0.54191737E-08       0.56247403E-10       0.23964960E-26
 72       -0.27616741E-02       0.89019465E-01       0.31665620E-07       0.71153517E-08      -0.12197151E-30       0.12954176E-01      -0.96853280E-03       0.91848103E-28       0.63117071E-05       0.63297805E-05      -0.70520068E-25       0.44560818E-08       0.44726622E-10       0.45486901E-26
 73       -0.27304177E-02       0.86584598E-01       0.26724372E-07       0.56053349E-08       0.64462364E-32       0.12859288E-01      -0.92690593E-03      -0.12972249E-27       0.52749551E-05       0.59440885E-05       0.90093200E-25       0.36611343E-08       0.35562680E-10      -0.60640524E-26
 74       -0.26996374E-02       0.84193831E-01       0.22537341E-07       0.44123243E-08      -0.82132500E-31       0.12763149E-01      -0.88708686E-03       0.80690042E-28       0.43927981E-05       0.55612207E-05      -0.10761217E-24       0.30056677E-08       0.28274492E-10       0.10701601E-25
 75       -0.26692944E-02       0.81849553E-01       0.18993458E-07       0.34707072E-08      -0.16934406E-30       0.12665852E-01      -0.84900006E-03      -0.25487470E-29       0.36461897E-05       0.51832686E-05      -0.13577133E-24       0.24657458E-08       0.22478828E-10       0.15544645E-25
 76       -0.26393545E-02       0.79553707E-01       0.15997072E-07       0.27282012E-08      -0.53911622E-31       0.12567483E-01      -0.81257264E-03       0.22600569E-27       0.30175750E-05       0.48125751E-05      -0.38975257E-24       0.20214166E-08       0.17870511E-10       0.41268845E-25
 77       -0.26097878E-02       0.77307832E-01       0.13466026E-07       0.21432113E-08      -0.76782071E-31       0.12468127E-01      -0.77773435E-03      -0.88795329E-28       0.24909038E-05       0.44515566E-05       0.32353949E-25       0.16560776E-08       0.14206598E-10      -0.14807158E-26
 78       -0.25805679E-02       0.75113105E-01       0.11329919E-07       0.16826947E-08      -0.83998174E-31       0.12367861E-01      -0.74441754E-03       0.72511393E-27       0.20516464E-05       0.41025361E-05      -0.52039283E-24       0.13559353E-08       0.11293739E-10       0.45194384E-25
 79       -0.25516718E-02       0.72970373E-01       0.95285554E-08       0.13204380E-08      -0.21671309E-30       0.12266763E-01      -0.71255708E-03       0.33164609E-27       0.16867947E-05       0.37676038E-05      -0.47835983E-24       0.11095477E-08       0.89780962E-11       0.49373066E-25
 80       -0.25230796E-02       0.70880194E-01       0.80105682E-08       0.10356738E-08       0.15620596E-30       0.12164905E-01      -0.68209034E-03       0.43417948E-27       0.13848364E-05       0.34485145E-05      -0.14615934E-24       0.90743591E-09       0.71372902E-11       0.72310148E-26
 81       -0.24947735E-02       0.68842866E-01       0.67322066E-08       0.81196862E-09      -0.37530301E-31       0.12062357E-01      -0.65295709E-03       0.20004991E-28       0.11357003E-05       0.31466261E-05      -0.12548418E-24       0.74175841E-09       0.56739872E-11       0.14003402E-25
 82       -0.24667386E-02       0.66858458E-01       0.56562680E-08       0.63633395E-09      -0.54446989E-31       0.11959185E-01      -0.62509949E-03      -0.40408427E-27       0.93067291E-06       0.28628774E-05       0.40893519E-24       0.60603573E-09       0.45107845E-11      -0.40205670E-25
 83       -0.24389615E-02       0.64926836E-01       0.47511674E-08       0.49851474E-09      -0.65496409E-31       0.11855453E-01      -0.59846200E-03      -0.12723100E-28       0.76229222E-06       0.25977974E-05       0.20171590E-24       0.49492020E-09       0.35861378E-11      -0.21429798E-25
 84       -0.24114308E-02       0.63047692E-01       0.39901274E-08       0.39042235E-09       0.35440706E-31       0.11751223E-01      -0.57299129E-03      -0.56339829E-27       0.62422742E-06       0.23515384E-05       0.25235034E-24       0.40400301E-09       0.28511171E-11      -0.20458244E-25
 85       -0.23841367E-02       0.61220564E-01       0.33504751E-08       0.30568282E-09      -0.12842563E-30       0.11646551E-01      -0.54863624E-03       0.36748759E-27       0.51115119E-06       0.21239251E-05      -0.94914673E-25       0.32965304E-09       0.22668248E-11       0.35569212E-26
 86       -0.23570708E-02       0.59444858E-01       0.28130365E-08       0.23927774E-09       0.30081937E-31       0.11541496E-01      -0.52534781E-03       0.33165739E-27       0.41861239E-06       0.19145103E-05      -0.43487359E-24       0.26888253E-09       0.18023409E-11       0.44831939E-25
 87       -0.23302259E-02       0.57719867E-01       0.23616132E-08       0.18725909E-09      -0.69151119E-31       0.11436110E-01      -0.50307902E-03      -0.43942806E-27       0.34291420E-06       0.17226323E-05       0.48457862E-24       0.21923531E-09       0.14330883E-11      -0.48357393E-25
 88       -0.23035958E-02       0.56044790E-01       0.19825346E-08       0.14652328E-09      -0.40876290E-31       0.11330445E-01      -0.48178485E-03      -0.47364025E-27       0.28100158E-06       0.15474704E-05       0.19295489E-24       0.17869385E-09       0.11395320E-11      -0.15293937E-25
 89       -0.22771754E-02       0.54418745E-01       0.16642732E-08       0.11463216E-09       0.89692681E-31       0.11224551E-01      -0.46142219E-03       0.64911618E-27       0.23036004E-06       0.13880933E-05      -0.42506263E-24       0.14560229E-09       0.90614542E-12       0.39437119E-25
 90       -0.22509603E-02       0.52840783E-01       0.13971169E-08       0.89671575E-10       0.33713099E-31       0.11118475E-01      -0.44194976E-03      -0.14047874E-27       0.18892660E-06       0.12435021E-05      -0.23219987E-24       0.11860257E-09       0.72058797E-12       0.27369342E-25
 91       -0.22249469E-02       0.51309903E-01       0.11728883E-08       0.70139604E-10       0.52878863E-31       0.11012262E-01      -0.42332807E-03       0.47377978E-27       0.15501284E-06       0.11126656E-05      -0.54812790E-24       0.96581632E-10       0.57305121E-12       0.56559194E-25
 92       -0.21991322E-02       0.49825061E-01       0.98470734E-09       0.54858387E-10       0.10467039E-30       0.10905957E-01      -0.40551933E-03      -0.45051614E-27       0.12723940E-06       0.99454783E-06       0.84963611E-24       0.78627855E-10       0.45573927E-12      -0.92121603E-25
 93       -0.21735138E-02       0.48385180E-01       0.82678832E-09       0.42904653E-10      -0.28964658E-31       0.10799600E-01      -0.38848737E-03      -0.25257443E-27       0.10448078E-06       0.88813014E-06      -0.27443924E-24       0.63995023E-10       0.36245578E-12       0.36553459E-25
 94       -0.21480897E-02       0.46989158E-01       0.69426851E-09       0.33554996E-10      -0.23911693E-32       0.10693233E-01      -0.37219763E-03       0.36894901E-27       0.85819322E-07       0.79242737E-06      -0.46449241E-24       0.52072676E-10       0.28827555E-12       0.48651309E-25
 95       -0.21228584E-02       0.45635879E-01       0.58306267E-09       0.26242829E-10       0.53893289E-31       0.10586894E-01      -0.35661706E-03       0.11360947E-26       0.70507127E-07       0.70649911E-06      -0.92936506E-24       0.42361683E-10       0.22928366E-12       0.90643988E-25
 96       -0.20978186E-02       0.44324216E-01       0.48974011E-09       0.20524539E-10       0.12992902E-30       0.10480619E-01      -0.34171406E-03       0.63187558E-27       0.57934642E-07       0.62945734E-06      -0.46616887E-24       0.34454143E-10       0.18236813E-12       0.45289866E-25
 97       -0.20729696E-02       0.43053038E-01       0.41142075E-09       0.16052903E-10       0.99584376E-31       0.10374445E-01      -0.32745842E-03       0.37419304E-27       0.47604962E-07       0.56047084E-06      -0.47555343E-24       0.28016871E-10       0.14505510E-12       0.49799334E-25
 98       -0.20483106E-02       0.41821214E-01       0.34568748E-09       0.12556215E-10       0.37055186E-31       0.10268405E-01      -0.31382129E-03       0.14605103E-27       0.39112827E-07       0.49876731E-06      -0.29259886E-24       0.22777833E-10       0.11537789E-12       0.33979472E-25
 99       -0.20238413E-02       0.40627623E-01       0.29051219E-09       0.98219111E-11       0.35446262E-31       0.10162532E-01      -0.30077511E-03      -0.54270000E-27       0.32127507E-07       0.44363360E-06       0.42245647E-24       0.18515020E-10       0.91772948E-13      -0.40281557E-25
100       -0.19995615E-02       0.39471148E-01       0.24419352E-09       0.76837268E-11      -0.50803486E-31       0.10056857E-01      -0.28829352E-03      -0.91041171E-27       0.26378893E-07       0.39441460E-06       0.56934670E-24       0.15047318E-10       0.72997151E-13      -0.51122292E-25
101       -0.19754711E-02       0.38350688E-01       0.20530442E-09       0.60116356E-11       0.17759339E-31       0.99514101E-02      -0.27635137E-03       0.42318343E-27       0.21646187E-07       0.35051122E-06      -0.44752296E-24       0.12227030E-10       0.58062067E-13       0.45097341E-25
102       -0.19515702E-02       0.37265157E-01       0.17264806E-09       0.47039630E-11       0.69979889E-31       0.98462202E-02      -0.26492462E-03      -0.39534006E-28       0.17748732E-07       0.31137768E-06       0.22096513E-24       0.99337556E-11       0.46181734E-13      -0.27420396E-25
103       -0.19278589E-02       0.36213487E-01       0.14522080E-09       0.36812129E-11       0.51081870E-31       0.97413147E-02      -0.25399033E-03      -0.13030671E-26       0.14538566E-07       0.27651838E-06       0.58703837E-24       0.80693754E-11       0.36731150E-13      -0.47723596E-25
104       -0.19043375E-02       0.35194627E-01       0.12218100E-09       0.28812348E-11       0.15934341E-30       0.96367200E-02      -0.24352658E-03       0.71747213E-27       0.11894382E-07       0.24548459E-06      -0.84139177E-24       0.65539559E-11       0.29213277E-13       0.89495309E-25
105       -0.18810063E-02       0.34207551E-01       0.10282291E-09       0.22554413E-11       0.94921735E-31       0.95324614E-02      -0.23351244E-03      -0.10799906E-26       0.97166185E-08       0.21787099E-06       0.70974491E-24       0.53223964E-11       0.23232819E-13      -0.67795881E-25
106       -0.18578657E-02       0.33251252E-01       0.86554741E-10       0.17658497E-11      -0.83598260E-32       0.94285631E-02      -0.22392792E-03       0.10740315E-28       0.79234817E-08       0.19331230E-06       0.11474767E-24       0.43216918E-11       0.18475377E-13      -0.14333436E-25
107       -0.18349161E-02       0.32324748E-01       0.72880189E-10       0.13827672E-11      -0.95301797E-32       0.93250483E-02      -0.21475395E-03       0.11559625E-28       0.64477019E-08       0.17147989E-06      -0.51195887E-25       0.35086969E-11       0.14690880E-13       0.57989665E-26
108       -0.18121578E-02       0.31427082E-01       0.61383050E-10       0.10829814E-11       0.58486614E-31       0.92219390E-02      -0.20597231E-03      -0.70617236E-27       0.52339015E-08       0.15207865E-06       0.24284787E-24       0.28483006E-11       0.11680410E-13      -0.18357540E-25
109       -0.17895912E-02       0.30557319E-01       0.51714239E-10       0.84834539E-12       0.76634617E-32       0.91192564E-02      -0.19756561E-03      -0.73025376E-28       0.42364479E-08       0.13484391E-06      -0.14709564E-24       0.23119367E-11       0.92857325E-14       0.16666437E-25
110       -0.17672168E-02       0.29714552E-01       0.43580943E-10       0.66467153E-12       0.35871277E-32       0.90170209E-02      -0.18951724E-03      -0.40448599E-27       0.34177048E-08       0.11953863E-06       0.78064046E-25       0.18763695E-11       0.73809683E-14      -0.19362524E-26
111       -0.17450351E-02       0.28897897E-01       0.36737512E-10       0.52086686E-12       0.10337183E-31       0.89152518E-02      -0.18181135E-03      -0.26233426E-27       0.27466039E-08       0.10595077E-06       0.24186776E-25       0.15227025E-11       0.58659732E-14       0.26558497E-28
112       -0.17230462E-02       0.28106496E-01       0.30977838E-10       0.40825735E-12       0.43683063E-31       0.88139675E-02      -0.17443281E-03      -0.67069228E-27       0.21974781E-08       0.93890802E-07       0.32911593E-24       0.12355715E-11       0.46610738E-14      -0.26915983E-25
113       -0.17012507E-02       0.27339517E-01       0.26128956E-10       0.32005975E-12      -0.63706895E-31       0.87131856E-02      -0.16736718E-03      -0.10810358E-26       0.17491069E-08       0.83189529E-07       0.92568399E-24       0.10024866E-11       0.37028805E-14      -0.92388904E-25
114       -0.16796489E-02       0.26596151E-01       0.22045695E-10       0.25096881E-12       0.60988100E-31       0.86129231E-02      -0.16060066E-03       0.92817987E-28       0.13839343E-08       0.73695989E-07      -0.76173815E-25       0.81329616E-12       0.29409574E-14       0.10906201E-25
115       -0.16582410E-02       0.25875615E-01       0.18606183E-10       0.19683475E-12       0.80916980E-31       0.85131958E-02      -0.15412008E-03      -0.89318100E-28       0.10874276E-08       0.65275601E-07       0.17548068E-24       0.65975066E-12       0.23351757E-14      -0.18625850E-25
116       -0.16370273E-02       0.25177152E-01       0.15708087E-10       0.15441113E-12       0.27288007E-31       0.84140192E-02      -0.14791287E-03      -0.23613208E-27       0.84755043E-09       0.57808462E-07       0.22937183E-24       0.53514729E-12       0.18536052E-14      -0.24200807E-25
117       -0.16160080E-02       0.24500026E-01       0.13265465E-10       0.12115785E-12      -0.23408384E-31       0.83154077E-02      -0.14196704E-03       0.90439300E-28       0.65432991E-09       0.51187813E-07      -0.47551474E-25       0.43404075E-12       0.14708399E-14       0.54389916E-26
118       -0.15951834E-02       0.23843527E-01       0.11206120E-10       0.95087127E-13      -0.74511107E-31       0.82173752E-02      -0.13627111E-03      -0.85797421E-27       0.49950036E-09       0.45318644E-07       0.68850877E-24       0.35200805E-12       0.11666651E-14      -0.70746099E-25
119       -0.15745535E-02       0.23206967E-01       0.94693900E-11       0.74643170E-13      -0.26312592E-31       0.81199348E-02      -0.13081416E-03       0.63930898E-27       0.37620952E-09       0.40116445E-07      -0.54093916E-24       0.28545702E-12       0.92499558E-15       0.55252949E-25
120       -0.15541185E-02       0.22589682E-01       0.80042908E-11       0.58608069E-13       0.63856201E-31       0.80230989E-02      -0.12558574E-03       0.49324452E-27       0.27877636E-09       0.35506077E-07      -0.68654015E-24       0.23147067E-12       0.73303430E-15       0.74768115E-25
121       -0.15338784E-02       0.21991029E-01       0.67679618E-11       0.46028243E-13      -0.26755620E-31       0.79268795E-02      -0.12057586E-03      -0.44081895E-27       0.20249101E-09       0.31420758E-07       0.51120663E-24       0.18768057E-12       0.58059909E-15      -0.52663418E-25
122       -0.15138331E-02       0.21410387E-01       0.57243618E-11       0.36156931E-13       0.11395103E-30       0.78312877E-02      -0.11577502E-03       0.25039935E-28       0.14344948E-09       0.27801155E-07      -0.29057569E-25       0.15216392E-12       0.45958810E-15       0.27065969E-26
123       -0.14939827E-02       0.20847155E-01       0.48431756E-11       0.28409219E-13       0.15723698E-30       0.77363342E-02      -0.11117411E-03      -0.63498853E-27       0.98416798E-10       0.24594574E-07       0.41815887E-24       0.12335987E-12       0.36355733E-15      -0.41320149E-25
124       -0.14743270E-02       0.20300755E-01       0.40988975E-11       0.22326874E-13       0.63480232E-31       0.76420289E-02      -0.10676446E-03      -0.10271901E-27       0.64713802E-10       0.21754223E-07       0.50291309E-24       0.10000157E-12       0.28737959E-15      -0.58382834E-25
125       -0.14548659E-02       0.19770627E-01       0.34700623E-11       0.17550827E-13      -0.10478759E-30       0.75483813E-02      -0.10253776E-03       0.99106693E-27       0.40123242E-10       0.19238572E-07      -0.88163013E-24       0.81060855E-13       0.22697643E-15       0.93737820E-25
126       -0.14355992E-02       0.19256230E-01       0.29385995E-11       0.13799660E-13      -0.63545126E-31       0.74554003E-02      -0.98486096E-04      -0.14193899E-26       0.22811954E-10       0.17010762E-07       0.97650352E-24       0.65703369E-13       0.17910627E-15      -0.96587025E-25
127       -0.14165266E-02       0.18757043E-01       0.24892927E-11       0.10852764E-13      -0.23922522E-31       0.73630944E-02      -0.94601904E-04       0.33463926E-27       0.11266267E-10       0.15038090E-07      -0.45837983E-24       0.53252116E-13       0.14118722E-15       0.51361173E-25
128       -0.13976479E-02       0.18272563E-01       0.21093243E-11       0.85371582E-14       0.54966176E-31       0.72714713E-02      -0.90877957E-04      -0.34889152E-27       0.42383800E-11       0.13291547E-07       0.27012757E-24       0.43157816E-13       0.11117068E-15      -0.29687079E-25
129       -0.13789627E-02       0.17802304E-01       0.17878947E-11       0.67171830E-14      -0.47052849E-31       0.71805386E-02      -0.87307352E-04      -0.90739237E-27       0.70182206E-12       0.11745403E-07       0.90752805E-24       0.34974859E-13       0.87425233E-16      -0.95192012E-25
130       -0.13604707E-02       0.17345798E-01       0.15159015E-11       0.52864200E-14      -0.10710908E-30       0.70903030E-02      -0.83883497E-04      -0.24726049E-27      -0.18555911E-12       0.10376844E-07      -0.83551003E-25       0.28341768E-13       0.68654070E-16       0.13350099E-25
131       -0.13421713E-02       0.16902591E-01       0.12856708E-11       0.41613713E-14       0.78664323E-31       0.70007709E-02      -0.80600092E-04       0.78293021E-27       0.88764069E-12       0.91656380E-08      -0.46985491E-24       0.22965338E-13       0.53828477E-16       0.42918058E-25
132       -0.13240642E-02       0.16472248E-01       0.10907307E-11       0.32765078E-14       0.11432288E-30       0.69119485E-02      -0.77451119E-04      -0.54092272E-27       0.33608036E-11       0.80938512E-08       0.81034609E-24       0.18607760E-13       0.42130941E-16      -0.86899432E-25
133       -0.13061488E-02       0.16054348E-01       0.92562127E-12       0.25803907E-14      -0.13332396E-30       0.68238413E-02      -0.74430828E-04      -0.59285619E-27       0.67800149E-11       0.71455846E-08       0.62175835E-24       0.15076175E-13       0.32909684E-16      -0.66479352E-25
134       -0.12884245E-02       0.15648484E-01       0.78573539E-12       0.20326320E-14       0.57543674E-31       0.67364543E-02      -0.71533726E-04      -0.98466782E-28       0.10780360E-10       0.63067456E-08      -0.24178917E-24       0.12214185E-13       0.25649037E-16       0.34227060E-25
135       -0.12708908E-02       0.15254265E-01       0.66718391E-12       0.16015133E-14       0.16923646E-31       0.66497923E-02      -0.68754563E-04       0.12520005E-26       0.15071183E-10       0.55648433E-08      -0.10451706E-23       0.98949667E-14       0.19939971E-16       0.10505513E-24
136       -0.12535470E-02       0.14871313E-01       0.56668291E-12       0.12621189E-14       0.10435487E-30       0.65638596E-02      -0.66088321E-04       0.22689013E-27       0.19423804E-10       0.49088069E-08      -0.25740463E-24       0.80156922E-14       0.15458756E-16       0.26894514E-25
137       -0.12363924E-02       0.14499264E-01       0.48145864E-12       0.99487225E-15       0.57635249E-32       0.64786602E-02      -0.63530205E-04      -0.34785124E-27       0.23661261E-10       0.43288245E-08       0.54008406E-24       0.64929924E-14       0.11946562E-16      -0.60218256E-25
138       -0.12194264E-02       0.14137764E-01       0.40916752E-12       0.78438817E-15      -0.15474794E-30       0.63941976E-02      -0.61075633E-04       0.12256340E-26       0.27649738E-10       0.38161998E-08      -0.10883932E-23       0.52592813E-14       0.91965993E-17       0.11208154E-24
139       -0.12026480E-02       0.13786477E-01       0.34782883E-12       0.61857269E-15       0.65295531E-32       0.63104750E-02      -0.58720224E-04       0.36385418E-27       0.31291371E-10       0.33632253E-08      -0.42975691E-24       0.42597633E-14       0.70516163E-17       0.48623915E-25
140       -0.11860567E-02       0.13445073E-01       0.29576802E-12       0.48791674E-15      -0.76518916E-31       0.62274954E-02      -0.56459791E-04       0.71986243E-27       0.34518192E-10       0.29630696E-08      -0.35418041E-24       0.34500272E-14       0.53807000E-17       0.31126869E-25
141       -0.11696514E-02       0.13113238E-01       0.25156892E-12       0.38494195E-15       0.72026176E-31       0.61452613E-02      -0.54290331E-04       0.49962558E-27       0.37287014E-10       0.26096775E-08      -0.63568057E-24       0.27940733E-14       0.40824739E-17       0.69228069E-25
142       -0.11534315E-02       0.12790666E-01       0.21403352E-12       0.30376557E-15       0.62497772E-31       0.60637748E-02      -0.52208016E-04      -0.16580452E-26       0.39575070E-10       0.22976816E-08       0.11413647E-23       0.22627203E-14       0.30800864E-17      -0.10766641E-24
143       -0.11373959E-02       0.12477064E-01       0.18214805E-12       0.23975895E-15      -0.10278868E-30       0.59830379E-02      -0.50209186E-04      -0.29108204E-27       0.41376297E-10       0.20223241E-08       0.38414923E-24       0.18323269E-14       0.23041019E-17      -0.41504797E-25
144       -0.11215437E-02       0.12172148E-01       0.15505440E-12       0.18927938E-15       0.83651720E-31       0.59030521E-02      -0.48290344E-04      -0.88629740E-29       0.42698124E-10       0.17793870E-08       0.40790961E-24       0.14837246E-14       0.17089390E-17      -0.50842673E-25
145       -0.11058741E-02       0.11875644E-01       0.13202596E-12       0.14945937E-15       0.38540670E-31       0.58238187E-02      -0.46448142E-04       0.33423428E-27       0.43558701E-10       0.15651310E-08      -0.47966182E-24       0.12013865E-14       0.12524210E-17       0.55824516E-25
146       -0.10903860E-02       0.11587289E-01       0.11244733E-12       0.11804118E-15      -0.64193352E-31       0.57453388E-02      -0.44679380E-04      -0.19246575E-26       0.43984485E-10       0.13762413E-08       0.11240892E-23       0.97272245E-15       0.90976533E-18      -0.10125192E-24
147       -0.10750784E-02       0.11306827E-01       0.95797110E-13       0.93246726E-16      -0.55892606E-31       0.56676130E-02      -0.42980997E-04      -0.70944065E-27       0.44008139E-10       0.12097790E-08       0.80320542E-24       0.78754381E-15       0.64872258E-18      -0.83677468E-25
148       -0.10599503E-02       0.11034012E-01       0.81633408E-13       0.73675395E-16       0.53308200E-31       0.55906419E-02      -0.41350067E-04      -0.17240918E-26       0.43666693E-10       0.10631390E-08       0.11490290E-23       0.63758465E-15       0.45471471E-18      -0.10929358E-24
149       -0.10450006E-02       0.10768607E-01       0.69581628E-13       0.58223632E-16       0.24185168E-32       0.55144257E-02      -0.39783788E-04      -0.14510309E-26       0.42999959E-10       0.93401215E-09       0.50121705E-24       0.51615523E-15       0.30926557E-18      -0.42592812E-25
150       -0.10302282E-02       0.10510383E-01       0.59324110E-13       0.46021757E-16       0.12828530E-30       0.54389642E-02      -0.38279480E-04      -0.72044143E-27       0.42049147E-10       0.82035208E-09      -0.11260780E-25       0.41783079E-15       0.20297966E-18       0.96069638E-26
151       -0.10156321E-02       0.10259118E-01       0.50591401E-13       0.36384237E-16       0.62748476E-31       0.53642573E-02      -0.36834582E-04       0.58445237E-27       0.40855701E-10       0.72034553E-09      -0.81180941E-24       0.33821983E-15       0.12550707E-18       0.91782980E-25
152       -0.10012110E-02       0.10014598E-01       0.43154876E-13       0.28770582E-16      -0.45446699E-31       0.52903043E-02      -0.35446639E-04       0.86490778E-27       0.39460315E-10       0.63238631E-09      -0.43650417E-24       0.27375951E-15       0.74258330E-19       0.37647107E-25
153       -0.98696387E-03       0.97766186E-02       0.36820491E-13       0.22754558E-16       0.46029911E-31       0.52171046E-02      -0.34113306E-04      -0.11609484E-26       0.37902127E-10       0.55505213E-09       0.61991960E-24       0.22156875E-15       0.42501361E-19      -0.54659322E-25
154       -0.97288951E-03       0.95449790E-02       0.31423508E-13       0.17999965E-16      -0.35503021E-31       0.51446572E-02      -0.32832335E-04       0.86777247E-27       0.36218083E-10       0.48708404E-09      -0.10624362E-23       0.17932482E-15       0.14144907E-19       0.11597992E-24
155       -0.95898673E-03       0.93194871E-02       0.26824029E-13       0.14241558E-16      -0.53241615E-32       0.50729609E-02      -0.31601578E-04       0.58674793E-27       0.34442462E-10       0.42736814E-09      -0.37308867E-25       0.14511705E-15       0.57180078E-20      -0.27617279E-26
156       -0.94525432E-03       0.90999572E-02       0.22903216E-13       0.11270029E-16      -0.27748459E-31       0.50020144E-02      -0.30418977E-04       0.23849142E-26       0.32606530E-10       0.37491942E-09      -0.16687177E-23       0.11743587E-15      -0.71004040E-20       0.16643887E-24
157       -0.93169105E-03       0.88862097E-02       0.19560092E-13       0.89201749E-17      -0.36208786E-31       0.49318160E-02      -0.29282563E-04      -0.10826783E-26       0.30738335E-10       0.32886726E-09       0.61371837E-24       0.95011460E-16       0.34090696E-20      -0.55625302E-25
158       -0.91829568E-03       0.86780711E-02       0.16708834E-13       0.70615749E-17      -0.15453844E-32       0.48623640E-02      -0.28190451E-04       0.76541614E-27       0.28862610E-10       0.28844267E-09      -0.71579572E-24       0.76875005E-16       0.27806673E-21       0.73429510E-25
159       -0.90506695E-03       0.84753740E-02       0.14276480E-13       0.55912479E-17      -0.25791341E-31       0.47936565E-02      -0.27140835E-04      -0.48461002E-27       0.27000776E-10       0.25296678E-09       0.45300837E-24       0.62181962E-16       0.13682332E-19      -0.48022292E-25
160       -0.89200360E-03       0.82779564E-02       0.12200980E-13       0.44278612E-17      -0.56892616E-31       0.47256913E-02      -0.26131988E-04       0.11255479E-27       0.25171021E-10       0.22184067E-09       0.23651749E-24       0.50295359E-16       0.21246267E-19      -0.27131562E-25
161       -0.87910434E-03       0.80856618E-02       0.10429555E-13       0.35071669E-17      -0.55769275E-32       0.46584661E-02      -0.25162255E-04      -0.28941131E-27       0.23388447E-10       0.19453633E-09       0.33025140E-24       0.40672060E-16       0.32286713E-19      -0.32733827E-25
162       -0.86636787E-03       0.78983389E-02       0.89172975E-14       0.27784024E-17      -0.23296389E-31       0.45919785E-02      -0.24230051E-04      -0.53636522E-27       0.21665269E-10       0.17058849E-09       0.25364268E-24       0.32883325E-16       0.43387027E-19      -0.24499210E-25
163       -0.85379289E-03       0.77158416E-02       0.76259859E-14       0.22014521E-17      -0.53554350E-31       0.45262259E-02      -0.23333859E-04       0.23907843E-27       0.20011045E-10       0.14958749E-09       0.21235781E-24       0.26577734E-16       0.56121813E-19      -0.29640048E-25
164       -0.84137808E-03       0.75380285E-02       0.65230834E-14       0.17446079E-17       0.73687721E-31       0.44612055E-02      -0.22472225E-04      -0.52015739E-27       0.18432928E-10       0.13117282E-09       0.16253024E-24       0.21473383E-16       0.69202188E-19      -0.14169804E-25
165       -0.82912211E-03       0.73647629E-02       0.55808838E-14       0.13828021E-17       0.45296062E-31       0.43969143E-02      -0.21643758E-04       0.80518436E-27       0.16935931E-10       0.11502739E-09      -0.39637241E-24       0.17345782E-16       0.77890578E-19       0.40320909E-25
166       -0.81702363E-03       0.71959128E-02       0.47757883E-14       0.10962131E-17       0.91269881E-31       0.43333494E-02      -0.20847124E-04       0.63333597E-27       0.15523196E-10       0.10087248E-09      -0.39907532E-24       0.13997727E-16       0.93852487E-19       0.37389716E-25
167       -0.80508131E-03       0.70313503E-02       0.40876917E-14       0.86916412E-18       0.10398174E-30       0.42705075E-02      -0.20081045E-04      -0.19269562E-26       0.14196249E-10       0.88463226E-10       0.17093996E-23       0.11252433E-16       0.14370462E-18      -0.18102514E-24
168       -0.79329379E-03       0.68709518E-02       0.34994606E-14       0.68925447E-18      -0.72100217E-31       0.42083854E-02      -0.19344297E-04      -0.67719638E-27       0.12955250E-10       0.77584580E-10       0.61838455E-24       0.90663534E-17       0.14946398E-18      -0.63125525E-25
169       -0.78165970E-03       0.67145978E-02       0.29964909E-14       0.54667286E-18       0.49290408E-31       0.41469795E-02      -0.18635707E-04       0.12341107E-26       0.11799227E-10       0.68047783E-10      -0.49582656E-24       0.72980794E-17       0.15418307E-18       0.45541892E-25
170       -0.77017769E-03       0.65621725E-02       0.25663309E-14       0.43365536E-18       0.23619002E-31       0.40862862E-02      -0.17954153E-04      -0.66552716E-27       0.10726285E-10       0.59687207E-10       0.36916130E-24       0.58243772E-17       0.20150174E-18      -0.31222987E-25
171       -0.75884637E-03       0.64135641E-02       0.21983617E-14       0.34405695E-18       0.37052737E-31       0.40263020E-02      -0.17298556E-04      -0.48918121E-27       0.97338004E-11       0.52357571E-10       0.37778371E-25       0.46422077E-17       0.23005630E-18       0.64392582E-26
172       -0.74766437E-03       0.62686642E-02       0.18835251E-14       0.27301313E-18       0.57352264E-31       0.39670230E-02      -0.16667885E-04      -0.12492934E-26       0.88185917E-11       0.45931479E-10       0.97946652E-24       0.36344059E-17       0.30489524E-18      -0.98957868E-25
173       -0.73663030E-03       0.61273680E-02       0.16140927E-14       0.21667234E-18      -0.54717295E-31       0.39084454E-02      -0.16061150E-04       0.70861511E-27       0.79770668E-11       0.40297243E-10      -0.83652790E-24       0.28853899E-17       0.29943752E-18       0.85488976E-25
174       -0.72574279E-03       0.59895741E-02       0.13834686E-14       0.17198450E-18      -0.20383241E-31       0.38505650E-02      -0.15477403E-04      -0.16123979E-26       0.72053530E-11       0.35356972E-10       0.99279253E-24       0.21401630E-17       0.43455842E-18      -0.95757260E-25
175       -0.71500043E-03       0.58551842E-02       0.11860225E-14       0.13653382E-18       0.18260660E-31       0.37933778E-02      -0.14915735E-04       0.18797043E-27       0.64994059E-11       0.31024877E-10      -0.90472271E-25       0.16218941E-17       0.45949403E-18       0.96576877E-26
176       -0.70440185E-03       0.57241033E-02       0.10169471E-14       0.10840653E-18       0.52769768E-31       0.37368797E-02      -0.14375275E-04      -0.56027524E-27       0.58551008E-11       0.27225788E-10       0.14722748E-24       0.11496097E-17       0.53288527E-18      -0.76851628E-26
177       -0.69394563E-03       0.55962393E-02       0.87213680E-15       0.86086311E-19       0.12708231E-31       0.36810663E-02      -0.13855187E-04      -0.95161221E-27       0.52683073E-11       0.23893845E-10       0.92830007E-24       0.74437223E-18       0.61560723E-18      -0.95533632E-25
178       -0.68363040E-03       0.54715029E-02       0.74808467E-15       0.68371549E-19      -0.52771230E-31       0.36259333E-02      -0.13354669E-04       0.11406482E-26       0.47349504E-11       0.20971349E-10      -0.77804295E-24       0.57070645E-18       0.52852658E-18       0.78818024E-25
179       -0.67345475E-03       0.53498079E-02       0.64179425E-15       0.54309849E-19      -0.19730137E-31       0.35714762E-02      -0.12872955E-04      -0.96340176E-27       0.42510573E-11       0.18407749E-10       0.64545501E-24       0.31470674E-18       0.57372526E-18      -0.65044132E-25
180       -0.66341728E-03       0.52310706E-02       0.55070481E-15       0.43146231E-19       0.58411968E-31       0.35176905E-02      -0.12409306E-04       0.67646949E-27       0.38127944E-11       0.16158764E-10      -0.78173328E-24       0.26758724E-18       0.45043509E-18       0.83541929E-25
181       -0.65351661E-03       0.51152100E-02       0.47262749E-15       0.34282100E-19       0.10212095E-30       0.34645716E-02      -0.11963016E-04      -0.11941852E-26       0.34164941E-11       0.14185596E-10       0.47779713E-24       0.13265670E-18       0.44761097E-18      -0.37309590E-25
182       -0.64375133E-03       0.50021475E-02       0.40569086E-15       0.27242786E-19       0.25598305E-31       0.34121148E-02      -0.11533407E-04      -0.39479544E-27       0.30586734E-11       0.12454257E-10       0.13099591E-24       0.98700504E-19       0.37021853E-18      -0.92213562E-26
183       -0.63412004E-03       0.48918070E-02       0.34829456E-15       0.21651818E-19      -0.46168023E-31       0.33603155E-02      -0.11119829E-04      -0.12044790E-26       0.27360462E-11       0.10934967E-10       0.82566090E-24       0.38885294E-19       0.34003210E-18      -0.85273597E-25
184       -0.62462136E-03       0.47841149E-02       0.29906975E-15       0.17210568E-19       0.46314745E-31       0.33091688E-02      -0.10721659E-04      -0.10349273E-26       0.24455295E-11       0.96016335E-11       0.78165945E-24       0.21428460E-19       0.28474669E-18      -0.79088023E-25
185       -0.61525390E-03       0.46789996E-02       0.25684535E-15       0.13682119E-19       0.12203576E-32       0.32586698E-02      -0.10338298E-04       0.49996470E-27       0.21842455E-11       0.84313911E-11       0.54804761E-25       0.33570906E-19       0.21381476E-18      -0.11307006E-25
186       -0.60601626E-03       0.45763918E-02       0.22061929E-15       0.10878474E-19       0.79367214E-33       0.32088137E-02      -0.99691717E-05      -0.16648923E-26       0.19495199E-11       0.74042014E-11       0.46269500E-24       0.12493112E-19       0.18738055E-18      -0.30822055E-25
187       -0.59690706E-03       0.44762245E-02       0.18953392E-15       0.86504441E-20      -0.16804700E-30       0.31595955E-02      -0.96137296E-05      -0.48670321E-27       0.17388775E-11       0.65025019E-11       0.45230560E-24       0.49361079E-20       0.15654268E-18      -0.44475132E-25
188       -0.58792491E-03       0.43784325E-02       0.16285505E-15       0.68796116E-20      -0.57806404E-32       0.31110103E-02      -0.92714428E-05      -0.86815907E-28       0.15500357E-11       0.57108976E-11       0.30144245E-24       0.50262402E-20       0.12542673E-18      -0.30720422E-25
189       -0.57906844E-03       0.42829526E-02       0.13995405E-15       0.54719721E-20      -0.10233131E-30       0.30630528E-02      -0.89418040E-05       0.56382682E-27       0.13808962E-11       0.50158926E-11      -0.53816169E-24       0.27032839E-19       0.78350833E-19       0.56991269E-25
190       -0.57033627E-03       0.41897236E-02       0.12029258E-15       0.43528863E-20      -0.14571710E-30       0.30157181E-02      -0.86243264E-05      -0.26004473E-27       0.12295359E-11       0.44056544E-11       0.29186406E-24      -0.43225512E-21       0.85558776E-19      -0.31548224E-25
191       -0.56172703E-03       0.40986861E-02       0.10340952E-15       0.34630900E-20       0.11246677E-31       0.29690010E-02      -0.83185426E-05      -0.85354156E-27       0.10941972E-11       0.38698070E-11       0.81493294E-24      -0.16662211E-19       0.85422035E-19      -0.83115670E-25
192       -0.55323935E-03       0.40097825E-02       0.88909805E-16       0.27555130E-20       0.19864900E-31       0.29228964E-02      -0.80240039E-05       0.41578017E-27       0.97327730E-12       0.33992512E-11      -0.26341812E-24       0.11661808E-19       0.43876491E-19       0.22800166E-25
193       -0.54487188E-03       0.39229568E-02       0.76454923E-16       0.21927671E-20       0.38344530E-31       0.28773989E-02      -0.77402797E-05      -0.59640402E-27       0.86531832E-12       0.29860061E-11       0.39098513E-24      -0.66812386E-20       0.51536893E-19      -0.38590393E-25
194       -0.53662324E-03       0.38381548E-02       0.65754747E-16       0.17451538E-20       0.14292591E-30       0.28325035E-02      -0.74669565E-05      -0.42591964E-27       0.76899655E-12       0.26230711E-11       0.15542310E-24      -0.10078088E-20       0.37234369E-19      -0.13303831E-25
195       -0.52849210E-03       0.37553240E-02       0.56560576E-16       0.13890726E-20      -0.22304220E-31       0.27882048E-02      -0.72036374E-05       0.22159226E-27       0.68311253E-12       0.23043043E-11      -0.12202936E-24       0.53000018E-20       0.23956138E-19       0.11440318E-25
196       -0.52047711E-03       0.36744131E-02       0.48659183E-16       0.11057723E-20       0.11497397E-30       0.27444976E-02      -0.69499412E-05       0.31873890E-27       0.60658131E-12       0.20243170E-11      -0.13760150E-24       0.52311836E-20       0.18394412E-19       0.14087305E-25
197       -0.51257692E-03       0.35953726E-02       0.41867718E-16       0.88035125E-21       0.45587240E-31       0.27013765E-02      -0.67055018E-05      -0.47511003E-28       0.53842300E-12       0.17783807E-11       0.34498441E-24      -0.76644609E-20       0.26741780E-19      -0.39485019E-25
198       -0.50479021E-03       0.35181545E-02       0.36029357E-16       0.70096022E-21      -0.62006553E-31       0.26588361E-02      -0.64699678E-05      -0.11034191E-27       0.47775401E-12       0.15623454E-11       0.39340610E-24      -0.90062090E-20       0.24410322E-19      -0.43613868E-25
199       -0.49711565E-03       0.34427118E-02       0.31009566E-16       0.55818768E-21      -0.36716337E-31       0.26168712E-02      -0.62430015E-05      -0.68355480E-27       0.42377860E-12       0.13725689E-11       0.17083386E-24      -0.28689768E-20       0.15306728E-19      -0.11347748E-25
200       -0.48955192E-03       0.33689993E-02       0.26692921E-16       0.44454219E-21       0.15145914E-31       0.25754764E-02      -0.60242788E-05      -0.69983960E-27       0.37578112E-12       0.12058540E-11       0.13651442E-24      -0.23031442E-20       0.12345173E-19      -0.96891684E-26
201       -0.48209771E-03       0.32969729E-02       0.22980369E-16       0.35407143E-21      -0.23567397E-30       0.25346462E-02      -0.58134880E-05      -0.34861901E-27       0.33311866E-12       0.10593942E-11       0.23988865E-24      -0.52452241E-20       0.13352475E-19      -0.23993031E-25
202       -0.47475171E-03       0.32265898E-02       0.19786895E-16       0.28204291E-21       0.18764264E-31       0.24943754E-02      -0.56103302E-05      -0.73852672E-27       0.29521433E-12       0.93072538E-12       0.57500120E-24      -0.13476239E-19       0.20020919E-19      -0.59353157E-25
203       -0.46751262E-03       0.31578085E-02       0.17039518E-16       0.22469140E-21       0.36729445E-31       0.24546584E-02      -0.54145177E-05       0.76613277E-27       0.26155097E-12       0.81768394E-12      -0.36807578E-24       0.89480048E-20      -0.36639832E-20       0.34854383E-25
204       -0.46037917E-03       0.30905885E-02       0.14675581E-16       0.17901908E-21       0.21259360E-30       0.24154898E-02      -0.52257745E-05      -0.56814178E-28       0.23166545E-12       0.71837014E-12       0.14306605E-24      -0.30300136E-20       0.72950176E-20      -0.12621684E-25
205       -0.45335005E-03       0.30248907E-02       0.12641275E-16       0.14264406E-21      -0.22367836E-30       0.23768643E-02      -0.50438352E-05      -0.77621066E-27       0.20514337E-12       0.63111562E-12       0.12579104E-24      -0.25365963E-20       0.59792390E-20      -0.10239808E-25
206       -0.44642401E-03       0.29606769E-02       0.10890389E-16       0.11367477E-21      -0.60652595E-31       0.23387765E-02      -0.48684449E-05       0.14528152E-26       0.18161423E-12       0.55445522E-12      -0.10766842E-23       0.25519669E-19      -0.22739908E-19       0.10631702E-24
207       -0.43959977E-03       0.28979100E-02       0.93832245E-17       0.90594975E-22       0.34015983E-31       0.23012208E-02      -0.46993586E-05      -0.23160702E-27       0.16074706E-12       0.48710208E-12      -0.25005981E-24       0.67341053E-20      -0.44910920E-20       0.34389308E-25
208       -0.43287608E-03       0.28365542E-02       0.80856766E-17       0.72208793E-22       0.41306575E-31       0.22641919E-02      -0.45363407E-05       0.18224327E-27       0.14224640E-12       0.42792591E-12      -0.26435954E-25       0.70242026E-21       0.11076972E-20       0.25768120E-26
209       -0.42625169E-03       0.27765744E-02       0.69684389E-17       0.57558710E-22       0.14341549E-30       0.22276843E-02      -0.43791651E-05      -0.26850524E-26       0.12584867E-12       0.37593384E-12       0.15979039E-23      -0.37192766E-19       0.38652154E-19      -0.15504681E-24
210       -0.41972536E-03       0.27179366E-02       0.60063249E-17       0.45886067E-22       0.53018136E-31       0.21916927E-02      -0.42276141E-05       0.41021056E-27       0.11131889E-12       0.33025374E-12       0.19377431E-24      -0.51404566E-20       0.63191466E-20      -0.27685554E-25
211       -0.41329586E-03       0.26606077E-02       0.51776858E-17       0.36585149E-22       0.47750192E-31       0.21562116E-02      -0.40814788E-05      -0.13361220E-26       0.98447688E-13       0.29011941E-12       0.42466220E-24      -0.93178203E-20       0.10268721E-19      -0.34165733E-25
212       -0.40696196E-03       0.26045557E-02       0.44639103E-17       0.29170318E-22      -0.75142627E-31       0.21212356E-02      -0.39405581E-05       0.89487283E-28       0.87048628E-13       0.25485775E-12      -0.86336109E-25       0.23795471E-20      -0.16118702E-20       0.12785346E-25
213       -0.40072247E-03       0.25497492E-02       0.38489962E-17       0.23259454E-22       0.73711802E-31       0.20867593E-02      -0.38046588E-05       0.51094771E-27       0.76955773E-13       0.22387742E-12      -0.12875196E-24       0.25061220E-20      -0.18866402E-20       0.49151166E-26
214       -0.39457616E-03       0.24961579E-02       0.33191825E-17       0.18546828E-22       0.87663259E-31       0.20527773E-02      -0.36735951E-05       0.90048983E-27       0.68021510E-13       0.19665884E-12      -0.10141053E-23       0.24712160E-19      -0.24211545E-19       0.10946549E-24
215       -0.38852186E-03       0.24437523E-02       0.28626336E-17       0.14794692E-22       0.77241481E-32       0.20192843E-02      -0.35471885E-05      -0.12815285E-26       0.60114585E-13       0.17274554E-12       0.32301738E-24      -0.69742048E-20       0.73770933E-20      -0.23665677E-25
216       -0.38255837E-03       0.23925035E-02       0.24691688E-17       0.11800966E-22       0.87489582E-31       0.19862748E-02      -0.34252671E-05       0.94998130E-28       0.53118346E-13       0.15173642E-12      -0.67020605E-25       0.16092734E-20      -0.12839434E-20       0.64967919E-26
217       -0.37668452E-03       0.23423836E-02       0.21300292E-17       0.94142374E-23       0.89275586E-31       0.19537436E-02      -0.33076658E-05      -0.74150933E-27       0.46929156E-13       0.13327906E-12       0.46725505E-25      -0.68257084E-21       0.94493094E-21       0.26656637E-27
218       -0.37089914E-03       0.22933654E-02       0.18376784E-17       0.75104128E-23       0.77029236E-31       0.19216853E-02      -0.31942258E-05      -0.92689220E-27       0.41454983E-13       0.11706382E-12       0.89337166E-24      -0.21920196E-19       0.22131090E-19      -0.95352536E-25
219       -0.36520108E-03       0.22454225E-02       0.15856306E-17       0.59928399E-23      -0.11924530E-30       0.18900946E-02      -0.30847944E-05       0.14006422E-27       0.36614126E-13       0.10281859E-12      -0.54307081E-25       0.11734061E-20      -0.10026057E-20       0.34625694E-26
220       -0.35958920E-03       0.21985290E-02       0.13683037E-17       0.47795529E-23       0.90612586E-31       0.18589661E-02      -0.29792245E-05      -0.10849253E-26       0.32334081E-13       0.90304283E-13       0.56794345E-24      -0.13812672E-19       0.13949903E-19      -0.58119113E-25
221       -0.35406235E-03       0.21526600E-02       0.11808925E-17       0.38185369E-23      -0.58392736E-31       0.18282947E-02      -0.28773748E-05       0.80274520E-27       0.28550531E-13       0.79310826E-13      -0.59965589E-24       0.14867175E-19      -0.14755558E-19       0.63560377E-25
222       -0.34861942E-03       0.21077909E-02       0.10192602E-17       0.30451455E-23      -0.18813760E-30       0.17980751E-02      -0.27791095E-05       0.22870791E-27       0.25206437E-13       0.69653610E-13      -0.35494209E-24       0.88759111E-20      -0.87860005E-20       0.37823792E-25
223       -0.34325929E-03       0.20638982E-02       0.87984469E-18       0.24279915E-23      -0.18349041E-30       0.17683019E-02      -0.26842977E-05      -0.88158771E-27       0.22251230E-13       0.61170425E-13       0.24482834E-24      -0.55519988E-20       0.56240407E-20      -0.18917806E-25
224       -0.33798084E-03       0.20209587E-02       0.75957850E-18       0.19420920E-23       0.32940507E-31       0.17389701E-02      -0.25928137E-05      -0.82207691E-27       0.19640087E-13       0.53718733E-13       0.89236212E-25      -0.15441663E-20       0.16023588E-20      -0.84224427E-27
225       -0.33278299E-03       0.19789498E-02       0.65581967E-18       0.15457869E-23       0.16168758E-31       0.17100744E-02      -0.25045363E-05      -0.10462786E-27       0.17333295E-13       0.47173288E-13       0.15568362E-24      -0.36285247E-20       0.36753804E-20      -0.12071652E-25
226       -0.32766466E-03       0.19378497E-02       0.56629251E-18       0.12392485E-23      -0.10160883E-30       0.16816096E-02      -0.24193490E-05       0.26311961E-27       0.15295673E-13       0.41424035E-13      -0.21936232E-24       0.55125202E-20      -0.54744292E-20       0.22390837E-25
227       -0.32262476E-03       0.18976370E-02       0.48903645E-18       0.98721976E-24      -0.10807160E-30       0.16535707E-02      -0.23371399E-05       0.40622553E-29       0.13496064E-13       0.36374268E-13      -0.17257288E-24       0.48466526E-20      -0.48159462E-20       0.23959522E-25
228       -0.31766223E-03       0.18582911E-02       0.42236229E-18       0.78949810E-24      -0.92539489E-31       0.16259524E-02      -0.22578010E-05      -0.13685681E-26       0.11906880E-13       0.31939015E-13       0.38412720E-24      -0.88011815E-20       0.88254752E-20      -0.27566740E-25
229       -0.31277601E-03       0.18197915E-02       0.36481446E-18       0.62905913E-24       0.17023902E-30       0.15987498E-02      -0.21812286E-05      -0.30334627E-27       0.10503700E-13       0.28043615E-13      -0.21700753E-24       0.63601346E-20      -0.63400833E-20       0.32349775E-25
230       -0.30796507E-03       0.17821187E-02       0.31513847E-18       0.50447524E-24       0.92076219E-31       0.15719578E-02      -0.21073227E-05      -0.10665480E-26       0.92649111E-14       0.24622462E-13       0.76465948E-24      -0.19326711E-19       0.19342052E-19      -0.74005284E-25
231       -0.30322837E-03       0.17452535E-02       0.27225305E-18       0.40447623E-24       0.49261922E-31       0.15455713E-02      -0.20359872E-05       0.43429625E-27       0.81713886E-14       0.21617916E-13      -0.32513043E-24       0.81939261E-20      -0.81807230E-20       0.30398677E-25
232       -0.29856488E-03       0.17091772E-02       0.23522608E-18       0.32089570E-24       0.17267381E-31       0.15195854E-02      -0.19671295E-05       0.14878437E-26       0.72062139E-14       0.18979331E-13      -0.76009078E-24       0.19195029E-19      -0.19183943E-19       0.71079420E-25
233       -0.29397360E-03       0.16738715E-02       0.20325405E-18       0.25430168E-24      -0.87010719E-31       0.14939950E-02      -0.19006605E-05      -0.13575454E-26       0.63544223E-14       0.16662207E-13       0.83610638E-24      -0.21558920E-19       0.21566574E-19      -0.82011511E-25
234       -0.28945351E-03       0.16393187E-02       0.17564400E-18       0.20569134E-24      -0.85035129E-31       0.14687953E-02      -0.18364945E-05       0.16896300E-27       0.56027791E-14       0.14627450E-13      -0.16402423E-25       0.41525885E-21      -0.40847896E-21       0.17136972E-26
235       -0.28500363E-03       0.16055015E-02       0.15179847E-18       0.16142102E-24      -0.15125859E-30       0.14439814E-02      -0.17745490E-05       0.13774447E-27       0.49395832E-14       0.12840711E-13      -0.39549909E-24       0.10964001E-19      -0.10958203E-19       0.46359203E-25
236       -0.28062298E-03       0.15724031E-02       0.13120216E-18       0.13192826E-24       0.66128135E-31       0.14195483E-02      -0.17147443E-05       0.89355041E-27       0.43544901E-14       0.11271814E-13      -0.59439374E-24       0.15619035E-19      -0.15614114E-19       0.58302096E-25
237       -0.27631057E-03       0.15400070E-02       0.11341056E-18       0.10266748E-24      -0.11139141E-30       0.13954913E-02      -0.16570040E-05       0.86975542E-27       0.38383563E-14       0.98942466E-14      -0.50864234E-24       0.13279190E-19      -0.13275195E-19       0.47804861E-25
238       -0.27206546E-03       0.15082973E-02       0.98040286E-19       0.84998992E-25       0.89312679E-31       0.13718056E-02      -0.16012543E-05       0.45202019E-27       0.33831011E-14       0.86847190E-14      -0.42131291E-24       0.11562942E-19      -0.11559717E-19       0.45491977E-25
239       -0.26788668E-03       0.14772583E-02       0.84760517E-19       0.73367411E-25       0.16255940E-31       0.13484864E-02      -0.15474243E-05      -0.88765412E-27       0.29815842E-14       0.76227711E-14       0.72977687E-24      -0.19945172E-19       0.19946832E-19      -0.76453235E-25
240       -0.26377331E-03       0.14468748E-02       0.73285860E-19       0.51455480E-25       0.99859746E-31       0.13255289E-02      -0.14954456E-05      -0.12800721E-26       0.26274972E-14       0.66904299E-14       0.36907348E-24      -0.91910874E-20       0.91926103E-20      -0.27874865E-25
241       -0.25972440E-03       0.14171321E-02       0.63370062E-19       0.42948653E-25       0.13303344E-30       0.13029285E-02      -0.14452524E-05      -0.43748941E-28       0.23152673E-14       0.58719069E-14       0.22911373E-24      -0.64939073E-20       0.64952016E-20      -0.25591667E-25
242       -0.25573903E-03       0.13880156E-02       0.54800499E-19       0.37209500E-25      -0.11432527E-30       0.12806805E-02      -0.13967814E-05      -0.43516441E-27       0.20399728E-14       0.51533337E-14       0.30510833E-24      -0.83812407E-20       0.83821761E-20      -0.30683166E-25
243       -0.25181631E-03       0.13595113E-02       0.47393753E-19       0.27117967E-25       0.13197092E-30       0.12587803E-02      -0.13499713E-05       0.29330459E-27       0.17972666E-14       0.45225286E-14      -0.81110975E-25       0.20613261E-20      -0.20602824E-20       0.60867732E-26
244       -0.24795532E-03       0.13316054E-02       0.40991489E-19       0.22222714E-25      -0.84582127E-31       0.12372233E-02      -0.13047635E-05      -0.67294604E-27       0.15833107E-14       0.39687917E-14       0.41613619E-24      -0.11404226E-19       0.11404640E-19      -0.39840444E-25
245       -0.24415518E-03       0.13042845E-02       0.35456973E-19       0.17710027E-25      -0.31414977E-31       0.12160050E-02      -0.12611012E-05      -0.45098579E-27       0.13947161E-14       0.34827255E-14       0.20297921E-24      -0.54702025E-20       0.54706519E-20      -0.17991750E-25
246       -0.24041500E-03       0.12775356E-02       0.30672158E-19       0.13291349E-25      -0.25101627E-31       0.11951209E-02      -0.12189299E-05       0.20788176E-28       0.12284910E-14       0.30560759E-14       0.11879205E-24      -0.32599186E-20       0.32603200E-20      -0.10521962E-25
247       -0.23673392E-03       0.12513458E-02       0.26535156E-19       0.11965240E-25      -0.25139295E-30       0.11745664E-02      -0.11781970E-05      -0.14023255E-26       0.10819950E-14       0.26815937E-14       0.52632836E-24      -0.14284269E-19       0.14284209E-19      -0.46028970E-25
248       -0.23311108E-03       0.12257028E-02       0.22957968E-19       0.11693783E-25       0.44165863E-31       0.11543372E-02      -0.11388518E-05      -0.57876117E-28       0.95289701E-15       0.23529128E-14      -0.17976633E-25       0.50767508E-21      -0.50732919E-21       0.15000052E-26
249       -0.22954563E-03       0.12005944E-02       0.19864507E-19       0.66679433E-26       0.10930625E-32       0.11344288E-02      -0.11008455E-05       0.50403787E-27       0.83914047E-15       0.20644420E-14      -0.18288589E-24       0.49210937E-20      -0.49206641E-20       0.14676311E-25
250       -0.22603672E-03       0.11760087E-02       0.17189214E-19       0.32098872E-26       0.71412775E-31       0.11148370E-02      -0.10641311E-05       0.20427684E-27       0.73891046E-15       0.18112716E-14      -0.20835657E-24       0.60554814E-20      -0.60550835E-20       0.21049186E-25
251       -0.22258354E-03       0.11519343E-02       0.14875341E-19       0.78990251E-26       0.37854138E-31       0.10955573E-02      -0.10286631E-05       0.10165795E-27       0.65060563E-15       0.15890901E-14      -0.79104167E-25       0.23065438E-20      -0.23063015E-20       0.79127242E-26
252       -0.21918525E-03       0.11283599E-02       0.12873957E-19       0.84878613E-26      -0.43249561E-32       0.10765856E-02      -0.99439808E-06      -0.53155365E-27       0.57281331E-15       0.13941118E-14      -0.82630769E-25       0.33494829E-20      -0.33492783E-20       0.18230574E-25
253       -0.21584105E-03       0.11052744E-02       0.11142605E-19       0.64781220E-26      -0.32880215E-31       0.10579175E-02      -0.96129376E-06       0.17727372E-27       0.50428727E-15       0.12230125E-14       0.19211539E-25      -0.81079478E-21       0.81089132E-21      -0.44233038E-26
254       -0.21255014E-03       0.10826671E-02       0.96448150E-20       0.85170304E-27       0.14701708E-30       0.10395490E-02      -0.92930963E-06      -0.10473653E-26       0.44392859E-15       0.10728730E-14       0.10269116E-23      -0.30929246E-19       0.30928433E-19      -0.10775763E-24
255       -0.20931172E-03       0.10605276E-02       0.83490000E-20       0.79431223E-26       0.53455070E-31       0.10214757E-02      -0.89840657E-06       0.93813287E-27       0.39076739E-15       0.94113124E-15      -0.66039062E-24       0.19633720E-19      -0.19633064E-19       0.65266034E-25
256       -0.20612502E-03       0.10388457E-02       0.72277490E-20       0.70973350E-26       0.18872617E-31       0.10036937E-02      -0.86854691E-06      -0.18114512E-27       0.34394950E-15       0.82553642E-15       0.39527570E-24      -0.12311752E-19       0.12311464E-19      -0.44086758E-25
257       -0.20298927E-03       0.10176112E-02       0.62575324E-20       0.30946531E-26      -0.27821894E-30       0.98619886E-03      -0.83969429E-06       0.16275216E-27       0.30272059E-15       0.72411375E-15      -0.45851541E-24       0.14491761E-19      -0.14491313E-19       0.52285793E-25
258       -0.19990369E-03       0.99681461E-03       0.54179293E-20       0.27715209E-26       0.76709245E-31       0.96898708E-03      -0.81181371E-06       0.92569835E-27       0.26641628E-15       0.63512881E-15      -0.47538082E-24       0.13886500E-19      -0.13886038E-19       0.41475400E-25
259       -0.19686755E-03       0.97644629E-03       0.46912961E-20      -0.20250976E-26       0.21777266E-30       0.95205442E-03      -0.78487139E-06      -0.20780940E-28       0.23445076E-15       0.55705910E-15       0.28313912E-24      -0.91058526E-20       0.91056362E-20      -0.32755765E-25
260       -0.19388010E-03       0.95649699E-03       0.40624050E-20      -0.57823089E-26      -0.41010330E-31       0.93539691E-03      -0.75883479E-06      -0.90004666E-27       0.20630734E-15       0.48856839E-15       0.58306218E-24      -0.17758709E-19       0.17758217E-19      -0.56353752E-25
261       -0.19094060E-03       0.93695763E-03       0.35180571E-20       0.11038383E-26       0.31078728E-30       0.91901065E-03      -0.73367252E-06       0.69802694E-27       0.18153055E-15       0.42848373E-15      -0.31677082E-24       0.96837398E-20      -0.96834398E-20       0.30573537E-25
262       -0.18804833E-03       0.91781937E-03       0.30468445E-20       0.12489550E-26      -0.15125268E-32       0.90289175E-03      -0.70935433E-06       0.17398022E-27       0.15971950E-15       0.37577504E-15      -0.29719479E-24       0.94632056E-20      -0.94629285E-20       0.31612302E-25
263       -0.18520258E-03       0.89907357E-03       0.26388614E-20      -0.75840066E-27       0.14631525E-30       0.88703638E-03      -0.68585102E-06      -0.46434527E-27       0.14052042E-15       0.32953861E-15       0.33206545E-24      -0.10435169E-19       0.10434889E-19      -0.33366198E-25
264       -0.18240263E-03       0.88071177E-03       0.22857516E-20       0.50020554E-26      -0.57681728E-31       0.87144076E-03      -0.66313448E-06       0.43599184E-27       0.12362142E-15       0.28898139E-15      -0.64581928E-24       0.20986510E-19      -0.20985933E-19       0.70293397E-25
265       -0.17964780E-03       0.86272574E-03       0.19799419E-20       0.46292489E-26      -0.24064267E-30       0.85610113E-03      -0.64117756E-06       0.38012798E-27       0.10874821E-15       0.25340682E-15      -0.42992179E-24       0.14009044E-19      -0.14008659E-19       0.46473517E-25
266       -0.17693738E-03       0.84510742E-03       0.17152208E-20       0.10491228E-27      -0.33831375E-31       0.84101377E-03      -0.61995411E-06       0.72317699E-27       0.95658681E-16       0.22220401E-15      -0.35089090E-24       0.10977227E-19      -0.10976909E-19       0.32895566E-25
267       -0.17427072E-03       0.82784895E-03       0.14859666E-20       0.17164394E-26      -0.89433586E-31       0.82617503E-03      -0.59943888E-06       0.83974017E-27       0.84139697E-16       0.19483666E-15      -0.27152888E-24       0.81711320E-20      -0.81708832E-20       0.21816608E-25
268       -0.17164713E-03       0.81094264E-03       0.12874427E-20       0.52595403E-26       0.30943840E-30       0.81158126E-03      -0.57960754E-06       0.15610458E-27       0.74003512E-16       0.17083412E-15      -0.11749473E-25       0.15437893E-21      -0.15436270E-21      -0.98667669E-27
269       -0.16906595E-03       0.79438099E-03       0.11154744E-20       0.62800373E-27       0.22876992E-31       0.79722888E-03      -0.56043661E-06       0.35376245E-27       0.65084594E-16       0.14978354E-15       0.35065727E-25      -0.18130911E-20       0.18130683E-20      -0.10024889E-25
270       -0.16652654E-03       0.77815667E-03       0.96657123E-21      -0.73376780E-26      -0.99403946E-31       0.78311433E-03      -0.54190346E-06      -0.74122296E-27       0.57237382E-16       0.13132239E-15       0.29725838E-24      -0.94218027E-20       0.94215414E-20      -0.26990718E-25
271       -0.16402824E-03       0.76226251E-03       0.83748517E-21      -0.92306290E-26      -0.14823180E-30       0.76923411E-03      -0.52398623E-06      -0.64863697E-27       0.50333384E-16       0.11513286E-15       0.33374540E-24      -0.10800956E-19       0.10800662E-19      -0.31589008E-25
272       -0.16157042E-03       0.74669151E-03       0.72583968E-21       0.71130673E-26      -0.82511292E-31       0.75558475E-03      -0.50666386E-06       0.76019006E-27       0.44259536E-16       0.10093598E-15      -0.45661496E-24       0.15130283E-19      -0.15129878E-19       0.45667601E-25
273       -0.15915246E-03       0.73143683E-03       0.62897233E-21       0.21127392E-26       0.15235475E-31       0.74216282E-03      -0.48991602E-06       0.94890053E-28       0.38916605E-16       0.88486661E-16      -0.29996831E-24       0.10276738E-19      -0.10276473E-19       0.32255287E-25
274       -0.15677374E-03       0.71649179E-03       0.54508945E-21       0.31643564E-26      -0.13528843E-30       0.72896492E-03      -0.47372310E-06       0.17822404E-27       0.34216765E-16       0.77570320E-16      -0.14255071E-25       0.29526241E-21      -0.29524750E-21      -0.24830361E-27
275       -0.15443364E-03       0.70184986E-03       0.47248808E-21      -0.27132744E-26      -0.32554069E-30       0.71598770E-03      -0.45806618E-06       0.39391124E-28       0.30082873E-16       0.67998497E-16       0.16393372E-24      -0.60261673E-20       0.60260269E-20      -0.20998000E-25
276       -0.15213157E-03       0.68750465E-03       0.40961869E-21      -0.38369776E-26       0.46718499E-31       0.70322786E-03      -0.44292701E-06       0.11392802E-26       0.26446850E-16       0.59606023E-16      -0.78035478E-24       0.26353374E-19      -0.26352683E-19       0.76516616E-25
277       -0.14986693E-03       0.67344992E-03       0.35505531E-21      -0.24334411E-26      -0.32707686E-30       0.69068212E-03      -0.42828796E-06       0.75158455E-27       0.23249210E-16       0.52247548E-16      -0.37857445E-24       0.12921344E-19      -0.12921009E-19       0.38038565E-25
278       -0.14763914E-03       0.65967958E-03       0.30773967E-21      -0.13463205E-26       0.21074515E-30       0.67834726E-03      -0.41413205E-06       0.54624434E-27       0.20437074E-16       0.45796080E-16      -0.37153172E-24       0.12808851E-19      -0.12808523E-19       0.37582920E-25
279       -0.14544761E-03       0.64618766E-03       0.26680801E-21      -0.12313758E-26      -0.49120703E-32       0.66622006E-03      -0.40044287E-06      -0.50279146E-27       0.17964249E-16       0.40139869E-16       0.43272547E-24      -0.15168626E-19       0.15168246E-19      -0.45075065E-25
280       -0.14329179E-03       0.63296834E-03       0.23135864E-21       0.12514856E-25      -0.72275481E-31       0.65429739E-03      -0.38720459E-06      -0.13456432E-27       0.15789695E-16       0.35181269E-16       0.26791882E-24      -0.95143979E-20       0.95141625E-20      -0.28317223E-25
281       -0.14117110E-03       0.62001593E-03       0.20050449E-21      -0.19808815E-26      -0.80968959E-32       0.64257612E-03      -0.37440194E-06       0.65905520E-28       0.13877660E-16       0.30834264E-16       0.17162549E-24      -0.63396672E-20       0.63395178E-20      -0.20003398E-25
282       -0.13908500E-03       0.60732484E-03       0.17392121E-21       0.75874817E-26      -0.59894212E-31       0.63105318E-03      -0.36202018E-06      -0.47210857E-27       0.12196584E-16       0.27023507E-16       0.13743272E-24      -0.42837007E-20       0.42835760E-20      -0.88024329E-26
283       -0.13703294E-03       0.59488964E-03       0.15079659E-21      -0.16609081E-26      -0.26881415E-30       0.61972552E-03      -0.35004506E-06       0.11057413E-26       0.10718426E-16       0.23683175E-16      -0.79241377E-24       0.28065355E-19      -0.28064655E-19       0.79323481E-25
284       -0.13501438E-03       0.58270501E-03       0.13073637E-21       0.78316369E-26      -0.38550002E-30       0.60859014E-03      -0.33846287E-06      -0.18116721E-27       0.94192033E-17       0.20754852E-16       0.12833078E-24      -0.45656019E-20       0.45654887E-20      -0.12815092E-25
285       -0.13302879E-03       0.57076573E-03       0.11346368E-21      -0.12700808E-25       0.38049847E-30       0.59764409E-03      -0.32726035E-06      -0.13872468E-27       0.82769294E-17       0.18188187E-16      -0.58342744E-25       0.22118926E-20      -0.22118414E-20       0.66866463E-26
286       -0.13107564E-03       0.55906673E-03       0.98344476E-22      -0.34200424E-26      -0.15495846E-30       0.58688442E-03      -0.31642469E-06      -0.30054464E-27       0.72728707E-17       0.15938412E-16       0.16810571E-24      -0.58475399E-20       0.58473901E-20      -0.14919383E-25
287       -0.12915443E-03       0.54760302E-03       0.85248664E-22      -0.27928721E-26      -0.23010478E-30       0.57630826E-03      -0.30594354E-06      -0.62199516E-27       0.63903098E-17       0.13966504E-16       0.33678065E-24      -0.11929097E-19       0.11928798E-19      -0.31332051E-25
288       -0.12726464E-03       0.53636973E-03       0.73959345E-22       0.13020748E-25       0.73893168E-31       0.56591275E-03      -0.29580498E-06      -0.72556433E-27       0.56145638E-17       0.12238220E-16       0.33670610E-24      -0.11739313E-19       0.11739013E-19      -0.29032977E-25
289       -0.12540577E-03       0.52536211E-03       0.64249556E-22       0.87953762E-26      -0.19393299E-30       0.55569507E-03      -0.28599750E-06      -0.58840244E-27       0.49327628E-17       0.10723484E-16       0.59622928E-24      -0.22002569E-19       0.22002043E-19      -0.60657807E-25
290       -0.12357733E-03       0.51457549E-03       0.55644143E-22      -0.42201000E-26       0.53655636E-31       0.54565244E-03      -0.27650997E-06      -0.56659532E-27       0.43335152E-17       0.93959961E-17       0.28530904E-24      -0.10310263E-19       0.10310010E-19      -0.26850667E-25
291       -0.12177883E-03       0.50400533E-03       0.48223883E-22       0.14721933E-25       0.23240416E-30       0.53578212E-03      -0.26733167E-06       0.40272633E-27       0.38068259E-17       0.82326709E-17      -0.16493520E-24       0.59771668E-20      -0.59770205E-20       0.15446167E-25
292       -0.12000979E-03       0.49364717E-03       0.41889090E-22       0.13684909E-25       0.23118617E-30       0.52608141E-03      -0.25845224E-06       0.88429082E-28       0.33440831E-17       0.72130876E-17      -0.48260362E-25       0.16472885E-20      -0.16472449E-20       0.35540669E-26
293       -0.11826974E-03       0.48349666E-03       0.36298224E-22      -0.16493613E-25      -0.94860874E-31       0.51654762E-03      -0.24986166E-06      -0.43464261E-27       0.29375045E-17       0.63195502E-17       0.38449792E-24      -0.14534857E-19       0.14534518E-19      -0.39385491E-25
294       -0.11655822E-03       0.47354952E-03       0.31475562E-22       0.71789797E-26       0.10117970E-30       0.50717814E-03      -0.24155028E-06      -0.52310079E-27       0.25801777E-17       0.55366124E-17       0.13119793E-24      -0.44368805E-20       0.44367619E-20      -0.90275070E-26
295       -0.11487475E-03       0.46380160E-03       0.27383843E-22      -0.36462836E-26      -0.59949146E-31       0.49797034E-03      -0.23350876E-06      -0.17270563E-27       0.22662013E-17       0.48505554E-17       0.24308109E-25      -0.55454295E-21       0.55451916E-21       0.68998590E-27
296       -0.11321890E-03       0.45424881E-03       0.23731772E-22       0.10040426E-26       0.33285976E-30       0.48892167E-03      -0.22572810E-06       0.32977056E-27       0.19903271E-17       0.42494109E-17      -0.52954109E-25       0.17112537E-20      -0.17112055E-20       0.29866081E-26
297       -0.11159021E-03       0.44488716E-03       0.20614796E-22       0.11404150E-25       0.63860696E-31       0.48002960E-03      -0.21819959E-06       0.96760248E-27       0.17479030E-17       0.37227246E-17      -0.67322210E-24       0.25845686E-19      -0.25845092E-19       0.67763357E-25
298       -0.10998824E-03       0.43571275E-03       0.17813267E-22      -0.49731177E-26      -0.57238410E-31       0.47129162E-03      -0.21091483E-06      -0.99063823E-27       0.15352120E-17       0.32609587E-17       0.54044236E-24      -0.20372867E-19       0.20372388E-19      -0.50327566E-25
299       -0.10841257E-03       0.42672176E-03       0.15539558E-22      -0.11415587E-25       0.17132026E-30       0.46270528E-03      -0.20386569E-06      -0.83264613E-27       0.13481766E-17       0.28565611E-17       0.58280411E-24      -0.22654338E-19       0.22653824E-19      -0.58997689E-25
300       -0.10686277E-03       0.41791044E-03       0.13406047E-22      -0.19630962E-26      -0.62893692E-31       0.45426814E-03      -0.19704435E-06       0.67245157E-28       0.11837808E-17       0.25023445E-17      -0.69624784E-25       0.26280686E-20      -0.26280063E-20       0.61235142E-26
301       -0.10533841E-03       0.40927515E-03       0.11670856E-22      -0.13449980E-25      -0.33697702E-30       0.44597781E-03      -0.19044322E-06      -0.50750041E-27       0.10395089E-17       0.21918732E-17       0.30409364E-25      -0.65169942E-21       0.65167012E-21       0.88659874E-27
302       -0.10383909E-03       0.40081229E-03       0.10105460E-22       0.11834059E-25      -0.43227688E-31       0.43783192E-03      -0.18405500E-06       0.24450375E-27       0.91271129E-18       0.19199438E-17       0.57233253E-25      -0.27234577E-20       0.27234097E-20      -0.93747292E-26
303       -0.10236439E-03       0.39251837E-03       0.87717339E-23       0.27354831E-26      -0.24116477E-30       0.42982814E-03      -0.17787260E-06      -0.21107130E-28       0.80137909E-18       0.16816758E-17      -0.81681612E-25       0.33274740E-20      -0.33274022E-20       0.87629871E-26
304       -0.10091391E-03       0.38438996E-03       0.76404462E-23       0.21901568E-25      -0.88259313E-31       0.42196418E-03      -0.17188922E-06       0.39104699E-27       0.70356320E-18       0.14729753E-17      -0.20878105E-24       0.81089708E-20      -0.81087853E-20       0.19293595E-25
305       -0.99487265E-04       0.37642371E-03       0.65580132E-23       0.57729201E-26      -0.51959868E-31       0.41423777E-03      -0.16609825E-06       0.15283996E-27       0.61770709E-18       0.12900974E-17      -0.12758335E-24       0.50887973E-20      -0.50886846E-20       0.12596536E-25
306       -0.98084057E-04       0.36861632E-03       0.57229218E-23      -0.89037210E-26       0.58419838E-31       0.40664667E-03      -0.16049332E-06      -0.23260831E-27       0.54233219E-18       0.11298708E-17       0.11255282E-24      -0.45027012E-20       0.45026019E-20      -0.11160760E-25
307       -0.96703903E-04       0.36096459E-03       0.49573665E-23      -0.14536276E-26      -0.20181257E-30       0.39918869E-03      -0.15506828E-06      -0.95866810E-27       0.47618344E-18       0.98947185E-18       0.56338424E-24      -0.22626898E-19       0.22626400E-19      -0.55230182E-25
308       -0.95346428E-04       0.35346537E-03       0.43611292E-23       0.11888567E-25       0.69573031E-31       0.39186164E-03      -0.14981717E-06       0.48335743E-28       0.41792098E-18       0.86666310E-18      -0.41121253E-25       0.17633394E-20      -0.17633036E-20       0.48255118E-26
309       -0.94011257E-04       0.34611558E-03       0.37686497E-23       0.18265252E-25       0.93654845E-31       0.38466340E-03      -0.14473425E-06      -0.24103018E-27       0.36688244E-18       0.75896923E-18       0.90722830E-25      -0.34250826E-20       0.34250009E-20      -0.68747145E-26
310       -0.92698026E-04       0.33891220E-03       0.33547528E-23       0.21457518E-26      -0.11185345E-30       0.37759184E-03      -0.13981397E-06      -0.51510435E-27       0.32208035E-18       0.66462590E-18       0.33481121E-24      -0.13502743E-19       0.13502446E-19      -0.31388422E-25
311       -0.91406374E-04       0.33185229E-03       0.28156512E-23      -0.11801126E-25      -0.15225755E-30       0.37064489E-03      -0.13505096E-06      -0.25677621E-27       0.28267363E-18       0.58206082E-18       0.97721410E-25      -0.38554972E-20       0.38554100E-20      -0.84985541E-26
312       -0.90135944E-04       0.32493296E-03       0.24809269E-23       0.21056563E-26       0.65052971E-30       0.36382051E-03      -0.13044004E-06       0.20401373E-27       0.24804665E-18       0.50977311E-18      -0.33020915E-24       0.14283353E-19      -0.14283065E-19       0.37401335E-25
313       -0.88886388E-04       0.31815137E-03       0.22035051E-23       0.80991538E-26      -0.37804253E-30       0.35711666E-03      -0.12597619E-06       0.22677905E-27       0.21771448E-18       0.44639164E-18      -0.10178377E-24       0.40892780E-20      -0.40891873E-20       0.89982480E-26
314       -0.87657360E-04       0.31150476E-03       0.18988871E-23       0.11692506E-25      -0.16006587E-30       0.35053137E-03      -0.12165457E-06       0.64432724E-27       0.19104996E-18       0.39091595E-18      -0.81775510E-25       0.26383839E-20      -0.26383078E-20       0.25147962E-26
315       -0.86448523E-04       0.30499041E-03       0.16164482E-23      -0.18967518E-26       0.10151640E-30       0.34406266E-03      -0.11747050E-06       0.82127672E-27       0.16762798E-18       0.34234388E-18      -0.32039107E-24       0.12742498E-19      -0.12742211E-19       0.26321522E-25
316       -0.85259541E-04       0.29860568E-03       0.13648050E-23       0.90581125E-26      -0.25690962E-30       0.33770861E-03      -0.11341946E-06      -0.48539448E-27       0.14721842E-18       0.29965405E-18       0.20592969E-24      -0.87078714E-20       0.87076900E-20      -0.20730891E-25
317       -0.84090087E-04       0.29234797E-03       0.14106803E-23      -0.19020521E-25      -0.24912101E-31       0.33146731E-03      -0.10949707E-06      -0.17818425E-27       0.12917454E-18       0.26239583E-18       0.12143469E-24      -0.52023142E-20       0.52022072E-20      -0.12415676E-25
318       -0.82939836E-04       0.28621472E-03       0.10918337E-23       0.12331399E-25      -0.28751150E-30       0.32533688E-03      -0.10569912E-06      -0.73383159E-28       0.11333346E-18       0.22976990E-18      -0.32275419E-25       0.13985373E-20      -0.13985086E-20       0.31998278E-26
319       -0.81808471E-04       0.28020346E-03       0.85124619E-24      -0.18119141E-25      -0.17316793E-30       0.31931548E-03      -0.10202150E-06      -0.48594266E-27       0.99499556E-19       0.20112825E-18       0.24055095E-24      -0.10102662E-19       0.10102448E-19      -0.22272574E-25
320       -0.80695677E-04       0.27431173E-03       0.64965143E-24       0.19243477E-25      -0.16750935E-30       0.31340129E-03      -0.98460283E-07       0.52861731E-27       0.87203444E-19       0.17620063E-18      -0.32635511E-24       0.14149979E-19      -0.14149692E-19       0.33098396E-25
321       -0.79601146E-04       0.26853715E-03       0.73233732E-24      -0.25853519E-27      -0.13880427E-31       0.30759250E-03      -0.95011640E-07       0.45290864E-28       0.76561756E-19       0.15422190E-18      -0.21364916E-25       0.95743551E-21      -0.95741690E-21       0.24213866E-26
322       -0.78524574E-04       0.26287738E-03       0.58937989E-24      -0.69913156E-26      -0.49544164E-30       0.30188736E-03      -0.91671885E-07       0.86205918E-27       0.67077168E-19       0.13512089E-18      -0.58637023E-24       0.25752608E-19      -0.25752091E-19       0.59852806E-25
323       -0.77465662E-04       0.25733012E-03       0.46246716E-24      -0.44467229E-26      -0.12474644E-30       0.29628413E-03      -0.88437448E-07      -0.68958831E-27       0.59012635E-19       0.11813621E-18       0.35128998E-24      -0.15112614E-19       0.15112302E-19      -0.33018118E-25
324       -0.76424116E-04       0.25189314E-03       0.50248917E-24      -0.16298953E-26       0.30929385E-30       0.29078108E-03      -0.85304881E-07       0.26552908E-27       0.51687218E-19       0.10351190E-18      -0.94189783E-25       0.40953046E-20      -0.40952214E-20       0.91894099E-26
325       -0.75399646E-04       0.24656423E-03       0.41554159E-24      -0.33540337E-25       0.43097652E-30       0.28537653E-03      -0.82270849E-07       0.37018548E-27       0.45309808E-19       0.90656042E-19      -0.36267473E-24       0.16295789E-19      -0.16295470E-19       0.37812210E-25
326       -0.74391966E-04       0.24134125E-03       0.40680945E-24      -0.10771836E-25      -0.13204942E-30       0.28006882E-03      -0.79332128E-07      -0.60141038E-27       0.39869996E-19       0.79243268E-19       0.40875242E-24      -0.18218065E-19       0.18217704E-19      -0.40957016E-25
327       -0.73400797E-04       0.23622208E-03       0.30497069E-24       0.10000827E-25       0.18215145E-30       0.27485631E-03      -0.76485601E-07       0.34656711E-27       0.34886998E-19       0.69460089E-19      -0.66272831E-25       0.27131351E-20      -0.27130758E-20       0.51031411E-26
328       -0.72425861E-04       0.23120466E-03       0.35624142E-24      -0.38503638E-26       0.21452757E-30       0.26973739E-03      -0.73728251E-07       0.25173657E-27       0.30596723E-19       0.60812593E-19      -0.14781491E-24       0.65607038E-20      -0.65605729E-20       0.14161122E-25
329       -0.71466888E-04       0.22628697E-03       0.39546546E-25       0.10411692E-25      -0.19398107E-30       0.26471046E-03      -0.71057165E-07       0.36859302E-27       0.26821279E-19       0.53252558E-19      -0.23922130E-24       0.10861790E-19      -0.10861580E-19       0.24394576E-25
330       -0.70523610E-04       0.22146702E-03       0.28336447E-24      -0.28601768E-25      -0.27207287E-30       0.25977398E-03      -0.68469524E-07       0.36421753E-28       0.23560273E-19       0.46582178E-19      -0.20169653E-25       0.92228396E-21      -0.92226629E-21       0.21218220E-26
331       -0.69595763E-04       0.21674287E-03       0.20791607E-25      -0.52492039E-28      -0.68015307E-31       0.25492639E-03      -0.65962600E-07       0.25954011E-27       0.20668159E-19       0.40773294E-19       0.15650727E-24      -0.78732722E-20       0.78731372E-20      -0.20455346E-25
332       -0.68683089E-04       0.21211263E-03       0.99541203E-25       0.12002407E-25       0.82854866E-30       0.25016618E-03      -0.63533759E-07      -0.44557751E-27       0.18172320E-19       0.35646274E-19       0.14358495E-24      -0.60546667E-20       0.60545373E-20      -0.10754631E-25
333       -0.67785333E-04       0.20757443E-03       0.35065295E-25       0.83126886E-26      -0.50884352E-30       0.24549186E-03      -0.61180449E-07       0.75073613E-28       0.15908475E-19       0.31231970E-19       0.13575393E-24      -0.66749169E-20       0.66747989E-20      -0.16287505E-25
334       -0.66902244E-04       0.20312645E-03       0.16746816E-24      -0.56708861E-26      -0.33277336E-30       0.24090196E-03      -0.58900206E-07       0.70203535E-27       0.13856343E-19       0.27433726E-19      -0.49264126E-24       0.22786291E-19      -0.22785856E-19       0.49142369E-25
335       -0.66033575E-04       0.19876689E-03      -0.68812600E-25      -0.11341168E-25      -0.14337445E-31       0.23639504E-03      -0.56690644E-07       0.58524856E-27       0.12157165E-19       0.24007801E-19      -0.41468009E-24       0.19388970E-19      -0.19388605E-19       0.42239767E-25
336       -0.65179084E-04       0.19449402E-03       0.15598553E-24      -0.27590410E-25       0.63200421E-30       0.23196966E-03      -0.54549455E-07       0.22563090E-27       0.10693158E-19       0.20982175E-19      -0.21874028E-24       0.10419722E-19      -0.10419530E-19       0.23181075E-25
337       -0.64338531E-04       0.19030611E-03       0.10815752E-24      -0.29413244E-25       0.32466411E-30       0.22762444E-03      -0.52474408E-07       0.32424354E-28       0.94078674E-20       0.18334601E-19       0.39845784E-26      -0.10923994E-21       0.10923595E-21       0.17398450E-27
338       -0.63511683E-04       0.18620147E-03       0.10408725E-24      -0.98202026E-26      -0.76463497E-30       0.22335799E-03      -0.50463345E-07      -0.85481496E-27       0.83567672E-20       0.15940632E-19       0.56242247E-24      -0.26414715E-19       0.26414218E-19      -0.55567787E-25
339       -0.62698307E-04       0.18217848E-03       0.22006913E-24      -0.26319729E-25       0.10659020E-30       0.21916894E-03      -0.48514177E-07      -0.88616762E-28       0.72454631E-20       0.14034250E-19       0.64019822E-25      -0.30651189E-20       0.30650627E-20      -0.66490414E-26
340       -0.61898177E-04       0.17823551E-03       0.11452829E-24       0.33841449E-25       0.12996035E-30       0.21505598E-03      -0.46624884E-07       0.44111232E-27       0.62885385E-20       0.12347894E-19      -0.28798968E-24       0.13689355E-19      -0.13689101E-19       0.28729475E-25
341       -0.61111068E-04       0.17437098E-03       0.13860102E-24       0.54305433E-25      -0.24162709E-30       0.21101778E-03      -0.44793511E-07      -0.51324042E-27       0.56268493E-20       0.10694294E-19       0.33934333E-24      -0.16193125E-19       0.16192826E-19      -0.33708603E-25
342       -0.60336760E-04       0.17058334E-03       0.17560165E-25       0.41476082E-25       0.38595987E-30       0.20705304E-03      -0.43018168E-07       0.49695929E-27       0.48092871E-20       0.94839367E-20      -0.40671156E-24       0.19824593E-19      -0.19824235E-19       0.42581369E-25
343       -0.59575038E-04       0.16687108E-03       0.57151690E-25       0.48746046E-26       0.55481684E-30       0.20316050E-03      -0.41297026E-07       0.54265849E-28       0.42565191E-20       0.82604942E-20      -0.19568610E-24       0.99573107E-20      -0.99571403E-20       0.22898789E-25
344       -0.58825688E-04       0.16323270E-03       0.44068059E-25       0.25885663E-25       0.49351589E-30       0.19933891E-03      -0.39628314E-07       0.19139569E-27       0.37267654E-20       0.72345516E-20      -0.12636300E-24       0.62117435E-20      -0.62116324E-20       0.13274033E-25
345       -0.58088500E-04       0.15966676E-03       0.57024025E-25      -0.34603796E-25      -0.18547873E-30       0.19558702E-03      -0.38010319E-07      -0.35916232E-27       0.33255489E-20       0.62732317E-20       0.16058925E-24      -0.76400981E-20       0.76399556E-20      -0.14958264E-25
346       -0.57363269E-04       0.15617182E-03       0.90045575E-25       0.13737607E-27      -0.16176395E-30       0.19190363E-03      -0.36441385E-07       0.97291575E-27       0.27686940E-20       0.56367714E-20      -0.54984923E-24       0.26721991E-19      -0.26721505E-19       0.54030455E-25
347       -0.56649792E-04       0.15274649E-03      -0.12722416E-24       0.35896951E-25       0.71940788E-31       0.18828754E-03      -0.34919908E-07      -0.22668593E-28       0.25181908E-20       0.48421540E-20      -0.12261592E-24       0.64690269E-20      -0.64689208E-20       0.15080448E-25
348       -0.55947869E-04       0.14938939E-03       0.20880628E-26      -0.25109473E-25      -0.34317063E-31       0.18473757E-03      -0.33444335E-07      -0.55190628E-27       0.22765892E-20       0.41684611E-20       0.23327184E-24      -0.10988919E-19       0.10988711E-19      -0.20014908E-25
349       -0.55257305E-04       0.14609918E-03      -0.81760934E-25      -0.49745419E-25       0.15560046E-30       0.18125258E-03      -0.32013165E-07      -0.39191998E-27       0.19884756E-20       0.36550006E-20       0.23102223E-24      -0.11486585E-19       0.11486382E-19      -0.23416624E-25
350       -0.54577907E-04       0.14287454E-03      -0.36686743E-25      -0.36316655E-26       0.20194828E-30       0.17783143E-03      -0.30624944E-07      -0.15795916E-27       0.17270170E-20       0.32144858E-20       0.16332590E-24      -0.84038531E-20       0.84037103E-20      -0.18084822E-25
351       -0.53909485E-04       0.13971419E-03       0.13570650E-24       0.25565099E-26      -0.94417018E-31       0.17447299E-03      -0.29278265E-07      -0.18975102E-27       0.15132115E-20       0.28135537E-20       0.10295681E-24      -0.52041953E-20       0.52041047E-20      -0.10722564E-25
352       -0.53251852E-04       0.13661685E-03       0.15818976E-25      -0.23437352E-25      -0.42416994E-30       0.17117617E-03      -0.27971767E-07       0.35002526E-27       0.12652014E-20       0.25232367E-20      -0.21642510E-24       0.10875162E-19      -0.10874971E-19       0.21717277E-25
353       -0.52604826E-04       0.13358129E-03      -0.48712107E-25       0.27201932E-25       0.27620187E-30       0.16793988E-03      -0.26704133E-07       0.14163391E-27       0.11445948E-20       0.21724262E-20       0.64725558E-25      -0.36575287E-20       0.36574731E-20      -0.88045599E-26
354       -0.51968225E-04       0.13060630E-03       0.48734518E-25       0.23281187E-25       0.85338323E-31       0.16476306E-03      -0.25474085E-07       0.88724607E-28       0.10036388E-20       0.19005774E-20       0.39790180E-25      -0.22638233E-20       0.22637891E-20      -0.54298263E-26
355       -0.51341872E-04       0.12769069E-03      -0.87173114E-26       0.50729829E-25       0.10932647E-30       0.16164467E-03      -0.24280390E-07       0.80118480E-28       0.86454710E-21       0.16781948E-20      -0.12512732E-24       0.66402973E-20      -0.66401881E-20       0.14216747E-25
356       -0.50725594E-04       0.12483328E-03      -0.25071283E-24       0.27857613E-25       0.18323264E-30       0.15858367E-03      -0.23121851E-07      -0.25326380E-28       0.77190522E-21       0.14543115E-20      -0.32006170E-25       0.18374738E-20      -0.18374465E-20       0.44663898E-26
357       -0.50119217E-04       0.12203293E-03       0.19417306E-24       0.26979808E-25      -0.26968891E-30       0.15557905E-03      -0.21997311E-07       0.33513831E-27       0.63542293E-21       0.13136402E-20      -0.18174910E-24       0.91065663E-20      -0.91064048E-20       0.16744249E-25
358       -0.49522575E-04       0.11928853E-03       0.35729638E-25       0.23921500E-25      -0.81218432E-30       0.15262981E-03      -0.20905651E-07       0.61769914E-27       0.52486176E-21       0.11815224E-20      -0.27172664E-24       0.13606123E-19      -0.13605881E-19       0.24774573E-25
359       -0.48935500E-04       0.11659898E-03       0.38103133E-24       0.27663911E-25      -0.20179656E-30       0.14973498E-03      -0.19845784E-07       0.50392687E-28       0.51180880E-21       0.98208169E-21      -0.56655662E-25       0.30582470E-20      -0.30581976E-20       0.64637397E-26
360       -0.48357829E-04       0.11396319E-03       0.31873768E-25       0.33819285E-25      -0.33483174E-30       0.14689359E-03      -0.18816661E-07      -0.20010018E-27       0.48789381E-21       0.81994220E-21       0.19662628E-24      -0.10454657E-19       0.10454485E-19      -0.21018754E-25
361       -0.47789403E-04       0.11138011E-03      -0.28471255E-24      -0.18366568E-25      -0.41319577E-31       0.14410469E-03      -0.17817264E-07       0.41387145E-27       0.33951136E-21       0.80543330E-21      -0.34063948E-24       0.18087087E-19      -0.18086788E-19       0.35846023E-25
362       -0.47230064E-04       0.10884872E-03      -0.23773369E-24       0.66955056E-25      -0.47236487E-31       0.14136735E-03      -0.16846608E-07      -0.98787638E-28       0.36593604E-21       0.63637667E-21       0.96136447E-25      -0.51432573E-20       0.51431728E-20      -0.10176279E-25
363       -0.46679656E-04       0.10636799E-03      -0.16202824E-24      -0.27384991E-25       0.19169728E-30       0.13868065E-03      -0.15903741E-07       0.24817970E-27       0.27498553E-21       0.60245783E-21      -0.13438295E-24       0.68913239E-20      -0.68912044E-20       0.12295186E-25
364       -0.46138027E-04       0.10393693E-03       0.16373679E-24      -0.15430040E-25      -0.62482232E-30       0.13604370E-03      -0.14987737E-07      -0.32533187E-27       0.31090483E-21       0.45720486E-21       0.18902847E-24      -0.98737351E-20       0.98735677E-20      -0.18126864E-25
365       -0.45605027E-04       0.10155457E-03      -0.27877503E-24       0.19251624E-25       0.12603764E-30       0.13345561E-03      -0.14097702E-07      -0.28242777E-29       0.24705909E-21       0.42533552E-21       0.11422360E-24      -0.63701886E-20       0.63700888E-20      -0.13081423E-25
366       -0.45080509E-04       0.99219948E-04      -0.78547819E-25      -0.14760404E-25      -0.42324245E-30       0.13091550E-03      -0.13232771E-07       0.26357092E-27       0.18297899E-21       0.40561966E-21      -0.61282625E-25       0.30150618E-20      -0.30150069E-20       0.47651131E-26
367       -0.44564328E-04       0.96932135E-04      -0.89026777E-25       0.34572719E-25       0.36437548E-30       0.12842252E-03      -0.12392102E-07      -0.29455559E-27       0.21127307E-21       0.30395923E-21       0.86273685E-25      -0.42253777E-20       0.42252999E-20      -0.63330288E-26
368       -0.44056341E-04       0.94690210E-04       0.24356979E-24       0.19360161E-25       0.28881258E-30       0.12597582E-03      -0.11574885E-07       0.16842661E-27       0.14512946E-21       0.30587914E-21      -0.16353791E-28      -0.42327400E-21       0.42327579E-21      -0.24371748E-26
369       -0.43556408E-04       0.92493274E-04       0.21320556E-24       0.47572561E-25      -0.23346010E-30       0.12357459E-03      -0.10780330E-07       0.61270033E-27       0.74655961E-22       0.32012996E-21      -0.20652634E-24       0.10545332E-19      -0.10545147E-19       0.17229445E-25
370       -0.43064392E-04       0.90340445E-04       0.24358516E-24       0.15941806E-25       0.69199678E-31       0.12121800E-03      -0.10007675E-07      -0.22957053E-27       0.15126564E-21       0.19429218E-21       0.12731287E-24      -0.67627633E-20       0.67626502E-20      -0.11835888E-25
371       -0.42580158E-04       0.88230860E-04      -0.17315329E-24      -0.17250143E-25      -0.16017700E-31       0.11890525E-03      -0.92561812E-08      -0.19959521E-27       0.13536737E-21       0.16710097E-21       0.15871006E-24      -0.88161229E-20       0.88159835E-20      -0.16869983E-25
372       -0.42103571E-04       0.86163670E-04       0.51110572E-25      -0.18982927E-25       0.45136880E-30       0.11663556E-03      -0.85251317E-08       0.18237776E-27       0.68188407E-22       0.19656379E-21      -0.11878543E-24       0.64668087E-20      -0.64667038E-20       0.11697428E-25
373       -0.41634502E-04       0.84138045E-04       0.56774544E-25      -0.24780958E-25      -0.89883903E-30       0.11440816E-03      -0.78138326E-08      -0.16457776E-27       0.10513415E-21       0.12659452E-21       0.12363561E-24      -0.69112586E-20       0.69111501E-20      -0.13104760E-25
374       -0.41172822E-04       0.82153171E-04       0.98610556E-26       0.25470960E-25       0.31195978E-31       0.11222227E-03      -0.71216115E-08      -0.19589098E-28       0.78583297E-22       0.12424203E-21       0.55060103E-25      -0.31870718E-20       0.31870238E-20      -0.63667800E-26
375       -0.40718404E-04       0.80208248E-04       0.80570067E-25      -0.77833987E-26       0.24915289E-30       0.11007717E-03      -0.64478167E-08       0.14598981E-27       0.51775481E-22       0.12574928E-21      -0.12391742E-25       0.45982304E-21      -0.45981130E-21       0.19354874E-28
376       -0.40271125E-04       0.78302496E-04      -0.60179010E-25       0.29687013E-25       0.10849025E-30       0.10797210E-03      -0.57918164E-08       0.35375901E-28       0.54824605E-22       0.10055179E-21       0.29076010E-25      -0.18180718E-20       0.18180469E-20      -0.40196039E-26
377       -0.39830861E-04       0.76435146E-04      -0.14417602E-24      -0.20908443E-25      -0.35951165E-30       0.10590635E-03      -0.51529984E-08      -0.71809785E-28       0.62569188E-22       0.73419577E-22       0.88062357E-25      -0.50250732E-20       0.50249957E-20      -0.93757967E-26
378       -0.39397493E-04       0.74605445E-04       0.42826584E-25       0.38321763E-25       0.17273797E-30       0.10387921E-03      -0.45307693E-08      -0.83594810E-28       0.46547571E-22       0.72473202E-22      -0.18861809E-25       0.12814845E-20      -0.12814686E-20       0.30736470E-26
379       -0.38970903E-04       0.72812658E-04       0.44080402E-24      -0.43701279E-26      -0.25137747E-30       0.10188999E-03      -0.39245538E-08       0.12337780E-27       0.23481775E-22       0.80686566E-22      -0.54898655E-25       0.31029236E-20      -0.31028753E-20       0.56613118E-26
380       -0.38550975E-04       0.71056059E-04      -0.31257967E-24      -0.33742351E-25      -0.51421790E-30       0.99937984E-04      -0.33337942E-08      -0.10505337E-27       0.46259683E-22       0.44905884E-22       0.67496839E-25      -0.38615568E-20       0.38614975E-20      -0.70457914E-26
381       -0.38137595E-04       0.69334942E-04      -0.33367239E-24       0.49106329E-25       0.53685527E-30       0.98022534E-04      -0.27579497E-08       0.23592032E-27      -0.24724085E-23       0.82261754E-22      -0.12210245E-24       0.67212920E-20      -0.67211833E-20       0.11030482E-25
382       -0.37730650E-04       0.67648610E-04      -0.14530822E-24      -0.41335541E-25       0.53355114E-30       0.96142972E-04      -0.21964960E-08       0.16396040E-27      -0.41581934E-23       0.73987817E-22      -0.16961587E-24       0.98722712E-20      -0.98721223E-20       0.18082579E-25
383       -0.37330031E-04       0.65996382E-04      -0.38760102E-25      -0.17872209E-25       0.48928129E-31       0.94298648E-04      -0.16489246E-08       0.23175572E-27      -0.12571456E-22       0.73683840E-22      -0.18075860E-24       0.10508995E-19      -0.10508836E-19       0.19049282E-25
384       -0.36935629E-04       0.64377591E-04       0.70294105E-25       0.45011248E-25      -0.41269864E-30       0.92488922E-04      -0.11147426E-08      -0.52599939E-28       0.28272259E-22       0.25206904E-22       0.57415783E-25      -0.34210802E-20       0.34210300E-20      -0.64433394E-26
385       -0.36547338E-04       0.62791581E-04      -0.31683909E-24      -0.19560106E-25      -0.64465732E-30       0.90713165E-04      -0.59347145E-09      -0.28480498E-27       0.58261480E-22      -0.11462597E-22       0.21157880E-24      -0.12363214E-19       0.12363028E-19      -0.22111130E-25
386       -0.36165053E-04       0.61237710E-04       0.37748355E-24       0.15423339E-25       0.21378883E-30       0.88970760E-04      -0.84647430E-10      -0.12270979E-27       0.26630696E-22       0.14326191E-22       0.27377189E-25      -0.14464786E-20       0.14464540E-20      -0.21026840E-26
387       -0.35788672E-04       0.59715348E-04       0.19137427E-25       0.45942961E-25       0.12775921E-30       0.87261099E-04       0.41217954E-09       0.34819978E-28       0.17527679E-22       0.18313968E-22       0.62327306E-25      -0.38695028E-20       0.38694486E-20      -0.75477258E-26
388       -0.35418093E-04       0.58223879E-04       0.93673440E-25      -0.32200373E-25      -0.16286284E-30       0.85583585E-04       0.89744608E-09       0.30094320E-28       0.69229423E-23       0.24443008E-22      -0.17845206E-25       0.10205695E-20      -0.10205537E-20       0.16705969E-26
389       -0.35053216E-04       0.56762696E-04       0.22631730E-24      -0.20917332E-26       0.72714223E-30       0.83937633E-04       0.13715758E-08      -0.52789287E-29       0.14992333E-22       0.12454828E-22       0.39391227E-25      -0.23669628E-20       0.23669282E-20      -0.42097993E-26
390       -0.34693946E-04       0.55331207E-04      -0.41070096E-24      -0.40031221E-25      -0.11847273E-30       0.82322667E-04       0.18349799E-08      -0.77965062E-28       0.22537032E-22       0.14807003E-23       0.80437768E-25      -0.48483297E-20       0.48482592E-20      -0.86914157E-26
391       -0.34340185E-04       0.53928829E-04      -0.78927934E-25      -0.10487046E-25      -0.91511668E-31       0.80738119E-04       0.22880574E-08      -0.23220981E-27       0.27674162E-22      -0.66570046E-23       0.24531654E-25      -0.10029035E-20       0.10028803E-20      -0.14906536E-27
392       -0.33991839E-04       0.52554993E-04       0.39481647E-25       0.56891086E-25       0.58529069E-31       0.79183434E-04       0.27311954E-08      -0.44893332E-28       0.77793891E-23       0.10612756E-22      -0.18699896E-25       0.12553374E-20      -0.12553213E-20       0.26347100E-26
393       -0.33648816E-04       0.51209137E-04       0.21427774E-24      -0.64397719E-26      -0.57891559E-30       0.77658066E-04       0.31647699E-08      -0.62464520E-28       0.11964684E-22       0.41288399E-23       0.12910182E-25      -0.66606422E-21       0.66605252E-21      -0.75021767E-27
394       -0.33311024E-04       0.49890715E-04      -0.32570861E-24       0.99613890E-25      -0.20192167E-30       0.76161478E-04       0.35891460E-08       0.10587562E-28       0.93538185E-23       0.47282283E-23       0.45552837E-25      -0.28723254E-20       0.28722857E-20      -0.53248453E-26
395       -0.32978375E-04       0.48599189E-04      -0.10341443E-24       0.29753232E-25       0.52342511E-30       0.74693141E-04       0.40046780E-08       0.72528057E-28      -0.28672015E-23       0.15190265E-22      -0.14862055E-25       0.75548780E-21      -0.75547415E-21       0.77272901E-27
396       -0.32650779E-04       0.47334030E-04       0.29200634E-24       0.25281561E-25       0.46288040E-30       0.73252539E-04       0.44117102E-08       0.14204246E-28       0.10469481E-22       0.31218935E-24       0.70880448E-25      -0.45181569E-20       0.45180952E-20      -0.83872167E-26
397       -0.32328152E-04       0.46094722E-04      -0.15591750E-24      -0.40765686E-25      -0.75596621E-30       0.71839161E-04       0.48105768E-08      -0.45467957E-27       0.61073772E-22      -0.51642778E-22       0.20806232E-24      -0.12190992E-19       0.12190807E-19      -0.18918483E-25
398       -0.32010407E-04       0.44880758E-04      -0.18325481E-24      -0.69549983E-25      -0.72976687E-30       0.70452507E-04       0.52016025E-08      -0.19070826E-27       0.22269068E-22      -0.14014732E-22       0.41851138E-25      -0.22349937E-20       0.22349557E-20      -0.26641634E-26
399       -0.31697461E-04       0.43691641E-04       0.14505426E-24       0.29895612E-25      -0.68152582E-30       0.69092086E-04       0.55851028E-08       0.11538052E-27      -0.16051945E-22       0.23276622E-22      -0.98548401E-25       0.61252347E-20      -0.61251483E-20       0.10563475E-25
400       -0.31389233E-04       0.42526883E-04       0.45199413E-24       0.29374907E-25      -0.22287127E-30       0.67757416E-04       0.59613844E-08      -0.37630336E-27       0.60925493E-22      -0.54609595E-22       0.29289714E-24      -0.18190271E-19       0.18190014E-19      -0.30976265E-25
401       -0.31085642E-04       0.41386006E-04       0.69954096E-24      -0.19654143E-25       0.61854665E-31       0.66448022E-04       0.63307451E-08       0.32597696E-27      -0.45368436E-22       0.50901540E-22      -0.19379468E-24       0.11711101E-19      -0.11710929E-19       0.18527339E-25
402       -0.30786608E-04       0.40268542E-04      -0.32785676E-24       0.73915254E-25      -0.15699803E-31       0.65163437E-04       0.66934745E-08      -0.44869137E-28       0.88062348E-23      -0.39683453E-23       0.44919783E-25      -0.29041259E-20       0.29040868E-20      -0.52581323E-26
403       -0.30492055E-04       0.39174032E-04       0.50939179E-24      -0.30361250E-25       0.47683530E-30       0.63903205E-04       0.70498543E-08      -0.42528225E-27       0.61523095E-22      -0.57293750E-22       0.23951527E-24      -0.14584736E-19       0.14584524E-19      -0.22950125E-25
404       -0.30201904E-04       0.38102024E-04      -0.16887027E-24       0.49604838E-25      -0.15771430E-30       0.62666876E-04       0.74001581E-08       0.75909359E-28      -0.13360575E-22       0.17065691E-22      -0.84947656E-25       0.54165380E-20      -0.54164636E-20       0.92708872E-26
405       -0.29916082E-04       0.37052076E-04      -0.10005391E-24      -0.24482077E-27       0.13338346E-29       0.61454009E-04       0.77446523E-08       0.27062942E-28      -0.37026145E-23       0.69436825E-23      -0.22037853E-25       0.13542746E-20      -0.13542551E-20       0.21094926E-26
406       -0.29634514E-04       0.36023756E-04      -0.37311557E-24      -0.41036396E-25      -0.70302401E-30       0.60264169E-04       0.80835959E-08       0.25335096E-27      -0.43753466E-22       0.46592086E-22      -0.23671723E-24       0.15093823E-19      -0.15093615E-19       0.25310137E-25
407       -0.29357128E-04       0.35016639E-04       0.91970006E-25       0.38485453E-25       0.60844302E-30       0.59096931E-04       0.84172408E-08      -0.22584178E-28       0.18156285E-23       0.66504870E-24      -0.10549894E-25       0.74566672E-21      -0.74565766E-21       0.14400368E-26
408       -0.29083852E-04       0.34030308E-04       0.14172498E-24      -0.19982539E-25      -0.61741351E-31       0.57951875E-04       0.87458322E-08       0.66440358E-28      -0.99456736E-23       0.12116613E-22      -0.40829001E-25       0.24696094E-20      -0.24695729E-20       0.35388482E-26
409       -0.28814618E-04       0.33064354E-04       0.32414204E-24       0.19313161E-25      -0.79408725E-30       0.56828593E-04       0.90696089E-08       0.22914563E-27      -0.29487027E-22       0.31387548E-22      -0.94128938E-25       0.56225735E-20      -0.56224893E-20       0.78274737E-26
410       -0.28549354E-04       0.32118377E-04       0.34924418E-24       0.15696728E-25      -0.11155283E-29       0.55726678E-04       0.93888032E-08       0.85818170E-28      -0.14287645E-22       0.15949937E-22      -0.73129159E-25       0.46897214E-20      -0.46896570E-20       0.76153230E-26
411       -0.28287995E-04       0.31191984E-04      -0.32131533E-24       0.78630427E-26       0.36071319E-31       0.54645736E-04       0.97036414E-08      -0.44982057E-28       0.29765571E-23      -0.15232627E-23      -0.71504322E-26       0.55922544E-21      -0.55921948E-21       0.12009421E-26
412       -0.28030474E-04       0.30284790E-04      -0.40186049E-24       0.23366063E-26      -0.11867354E-29       0.53585376E-04       0.10014344E-07      -0.33323715E-28       0.14024884E-22      -0.12754761E-22       0.10534363E-24      -0.70601766E-20       0.70600847E-20      -0.12175818E-25
413       -0.27776725E-04       0.29396418E-04      -0.37880571E-24      -0.32201239E-25      -0.65208645E-30       0.52545216E-04       0.10321125E-07       0.29228207E-28      -0.10933606E-23       0.22056979E-23       0.10157568E-25      -0.77868158E-21       0.77867310E-21      -0.16374251E-26
414       -0.27526684E-04       0.28526497E-04      -0.56784088E-25      -0.33185497E-25       0.63312956E-30       0.51524882E-04       0.10624195E-07       0.12047596E-30      -0.86264779E-23       0.96005631E-23      -0.84536162E-25       0.57606158E-20      -0.57605422E-20       0.10025943E-25
415       -0.27280288E-04       0.27674663E-04       0.37880984E-24      -0.39573152E-25       0.13318296E-29       0.50524003E-04       0.10923757E-07      -0.14911341E-27       0.19114788E-22      -0.18264566E-22       0.55079423E-25      -0.33549385E-20       0.33548892E-20      -0.45736825E-26
416       -0.27037475E-04       0.26840561E-04       0.44637440E-24      -0.55783563E-25      -0.37583188E-30       0.49542217E-04       0.11220010E-07       0.12680882E-27      -0.18726655E-22       0.19472588E-22      -0.75555424E-25       0.48289702E-20      -0.48289033E-20       0.72475299E-26
417       -0.26798185E-04       0.26023842E-04      -0.83395116E-26      -0.56824946E-25       0.35816166E-30       0.48579170E-04       0.11513148E-07      -0.22719269E-27       0.39175262E-22      -0.38526447E-22       0.17905467E-24      -0.11674290E-19       0.11674132E-19      -0.18083379E-25
418       -0.26562358E-04       0.25224162E-04      -0.79478806E-24       0.13032443E-24       0.21284654E-30       0.47634511E-04       0.11803360E-07      -0.24814095E-27       0.35623909E-22      -0.35056218E-22       0.12370185E-24      -0.77997784E-20       0.77996681E-20      -0.11085813E-25
419       -0.26329935E-04       0.24441187E-04       0.31482311E-24       0.58309439E-25      -0.18005374E-30       0.46707897E-04       0.12090831E-07      -0.27016418E-28      -0.11668083E-23       0.16657500E-23      -0.33362282E-25       0.23862374E-20      -0.23862086E-20       0.43075468E-26
420       -0.26100858E-04       0.23674588E-04      -0.40139426E-24      -0.50843142E-26      -0.34099009E-30       0.45798992E-04       0.12375741E-07      -0.80254117E-28       0.18336174E-22      -0.17901395E-22       0.10962274E-24      -0.74682083E-20       0.74681126E-20      -0.12290078E-25
421       -0.25875070E-04       0.22924040E-04       0.78307375E-24      -0.41648307E-25       0.89714911E-30       0.44907465E-04       0.12658266E-07       0.14379930E-27      -0.21931211E-22       0.22314116E-22      -0.99976641E-25       0.66788377E-20      -0.66787499E-20       0.10499586E-25
422       -0.25652516E-04       0.22189228E-04      -0.71294776E-24      -0.29688147E-25       0.24115604E-30       0.44032991E-04       0.12938578E-07       0.21167031E-27      -0.37562685E-22       0.37899124E-22      -0.17555685E-24       0.11704120E-19      -0.11703966E-19       0.18011426E-25
423       -0.25433141E-04       0.21469841E-04      -0.56905816E-24      -0.58965653E-25       0.12548980E-29       0.43175251E-04       0.13216844E-07       0.81117507E-28      -0.68777384E-23       0.71700016E-23       0.24736491E-27      -0.25088149E-21       0.25088200E-21      -0.11244038E-26
424       -0.25216892E-04       0.20765575E-04       0.92477952E-25      -0.80200735E-25      -0.10002906E-29       0.42333932E-04       0.13493229E-07       0.27246553E-27      -0.41266102E-22       0.41524174E-22      -0.17438569E-24       0.11647569E-19      -0.11647415E-19       0.17699854E-25
425       -0.25003715E-04       0.20076131E-04       0.27900561E-24      -0.12874279E-24       0.66113426E-30       0.41508727E-04       0.13767894E-07       0.41113432E-28      -0.65180538E-23       0.67418952E-23      -0.20302966E-25       0.12657092E-20      -0.12656909E-20       0.15754958E-26
426       -0.24793559E-04       0.19401216E-04       0.62430368E-24       0.85637985E-25      -0.41249968E-30       0.40699333E-04       0.14040995E-07       0.22783068E-27      -0.36092431E-22       0.36290275E-22      -0.16148591E-24       0.10953692E-19      -0.10953550E-19       0.16828786E-25
427       -0.24586372E-04       0.18740544E-04      -0.21828978E-24      -0.67444071E-26      -0.17078832E-30       0.39905453E-04       0.14312687E-07       0.75619319E-28      -0.14665946E-22       0.14837991E-22      -0.79769383E-25       0.55285980E-20      -0.55285282E-20       0.87573099E-26
428       -0.24382105E-04       0.18093833E-04       0.23084992E-24       0.88449696E-25       0.64073943E-30       0.39126798E-04       0.14583118E-07      -0.34018171E-28       0.35624187E-23      -0.34130511E-23       0.97812998E-26      -0.62680693E-21       0.62679817E-21      -0.82371571E-27
429       -0.24180708E-04       0.17460806E-04      -0.18636741E-24      -0.43863450E-25      -0.15029899E-29       0.38363081E-04       0.14852437E-07      -0.10863211E-28      -0.14029287E-23       0.15339688E-23      -0.18460972E-25       0.13255938E-20      -0.13255776E-20       0.21626950E-26
430       -0.23982133E-04       0.16841194E-04       0.29609628E-24       0.11929529E-24       0.13207678E-29       0.37614021E-04       0.15120788E-07      -0.18185174E-27       0.32854169E-22      -0.32741916E-22       0.14206515E-24      -0.96721538E-20       0.96720284E-20      -0.14306564E-25
431       -0.23786333E-04       0.16234731E-04       0.10832289E-23      -0.60362704E-26      -0.29048466E-30       0.36879343E-04       0.15388311E-07       0.22640290E-27      -0.37410260E-22       0.37512753E-22      -0.15605496E-24       0.10632311E-19      -0.10632173E-19       0.15600073E-25
432       -0.23593260E-04       0.15641156E-04      -0.29000474E-25       0.89463142E-25      -0.17742549E-30       0.36158777E-04       0.15655146E-07      -0.13909148E-27       0.29082814E-22      -0.28997421E-22       0.15250812E-24      -0.10659784E-19       0.10659650E-19      -0.16278899E-25
433       -0.23402869E-04       0.15060214E-04      -0.10258119E-23       0.11002376E-24       0.91280842E-31       0.35452056E-04       0.15921429E-07       0.11311149E-28      -0.11542667E-23       0.12308660E-23      -0.28941868E-26       0.21579606E-21      -0.21579360E-21       0.40199879E-27
434       -0.23215115E-04       0.14491656E-04      -0.13922328E-23      -0.12976335E-25       0.37133332E-30       0.34758921E-04       0.16187293E-07      -0.83826237E-28       0.12489620E-22      -0.12423417E-22       0.40097056E-25      -0.26481949E-20       0.26481592E-20      -0.34758046E-26
435       -0.23029954E-04       0.13935235E-04      -0.50801496E-24       0.73415984E-25       0.93622219E-30       0.34079115E-04       0.16452868E-07       0.94525949E-28      -0.18074512E-22       0.18134366E-22      -0.87162031E-25       0.61116069E-20      -0.61115302E-20       0.91082526E-26
436       -0.22847342E-04       0.13390711E-04      -0.60640004E-24       0.73167381E-25       0.41234303E-30       0.33412387E-04       0.16718283E-07      -0.15042392E-27       0.28467124E-22      -0.28417815E-22       0.11491955E-24      -0.78598561E-20       0.78597542E-20      -0.10944944E-25
437       -0.22667236E-04       0.12857848E-04       0.63984900E-24       0.31242027E-25      -0.19608641E-29       0.32758491E-04       0.16983665E-07       0.13228102E-27      -0.15915376E-22       0.15960976E-22      -0.34506366E-25       0.21603389E-20      -0.21603077E-20       0.24011937E-26
438       -0.22489595E-04       0.12336414E-04      -0.31213034E-24       0.23143887E-26      -0.32404472E-30       0.32117183E-04       0.17249138E-07      -0.33091900E-27       0.52192544E-22      -0.52156502E-22       0.19428230E-24      -0.13366918E-19       0.13366746E-19      -0.18567175E-25
439       -0.22314377E-04       0.11826183E-04       0.75814909E-24      -0.20342311E-24      -0.19838531E-30       0.31488227E-04       0.17514823E-07       0.33358325E-28      -0.50816620E-23       0.51162108E-23      -0.12576056E-25       0.80432923E-21      -0.80431790E-21       0.92421735E-27
440       -0.22141542E-04       0.11326933E-04       0.41679242E-24      -0.14662368E-24      -0.11456048E-29       0.30871389E-04       0.17780841E-07      -0.14532448E-27       0.27445987E-22      -0.27417875E-22       0.13096205E-24      -0.93900672E-20       0.93899523E-20      -0.13986818E-25
441       -0.21971049E-04       0.10838444E-04      -0.28418919E-24      -0.90830666E-25      -0.46853729E-30       0.30266440E-04       0.18047311E-07       0.15371348E-27      -0.23522499E-22       0.23550132E-22      -0.95813048E-25       0.68397640E-20      -0.68396798E-20       0.10081776E-25
442       -0.21802861E-04       0.10360504E-04      -0.86751078E-24       0.12740936E-24       0.41878244E-30       0.29673156E-04       0.18314348E-07      -0.20348675E-27       0.33090356E-22      -0.33069416E-22       0.13051171E-24      -0.92052701E-20       0.92051549E-20      -0.12979585E-25
443       -0.21636938E-04       0.98929015E-05       0.41905432E-24      -0.57424174E-25      -0.56365165E-31       0.29091314E-04       0.18582068E-07       0.40989168E-28      -0.29353119E-23       0.29554734E-23      -0.42109568E-26       0.30440518E-21      -0.30440165E-21       0.51158504E-27
444       -0.21473243E-04       0.94354319E-05       0.89854988E-25       0.14753286E-24      -0.17896923E-30       0.28520700E-04       0.18850583E-07       0.47699247E-28      -0.12332877E-22       0.12351365E-22      -0.75423261E-25       0.55962932E-20      -0.55962274E-20       0.85710786E-26
445       -0.21311739E-04       0.89878932E-05       0.71860383E-25      -0.59115577E-25       0.10752465E-30       0.27961099E-04       0.19120006E-07       0.10049473E-27      -0.10875018E-22       0.10890856E-22      -0.13175117E-25       0.67920165E-21      -0.67918925E-21       0.19444948E-27
446       -0.21152389E-04       0.85500874E-05      -0.62536803E-25       0.94325542E-25      -0.84761244E-30       0.27412303E-04       0.19390446E-07       0.96861892E-29      -0.40385068E-23       0.40523562E-23      -0.39256354E-25       0.30612278E-20      -0.30611941E-20       0.50661982E-26
447       -0.20995157E-04       0.81218208E-05       0.12804746E-23      -0.53430265E-26       0.15604137E-29       0.26874108E-04       0.19662012E-07      -0.14010448E-28       0.24674257E-23      -0.24558221E-23       0.19020178E-25      -0.14763069E-20       0.14762903E-20      -0.24126408E-26
448       -0.20840009E-04       0.77029031E-05      -0.10384154E-23      -0.10191506E-24      -0.78901238E-30       0.26346312E-04       0.19934812E-07      -0.10400172E-27       0.15481598E-22      -0.15472199E-22       0.60136738E-25      -0.43671222E-20       0.43670692E-20      -0.61979689E-26
449       -0.20686910E-04       0.72931479E-05      -0.73083740E-24       0.64088626E-25       0.26165589E-30       0.25828718E-04       0.20208952E-07      -0.38364210E-28       0.65288688E-23      -0.65203418E-23       0.28592381E-25      -0.20977143E-20       0.20976892E-20      -0.29968594E-26
450       -0.20535826E-04       0.68923721E-05      -0.16834582E-23      -0.10288213E-24      -0.10337484E-30       0.25321131E-04       0.20484536E-07      -0.18480895E-27       0.29636001E-22      -0.29629996E-22       0.10273784E-24      -0.72955829E-20       0.72954918E-20      -0.95934168E-26
451       -0.20386723E-04       0.65003967E-05      -0.31008939E-23      -0.59729640E-25      -0.11121199E-29       0.24823363E-04       0.20761670E-07       0.22532238E-27      -0.38203626E-22       0.38212818E-22      -0.15252240E-24       0.11090819E-19      -0.11090684E-19       0.15219855E-25
452       -0.20239569E-04       0.61170456E-05      -0.30417196E-24       0.35730410E-25      -0.40591912E-31       0.24335225E-04       0.21040455E-07      -0.12037762E-27       0.16731178E-22      -0.16726072E-22       0.45925452E-25      -0.31400800E-20       0.31400387E-20      -0.36565072E-26
453       -0.20094332E-04       0.57421466E-05      -0.91288956E-25      -0.24395458E-24       0.14598407E-29       0.23856535E-04       0.21320994E-07       0.55169679E-28      -0.12339273E-22       0.12345453E-22      -0.62815430E-25       0.47084706E-20      -0.47084154E-20       0.67364004E-26
454       -0.19950981E-04       0.53755306E-05      -0.82941967E-24       0.10155805E-24      -0.14822564E-29       0.23387113E-04       0.21603387E-07      -0.85241510E-28       0.16124639E-22      -0.16121192E-22       0.74870453E-25      -0.56107273E-20       0.56106615E-20      -0.79702937E-26
455       -0.19809483E-04       0.50170318E-05      -0.13451966E-24      -0.77488581E-25       0.16670331E-30       0.22926783E-04       0.21887735E-07      -0.16688248E-27       0.25446069E-22      -0.25443471E-22       0.83298518E-25      -0.60013465E-20       0.60012726E-20      -0.77741809E-26
456       -0.19669809E-04       0.46664876E-05      -0.18091134E-25      -0.11562044E-24       0.11889123E-30       0.22475371E-04       0.22174137E-07      -0.12016485E-29       0.44648211E-23      -0.44617452E-23       0.35480543E-25      -0.27601441E-20       0.27601132E-20      -0.41142982E-26
457       -0.19531929E-04       0.43237388E-05       0.12453180E-23       0.27014060E-24      -0.34257747E-31       0.22032707E-04       0.22462692E-07       0.87535655E-28      -0.16418349E-22       0.16422488E-22      -0.70524077E-25       0.52796919E-20      -0.52796298E-20       0.72616349E-26
458       -0.19395814E-04       0.39886290E-05       0.10156704E-23      -0.34659352E-24      -0.13871676E-29       0.21598624E-04       0.22753497E-07       0.88063642E-28      -0.85420624E-23       0.85449357E-23       0.42853087E-26      -0.69676606E-21       0.69676351E-21      -0.20448936E-26
459       -0.19261434E-04       0.36610050E-05       0.11640885E-23       0.57164186E-26       0.47224866E-30       0.21172959E-04       0.23046650E-07      -0.36428958E-28       0.49167050E-23      -0.49146474E-23       0.12366897E-25      -0.87053303E-21       0.87052190E-21      -0.10203256E-26
460       -0.19128760E-04       0.33407165E-05      -0.25839166E-24      -0.74227667E-25      -0.45701033E-30       0.20755551E-04       0.23342247E-07       0.69092961E-28      -0.17098418E-22       0.17101750E-22      -0.90115023E-25       0.69405366E-20      -0.69404576E-20       0.98124073E-26
461       -0.18997766E-04       0.30276164E-05      -0.49918607E-25      -0.39911734E-25      -0.27084026E-30       0.20346243E-04       0.23640385E-07       0.13555449E-27      -0.21095046E-22       0.21098065E-22      -0.62661825E-25       0.44963636E-20      -0.44963077E-20       0.53617632E-26
462       -0.18868424E-04       0.27215600E-05      -0.97661581E-24      -0.59240448E-25       0.60124847E-30       0.19944878E-04       0.23941159E-07      -0.42191277E-29      -0.10428346E-23       0.10446044E-23      -0.16904699E-25       0.14093614E-20      -0.14093468E-20       0.22736846E-26
463       -0.18740706E-04       0.24224058E-05      -0.16185527E-23      -0.98687395E-26      -0.88381436E-30       0.19551306E-04       0.24244664E-07      -0.35895200E-28      -0.17227022E-23       0.17243936E-23      -0.50903931E-25       0.42863638E-20      -0.42863202E-20       0.69575203E-26
464       -0.18614587E-04       0.21300149E-05       0.61621051E-24       0.15905030E-24      -0.54652731E-30       0.19165378E-04       0.24550996E-07      -0.25721667E-27       0.47646010E-22      -0.47647804E-22       0.18998145E-24      -0.14430450E-19       0.14430282E-19      -0.19129393E-25
465       -0.18490041E-04       0.18442511E-05      -0.14948221E-23      -0.13398036E-24      -0.24944284E-30       0.18786947E-04       0.24860248E-07       0.78000958E-28      -0.23492522E-22       0.23495360E-22      -0.14245175E-24       0.11318100E-19      -0.11317976E-19       0.16267471E-25
466       -0.18367041E-04       0.15649810E-05       0.77382526E-25       0.18151248E-24      -0.13200945E-29       0.18415869E-04       0.25172516E-07      -0.61654525E-28       0.95356448E-23      -0.95352085E-23       0.34257453E-25      -0.26246362E-20       0.26246060E-20      -0.35144916E-26
467       -0.18245563E-04       0.12920736E-05       0.23239024E-24      -0.29287835E-25       0.12759010E-29       0.18052005E-04       0.25487892E-07      -0.53907420E-28       0.74621152E-23      -0.74616835E-23       0.10253508E-25      -0.60494633E-21       0.60493677E-21      -0.29276795E-27
468       -0.18125582E-04       0.10254006E-05      -0.12006250E-23      -0.11693212E-24      -0.77344844E-30       0.17695214E-04       0.25806471E-07      -0.12043322E-27       0.21223831E-22      -0.21224359E-22       0.71092792E-25      -0.53039832E-20       0.53039200E-20      -0.64571153E-26
469       -0.18007074E-04       0.76483608E-06       0.69144043E-24       0.19938937E-24       0.30831793E-30       0.17345363E-04       0.26128346E-07       0.20058709E-27      -0.44160609E-22       0.44164186E-22      -0.21104997E-24       0.16662520E-19      -0.16662335E-19       0.22856665E-25
470       -0.17890016E-04       0.51025672E-06      -0.10655076E-23      -0.10032377E-24       0.14676172E-29       0.17002317E-04       0.26453611E-07       0.17536797E-27      -0.28871398E-22       0.28873637E-22      -0.10168320E-24       0.77892728E-20      -0.77891829E-20       0.99522533E-26
471       -0.17774383E-04       0.26154153E-06       0.13071924E-23      -0.33206219E-24      -0.14822629E-29       0.16665947E-04       0.26782359E-07       0.13239282E-27      -0.23191771E-22       0.23193625E-22      -0.85699398E-25       0.66020152E-20      -0.66019394E-20       0.84359285E-26
472       -0.17660153E-04       0.18571888E-07      -0.60445424E-26       0.21147177E-24       0.77590770E-30       0.16336124E-04       0.27114682E-07       0.54741507E-29      -0.28070200E-25       0.28402939E-25       0.34793408E-26      -0.33143029E-21       0.33142743E-21      -0.63065252E-27
473       -0.17547304E-04      -0.21876851E-06       0.45994346E-24       0.32233830E-24       0.96535963E-30       0.16012722E-04       0.27450675E-07      -0.32503909E-27       0.63541478E-22      -0.63545109E-22       0.26371348E-24      -0.20750376E-19       0.20750144E-19      -0.27245091E-25
474       -0.17435813E-04      -0.45059368E-06      -0.19767809E-24      -0.21734150E-25       0.16783082E-29       0.15695617E-04       0.27790430E-07      -0.95827473E-28       0.14475520E-22      -0.14476031E-22       0.38755730E-25      -0.28652204E-20       0.28651856E-20      -0.32146931E-26
475       -0.17325658E-04      -0.67701543E-06      -0.39377247E-24       0.16022340E-24       0.10462747E-29       0.15384690E-04       0.28134041E-07       0.54868253E-28      -0.55363892E-23       0.55368710E-23       0.66809883E-26      -0.83306548E-21       0.83306053E-21      -0.19441752E-26
476       -0.17216818E-04      -0.89814336E-06       0.13385767E-23      -0.10781051E-26       0.36062997E-30       0.15079820E-04       0.28481601E-07       0.10582574E-27      -0.21829968E-22       0.21831612E-22      -0.95588061E-25       0.76276232E-20      -0.76275391E-20       0.10022422E-25
477       -0.17109273E-04      -0.11140849E-05      -0.17495935E-24      -0.20472495E-24      -0.69451121E-30       0.14780892E-04       0.28833202E-07      -0.88137561E-29      -0.44993029E-23       0.45000284E-23      -0.38300230E-25       0.32089364E-20      -0.32089031E-20       0.45778579E-26
478       -0.17003001E-04      -0.13249455E-05       0.65003567E-24       0.16559081E-24      -0.45392010E-30       0.14487791E-04       0.29188940E-07      -0.75054740E-28       0.11438463E-22      -0.11438887E-22       0.34852578E-25      -0.27137874E-20       0.27137566E-20      -0.33786244E-26
479       -0.16897982E-04      -0.15308285E-05       0.10320864E-23      -0.15727912E-24      -0.44953067E-30       0.14200404E-04       0.29548907E-07       0.23489519E-27      -0.42065917E-22       0.42068504E-22      -0.14928452E-24       0.11717777E-19      -0.11717645E-19       0.14447771E-25
480       -0.16794196E-04      -0.17318350E-05       0.10136540E-23      -0.28414396E-24       0.60279688E-31       0.13918622E-04       0.29913197E-07      -0.22504515E-27       0.43306588E-22      -0.43309100E-22       0.18962826E-24      -0.15430334E-19       0.15430168E-19      -0.20439126E-25
481       -0.16691624E-04      -0.19280644E-05       0.16828922E-23      -0.51610687E-27       0.17589419E-30       0.13642337E-04       0.30281904E-07      -0.11589911E-27       0.19109835E-22      -0.19110662E-22       0.50267991E-25      -0.37916922E-20       0.37916471E-20      -0.41692873E-26
482       -0.16590247E-04      -0.21196141E-05      -0.81155097E-24      -0.62465553E-25       0.39698800E-30       0.13371442E-04       0.30655122E-07      -0.48348751E-28       0.14842667E-22      -0.14843592E-22       0.89748117E-25      -0.75472341E-20       0.75471560E-20      -0.10454107E-25
483       -0.16490045E-04      -0.23065795E-05       0.16884675E-23      -0.89398553E-26      -0.16331278E-29       0.13105833E-04       0.31032945E-07      -0.20180249E-27       0.35523949E-22      -0.35525990E-22       0.13866178E-24      -0.11265762E-19       0.11265640E-19      -0.14509209E-25
484       -0.16391000E-04      -0.24890541E-05      -0.20253827E-23      -0.22806251E-24       0.16061917E-29       0.12845409E-04       0.31415468E-07      -0.20631228E-28       0.38213160E-23      -0.38213725E-23       0.92324092E-26      -0.67024875E-21       0.67024035E-21      -0.59385231E-27
485       -0.16293094E-04      -0.26671297E-05       0.57484761E-24      -0.10102404E-24      -0.42387798E-30       0.12590070E-04       0.31802786E-07       0.12988295E-27      -0.21408879E-22       0.21410127E-22      -0.62864018E-25       0.49049358E-20      -0.49048799E-20       0.56441169E-26
486       -0.16196309E-04      -0.28408963E-05      -0.20602075E-24       0.27989060E-24       0.17815112E-30       0.12339716E-04       0.32194994E-07      -0.68717167E-28       0.12260998E-22      -0.12261668E-22       0.48584162E-25      -0.39937661E-20       0.39937236E-20      -0.51362973E-26
487       -0.16100627E-04      -0.30104420E-05      -0.11208804E-23       0.21540791E-24       0.61427415E-30       0.12094252E-04       0.32592188E-07      -0.12105190E-28       0.78580721E-23      -0.78586907E-23       0.54764161E-25      -0.46931654E-20       0.46931177E-20      -0.64391587E-26
488       -0.16006031E-04      -0.31758533E-05       0.28836069E-24       0.33161096E-26       0.43118330E-30       0.11853583E-04       0.32994462E-07       0.45186686E-28      -0.95752012E-23       0.95758419E-23      -0.39588165E-25       0.32714500E-20      -0.32714153E-20       0.41708225E-26
489       -0.15912504E-04      -0.33372149E-05       0.10389013E-23      -0.55025088E-24       0.65189174E-30       0.11617617E-04       0.33401914E-07       0.11276956E-27      -0.22771118E-22       0.22772498E-22      -0.98371370E-25       0.82437788E-20      -0.82436926E-20       0.10742391E-25
490       -0.15820030E-04      -0.34946098E-05       0.85292492E-24      -0.23099018E-25       0.70514512E-31       0.11386262E-04       0.33814638E-07       0.54713098E-28      -0.10944787E-22       0.10945542E-22      -0.42986054E-25       0.35455350E-20      -0.35454972E-20       0.44147145E-26
491       -0.15728592E-04      -0.36481197E-05       0.75563722E-25      -0.16813943E-24       0.10977208E-29       0.11159429E-04       0.34232733E-07       0.26294497E-28      -0.36444547E-23       0.36446301E-23      -0.16275475E-25       0.14037444E-20      -0.14037303E-20       0.19179797E-26
492       -0.15638173E-04      -0.37978242E-05       0.68158440E-24       0.11196287E-24       0.54657950E-30       0.10937030E-04       0.34656294E-07      -0.32167473E-29       0.31695744E-23      -0.31697970E-23       0.22966950E-25      -0.19908775E-20       0.19908576E-20      -0.26598469E-26
493       -0.15548758E-04      -0.39438016E-05      -0.13386010E-23      -0.13444613E-24       0.24006334E-30       0.10718980E-04       0.35085418E-07      -0.78598687E-28       0.13413886E-22      -0.13414587E-22       0.43731878E-25      -0.35743849E-20       0.35743462E-20      -0.42628916E-26
494       -0.15460332E-04      -0.40861288E-05       0.20685123E-23      -0.11124245E-24       0.20033952E-29       0.10505194E-04       0.35520204E-07      -0.16206879E-27       0.33902265E-22      -0.33904267E-22       0.13072509E-24      -0.10882404E-19       0.10882289E-19      -0.13320533E-25
495       -0.15372879E-04      -0.42248809E-05      -0.87537754E-24      -0.31575264E-25       0.39757349E-30       0.10295589E-04       0.35960749E-07       0.12941858E-28      -0.59624609E-23       0.59629396E-23      -0.41199682E-25       0.36605661E-20      -0.36605305E-20       0.50884574E-26
496       -0.15286384E-04      -0.43601317E-05      -0.33372239E-24      -0.37263522E-24       0.13231560E-31       0.10090085E-04       0.36407151E-07       0.11501347E-27      -0.27919153E-22       0.27920923E-22      -0.12527266E-24       0.10671513E-19      -0.10671403E-19       0.13446590E-25
497       -0.15200833E-04      -0.44919534E-05      -0.71841842E-24      -0.39760103E-24       0.14769156E-29       0.98886009E-05       0.36859509E-07      -0.10688301E-27       0.14738748E-22      -0.14739393E-22       0.34188254E-25      -0.26859930E-20       0.26859623E-20      -0.28041565E-26
498       -0.15116210E-04      -0.46204170E-05       0.11826947E-24       0.27960361E-24      -0.21284872E-29       0.96910598E-05       0.37317920E-07       0.18115618E-28      -0.60884354E-23       0.60887990E-23      -0.35767346E-25       0.31191896E-20      -0.31191584E-20       0.40318893E-26
499       -0.15032502E-04      -0.47455919E-05       0.31003803E-23      -0.19645783E-24      -0.21856016E-29       0.94973847E-05       0.37782483E-07       0.19010912E-28      -0.56441320E-23       0.56446043E-23      -0.39244405E-25       0.35415666E-20      -0.35415327E-20       0.48916114E-26
500       -0.14949695E-04      -0.48675463E-05      -0.63227054E-24       0.23853425E-24       0.75460681E-31       0.93075004E-05       0.38253299E-07       0.67530253E-28      -0.11545832E-22       0.11546448E-22      -0.40954012E-25       0.34796395E-20      -0.34796035E-20       0.42740141E-26
501       -0.14867774E-04      -0.49863468E-05      -0.12559459E-23      -0.46491515E-24      -0.11515481E-29       0.91213331E-05       0.38730465E-07       0.30645820E-28      -0.53861521E-23       0.53864510E-23      -0.86639569E-26       0.56406700E-21      -0.56405877E-21       0.21598361E-27
502       -0.14786727E-04      -0.51020590E-05       0.29840066E-24       0.40046757E-24      -0.12410541E-29       0.89388106E-05       0.39214081E-07       0.31771811E-28      -0.61913685E-23       0.61917581E-23      -0.14343665E-25       0.10809484E-20      -0.10809353E-20       0.90106966E-27
503       -0.14706540E-04      -0.52147469E-05       0.11191894E-23       0.29783956E-25       0.85751480E-30       0.87598619E-05       0.39704247E-07      -0.77107959E-28       0.16864371E-22      -0.16865452E-22       0.76384646E-25      -0.66999941E-20       0.66999274E-20      -0.84910989E-26
504       -0.14627200E-04      -0.53244735E-05       0.22502321E-23      -0.64087745E-24      -0.50473189E-30       0.85844174E-05       0.40201063E-07       0.89919551E-28      -0.22549491E-22       0.22550913E-22      -0.10524240E-24       0.92161999E-20      -0.92161076E-20       0.11496803E-25
505       -0.14548695E-04      -0.54313005E-05       0.10054226E-23      -0.13218358E-24      -0.55119373E-30       0.84124088E-05       0.40704627E-07      -0.71776914E-29       0.30778524E-23      -0.30781059E-23       0.33467581E-25      -0.31649460E-20       0.31649174E-20      -0.45515187E-26
506       -0.14471010E-04      -0.55352881E-05      -0.63729493E-24       0.15689986E-24      -0.13890304E-29       0.82437692E-05       0.41215040E-07       0.96357583E-28      -0.15249066E-22       0.15249780E-22      -0.41089144E-25       0.33930765E-20      -0.33930400E-20       0.36797879E-26
507       -0.14394135E-04      -0.56364957E-05      -0.39040323E-24       0.23433437E-24      -0.78755026E-30       0.80784329E-05       0.41732401E-07      -0.36620966E-28       0.26628197E-23      -0.26627763E-23      -0.19268911E-25       0.19927997E-20      -0.19927836E-20       0.31979858E-26
508       -0.14318058E-04      -0.57349814E-05      -0.23111894E-23       0.27208867E-24      -0.24219928E-29       0.79163353E-05       0.42256810E-07       0.13166197E-27      -0.29226915E-22       0.29228617E-22      -0.12328079E-24       0.10842071E-19      -0.10841963E-19       0.13239166E-25
509       -0.14242765E-04      -0.58308019E-05       0.26157393E-23       0.28251771E-24      -0.21974603E-29       0.77574134E-05       0.42788365E-07      -0.72093143E-28       0.14721859E-22      -0.14722737E-22       0.53272214E-25      -0.45904642E-20       0.45904172E-20      -0.53099393E-26
510       -0.14168245E-04      -0.59240132E-05      -0.78407844E-24      -0.11278881E-24      -0.54670041E-30       0.76016051E-05       0.43327168E-07      -0.62561967E-28       0.16021412E-22      -0.16022527E-22       0.80246161E-25      -0.72131612E-20       0.72130910E-20      -0.90469510E-26
511       -0.14094488E-04      -0.60146699E-05       0.90435111E-24       0.32860262E-25      -0.34427439E-29       0.74488495E-05       0.43873315E-07       0.11831152E-27      -0.27352785E-22       0.27354431E-22      -0.10435030E-24       0.90984064E-20      -0.90983144E-20       0.10593033E-25
512       -0.14021480E-04      -0.61028255E-05       0.11880707E-23      -0.24778153E-24      -0.41899727E-30       0.72990871E-05       0.44426906E-07       0.19646894E-29       0.61959429E-23      -0.61965239E-23       0.50206560E-25      -0.46939344E-20       0.46938910E-20      -0.62195179E-26
