 # File spectrum.dat, created by Task#1 of TABOO on 2025.03.09 time=16.06.40
   # 1st column: l = Harmonic degree                
   # 2nd   "   : LOG10 (l)                          
   # 3th   "   : s, (kyrs**(-1))                    
   # 4rd   "   : LOG10(-s), with s in kyrs**(-1)    
   # 5th   "   : Relaxation time = -1000./s, (yrs)  
   # 6th   "   : LOG10 (Relaxation time (yrs))      


   1   0.0000000E+00  -0.1225658E-04  -0.4911631E+01   0.8158881E+08   0.7911631E+01
   1   0.0000000E+00  -0.4490567E-03  -0.3347699E+01   0.2226890E+07   0.6347699E+01
   1   0.0000000E+00  -0.1534039E-01  -0.1814164E+01   0.6518740E+05   0.4814164E+01
   1   0.0000000E+00  -0.2335282E+00  -0.6316606E+00   0.4282138E+04   0.3631661E+01
   1   0.0000000E+00  -0.2220487E+01   0.3464483E+00   0.4503516E+03   0.2653552E+01
   1   0.0000000E+00  -0.2220487E+01   0.3464483E+00   0.4503516E+03   0.2653552E+01
   1   0.0000000E+00  -0.2281409E+01   0.3582032E+00   0.4383256E+03   0.2641797E+01
   1   0.0000000E+00  -0.3329011E+01   0.5223153E+00   0.3003895E+03   0.2477685E+01
   1   0.0000000E+00  -0.3329011E+01   0.5223153E+00   0.3003895E+03   0.2477685E+01
   1   0.0000000E+00  -0.3341630E+01   0.5239583E+00   0.2992552E+03   0.2476042E+01
   1   0.0000000E+00  -0.3602931E+01   0.5566560E+00   0.2775518E+03   0.2443344E+01
   1   0.0000000E+00  -0.3602931E+01   0.5566560E+00   0.2775518E+03   0.2443344E+01


   2   0.3010300E+00  -0.3621524E-04  -0.4441109E+01   0.2761269E+08   0.7441109E+01
   2   0.3010300E+00  -0.1318528E-02  -0.2879911E+01   0.7584214E+06   0.5879911E+01
   2   0.3010300E+00  -0.4753034E-01  -0.1323029E+01   0.2103919E+05   0.4323029E+01
   2   0.3010300E+00  -0.2293350E+00  -0.6395297E+00   0.4360434E+04   0.3639530E+01
   2   0.3010300E+00  -0.1334795E+01   0.1254147E+00   0.7491785E+03   0.2874585E+01
   2   0.3010300E+00  -0.2220487E+01   0.3464483E+00   0.4503516E+03   0.2653552E+01
   2   0.3010300E+00  -0.2263348E+01   0.3547514E+00   0.4418233E+03   0.2645249E+01
   2   0.3010300E+00  -0.2381510E+01   0.3768524E+00   0.4199017E+03   0.2623148E+01
   2   0.3010300E+00  -0.3329011E+01   0.5223153E+00   0.3003895E+03   0.2477685E+01
   2   0.3010300E+00  -0.3336495E+01   0.5232905E+00   0.2997157E+03   0.2476710E+01
   2   0.3010300E+00  -0.3358084E+01   0.5260915E+00   0.2977889E+03   0.2473909E+01
   2   0.3010300E+00  -0.3602931E+01   0.5566560E+00   0.2775518E+03   0.2443344E+01


   3   0.4771213E+00  -0.7086438E-04  -0.4149572E+01   0.1411146E+08   0.7149572E+01
   3   0.4771213E+00  -0.2497070E-02  -0.2602569E+01   0.4004694E+06   0.5602569E+01
   3   0.4771213E+00  -0.8331354E-01  -0.1079284E+01   0.1200285E+05   0.4079284E+01
   3   0.4771213E+00  -0.2374541E+00  -0.6244203E+00   0.4211340E+04   0.3624420E+01
   3   0.4771213E+00  -0.9106661E+00  -0.4064081E-01   0.1098097E+04   0.3040641E+01
   3   0.4771213E+00  -0.2220487E+01   0.3464483E+00   0.4503516E+03   0.2653552E+01
   3   0.4771213E+00  -0.2240886E+01   0.3504198E+00   0.4462521E+03   0.2649580E+01
   3   0.4771213E+00  -0.2434731E+01   0.3864510E+00   0.4107229E+03   0.2613549E+01
   3   0.4771213E+00  -0.3329011E+01   0.5223153E+00   0.3003895E+03   0.2477685E+01
   3   0.4771213E+00  -0.3333016E+01   0.5228374E+00   0.3000286E+03   0.2477163E+01
   3   0.4771213E+00  -0.3369541E+01   0.5275708E+00   0.2967763E+03   0.2472429E+01
   3   0.4771213E+00  -0.3602931E+01   0.5566560E+00   0.2775518E+03   0.2443344E+01


   4   0.6020600E+00  -0.1149971E-03  -0.3939313E+01   0.8695874E+07   0.6939313E+01
   4   0.6020600E+00  -0.3870315E-02  -0.2412254E+01   0.2583769E+06   0.5412254E+01
   4   0.6020600E+00  -0.1171303E+00  -0.9313307E+00   0.8537500E+04   0.3931331E+01
   4   0.6020600E+00  -0.2410449E+00  -0.6179020E+00   0.4148604E+04   0.3617902E+01
   4   0.6020600E+00  -0.6017465E+00  -0.2205865E+00   0.1661829E+04   0.3220586E+01
   4   0.6020600E+00  -0.2220487E+01   0.3464483E+00   0.4503516E+03   0.2653552E+01
   4   0.6020600E+00  -0.2233349E+01   0.3489566E+00   0.4477581E+03   0.2651043E+01
   4   0.6020600E+00  -0.2466814E+01   0.3921363E+00   0.4053813E+03   0.2607864E+01
   4   0.6020600E+00  -0.3329011E+01   0.5223153E+00   0.3003895E+03   0.2477685E+01
   4   0.6020600E+00  -0.3331593E+01   0.5226520E+00   0.3001567E+03   0.2477348E+01
   4   0.6020600E+00  -0.3375714E+01   0.5283656E+00   0.2962336E+03   0.2471634E+01
   4   0.6020600E+00  -0.3602931E+01   0.5566560E+00   0.2775518E+03   0.2443344E+01


   5   0.6989700E+00  -0.1674373E-03  -0.3776148E+01   0.5972386E+07   0.6776148E+01
   5   0.6989700E+00  -0.5331469E-02  -0.2273153E+01   0.1875656E+06   0.5273153E+01
   5   0.6989700E+00  -0.1459109E+00  -0.8359122E+00   0.6853497E+04   0.3835912E+01
   5   0.6989700E+00  -0.2400892E+00  -0.6196273E+00   0.4165118E+04   0.3619627E+01
   5   0.6989700E+00  -0.4303263E+00  -0.3662022E+00   0.2323818E+04   0.3366202E+01
   5   0.6989700E+00  -0.2220487E+01   0.3464483E+00   0.4503516E+03   0.2653552E+01
   5   0.6989700E+00  -0.2230833E+01   0.3484670E+00   0.4482631E+03   0.2651533E+01
   5   0.6989700E+00  -0.2492689E+01   0.3966682E+00   0.4011731E+03   0.2603332E+01
   5   0.6989700E+00  -0.3329011E+01   0.5223153E+00   0.3003895E+03   0.2477685E+01
   5   0.6989700E+00  -0.3331003E+01   0.5225750E+00   0.3002099E+03   0.2477425E+01
   5   0.6989700E+00  -0.3380111E+01   0.5289310E+00   0.2958482E+03   0.2471069E+01
   5   0.6989700E+00  -0.3602931E+01   0.5566560E+00   0.2775518E+03   0.2443344E+01


   6   0.7781513E+00  -0.2271744E-03  -0.3643641E+01   0.4401904E+07   0.6643641E+01
   6   0.7781513E+00  -0.6796299E-02  -0.2167728E+01   0.1471389E+06   0.5167728E+01
   6   0.7781513E+00  -0.1657670E+00  -0.7805020E+00   0.6032565E+04   0.3780502E+01
   6   0.7781513E+00  -0.2382205E+00  -0.6230209E+00   0.4197792E+04   0.3623021E+01
   6   0.7781513E+00  -0.3380734E+00  -0.4709890E+00   0.2957938E+04   0.3470989E+01
   6   0.7781513E+00  -0.2220487E+01   0.3464483E+00   0.4503516E+03   0.2653552E+01
   6   0.7781513E+00  -0.2230416E+01   0.3483860E+00   0.4483468E+03   0.2651614E+01
   6   0.7781513E+00  -0.2515693E+01   0.4006577E+00   0.3975048E+03   0.2599342E+01
   6   0.7781513E+00  -0.3329011E+01   0.5223153E+00   0.3003895E+03   0.2477685E+01
   6   0.7781513E+00  -0.3330788E+01   0.5225470E+00   0.3002293E+03   0.2477453E+01
   6   0.7781513E+00  -0.3384029E+01   0.5294340E+00   0.2955058E+03   0.2470566E+01
   6   0.7781513E+00  -0.3602931E+01   0.5566560E+00   0.2775518E+03   0.2443344E+01


   7   0.8450980E+00  -0.2933756E-03  -0.3532576E+01   0.3408600E+07   0.6532576E+01
   7   0.8450980E+00  -0.8203202E-02  -0.2086017E+01   0.1219036E+06   0.5086017E+01
   7   0.8450980E+00  -0.1712922E+00  -0.7662625E+00   0.5837979E+04   0.3766263E+01
   7   0.8450980E+00  -0.2396122E+00  -0.6204911E+00   0.4173410E+04   0.3620491E+01
   7   0.8450980E+00  -0.2911073E+00  -0.5359469E+00   0.3435160E+04   0.3535947E+01
   7   0.8450980E+00  -0.2220487E+01   0.3464483E+00   0.4503516E+03   0.2653552E+01
   7   0.8450980E+00  -0.2231208E+01   0.3485401E+00   0.4481876E+03   0.2651460E+01
   7   0.8450980E+00  -0.2536038E+01   0.4041557E+00   0.3943159E+03   0.2595844E+01
   7   0.8450980E+00  -0.3329011E+01   0.5223153E+00   0.3003895E+03   0.2477685E+01
   7   0.8450980E+00  -0.3330780E+01   0.5225459E+00   0.3002300E+03   0.2477454E+01
   7   0.8450980E+00  -0.3387752E+01   0.5299116E+00   0.2951810E+03   0.2470088E+01
   7   0.8450980E+00  -0.3602931E+01   0.5566560E+00   0.2775518E+03   0.2443344E+01


   8   0.9030900E+00  -0.3653321E-03  -0.3437312E+01   0.2737236E+07   0.6437312E+01
   8   0.9030900E+00  -0.9508028E-02  -0.2021910E+01   0.1051743E+06   0.5021910E+01
   8   0.9030900E+00  -0.1641260E+00  -0.7848227E+00   0.6092881E+04   0.3784823E+01
   8   0.9030900E+00  -0.2352524E+00  -0.6284660E+00   0.4250754E+04   0.3628466E+01
   8   0.9030900E+00  -0.2801472E+00  -0.5526136E+00   0.3569551E+04   0.3552614E+01
   8   0.9030900E+00  -0.2220487E+01   0.3464483E+00   0.4503516E+03   0.2653552E+01
   8   0.9030900E+00  -0.2232911E+01   0.3488714E+00   0.4478459E+03   0.2651129E+01
   8   0.9030900E+00  -0.2553428E+01   0.4071237E+00   0.3916303E+03   0.2592876E+01
   8   0.9030900E+00  -0.3329011E+01   0.5223153E+00   0.3003895E+03   0.2477685E+01
   8   0.9030900E+00  -0.3330913E+01   0.5225633E+00   0.3002180E+03   0.2477437E+01
   8   0.9030900E+00  -0.3391265E+01   0.5303618E+00   0.2948752E+03   0.2469638E+01
   8   0.9030900E+00  -0.3602931E+01   0.5566560E+00   0.2775518E+03   0.2443344E+01


   9   0.9542425E+00  -0.4424022E-03  -0.3354183E+01   0.2260387E+07   0.6354183E+01
   9   0.9542425E+00  -0.1067997E-01  -0.1971430E+01   0.9363321E+05   0.4971430E+01
   9   0.9542425E+00  -0.1523000E+00  -0.8173000E+00   0.6565987E+04   0.3817300E+01
   9   0.9542425E+00  -0.2221706E+00  -0.6533134E+00   0.4501045E+04   0.3653313E+01
   9   0.9542425E+00  -0.2923720E+00  -0.5340642E+00   0.3420300E+04   0.3534064E+01
   9   0.9542425E+00  -0.2220487E+01   0.3464483E+00   0.4503516E+03   0.2653552E+01
   9   0.9542425E+00  -0.2235425E+01   0.3493602E+00   0.4473421E+03   0.2650640E+01
   9   0.9542425E+00  -0.2567763E+01   0.4095549E+00   0.3894441E+03   0.2590445E+01
   9   0.9542425E+00  -0.3329011E+01   0.5223153E+00   0.3003895E+03   0.2477685E+01
   9   0.9542425E+00  -0.3331162E+01   0.5225957E+00   0.3001956E+03   0.2477404E+01
   9   0.9542425E+00  -0.3394495E+01   0.5307751E+00   0.2945947E+03   0.2469225E+01
   9   0.9542425E+00  -0.3602931E+01   0.5566560E+00   0.2775518E+03   0.2443344E+01


  10   0.1000000E+01  -0.5239738E-03  -0.3280690E+01   0.1908493E+07   0.6280690E+01
  10   0.1000000E+01  -0.1169949E-01  -0.1931833E+01   0.8547380E+05   0.4931833E+01
  10   0.1000000E+01  -0.1403842E+00  -0.8526817E+00   0.7123307E+04   0.3852682E+01
  10   0.1000000E+01  -0.2095666E+00  -0.6786778E+00   0.4771752E+04   0.3678678E+01
  10   0.1000000E+01  -0.3102626E+00  -0.5082706E+00   0.3223076E+04   0.3508271E+01
  10   0.1000000E+01  -0.2220487E+01   0.3464483E+00   0.4503516E+03   0.2653552E+01
  10   0.1000000E+01  -0.2238726E+01   0.3500010E+00   0.4466826E+03   0.2649999E+01
  10   0.1000000E+01  -0.2579213E+01   0.4114872E+00   0.3877151E+03   0.2588513E+01
  10   0.1000000E+01  -0.3329011E+01   0.5223153E+00   0.3003895E+03   0.2477685E+01
  10   0.1000000E+01  -0.3331514E+01   0.5226417E+00   0.3001638E+03   0.2477358E+01
  10   0.1000000E+01  -0.3397389E+01   0.5311453E+00   0.2943437E+03   0.2468855E+01
  10   0.1000000E+01  -0.3602931E+01   0.5566560E+00   0.2775518E+03   0.2443344E+01


  11   0.1041393E+01  -0.6094477E-03  -0.3215064E+01   0.1640830E+07   0.6215064E+01
  11   0.1041393E+01  -0.1255711E-01  -0.1901110E+01   0.7963613E+05   0.4901110E+01
  11   0.1041393E+01  -0.1296867E+00  -0.8871046E+00   0.7710892E+04   0.3887105E+01
  11   0.1041393E+01  -0.1987173E+00  -0.7017642E+00   0.5032274E+04   0.3701764E+01
  11   0.1041393E+01  -0.3293004E+00  -0.4824078E+00   0.3036741E+04   0.3482408E+01
  11   0.1041393E+01  -0.2220487E+01   0.3464483E+00   0.4503516E+03   0.2653552E+01
  11   0.1041393E+01  -0.2242814E+01   0.3507932E+00   0.4458685E+03   0.2649207E+01
  11   0.1041393E+01  -0.2588129E+01   0.4129859E+00   0.3863795E+03   0.2587014E+01
  11   0.1041393E+01  -0.3329011E+01   0.5223153E+00   0.3003895E+03   0.2477685E+01
  11   0.1041393E+01  -0.3331966E+01   0.5227006E+00   0.3001231E+03   0.2477299E+01
  11   0.1041393E+01  -0.3399934E+01   0.5314704E+00   0.2941234E+03   0.2468530E+01
  11   0.1041393E+01  -0.3602931E+01   0.5566560E+00   0.2775518E+03   0.2443344E+01


  12   0.1079181E+01  -0.6982327E-03  -0.3156000E+01   0.1432187E+07   0.6156000E+01
  12   0.1079181E+01  -0.1325213E-01  -0.1877714E+01   0.7545958E+05   0.4877714E+01
  12   0.1079181E+01  -0.1203515E+00  -0.9195486E+00   0.8308997E+04   0.3919549E+01
  12   0.1079181E+01  -0.1893336E+00  -0.7227723E+00   0.5281683E+04   0.3722772E+01
  12   0.1079181E+01  -0.3485393E+00  -0.4577482E+00   0.2869117E+04   0.3457748E+01
  12   0.1079181E+01  -0.2220487E+01   0.3464483E+00   0.4503516E+03   0.2653552E+01
  12   0.1079181E+01  -0.2247697E+01   0.3517377E+00   0.4448999E+03   0.2648262E+01
  12   0.1079181E+01  -0.2594926E+01   0.4141249E+00   0.3853675E+03   0.2585875E+01
  12   0.1079181E+01  -0.3329011E+01   0.5223153E+00   0.3003895E+03   0.2477685E+01
  12   0.1079181E+01  -0.3332514E+01   0.5227720E+00   0.3000737E+03   0.2477228E+01
  12   0.1079181E+01  -0.3402142E+01   0.5317525E+00   0.2939324E+03   0.2468248E+01
  12   0.1079181E+01  -0.3602931E+01   0.5566560E+00   0.2775518E+03   0.2443344E+01


  13   0.1113943E+01  -0.7897460E-03  -0.3102513E+01   0.1266230E+07   0.6102513E+01
  13   0.1113943E+01  -0.1379089E-01  -0.1860408E+01   0.7251162E+05   0.4860408E+01
  13   0.1113943E+01  -0.1122253E+00  -0.9499093E+00   0.8910647E+04   0.3949909E+01
  13   0.1113943E+01  -0.1811012E+00  -0.7420786E+00   0.5521774E+04   0.3742079E+01
  13   0.1113943E+01  -0.3677624E+00  -0.4344327E+00   0.2719147E+04   0.3434433E+01
  13   0.1113943E+01  -0.2220487E+01   0.3464483E+00   0.4503516E+03   0.2653552E+01
  13   0.1113943E+01  -0.2253382E+01   0.3528348E+00   0.4437774E+03   0.2647165E+01
  13   0.1113943E+01  -0.2600011E+01   0.4149753E+00   0.3846137E+03   0.2585025E+01
  13   0.1113943E+01  -0.3329011E+01   0.5223153E+00   0.3003895E+03   0.2477685E+01
  13   0.1113943E+01  -0.3333159E+01   0.5228560E+00   0.3000157E+03   0.2477144E+01
  13   0.1113943E+01  -0.3404044E+01   0.5319952E+00   0.2937682E+03   0.2468005E+01
  13   0.1113943E+01  -0.3602931E+01   0.5566560E+00   0.2775518E+03   0.2443344E+01


  14   0.1146128E+01  -0.8834148E-03  -0.3053835E+01   0.1131971E+07   0.6053835E+01
  14   0.1146128E+01  -0.1418491E-01  -0.1848174E+01   0.7049748E+05   0.4848174E+01
  14   0.1146128E+01  -0.1051143E+00  -0.9783380E+00   0.9513449E+04   0.3978338E+01
  14   0.1146128E+01  -0.1737778E+00  -0.7600058E+00   0.5754476E+04   0.3760006E+01
  14   0.1146128E+01  -0.3869288E+00  -0.4123689E+00   0.2584455E+04   0.3412369E+01
  14   0.1146128E+01  -0.2220487E+01   0.3464483E+00   0.4503516E+03   0.2653552E+01
  14   0.1146128E+01  -0.2259871E+01   0.3540836E+00   0.4425032E+03   0.2645916E+01
  14   0.1146128E+01  -0.2603753E+01   0.4155997E+00   0.3840611E+03   0.2584400E+01
  14   0.1146128E+01  -0.3329011E+01   0.5223153E+00   0.3003895E+03   0.2477685E+01
  14   0.1146128E+01  -0.3333898E+01   0.5229523E+00   0.2999492E+03   0.2477048E+01
  14   0.1146128E+01  -0.3405674E+01   0.5322031E+00   0.2936276E+03   0.2467797E+01
  14   0.1146128E+01  -0.3602931E+01   0.5566560E+00   0.2775518E+03   0.2443344E+01


  15   0.1176091E+01  -0.9786793E-03  -0.3009360E+01   0.1021785E+07   0.6009360E+01
  15   0.1176091E+01  -0.1444886E-01  -0.1840166E+01   0.6920960E+05   0.4840166E+01
  15   0.1176091E+01  -0.9884729E-01  -0.1005035E+01   0.1011662E+05   0.4005035E+01
  15   0.1176091E+01  -0.1671788E+00  -0.7768188E+00   0.5981619E+04   0.3776819E+01
  15   0.1176091E+01  -0.4060313E+00  -0.3914405E+00   0.2462865E+04   0.3391441E+01
  15   0.1176091E+01  -0.2220487E+01   0.3464483E+00   0.4503516E+03   0.2653552E+01
  15   0.1176091E+01  -0.2267154E+01   0.3554809E+00   0.4410817E+03   0.2644519E+01
  15   0.1176091E+01  -0.2606461E+01   0.4160512E+00   0.3836620E+03   0.2583949E+01
  15   0.1176091E+01  -0.3329011E+01   0.5223153E+00   0.3003895E+03   0.2477685E+01
  15   0.1176091E+01  -0.3334730E+01   0.5230606E+00   0.2998744E+03   0.2476939E+01
  15   0.1176091E+01  -0.3407068E+01   0.5323808E+00   0.2935075E+03   0.2467619E+01
  15   0.1176091E+01  -0.3602931E+01   0.5566560E+00   0.2775518E+03   0.2443344E+01


  16   0.1204120E+01  -0.1074995E-02  -0.2968593E+01   0.9302366E+06   0.5968593E+01
  16   0.1204120E+01  -0.1459899E-01  -0.1835677E+01   0.6849788E+05   0.4835677E+01
  16   0.1204120E+01  -0.9328447E-01  -0.1030191E+01   0.1071990E+05   0.4030191E+01
  16   0.1204120E+01  -0.1611646E+00  -0.7927303E+00   0.6204836E+04   0.3792730E+01
  16   0.1204120E+01  -0.4250545E+00  -0.3715553E+00   0.2352639E+04   0.3371555E+01
  16   0.1204120E+01  -0.2220487E+01   0.3464483E+00   0.4503516E+03   0.2653552E+01
  16   0.1204120E+01  -0.2275212E+01   0.3570218E+00   0.4395195E+03   0.2642978E+01
  16   0.1204120E+01  -0.2608391E+01   0.4163728E+00   0.3833780E+03   0.2583627E+01
  16   0.1204120E+01  -0.3329011E+01   0.5223153E+00   0.3003895E+03   0.2477685E+01
  16   0.1204120E+01  -0.3335653E+01   0.5231808E+00   0.2997914E+03   0.2476819E+01
  16   0.1204120E+01  -0.3408259E+01   0.5325326E+00   0.2934049E+03   0.2467467E+01
  16   0.1204120E+01  -0.3602931E+01   0.5566560E+00   0.2775518E+03   0.2443344E+01


  17   0.1230449E+01  -0.1171837E-02  -0.2931133E+01   0.8533613E+06   0.5931133E+01
  17   0.1230449E+01  -0.1465173E-01  -0.1834111E+01   0.6825131E+05   0.4834111E+01
  17   0.1230449E+01  -0.8831406E-01  -0.1053970E+01   0.1132322E+05   0.4053970E+01
  17   0.1230449E+01  -0.1556304E+00  -0.8079056E+00   0.6425480E+04   0.3807906E+01
  17   0.1230449E+01  -0.4439663E+00  -0.3526500E+00   0.2252423E+04   0.3352650E+01
  17   0.1230449E+01  -0.2220487E+01   0.3464483E+00   0.4503516E+03   0.2653552E+01
  17   0.1230449E+01  -0.2284014E+01   0.3586988E+00   0.4378256E+03   0.2641301E+01
  17   0.1230449E+01  -0.2609752E+01   0.4165993E+00   0.3831782E+03   0.2583401E+01
  17   0.1230449E+01  -0.3329011E+01   0.5223153E+00   0.3003895E+03   0.2477685E+01
  17   0.1230449E+01  -0.3336664E+01   0.5233125E+00   0.2997005E+03   0.2476688E+01
  17   0.1230449E+01  -0.3409277E+01   0.5326623E+00   0.2933173E+03   0.2467338E+01
  17   0.1230449E+01  -0.3602931E+01   0.5566560E+00   0.2775518E+03   0.2443344E+01


  18   0.1255273E+01  -0.1268698E-02  -0.2896642E+01   0.7882096E+06   0.5896642E+01
  18   0.1255273E+01  -0.1462282E-01  -0.1834969E+01   0.6838628E+05   0.4834969E+01
  18   0.1255273E+01  -0.8384636E-01  -0.1076516E+01   0.1192658E+05   0.4076516E+01
  18   0.1255273E+01  -0.1504987E+00  -0.8224674E+00   0.6644578E+04   0.3822467E+01
  18   0.1255273E+01  -0.4627185E+00  -0.3346832E+00   0.2161141E+04   0.3334683E+01
  18   0.1255273E+01  -0.2220487E+01   0.3464483E+00   0.4503516E+03   0.2653552E+01
  18   0.1255273E+01  -0.2293518E+01   0.3605022E+00   0.4360113E+03   0.2639498E+01
  18   0.1255273E+01  -0.2610707E+01   0.4167582E+00   0.3830380E+03   0.2583242E+01
  18   0.1255273E+01  -0.3329011E+01   0.5223153E+00   0.3003895E+03   0.2477685E+01
  18   0.1255273E+01  -0.3337761E+01   0.5234552E+00   0.2996020E+03   0.2476545E+01
  18   0.1255273E+01  -0.3410147E+01   0.5327732E+00   0.2932425E+03   0.2467227E+01
  18   0.1255273E+01  -0.3602931E+01   0.5566560E+00   0.2775518E+03   0.2443344E+01


  19   0.1278754E+01  -0.1365098E-02  -0.2864836E+01   0.7325483E+06   0.5864836E+01
  19   0.1278754E+01  -0.1452670E-01  -0.1837833E+01   0.6883878E+05   0.4837833E+01
  19   0.1278754E+01  -0.7980879E-01  -0.1097949E+01   0.1252995E+05   0.4097949E+01
  19   0.1278754E+01  -0.1457129E+00  -0.8365019E+00   0.6862809E+04   0.3836502E+01
  19   0.1278754E+01  -0.4812519E+00  -0.3176275E+00   0.2077914E+04   0.3317628E+01
  19   0.1278754E+01  -0.2220487E+01   0.3464483E+00   0.4503516E+03   0.2653552E+01
  19   0.1278754E+01  -0.2303672E+01   0.3624206E+00   0.4340897E+03   0.2637579E+01
  19   0.1278754E+01  -0.2611387E+01   0.4168712E+00   0.3829383E+03   0.2583129E+01
  19   0.1278754E+01  -0.3329011E+01   0.5223153E+00   0.3003895E+03   0.2477685E+01
  19   0.1278754E+01  -0.3338940E+01   0.5236086E+00   0.2994963E+03   0.2476391E+01
  19   0.1278754E+01  -0.3410892E+01   0.5328679E+00   0.2931785E+03   0.2467132E+01
  19   0.1278754E+01  -0.3602931E+01   0.5566560E+00   0.2775518E+03   0.2443344E+01


  20   0.1301030E+01  -0.1460580E-02  -0.2835475E+01   0.6846596E+06   0.5835475E+01
  20   0.1301030E+01  -0.1437625E-01  -0.1842354E+01   0.6955917E+05   0.4842354E+01
  20   0.1301030E+01  -0.7614213E-01  -0.1118375E+01   0.1313333E+05   0.4118375E+01
  20   0.1301030E+01  -0.1412325E+00  -0.8500653E+00   0.7080523E+04   0.3850065E+01
  20   0.1301030E+01  -0.4995021E+00  -0.3014626E+00   0.2001993E+04   0.3301463E+01
  20   0.1301030E+01  -0.2220487E+01   0.3464483E+00   0.4503516E+03   0.2653552E+01
  20   0.1301030E+01  -0.2314411E+01   0.3644404E+00   0.4320754E+03   0.2635560E+01
  20   0.1301030E+01  -0.2611890E+01   0.4169549E+00   0.3828645E+03   0.2583045E+01
  20   0.1301030E+01  -0.3329011E+01   0.5223153E+00   0.3003895E+03   0.2477685E+01
  20   0.1301030E+01  -0.3340196E+01   0.5237719E+00   0.2993837E+03   0.2476228E+01
  20   0.1301030E+01  -0.3411529E+01   0.5329491E+00   0.2931237E+03   0.2467051E+01
  20   0.1301030E+01  -0.3602931E+01   0.5566560E+00   0.2775518E+03   0.2443344E+01


  21   0.1322219E+01  -0.1554716E-02  -0.2808349E+01   0.6432042E+06   0.5808349E+01
  21   0.1322219E+01  -0.1418270E-01  -0.1848241E+01   0.7050846E+05   0.4848241E+01
  21   0.1322219E+01  -0.7279751E-01  -0.1137883E+01   0.1373673E+05   0.4137883E+01
  21   0.1322219E+01  -0.1370283E+00  -0.8631898E+00   0.7297764E+04   0.3863190E+01
  21   0.1322219E+01  -0.5174041E+00  -0.2861702E+00   0.1932725E+04   0.3286170E+01
  21   0.1322219E+01  -0.2220487E+01   0.3464483E+00   0.4503516E+03   0.2653552E+01
  21   0.1322219E+01  -0.2325665E+01   0.3665472E+00   0.4299845E+03   0.2633453E+01
  21   0.1322219E+01  -0.2612296E+01   0.4170223E+00   0.3828051E+03   0.2582978E+01
  21   0.1322219E+01  -0.3329011E+01   0.5223153E+00   0.3003895E+03   0.2477685E+01
  21   0.1322219E+01  -0.3341524E+01   0.5239446E+00   0.2992646E+03   0.2476055E+01
  21   0.1322219E+01  -0.3412076E+01   0.5330186E+00   0.2930767E+03   0.2466981E+01
  21   0.1322219E+01  -0.3602931E+01   0.5566560E+00   0.2775518E+03   0.2443344E+01


  22   0.1342423E+01  -0.1647110E-02  -0.2783278E+01   0.6071242E+06   0.5783278E+01
  22   0.1342423E+01  -0.1395562E-01  -0.1855251E+01   0.7165571E+05   0.4855251E+01
  22   0.1342423E+01  -0.6973430E-01  -0.1156554E+01   0.1434015E+05   0.4156554E+01
  22   0.1342423E+01  -0.1330794E+00  -0.8758893E+00   0.7514313E+04   0.3875889E+01
  22   0.1342423E+01  -0.5348960E+00  -0.2717307E+00   0.1869522E+04   0.3271731E+01
  22   0.1342423E+01  -0.2220487E+01   0.3464483E+00   0.4503516E+03   0.2653552E+01
  22   0.1342423E+01  -0.2337359E+01   0.3687254E+00   0.4278334E+03   0.2631275E+01
  22   0.1342423E+01  -0.2612661E+01   0.4170830E+00   0.3827516E+03   0.2582917E+01
  22   0.1342423E+01  -0.3329011E+01   0.5223153E+00   0.3003895E+03   0.2477685E+01
  22   0.1342423E+01  -0.3342920E+01   0.5241260E+00   0.2991396E+03   0.2475874E+01
  22   0.1342423E+01  -0.3412544E+01   0.5330783E+00   0.2930365E+03   0.2466922E+01
  22   0.1342423E+01  -0.3602931E+01   0.5566560E+00   0.2775518E+03   0.2443344E+01


  23   0.1361728E+01  -0.1737394E-02  -0.2760102E+01   0.5755748E+06   0.5760102E+01
  23   0.1361728E+01  -0.1370312E-01  -0.1863181E+01   0.7297610E+05   0.4863181E+01
  23   0.1361728E+01  -0.6691843E-01  -0.1174454E+01   0.1494357E+05   0.4174454E+01
  23   0.1361728E+01  -0.1293708E+00  -0.8881638E+00   0.7729720E+04   0.3888164E+01
  23   0.1361728E+01  -0.5519223E+00  -0.2581220E+00   0.1811849E+04   0.3258122E+01
  23   0.1361728E+01  -0.2220487E+01   0.3464483E+00   0.4503516E+03   0.2653552E+01
  23   0.1361728E+01  -0.2349410E+01   0.3709587E+00   0.4256389E+03   0.2629041E+01
  23   0.1361728E+01  -0.2613028E+01   0.4171441E+00   0.3826977E+03   0.2582856E+01
  23   0.1361728E+01  -0.3329011E+01   0.5223153E+00   0.3003895E+03   0.2477685E+01
  23   0.1361728E+01  -0.3344379E+01   0.5243155E+00   0.2990092E+03   0.2475685E+01
  23   0.1361728E+01  -0.3412947E+01   0.5331295E+00   0.2930019E+03   0.2466870E+01
  23   0.1361728E+01  -0.3602931E+01   0.5566560E+00   0.2775518E+03   0.2443344E+01


  24   0.1380211E+01  -0.1825236E-02  -0.2738681E+01   0.5478745E+06   0.5738681E+01
  24   0.1380211E+01  -0.1343191E-01  -0.1871862E+01   0.7444957E+05   0.4871862E+01
  24   0.1380211E+01  -0.6432111E-01  -0.1191646E+01   0.1554699E+05   0.4191646E+01
  24   0.1380211E+01  -0.1258915E+00  -0.9000037E+00   0.7943351E+04   0.3900004E+01
  24   0.1380211E+01  -0.5684358E+00  -0.2453186E+00   0.1759214E+04   0.3245319E+01
  24   0.1380211E+01  -0.2220487E+01   0.3464483E+00   0.4503516E+03   0.2653552E+01
  24   0.1380211E+01  -0.2361735E+01   0.3732311E+00   0.4234176E+03   0.2626769E+01
  24   0.1380211E+01  -0.2613430E+01   0.4172108E+00   0.3826390E+03   0.2582789E+01
  24   0.1380211E+01  -0.3329011E+01   0.5223153E+00   0.3003895E+03   0.2477685E+01
  24   0.1380211E+01  -0.3345894E+01   0.5245121E+00   0.2988738E+03   0.2475488E+01
  24   0.1380211E+01  -0.3413293E+01   0.5331735E+00   0.2929722E+03   0.2466826E+01
  24   0.1380211E+01  -0.3602931E+01   0.5566560E+00   0.2775518E+03   0.2443344E+01


  25   0.1397940E+01  -0.1910337E-02  -0.2718890E+01   0.5234679E+06   0.5718890E+01
  25   0.1397940E+01  -0.1314757E-01  -0.1881155E+01   0.7605970E+05   0.4881155E+01
  25   0.1397940E+01  -0.6191786E-01  -0.1208184E+01   0.1615043E+05   0.4208184E+01
  25   0.1397940E+01  -0.1226329E+00  -0.9113930E+00   0.8154419E+04   0.3911393E+01
  25   0.1397940E+01  -0.5843980E+00  -0.2332913E+00   0.1711163E+04   0.3233291E+01
  25   0.1397940E+01  -0.2220487E+01   0.3464483E+00   0.4503516E+03   0.2653552E+01
  25   0.1397940E+01  -0.2374251E+01   0.3755266E+00   0.4211855E+03   0.2624473E+01
  25   0.1397940E+01  -0.2613886E+01   0.4172866E+00   0.3825722E+03   0.2582713E+01
  25   0.1397940E+01  -0.3329011E+01   0.5223153E+00   0.3003895E+03   0.2477685E+01
  25   0.1397940E+01  -0.3347459E+01   0.5247153E+00   0.2987340E+03   0.2475285E+01
  25   0.1397940E+01  -0.3413591E+01   0.5332114E+00   0.2929467E+03   0.2466789E+01
  25   0.1397940E+01  -0.3602931E+01   0.5566560E+00   0.2775518E+03   0.2443344E+01


  26   0.1414973E+01  -0.1992433E-02  -0.2700616E+01   0.5018990E+06   0.5700616E+01
  26   0.1414973E+01  -0.1285463E-01  -0.1890940E+01   0.7779299E+05   0.4890940E+01
  26   0.1414973E+01  -0.5968771E-01  -0.1224115E+01   0.1675387E+05   0.4224115E+01
  26   0.1414973E+01  -0.1195883E+00  -0.9223113E+00   0.8362022E+04   0.3922311E+01
  26   0.1414973E+01  -0.5997802E+00  -0.2220079E+00   0.1667277E+04   0.3222008E+01
  26   0.1414973E+01  -0.2220487E+01   0.3464483E+00   0.4503516E+03   0.2653552E+01
  26   0.1414973E+01  -0.2386875E+01   0.3778297E+00   0.4189578E+03   0.2622170E+01
  26   0.1414973E+01  -0.2614411E+01   0.4173738E+00   0.3824954E+03   0.2582626E+01
  26   0.1414973E+01  -0.3329011E+01   0.5223153E+00   0.3003895E+03   0.2477685E+01
  26   0.1414973E+01  -0.3349070E+01   0.5249242E+00   0.2985904E+03   0.2475076E+01
  26   0.1414973E+01  -0.3413847E+01   0.5332441E+00   0.2929247E+03   0.2466756E+01
  26   0.1414973E+01  -0.3602931E+01   0.5566560E+00   0.2775518E+03   0.2443344E+01


  27   0.1431364E+01  -0.2071294E-02  -0.2683758E+01   0.4827899E+06   0.5683758E+01
  27   0.1431364E+01  -0.1255679E-01  -0.1901121E+01   0.7963820E+05   0.4901121E+01
  27   0.1431364E+01  -0.5761261E-01  -0.1239482E+01   0.1735731E+05   0.4239482E+01
  27   0.1431364E+01  -0.1167519E+00  -0.9327360E+00   0.8565171E+04   0.3932736E+01
  27   0.1431364E+01  -0.6145627E+00  -0.2114338E+00   0.1627173E+04   0.3211434E+01
  27   0.1431364E+01  -0.2220487E+01   0.3464483E+00   0.4503516E+03   0.2653552E+01
  27   0.1431364E+01  -0.2399529E+01   0.3801260E+00   0.4167485E+03   0.2619874E+01
  27   0.1431364E+01  -0.2615012E+01   0.4174737E+00   0.3824075E+03   0.2582526E+01
  27   0.1431364E+01  -0.3329011E+01   0.5223153E+00   0.3003895E+03   0.2477685E+01
  27   0.1431364E+01  -0.3350719E+01   0.5251380E+00   0.2984434E+03   0.2474862E+01
  27   0.1431364E+01  -0.3414069E+01   0.5332722E+00   0.2929057E+03   0.2466728E+01
  27   0.1431364E+01  -0.3602931E+01   0.5566560E+00   0.2775518E+03   0.2443344E+01


  28   0.1447158E+01  -0.2146726E-02  -0.2668223E+01   0.4658256E+06   0.5668223E+01
  28   0.1447158E+01  -0.1225702E-01  -0.1911615E+01   0.8158588E+05   0.4911615E+01
  28   0.1447158E+01  -0.5567693E-01  -0.1254325E+01   0.1796076E+05   0.4254325E+01
  28   0.1447158E+01  -0.1141185E+00  -0.9426439E+00   0.8762820E+04   0.3942644E+01
  28   0.1447158E+01  -0.6287343E+00  -0.2015328E+00   0.1590497E+04   0.3201533E+01
  28   0.1447158E+01  -0.2220487E+01   0.3464483E+00   0.4503516E+03   0.2653552E+01
  28   0.1447158E+01  -0.2412138E+01   0.3824021E+00   0.4145700E+03   0.2617598E+01
  28   0.1447158E+01  -0.2615693E+01   0.4175868E+00   0.3823079E+03   0.2582413E+01
  28   0.1447158E+01  -0.3329011E+01   0.5223153E+00   0.3003895E+03   0.2477685E+01
  28   0.1447158E+01  -0.3352401E+01   0.5253560E+00   0.2982937E+03   0.2474644E+01
  28   0.1447158E+01  -0.3414260E+01   0.5332965E+00   0.2928893E+03   0.2466703E+01
  28   0.1447158E+01  -0.3602931E+01   0.5566560E+00   0.2775518E+03   0.2443344E+01


  29   0.1462398E+01  -0.2218567E-02  -0.2653928E+01   0.4507415E+06   0.5653928E+01
  29   0.1462398E+01  -0.1195771E-01  -0.1922352E+01   0.8362805E+05   0.4922352E+01
  29   0.1462398E+01  -0.5386710E-01  -0.1268676E+01   0.1856421E+05   0.4268676E+01
  29   0.1462398E+01  -0.1116833E+00  -0.9520119E+00   0.8953893E+04   0.3952012E+01
  29   0.1462398E+01  -0.6422918E+00  -0.1922676E+00   0.1556925E+04   0.3192268E+01
  29   0.1462398E+01  -0.2220487E+01   0.3464483E+00   0.4503516E+03   0.2653552E+01
  29   0.1462398E+01  -0.2424633E+01   0.3846459E+00   0.4124336E+03   0.2615354E+01
  29   0.1462398E+01  -0.2616454E+01   0.4177131E+00   0.3821967E+03   0.2582287E+01
  29   0.1462398E+01  -0.3329011E+01   0.5223153E+00   0.3003895E+03   0.2477685E+01
  29   0.1462398E+01  -0.3354110E+01   0.5255773E+00   0.2981417E+03   0.2474423E+01
  29   0.1462398E+01  -0.3414425E+01   0.5333176E+00   0.2928751E+03   0.2466682E+01
  29   0.1462398E+01  -0.3602931E+01   0.5566560E+00   0.2775518E+03   0.2443344E+01


  30   0.1477121E+01  -0.2286688E-02  -0.2640793E+01   0.4373137E+06   0.5640793E+01
  30   0.1477121E+01  -0.1166074E-01  -0.1933274E+01   0.8575786E+05   0.4933274E+01
  30   0.1477121E+01  -0.5217121E-01  -0.1282569E+01   0.1916766E+05   0.4282569E+01
  30   0.1477121E+01  -0.1094414E+00  -0.9608183E+00   0.9137309E+04   0.3960818E+01
  30   0.1477121E+01  -0.6552384E+00  -0.1836007E+00   0.1526162E+04   0.3183601E+01
  30   0.1477121E+01  -0.2220487E+01   0.3464483E+00   0.4503516E+03   0.2653552E+01
  30   0.1477121E+01  -0.2436950E+01   0.3868467E+00   0.4103489E+03   0.2613153E+01
  30   0.1477121E+01  -0.2617292E+01   0.4178522E+00   0.3820743E+03   0.2582148E+01
  30   0.1477121E+01  -0.3329011E+01   0.5223153E+00   0.3003895E+03   0.2477685E+01
  30   0.1477121E+01  -0.3355840E+01   0.5258013E+00   0.2979880E+03   0.2474199E+01
  30   0.1477121E+01  -0.3414568E+01   0.5333357E+00   0.2928628E+03   0.2466664E+01
  30   0.1477121E+01  -0.3602931E+01   0.5566560E+00   0.2775518E+03   0.2443344E+01


  31   0.1491362E+01  -0.2350992E-02  -0.2628749E+01   0.4253523E+06   0.5628749E+01
  31   0.1491362E+01  -0.1136759E-01  -0.1944332E+01   0.8796938E+05   0.4944332E+01
  31   0.1491362E+01  -0.5057884E-01  -0.1296031E+01   0.1977111E+05   0.4296031E+01
  31   0.1491362E+01  -0.1073883E+00  -0.9690430E+00   0.9312000E+04   0.3969043E+01
  31   0.1491362E+01  -0.6675832E+00  -0.1754946E+00   0.1497941E+04   0.3175495E+01
  31   0.1491362E+01  -0.2220487E+01   0.3464483E+00   0.4503516E+03   0.2653552E+01
  31   0.1491362E+01  -0.2449035E+01   0.3889950E+00   0.4083241E+03   0.2611005E+01
  31   0.1491362E+01  -0.2618203E+01   0.4180033E+00   0.3819414E+03   0.2581997E+01
  31   0.1491362E+01  -0.3329011E+01   0.5223153E+00   0.3003895E+03   0.2477685E+01
  31   0.1491362E+01  -0.3357586E+01   0.5260272E+00   0.2978330E+03   0.2473973E+01
  31   0.1491362E+01  -0.3414692E+01   0.5333515E+00   0.2928522E+03   0.2466649E+01
  31   0.1491362E+01  -0.3602931E+01   0.5566560E+00   0.2775518E+03   0.2443344E+01


  32   0.1505150E+01  -0.2411413E-02  -0.2617728E+01   0.4146946E+06   0.5617728E+01
  32   0.1505150E+01  -0.1107942E-01  -0.1955483E+01   0.9025743E+05   0.4955483E+01
  32   0.1505150E+01  -0.4908079E-01  -0.1309088E+01   0.2037457E+05   0.4309088E+01
  32   0.1505150E+01  -0.1055193E+00  -0.9766680E+00   0.9476937E+04   0.3976668E+01
  32   0.1505150E+01  -0.6793396E+00  -0.1679131E+00   0.1472018E+04   0.3167913E+01
  32   0.1505150E+01  -0.2220487E+01   0.3464483E+00   0.4503516E+03   0.2653552E+01
  32   0.1505150E+01  -0.2460838E+01   0.3910830E+00   0.4063656E+03   0.2608917E+01
  32   0.1505150E+01  -0.2619181E+01   0.4181654E+00   0.3817988E+03   0.2581835E+01
  32   0.1505150E+01  -0.3329011E+01   0.5223153E+00   0.3003895E+03   0.2477685E+01
  32   0.1505150E+01  -0.3359342E+01   0.5262542E+00   0.2976773E+03   0.2473746E+01
  32   0.1505150E+01  -0.3414799E+01   0.5333652E+00   0.2928430E+03   0.2466635E+01
  32   0.1505150E+01  -0.3602931E+01   0.5566560E+00   0.2775518E+03   0.2443344E+01


  33   0.1518514E+01  -0.2467911E-02  -0.2607671E+01   0.4052010E+06   0.5607671E+01
  33   0.1518514E+01  -0.1079710E-01  -0.1966693E+01   0.9261742E+05   0.4966693E+01
  33   0.1518514E+01  -0.4766893E-01  -0.1321765E+01   0.2097802E+05   0.4321765E+01
  33   0.1518514E+01  -0.1038298E+00  -0.9836779E+00   0.9631145E+04   0.3983678E+01
  33   0.1518514E+01  -0.6905250E+00  -0.1608206E+00   0.1448174E+04   0.3160821E+01
  33   0.1518514E+01  -0.2220487E+01   0.3464483E+00   0.4503516E+03   0.2653552E+01
  33   0.1518514E+01  -0.2472317E+01   0.3931042E+00   0.4044789E+03   0.2606896E+01
  33   0.1518514E+01  -0.2620219E+01   0.4183375E+00   0.3816475E+03   0.2581662E+01
  33   0.1518514E+01  -0.3329011E+01   0.5223153E+00   0.3003895E+03   0.2477685E+01
  33   0.1518514E+01  -0.3361103E+01   0.5264818E+00   0.2975214E+03   0.2473518E+01
  33   0.1518514E+01  -0.3414892E+01   0.5333770E+00   0.2928350E+03   0.2466623E+01
  33   0.1518514E+01  -0.3602931E+01   0.5566560E+00   0.2775518E+03   0.2443344E+01


  34   0.1531479E+01  -0.2520473E-02  -0.2598518E+01   0.3967509E+06   0.5598518E+01
  34   0.1531479E+01  -0.1052130E-01  -0.1977930E+01   0.9504525E+05   0.4977930E+01
  34   0.1531479E+01  -0.4633602E-01  -0.1334081E+01   0.2158148E+05   0.4334081E+01
  34   0.1531479E+01  -0.1023152E+00  -0.9900600E+00   0.9773722E+04   0.3990060E+01
  34   0.1531479E+01  -0.7011591E+00  -0.1541834E+00   0.1426210E+04   0.3154183E+01
  34   0.1531479E+01  -0.2220487E+01   0.3464483E+00   0.4503516E+03   0.2653552E+01
  34   0.1531479E+01  -0.2483438E+01   0.3950533E+00   0.4026676E+03   0.2604947E+01
  34   0.1531479E+01  -0.2621310E+01   0.4185184E+00   0.3814886E+03   0.2581482E+01
  34   0.1531479E+01  -0.3329011E+01   0.5223153E+00   0.3003895E+03   0.2477685E+01
  34   0.1531479E+01  -0.3362863E+01   0.5267092E+00   0.2973656E+03   0.2473291E+01
  34   0.1531479E+01  -0.3414974E+01   0.5333873E+00   0.2928280E+03   0.2466613E+01
  34   0.1531479E+01  -0.3602931E+01   0.5566560E+00   0.2775518E+03   0.2443344E+01


  35   0.1544068E+01  -0.2569112E-02  -0.2590217E+01   0.3892396E+06   0.5590217E+01
  35   0.1544068E+01  -0.1025250E-01  -0.1989170E+01   0.9753717E+05   0.4989170E+01
  35   0.1544068E+01  -0.4507562E-01  -0.1346058E+01   0.2218494E+05   0.4346058E+01
  35   0.1544068E+01  -0.1009708E+00  -0.9958042E+00   0.9903853E+04   0.3995804E+01
  35   0.1544068E+01  -0.7112640E+00  -0.1479692E+00   0.1405948E+04   0.3147969E+01
  35   0.1544068E+01  -0.2220487E+01   0.3464483E+00   0.4503516E+03   0.2653552E+01
  35   0.1544068E+01  -0.2494172E+01   0.3969264E+00   0.4009347E+03   0.2603074E+01
  35   0.1544068E+01  -0.2622447E+01   0.4187068E+00   0.3813232E+03   0.2581293E+01
  35   0.1544068E+01  -0.3329011E+01   0.5223153E+00   0.3003895E+03   0.2477685E+01
  35   0.1544068E+01  -0.3364619E+01   0.5269359E+00   0.2972104E+03   0.2473064E+01
  35   0.1544068E+01  -0.3415044E+01   0.5333963E+00   0.2928220E+03   0.2466604E+01
  35   0.1544068E+01  -0.3602931E+01   0.5566560E+00   0.2775518E+03   0.2443344E+01


  36   0.1556303E+01  -0.2613860E-02  -0.2582718E+01   0.3825760E+06   0.5582718E+01
  36   0.1556303E+01  -0.9991030E-02  -0.2000390E+01   0.1000898E+06   0.5000390E+01
  36   0.1556303E+01  -0.4388198E-01  -0.1357714E+01   0.2278840E+05   0.4357714E+01
  36   0.1556303E+01  -0.9979221E-01  -0.1000903E+01   0.1002082E+05   0.4000903E+01
  36   0.1556303E+01  -0.7208626E+00  -0.1421475E+00   0.1387227E+04   0.3142148E+01
  36   0.1556303E+01  -0.2220487E+01   0.3464483E+00   0.4503516E+03   0.2653552E+01
  36   0.1556303E+01  -0.2504498E+01   0.3987206E+00   0.3992817E+03   0.2601279E+01
  36   0.1556303E+01  -0.2623623E+01   0.4189015E+00   0.3811523E+03   0.2581099E+01
  36   0.1556303E+01  -0.3329011E+01   0.5223153E+00   0.3003895E+03   0.2477685E+01
  36   0.1556303E+01  -0.3366366E+01   0.5271613E+00   0.2970562E+03   0.2472839E+01
  36   0.1556303E+01  -0.3415106E+01   0.5334041E+00   0.2928167E+03   0.2466596E+01
  36   0.1556303E+01  -0.3602931E+01   0.5566560E+00   0.2775518E+03   0.2443344E+01


  37   0.1568202E+01  -0.2654769E-02  -0.2575973E+01   0.3766805E+06   0.5575973E+01
  37   0.1568202E+01  -0.9737107E-02  -0.2011570E+01   0.1026999E+06   0.5011570E+01
  37   0.1568202E+01  -0.4274992E-01  -0.1369065E+01   0.2339186E+05   0.4369065E+01
  37   0.1568202E+01  -0.9877494E-01  -0.1005353E+01   0.1012403E+05   0.4005353E+01
  37   0.1568202E+01  -0.7299787E+00  -0.1366898E+00   0.1369903E+04   0.3136690E+01
  37   0.1568202E+01  -0.2220487E+01   0.3464483E+00   0.4503516E+03   0.2653552E+01
  37   0.1568202E+01  -0.2514399E+01   0.4004342E+00   0.3977093E+03   0.2599566E+01
  37   0.1568202E+01  -0.2624830E+01   0.4191012E+00   0.3809770E+03   0.2580899E+01
  37   0.1568202E+01  -0.3329011E+01   0.5223153E+00   0.3003895E+03   0.2477685E+01
  37   0.1568202E+01  -0.3368099E+01   0.5273849E+00   0.2969034E+03   0.2472615E+01
  37   0.1568202E+01  -0.3415159E+01   0.5334110E+00   0.2928121E+03   0.2466589E+01
  37   0.1568202E+01  -0.3602931E+01   0.5566560E+00   0.2775518E+03   0.2443344E+01


  38   0.1579784E+01  -0.2691912E-02  -0.2569939E+01   0.3714831E+06   0.5569939E+01
  38   0.1579784E+01  -0.9490856E-02  -0.2022695E+01   0.1053646E+06   0.5022695E+01
  38   0.1579784E+01  -0.4167480E-01  -0.1380126E+01   0.2399532E+05   0.4380126E+01
  38   0.1579784E+01  -0.9791466E-01  -0.1009152E+01   0.1021297E+05   0.4009152E+01
  38   0.1579784E+01  -0.7386364E+00  -0.1315693E+00   0.1353846E+04   0.3131569E+01
  38   0.1579784E+01  -0.2220487E+01   0.3464483E+00   0.4503516E+03   0.2653552E+01
  38   0.1579784E+01  -0.2523866E+01   0.4020663E+00   0.3962176E+03   0.2597934E+01
  38   0.1579784E+01  -0.2626061E+01   0.4193049E+00   0.3807984E+03   0.2580695E+01
  38   0.1579784E+01  -0.3329011E+01   0.5223153E+00   0.3003895E+03   0.2477685E+01
  38   0.1579784E+01  -0.3369815E+01   0.5276060E+00   0.2967522E+03   0.2472394E+01
  38   0.1579784E+01  -0.3415206E+01   0.5334169E+00   0.2928081E+03   0.2466583E+01
  38   0.1579784E+01  -0.3602931E+01   0.5566560E+00   0.2775518E+03   0.2443344E+01


  39   0.1591065E+01  -0.2725374E-02  -0.2564574E+01   0.3669222E+06   0.5564574E+01
  39   0.1591065E+01  -0.9252323E-02  -0.2033749E+01   0.1080810E+06   0.5033749E+01
  39   0.1591065E+01  -0.4065243E-01  -0.1390913E+01   0.2459877E+05   0.4390913E+01
  39   0.1591065E+01  -0.9720715E-01  -0.1012302E+01   0.1028731E+05   0.4012302E+01
  39   0.1591065E+01  -0.7468593E+00  -0.1267612E+00   0.1338940E+04   0.3126761E+01
  39   0.1591065E+01  -0.2220487E+01   0.3464483E+00   0.4503516E+03   0.2653552E+01
  39   0.1591065E+01  -0.2532892E+01   0.4036167E+00   0.3948056E+03   0.2596383E+01
  39   0.1591065E+01  -0.2627310E+01   0.4195114E+00   0.3806174E+03   0.2580489E+01
  39   0.1591065E+01  -0.3329011E+01   0.5223153E+00   0.3003895E+03   0.2477685E+01
  39   0.1591065E+01  -0.3371510E+01   0.5278244E+00   0.2966030E+03   0.2472176E+01
  39   0.1591065E+01  -0.3415247E+01   0.5334221E+00   0.2928046E+03   0.2466578E+01
  39   0.1591065E+01  -0.3602931E+01   0.5566560E+00   0.2775518E+03   0.2443344E+01


  40   0.1602060E+01  -0.2755253E-02  -0.2559839E+01   0.3629431E+06   0.5559839E+01
  40   0.1602060E+01  -0.9021493E-02  -0.2044722E+01   0.1108464E+06   0.5044722E+01
  40   0.1602060E+01  -0.3967902E-01  -0.1401439E+01   0.2520223E+05   0.4401439E+01
  40   0.1602060E+01  -0.9664832E-01  -0.1014806E+01   0.1034679E+05   0.4014806E+01
  40   0.1602060E+01  -0.7546709E+00  -0.1222424E+00   0.1325081E+04   0.3122242E+01
  40   0.1602060E+01  -0.2220487E+01   0.3464483E+00   0.4503516E+03   0.2653552E+01
  40   0.1602060E+01  -0.2541477E+01   0.4050861E+00   0.3934721E+03   0.2594914E+01
  40   0.1602060E+01  -0.2628571E+01   0.4197196E+00   0.3804349E+03   0.2580280E+01
  40   0.1602060E+01  -0.3329011E+01   0.5223153E+00   0.3003895E+03   0.2477685E+01
  40   0.1602060E+01  -0.3373181E+01   0.5280396E+00   0.2964561E+03   0.2471960E+01
  40   0.1602060E+01  -0.3415283E+01   0.5334267E+00   0.2928015E+03   0.2466573E+01
  40   0.1602060E+01  -0.3602931E+01   0.5566560E+00   0.2775518E+03   0.2443344E+01


  41   0.1612784E+01  -0.2781660E-02  -0.2555696E+01   0.3594976E+06   0.5555696E+01
  41   0.1612784E+01  -0.8798302E-02  -0.2055601E+01   0.1136583E+06   0.5055601E+01
  41   0.1612784E+01  -0.3875114E-01  -0.1411716E+01   0.2580569E+05   0.4411716E+01
  41   0.1612784E+01  -0.9623420E-01  -0.1016671E+01   0.1039132E+05   0.4016671E+01
  41   0.1612784E+01  -0.7620938E+00  -0.1179916E+00   0.1312174E+04   0.3117992E+01
  41   0.1612784E+01  -0.2220487E+01   0.3464483E+00   0.4503516E+03   0.2653552E+01
  41   0.1612784E+01  -0.2549621E+01   0.4064757E+00   0.3922151E+03   0.2593524E+01
  41   0.1612784E+01  -0.2629836E+01   0.4199287E+00   0.3802518E+03   0.2580071E+01
  41   0.1612784E+01  -0.3329011E+01   0.5223153E+00   0.3003895E+03   0.2477685E+01
  41   0.1612784E+01  -0.3374825E+01   0.5282512E+00   0.2963117E+03   0.2471749E+01
  41   0.1612784E+01  -0.3415315E+01   0.5334307E+00   0.2927988E+03   0.2466569E+01
  41   0.1612784E+01  -0.3602931E+01   0.5566560E+00   0.2775518E+03   0.2443344E+01


  42   0.1623249E+01  -0.2804715E-02  -0.2552111E+01   0.3565425E+06   0.5552111E+01
  42   0.1623249E+01  -0.8582648E-02  -0.2066379E+01   0.1165142E+06   0.5066379E+01
  42   0.1623249E+01  -0.3786566E-01  -0.1421754E+01   0.2640915E+05   0.4421754E+01
  42   0.1623249E+01  -0.9596101E-01  -0.1017905E+01   0.1042090E+05   0.4017905E+01
  42   0.1623249E+01  -0.7691497E+00  -0.1139891E+00   0.1300137E+04   0.3113989E+01
  42   0.1623249E+01  -0.2220487E+01   0.3464483E+00   0.4503516E+03   0.2653552E+01
  42   0.1623249E+01  -0.2557331E+01   0.4077870E+00   0.3910326E+03   0.2592213E+01
  42   0.1623249E+01  -0.2631102E+01   0.4201378E+00   0.3800688E+03   0.2579862E+01
  42   0.1623249E+01  -0.3329011E+01   0.5223153E+00   0.3003895E+03   0.2477685E+01
  42   0.1623249E+01  -0.3376439E+01   0.5284589E+00   0.2961700E+03   0.2471541E+01
  42   0.1623249E+01  -0.3415342E+01   0.5334342E+00   0.2927964E+03   0.2466566E+01
  42   0.1623249E+01  -0.3602931E+01   0.5566560E+00   0.2775518E+03   0.2443344E+01


  43   0.1633468E+01  -0.2824543E-02  -0.2549052E+01   0.3540395E+06   0.5549052E+01
  43   0.1633468E+01  -0.8374399E-02  -0.2077046E+01   0.1194115E+06   0.5077046E+01
  43   0.1633468E+01  -0.3701974E-01  -0.1431567E+01   0.2701261E+05   0.4431567E+01
  43   0.1633468E+01  -0.9582509E-01  -0.1018521E+01   0.1043568E+05   0.4018521E+01
  43   0.1633468E+01  -0.7758596E+00  -0.1102169E+00   0.1288893E+04   0.3110217E+01
  43   0.1633468E+01  -0.2220487E+01   0.3464483E+00   0.4503516E+03   0.2653552E+01
  43   0.1633468E+01  -0.2564615E+01   0.4090223E+00   0.3899220E+03   0.2590978E+01
  43   0.1633468E+01  -0.2632364E+01   0.4203459E+00   0.3798867E+03   0.2579654E+01
  43   0.1633468E+01  -0.3329011E+01   0.5223153E+00   0.3003895E+03   0.2477685E+01
  43   0.1633468E+01  -0.3378021E+01   0.5286623E+00   0.2960313E+03   0.2471338E+01
  43   0.1633468E+01  -0.3415366E+01   0.5334373E+00   0.2927944E+03   0.2466563E+01
  43   0.1633468E+01  -0.3602931E+01   0.5566560E+00   0.2775518E+03   0.2443344E+01


  44   0.1643453E+01  -0.2841279E-02  -0.2546486E+01   0.3519542E+06   0.5546486E+01
  44   0.1643453E+01  -0.8173400E-02  -0.2087597E+01   0.1223481E+06   0.5087597E+01
  44   0.1643453E+01  -0.3621080E-01  -0.1441162E+01   0.2761607E+05   0.4441162E+01
  44   0.1643453E+01  -0.9582293E-01  -0.1018531E+01   0.1043592E+05   0.4018531E+01
  44   0.1643453E+01  -0.7822432E+00  -0.1066582E+00   0.1278375E+04   0.3106658E+01
  44   0.1643453E+01  -0.2220487E+01   0.3464483E+00   0.4503516E+03   0.2653552E+01
  44   0.1643453E+01  -0.2571483E+01   0.4101837E+00   0.3888806E+03   0.2589816E+01
  44   0.1643453E+01  -0.2633616E+01   0.4205524E+00   0.3797061E+03   0.2579448E+01
  44   0.1643453E+01  -0.3329011E+01   0.5223153E+00   0.3003895E+03   0.2477685E+01
  44   0.1643453E+01  -0.3379569E+01   0.5288613E+00   0.2958957E+03   0.2471139E+01
  44   0.1643453E+01  -0.3415388E+01   0.5334400E+00   0.2927925E+03   0.2466560E+01
  44   0.1643453E+01  -0.3602931E+01   0.5566560E+00   0.2775518E+03   0.2443344E+01


  45   0.1653213E+01  -0.2855057E-02  -0.2544385E+01   0.3502557E+06   0.5544385E+01
  45   0.1653213E+01  -0.7979477E-02  -0.2098026E+01   0.1253215E+06   0.5098026E+01
  45   0.1653213E+01  -0.3543645E-01  -0.1450550E+01   0.2821953E+05   0.4450550E+01
  45   0.1653213E+01  -0.9595117E-01  -0.1017950E+01   0.1042197E+05   0.4017950E+01
  45   0.1653213E+01  -0.7883194E+00  -0.1032978E+00   0.1268521E+04   0.3103298E+01
  45   0.1653213E+01  -0.2220487E+01   0.3464483E+00   0.4503516E+03   0.2653552E+01
  45   0.1653213E+01  -0.2577947E+01   0.4112740E+00   0.3879055E+03   0.2588726E+01
  45   0.1653213E+01  -0.2634855E+01   0.4207567E+00   0.3795275E+03   0.2579243E+01
  45   0.1653213E+01  -0.3329011E+01   0.5223153E+00   0.3003895E+03   0.2477685E+01
  45   0.1653213E+01  -0.3381081E+01   0.5290556E+00   0.2957634E+03   0.2470944E+01
  45   0.1653213E+01  -0.3415407E+01   0.5334424E+00   0.2927909E+03   0.2466558E+01
  45   0.1653213E+01  -0.3602931E+01   0.5566560E+00   0.2775518E+03   0.2443344E+01


  46   0.1662758E+01  -0.2866018E-02  -0.2542721E+01   0.3489162E+06   0.5542721E+01
  46   0.1662758E+01  -0.7792443E-02  -0.2108326E+01   0.1283295E+06   0.5108326E+01
  46   0.1662758E+01  -0.3469453E-01  -0.1459739E+01   0.2882299E+05   0.4459739E+01
  46   0.1662758E+01  -0.9620661E-01  -0.1016795E+01   0.1039430E+05   0.4016795E+01
  46   0.1662758E+01  -0.7941058E+00  -0.1001216E+00   0.1259278E+04   0.3100122E+01
  46   0.1662758E+01  -0.2220487E+01   0.3464483E+00   0.4503516E+03   0.2653552E+01
  46   0.1662758E+01  -0.2584021E+01   0.4122960E+00   0.3869938E+03   0.2587704E+01
  46   0.1662758E+01  -0.2636078E+01   0.4209582E+00   0.3793515E+03   0.2579042E+01
  46   0.1662758E+01  -0.3329011E+01   0.5223153E+00   0.3003895E+03   0.2477685E+01
  46   0.1662758E+01  -0.3382556E+01   0.5292450E+00   0.2956345E+03   0.2470755E+01
  46   0.1662758E+01  -0.3415423E+01   0.5334445E+00   0.2927895E+03   0.2466555E+01
  46   0.1662758E+01  -0.3602931E+01   0.5566560E+00   0.2775518E+03   0.2443344E+01


  47   0.1672098E+01  -0.2874302E-02  -0.2541468E+01   0.3479106E+06   0.5541468E+01
  47   0.1672098E+01  -0.7612103E-02  -0.2118495E+01   0.1313697E+06   0.5118495E+01
  47   0.1672098E+01  -0.3398303E-01  -0.1468738E+01   0.2942645E+05   0.4468738E+01
  47   0.1672098E+01  -0.9658618E-01  -0.1015085E+01   0.1035345E+05   0.4015085E+01
  47   0.1672098E+01  -0.7996191E+00  -0.9711685E-01   0.1250595E+04   0.3097117E+01
  47   0.1672098E+01  -0.2220487E+01   0.3464483E+00   0.4503516E+03   0.2653552E+01
  47   0.1672098E+01  -0.2589718E+01   0.4132525E+00   0.3861424E+03   0.2586747E+01
  47   0.1672098E+01  -0.2637281E+01   0.4211563E+00   0.3791785E+03   0.2578844E+01
  47   0.1672098E+01  -0.3329011E+01   0.5223153E+00   0.3003895E+03   0.2477685E+01
  47   0.1672098E+01  -0.3383991E+01   0.5294293E+00   0.2955090E+03   0.2470571E+01
  47   0.1672098E+01  -0.3415438E+01   0.5334464E+00   0.2927882E+03   0.2466554E+01
  47   0.1672098E+01  -0.3602931E+01   0.5566560E+00   0.2775518E+03   0.2443344E+01


  48   0.1681241E+01  -0.2880050E-02  -0.2540600E+01   0.3472163E+06   0.5540600E+01
  48   0.1681241E+01  -0.7438253E-02  -0.2128529E+01   0.1344402E+06   0.5128529E+01
  48   0.1681241E+01  -0.3330013E-01  -0.1477554E+01   0.3002991E+05   0.4477554E+01
  48   0.1681241E+01  -0.9708694E-01  -0.1012839E+01   0.1030005E+05   0.4012839E+01
  48   0.1681241E+01  -0.8048748E+00  -0.9427165E-01   0.1242429E+04   0.3094272E+01
  48   0.1681241E+01  -0.2220487E+01   0.3464483E+00   0.4503516E+03   0.2653552E+01
  48   0.1681241E+01  -0.2595055E+01   0.4141466E+00   0.3853483E+03   0.2585853E+01
  48   0.1681241E+01  -0.2638461E+01   0.4213507E+00   0.3790088E+03   0.2578649E+01
  48   0.1681241E+01  -0.3329011E+01   0.5223153E+00   0.3003895E+03   0.2477685E+01
  48   0.1681241E+01  -0.3385388E+01   0.5296084E+00   0.2953872E+03   0.2470392E+01
  48   0.1681241E+01  -0.3415451E+01   0.5334480E+00   0.2927871E+03   0.2466552E+01
  48   0.1681241E+01  -0.3602931E+01   0.5566560E+00   0.2775518E+03   0.2443344E+01


  49   0.1690196E+01  -0.2883401E-02  -0.2540095E+01   0.3468126E+06   0.5540095E+01
  49   0.1690196E+01  -0.7270686E-02  -0.2138425E+01   0.1375386E+06   0.5138425E+01
  49   0.1690196E+01  -0.3264414E-01  -0.1486195E+01   0.3063337E+05   0.4486195E+01
  49   0.1690196E+01  -0.9770609E-01  -0.1010078E+01   0.1023478E+05   0.4010078E+01
  49   0.1690196E+01  -0.8098877E+00  -0.9157518E-01   0.1234739E+04   0.3091575E+01
  49   0.1690196E+01  -0.2220487E+01   0.3464483E+00   0.4503516E+03   0.2653552E+01
  49   0.1690196E+01  -0.2600047E+01   0.4149812E+00   0.3846084E+03   0.2585019E+01
  49   0.1690196E+01  -0.2639617E+01   0.4215409E+00   0.3788428E+03   0.2578459E+01
  49   0.1690196E+01  -0.3329011E+01   0.5223153E+00   0.3003895E+03   0.2477685E+01
  49   0.1690196E+01  -0.3386743E+01   0.5297822E+00   0.2952689E+03   0.2470218E+01
  49   0.1690196E+01  -0.3415462E+01   0.5334495E+00   0.2927862E+03   0.2466551E+01
  49   0.1690196E+01  -0.3602931E+01   0.5566560E+00   0.2775518E+03   0.2443344E+01


  50   0.1698970E+01  -0.2884496E-02  -0.2539930E+01   0.3466810E+06   0.5539930E+01
  50   0.1698970E+01  -0.7109195E-02  -0.2148180E+01   0.1406629E+06   0.5148180E+01
  50   0.1698970E+01  -0.3201349E-01  -0.1494667E+01   0.3123683E+05   0.4494667E+01
  50   0.1698970E+01  -0.9844093E-01  -0.1006824E+01   0.1015838E+05   0.4006824E+01
  50   0.1698970E+01  -0.8146714E+00  -0.8901753E-01   0.1227489E+04   0.3089018E+01
  50   0.1698970E+01  -0.2220487E+01   0.3464483E+00   0.4503516E+03   0.2653552E+01
  50   0.1698970E+01  -0.2604711E+01   0.4157595E+00   0.3839198E+03   0.2584241E+01
  50   0.1698970E+01  -0.2640747E+01   0.4217267E+00   0.3786808E+03   0.2578273E+01
  50   0.1698970E+01  -0.3329011E+01   0.5223153E+00   0.3003895E+03   0.2477685E+01
  50   0.1698970E+01  -0.3388057E+01   0.5299507E+00   0.2951544E+03   0.2470049E+01
  50   0.1698970E+01  -0.3415472E+01   0.5334508E+00   0.2927853E+03   0.2466549E+01
  50   0.1698970E+01  -0.3602931E+01   0.5566560E+00   0.2775518E+03   0.2443344E+01


  51   0.1707570E+01  -0.2883470E-02  -0.2540085E+01   0.3468044E+06   0.5540085E+01
  51   0.1707570E+01  -0.6953570E-02  -0.2157792E+01   0.1438110E+06   0.5157792E+01
  51   0.1707570E+01  -0.3140675E-01  -0.1502977E+01   0.3184029E+05   0.4502977E+01
  51   0.1707570E+01  -0.9928890E-01  -0.1003099E+01   0.1007162E+05   0.4003099E+01
  51   0.1707570E+01  -0.8192386E+00  -0.8658958E-01   0.1220646E+04   0.3086590E+01
  51   0.1707570E+01  -0.2220487E+01   0.3464483E+00   0.4503516E+03   0.2653552E+01
  51   0.1707570E+01  -0.2609062E+01   0.4164843E+00   0.3832796E+03   0.2583516E+01
  51   0.1707570E+01  -0.2641848E+01   0.4219078E+00   0.3785230E+03   0.2578092E+01
  51   0.1707570E+01  -0.3329011E+01   0.5223153E+00   0.3003895E+03   0.2477685E+01
  51   0.1707570E+01  -0.3389329E+01   0.5301138E+00   0.2950436E+03   0.2469886E+01
  51   0.1707570E+01  -0.3415481E+01   0.5334519E+00   0.2927845E+03   0.2466548E+01
  51   0.1707570E+01  -0.3602931E+01   0.5566560E+00   0.2775518E+03   0.2443344E+01


  52   0.1716003E+01  -0.2880456E-02  -0.2540539E+01   0.3471673E+06   0.5540539E+01
  52   0.1716003E+01  -0.6803603E-02  -0.2167261E+01   0.1469809E+06   0.5167261E+01
  52   0.1716003E+01  -0.3082258E-01  -0.1511131E+01   0.3244374E+05   0.4511131E+01
  52   0.1716003E+01  -0.1002475E+00  -0.9989264E+00   0.9975309E+04   0.3998926E+01
  52   0.1716003E+01  -0.8236014E+00  -0.8428295E-01   0.1214180E+04   0.3084283E+01
  52   0.1716003E+01  -0.2220487E+01   0.3464483E+00   0.4503516E+03   0.2653552E+01
  52   0.1716003E+01  -0.2613116E+01   0.4171587E+00   0.3826848E+03   0.2582841E+01
  52   0.1716003E+01  -0.2642919E+01   0.4220839E+00   0.3783695E+03   0.2577916E+01
  52   0.1716003E+01  -0.3329011E+01   0.5223153E+00   0.3003895E+03   0.2477685E+01
  52   0.1716003E+01  -0.3390560E+01   0.5302714E+00   0.2949365E+03   0.2469729E+01
  52   0.1716003E+01  -0.3415489E+01   0.5334529E+00   0.2927838E+03   0.2466547E+01
  52   0.1716003E+01  -0.3602931E+01   0.5566560E+00   0.2775518E+03   0.2443344E+01


  53   0.1724276E+01  -0.2875584E-02  -0.2541274E+01   0.3477554E+06   0.5541274E+01
  53   0.1724276E+01  -0.6659089E-02  -0.2176585E+01   0.1501707E+06   0.5176585E+01
  53   0.1724276E+01  -0.3025975E-01  -0.1519135E+01   0.3304720E+05   0.4519135E+01
  53   0.1724276E+01  -0.1013144E+00  -0.9943287E+00   0.9870263E+04   0.3994329E+01
  53   0.1724276E+01  -0.8277707E+00  -0.8208996E-01   0.1208064E+04   0.3082090E+01
  53   0.1724276E+01  -0.2220487E+01   0.3464483E+00   0.4503516E+03   0.2653552E+01
  53   0.1724276E+01  -0.2616891E+01   0.4177856E+00   0.3821329E+03   0.2582214E+01
  53   0.1724276E+01  -0.2643961E+01   0.4222550E+00   0.3782205E+03   0.2577745E+01
  53   0.1724276E+01  -0.3329011E+01   0.5223153E+00   0.3003895E+03   0.2477685E+01
  53   0.1724276E+01  -0.3391748E+01   0.5304236E+00   0.2948332E+03   0.2469576E+01
  53   0.1724276E+01  -0.3415496E+01   0.5334538E+00   0.2927832E+03   0.2466546E+01
  53   0.1724276E+01  -0.3602931E+01   0.5566560E+00   0.2775518E+03   0.2443344E+01


  54   0.1732394E+01  -0.2868981E-02  -0.2542272E+01   0.3485559E+06   0.5542272E+01
  54   0.1732394E+01  -0.6519826E-02  -0.2185764E+01   0.1533783E+06   0.5185764E+01
  54   0.1732394E+01  -0.2971710E-01  -0.1526994E+01   0.3365066E+05   0.4526994E+01
  54   0.1732394E+01  -0.1024873E+00  -0.9893299E+00   0.9757304E+04   0.3989330E+01
  54   0.1732394E+01  -0.8317570E+00  -0.8000352E-01   0.1202274E+04   0.3080004E+01
  54   0.1732394E+01  -0.2220487E+01   0.3464483E+00   0.4503516E+03   0.2653552E+01
  54   0.1732394E+01  -0.2620401E+01   0.4183677E+00   0.3816210E+03   0.2581632E+01
  54   0.1732394E+01  -0.2644970E+01   0.4224208E+00   0.3780761E+03   0.2577579E+01
  54   0.1732394E+01  -0.3329011E+01   0.5223153E+00   0.3003895E+03   0.2477685E+01
  54   0.1732394E+01  -0.3392895E+01   0.5305704E+00   0.2947336E+03   0.2469430E+01
  54   0.1732394E+01  -0.3415503E+01   0.5334546E+00   0.2927827E+03   0.2466545E+01
  54   0.1732394E+01  -0.3602931E+01   0.5566560E+00   0.2775518E+03   0.2443344E+01


  55   0.1740363E+01  -0.2860768E-02  -0.2543517E+01   0.3495565E+06   0.5543517E+01
  55   0.1740363E+01  -0.6385613E-02  -0.2194797E+01   0.1566020E+06   0.5194797E+01
  55   0.1740363E+01  -0.2919357E-01  -0.1534713E+01   0.3425412E+05   0.4534713E+01
  55   0.1740363E+01  -0.1037640E+00  -0.9839532E+00   0.9637252E+04   0.3983953E+01
  55   0.1740363E+01  -0.8355700E+00  -0.7801714E-01   0.1196788E+04   0.3078017E+01
  55   0.1740363E+01  -0.2220487E+01   0.3464483E+00   0.4503516E+03   0.2653552E+01
  55   0.1740363E+01  -0.2623662E+01   0.4189078E+00   0.3811467E+03   0.2581092E+01
  55   0.1740363E+01  -0.2645948E+01   0.4225813E+00   0.3779363E+03   0.2577419E+01
  55   0.1740363E+01  -0.3329011E+01   0.5223153E+00   0.3003895E+03   0.2477685E+01
  55   0.1740363E+01  -0.3394000E+01   0.5307118E+00   0.2946376E+03   0.2469288E+01
  55   0.1740363E+01  -0.3415508E+01   0.5334554E+00   0.2927822E+03   0.2466545E+01
  55   0.1740363E+01  -0.3602931E+01   0.5566560E+00   0.2775518E+03   0.2443344E+01


  56   0.1748188E+01  -0.2851062E-02  -0.2544993E+01   0.3507465E+06   0.5544993E+01
  56   0.1748188E+01  -0.6256257E-02  -0.2203685E+01   0.1598400E+06   0.5203685E+01
  56   0.1748188E+01  -0.2868817E-01  -0.1542297E+01   0.3485758E+05   0.4542297E+01
  56   0.1748188E+01  -0.1051424E+00  -0.9782221E+00   0.9510911E+04   0.3978222E+01
  56   0.1748188E+01  -0.8392188E+00  -0.7612480E-01   0.1191584E+04   0.3076125E+01
  56   0.1748188E+01  -0.2220487E+01   0.3464483E+00   0.4503516E+03   0.2653552E+01
  56   0.1748188E+01  -0.2626688E+01   0.4194085E+00   0.3807076E+03   0.2580592E+01
  56   0.1748188E+01  -0.2646894E+01   0.4227365E+00   0.3778013E+03   0.2577263E+01
  56   0.1748188E+01  -0.3329011E+01   0.5223153E+00   0.3003895E+03   0.2477685E+01
  56   0.1748188E+01  -0.3395063E+01   0.5308479E+00   0.2945453E+03   0.2469152E+01
  56   0.1748188E+01  -0.3415513E+01   0.5334560E+00   0.2927818E+03   0.2466544E+01
  56   0.1748188E+01  -0.3602931E+01   0.5566560E+00   0.2775518E+03   0.2443344E+01


  57   0.1755875E+01  -0.2839977E-02  -0.2546685E+01   0.3521155E+06   0.5546685E+01
  57   0.1755875E+01  -0.6131567E-02  -0.2212428E+01   0.1630904E+06   0.5212428E+01
  57   0.1755875E+01  -0.2819997E-01  -0.1549751E+01   0.3546103E+05   0.4549751E+01
  57   0.1755875E+01  -0.1066204E+00  -0.9721597E+00   0.9379068E+04   0.3972160E+01
  57   0.1755875E+01  -0.8427117E+00  -0.7432097E-01   0.1186645E+04   0.3074321E+01
  57   0.1755875E+01  -0.2220487E+01   0.3464483E+00   0.4503516E+03   0.2653552E+01
  57   0.1755875E+01  -0.2629494E+01   0.4198722E+00   0.3803013E+03   0.2580128E+01
  57   0.1755875E+01  -0.2647807E+01   0.4228864E+00   0.3776710E+03   0.2577114E+01
  57   0.1755875E+01  -0.3329011E+01   0.5223153E+00   0.3003895E+03   0.2477685E+01
  57   0.1755875E+01  -0.3396086E+01   0.5309787E+00   0.2944566E+03   0.2469021E+01
  57   0.1755875E+01  -0.3415518E+01   0.5334566E+00   0.2927814E+03   0.2466543E+01
  57   0.1755875E+01  -0.3602931E+01   0.5566560E+00   0.2775518E+03   0.2443344E+01


  58   0.1763428E+01  -0.2827620E-02  -0.2548579E+01   0.3536543E+06   0.5548579E+01
  58   0.1763428E+01  -0.6011359E-02  -0.2221027E+01   0.1663517E+06   0.5221027E+01
  58   0.1763428E+01  -0.2772810E-01  -0.1557080E+01   0.3606449E+05   0.4557080E+01
  58   0.1763428E+01  -0.1081960E+00  -0.9657887E+00   0.9242483E+04   0.3965789E+01
  58   0.1763428E+01  -0.8460567E+00  -0.7260052E-01   0.1181954E+04   0.3072601E+01
  58   0.1763428E+01  -0.2220487E+01   0.3464483E+00   0.4503516E+03   0.2653552E+01
  58   0.1763428E+01  -0.2632094E+01   0.4203014E+00   0.3799256E+03   0.2579699E+01
  58   0.1763428E+01  -0.2648688E+01   0.4230309E+00   0.3775454E+03   0.2576969E+01
  58   0.1763428E+01  -0.3329011E+01   0.5223153E+00   0.3003895E+03   0.2477685E+01
  58   0.1763428E+01  -0.3397068E+01   0.5311043E+00   0.2943715E+03   0.2468896E+01
  58   0.1763428E+01  -0.3415522E+01   0.5334571E+00   0.2927810E+03   0.2466543E+01
  58   0.1763428E+01  -0.3602931E+01   0.5566560E+00   0.2775518E+03   0.2443344E+01


  59   0.1770852E+01  -0.2814095E-02  -0.2550661E+01   0.3553540E+06   0.5550661E+01
  59   0.1770852E+01  -0.5895453E-02  -0.2229483E+01   0.1696223E+06   0.5229483E+01
  59   0.1770852E+01  -0.2727177E-01  -0.1564287E+01   0.3666795E+05   0.4564287E+01
  59   0.1770852E+01  -0.1098674E+00  -0.9591313E+00   0.9101884E+04   0.3959131E+01
  59   0.1770852E+01  -0.8492612E+00  -0.7095872E-01   0.1177494E+04   0.3070959E+01
  59   0.1770852E+01  -0.2220487E+01   0.3464483E+00   0.4503516E+03   0.2653552E+01
  59   0.1770852E+01  -0.2634501E+01   0.4206983E+00   0.3795785E+03   0.2579302E+01
  59   0.1770852E+01  -0.2649537E+01   0.4231700E+00   0.3774244E+03   0.2576830E+01
  59   0.1770852E+01  -0.3329011E+01   0.5223153E+00   0.3003895E+03   0.2477685E+01
  59   0.1770852E+01  -0.3398011E+01   0.5312248E+00   0.2942898E+03   0.2468775E+01
  59   0.1770852E+01  -0.3415526E+01   0.5334576E+00   0.2927807E+03   0.2466542E+01
  59   0.1770852E+01  -0.3602931E+01   0.5566560E+00   0.2775518E+03   0.2443344E+01


  60   0.1778151E+01  -0.2799501E-02  -0.2552919E+01   0.3572066E+06   0.5552919E+01
  60   0.1778151E+01  -0.5783674E-02  -0.2237796E+01   0.1729005E+06   0.5237796E+01
  60   0.1778151E+01  -0.2683022E-01  -0.1571376E+01   0.3727141E+05   0.4571376E+01
  60   0.1778151E+01  -0.1116325E+00  -0.9522093E+00   0.8957964E+04   0.3952209E+01
  60   0.1778151E+01  -0.8523320E+00  -0.6939119E-01   0.1173252E+04   0.3069391E+01
  60   0.1778151E+01  -0.2220487E+01   0.3464483E+00   0.4503516E+03   0.2653552E+01
  60   0.1778151E+01  -0.2636727E+01   0.4210652E+00   0.3792580E+03   0.2578935E+01
  60   0.1778151E+01  -0.2650354E+01   0.4233038E+00   0.3773081E+03   0.2576696E+01
  60   0.1778151E+01  -0.3329011E+01   0.5223153E+00   0.3003895E+03   0.2477685E+01
  60   0.1778151E+01  -0.3398915E+01   0.5313403E+00   0.2942116E+03   0.2468660E+01
  60   0.1778151E+01  -0.3415529E+01   0.5334580E+00   0.2927804E+03   0.2466542E+01
  60   0.1778151E+01  -0.3602931E+01   0.5566560E+00   0.2775518E+03   0.2443344E+01


  61   0.1785330E+01  -0.2783930E-02  -0.2555342E+01   0.3592045E+06   0.5555342E+01
  61   0.1785330E+01  -0.5675854E-02  -0.2245969E+01   0.1761849E+06   0.5245969E+01
  61   0.1785330E+01  -0.2640274E-01  -0.1578351E+01   0.3787486E+05   0.4578351E+01
  61   0.1785330E+01  -0.1134896E+00  -0.9450438E+00   0.8811377E+04   0.3945044E+01
  61   0.1785330E+01  -0.8552757E+00  -0.6789385E-01   0.1169214E+04   0.3067894E+01
  61   0.1785330E+01  -0.2220487E+01   0.3464483E+00   0.4503516E+03   0.2653552E+01
  61   0.1785330E+01  -0.2638785E+01   0.4214040E+00   0.3789623E+03   0.2578596E+01
  61   0.1785330E+01  -0.2651139E+01   0.4234324E+00   0.3771964E+03   0.2576568E+01
  61   0.1785330E+01  -0.3329011E+01   0.5223153E+00   0.3003895E+03   0.2477685E+01
  61   0.1785330E+01  -0.3399780E+01   0.5314509E+00   0.2941366E+03   0.2468549E+01
  61   0.1785330E+01  -0.3415532E+01   0.5334583E+00   0.2927802E+03   0.2466542E+01
  61   0.1785330E+01  -0.3602931E+01   0.5566560E+00   0.2775518E+03   0.2443344E+01


  62   0.1792392E+01  -0.2767472E-02  -0.2557917E+01   0.3613407E+06   0.5557917E+01
  62   0.1792392E+01  -0.5571829E-02  -0.2254002E+01   0.1794743E+06   0.5254002E+01
  62   0.1792392E+01  -0.2598866E-01  -0.1585216E+01   0.3847832E+05   0.4585216E+01
  62   0.1792392E+01  -0.1154370E+00  -0.9376551E+00   0.8662737E+04   0.3937655E+01
  62   0.1792392E+01  -0.8580984E+00  -0.6646292E-01   0.1165368E+04   0.3066463E+01
  62   0.1792392E+01  -0.2220487E+01   0.3464483E+00   0.4503516E+03   0.2653552E+01
  62   0.1792392E+01  -0.2640686E+01   0.4217167E+00   0.3786895E+03   0.2578283E+01
  62   0.1792392E+01  -0.2651892E+01   0.4235559E+00   0.3770892E+03   0.2576444E+01
  62   0.1792392E+01  -0.3329011E+01   0.5223153E+00   0.3003895E+03   0.2477685E+01
  62   0.1792392E+01  -0.3400609E+01   0.5315567E+00   0.2940650E+03   0.2468443E+01
  62   0.1792392E+01  -0.3415535E+01   0.5334587E+00   0.2927799E+03   0.2466541E+01
  62   0.1792392E+01  -0.3602931E+01   0.5566560E+00   0.2775518E+03   0.2443344E+01


  63   0.1799341E+01  -0.2750210E-02  -0.2560634E+01   0.3636085E+06   0.5560634E+01
  63   0.1799341E+01  -0.5471442E-02  -0.2261898E+01   0.1827672E+06   0.5261898E+01
  63   0.1799341E+01  -0.2558737E-01  -0.1591974E+01   0.3908178E+05   0.4591974E+01
  63   0.1799341E+01  -0.1174727E+00  -0.9300630E+00   0.8512616E+04   0.3930063E+01
  63   0.1799341E+01  -0.8608056E+00  -0.6509490E-01   0.1161702E+04   0.3065095E+01
  63   0.1799341E+01  -0.2220487E+01   0.3464483E+00   0.4503516E+03   0.2653552E+01
  63   0.1799341E+01  -0.2642441E+01   0.4220052E+00   0.3784380E+03   0.2577995E+01
  63   0.1799341E+01  -0.2652615E+01   0.4236743E+00   0.3769865E+03   0.2576326E+01
  63   0.1799341E+01  -0.3329011E+01   0.5223153E+00   0.3003895E+03   0.2477685E+01
  63   0.1799341E+01  -0.3401401E+01   0.5316578E+00   0.2939965E+03   0.2468342E+01
  63   0.1799341E+01  -0.3415537E+01   0.5334590E+00   0.2927797E+03   0.2466541E+01
  63   0.1799341E+01  -0.3602931E+01   0.5566560E+00   0.2775518E+03   0.2443344E+01


  64   0.1806180E+01  -0.2732226E-02  -0.2563483E+01   0.3660019E+06   0.5563483E+01
  64   0.1806180E+01  -0.5374541E-02  -0.2269659E+01   0.1860624E+06   0.5269659E+01
  64   0.1806180E+01  -0.2519829E-01  -0.1598629E+01   0.3968523E+05   0.4598629E+01
  64   0.1806180E+01  -0.1195952E+00  -0.9222863E+00   0.8361541E+04   0.3922286E+01
  64   0.1806180E+01  -0.8634029E+00  -0.6378649E-01   0.1158208E+04   0.3063786E+01
  64   0.1806180E+01  -0.2220487E+01   0.3464483E+00   0.4503516E+03   0.2653552E+01
  64   0.1806180E+01  -0.2644059E+01   0.4222712E+00   0.3782063E+03   0.2577729E+01
  64   0.1806180E+01  -0.2653308E+01   0.4237876E+00   0.3768880E+03   0.2576212E+01
  64   0.1806180E+01  -0.3329011E+01   0.5223153E+00   0.3003895E+03   0.2477685E+01
  64   0.1806180E+01  -0.3402158E+01   0.5317545E+00   0.2939311E+03   0.2468246E+01
  64   0.1806180E+01  -0.3415539E+01   0.5334593E+00   0.2927796E+03   0.2466541E+01
  64   0.1806180E+01  -0.3602931E+01   0.5566560E+00   0.2775518E+03   0.2443344E+01


  65   0.1812913E+01  -0.2713593E-02  -0.2566455E+01   0.3685151E+06   0.5566455E+01
  65   0.1812913E+01  -0.5280979E-02  -0.2277286E+01   0.1893588E+06   0.5277286E+01
  65   0.1812913E+01  -0.2482086E-01  -0.1605183E+01   0.4028869E+05   0.4605183E+01
  65   0.1812913E+01  -0.1218027E+00  -0.9143432E+00   0.8210001E+04   0.3914343E+01
  65   0.1812913E+01  -0.8658952E+00  -0.6253465E-01   0.1154874E+04   0.3062535E+01
  65   0.1812913E+01  -0.2220487E+01   0.3464483E+00   0.4503516E+03   0.2653552E+01
  65   0.1812913E+01  -0.2645552E+01   0.4225163E+00   0.3779930E+03   0.2577484E+01
  65   0.1812913E+01  -0.2653971E+01   0.4238961E+00   0.3767939E+03   0.2576104E+01
  65   0.1812913E+01  -0.3329011E+01   0.5223153E+00   0.3003895E+03   0.2477685E+01
  65   0.1812913E+01  -0.3402880E+01   0.5318467E+00   0.2938687E+03   0.2468153E+01
  65   0.1812913E+01  -0.3415541E+01   0.5334595E+00   0.2927794E+03   0.2466540E+01
  65   0.1812913E+01  -0.3602931E+01   0.5566560E+00   0.2775518E+03   0.2443344E+01


  66   0.1819544E+01  -0.2694383E-02  -0.2569541E+01   0.3711424E+06   0.5569541E+01
  66   0.1819544E+01  -0.5190616E-02  -0.2284781E+01   0.1926554E+06   0.5284781E+01
  66   0.1819544E+01  -0.2445457E-01  -0.1611640E+01   0.4089215E+05   0.4611640E+01
  66   0.1819544E+01  -0.1240935E+00  -0.9062509E+00   0.8058439E+04   0.3906251E+01
  66   0.1819544E+01  -0.8682874E+00  -0.6133651E-01   0.1151692E+04   0.3061337E+01
  66   0.1819544E+01  -0.2220487E+01   0.3464483E+00   0.4503516E+03   0.2653552E+01
  66   0.1819544E+01  -0.2646927E+01   0.4227420E+00   0.3777965E+03   0.2577258E+01
  66   0.1819544E+01  -0.2654604E+01   0.4239998E+00   0.3767040E+03   0.2576000E+01
  66   0.1819544E+01  -0.3329011E+01   0.5223153E+00   0.3003895E+03   0.2477685E+01
  66   0.1819544E+01  -0.3403570E+01   0.5319346E+00   0.2938092E+03   0.2468065E+01
  66   0.1819544E+01  -0.3415543E+01   0.5334597E+00   0.2927792E+03   0.2466540E+01
  66   0.1819544E+01  -0.3602931E+01   0.5566560E+00   0.2775518E+03   0.2443344E+01


  67   0.1826075E+01  -0.2674663E-02  -0.2572731E+01   0.3738788E+06   0.5572731E+01
  67   0.1826075E+01  -0.5103315E-02  -0.2292148E+01   0.1959510E+06   0.5292148E+01
  67   0.1826075E+01  -0.2409894E-01  -0.1618002E+01   0.4149560E+05   0.4618002E+01
  67   0.1826075E+01  -0.1264661E+00  -0.8980259E+00   0.7907258E+04   0.3898026E+01
  67   0.1826075E+01  -0.8705838E+00  -0.6018941E-01   0.1148654E+04   0.3060189E+01
  67   0.1826075E+01  -0.2220487E+01   0.3464483E+00   0.4503516E+03   0.2653552E+01
  67   0.1826075E+01  -0.2648195E+01   0.4229499E+00   0.3776157E+03   0.2577050E+01
  67   0.1826075E+01  -0.2655210E+01   0.4240988E+00   0.3766181E+03   0.2575901E+01
  67   0.1826075E+01  -0.3329011E+01   0.5223153E+00   0.3003895E+03   0.2477685E+01
  67   0.1826075E+01  -0.3404226E+01   0.5320184E+00   0.2937525E+03   0.2467982E+01
  67   0.1826075E+01  -0.3415544E+01   0.5334599E+00   0.2927791E+03   0.2466540E+01
  67   0.1826075E+01  -0.3602931E+01   0.5566560E+00   0.2775518E+03   0.2443344E+01


  68   0.1832509E+01  -0.2654495E-02  -0.2576018E+01   0.3767195E+06   0.5576018E+01
  68   0.1832509E+01  -0.5018947E-02  -0.2299387E+01   0.1992450E+06   0.5299387E+01
  68   0.1832509E+01  -0.2375350E-01  -0.1624272E+01   0.4209906E+05   0.4624272E+01
  68   0.1832509E+01  -0.1289188E+00  -0.8896838E+00   0.7756822E+04   0.3889684E+01
  68   0.1832509E+01  -0.8727888E+00  -0.5909083E-01   0.1145753E+04   0.3059091E+01
  68   0.1832509E+01  -0.2220487E+01   0.3464483E+00   0.4503516E+03   0.2653552E+01
  68   0.1832509E+01  -0.2649362E+01   0.4231413E+00   0.3774494E+03   0.2576859E+01
  68   0.1832509E+01  -0.2655787E+01   0.4241932E+00   0.3765363E+03   0.2575807E+01
  68   0.1832509E+01  -0.3329011E+01   0.5223153E+00   0.3003895E+03   0.2477685E+01
  68   0.1832509E+01  -0.3404852E+01   0.5320982E+00   0.2936985E+03   0.2467902E+01
  68   0.1832509E+01  -0.3415546E+01   0.5334601E+00   0.2927790E+03   0.2466540E+01
  68   0.1832509E+01  -0.3602931E+01   0.5566560E+00   0.2775518E+03   0.2443344E+01


  69   0.1838849E+01  -0.2633938E-02  -0.2579394E+01   0.3796596E+06   0.5579394E+01
  69   0.1838849E+01  -0.4937387E-02  -0.2306503E+01   0.2025363E+06   0.5306503E+01
  69   0.1838849E+01  -0.2341782E-01  -0.1630453E+01   0.4270251E+05   0.4630453E+01
  69   0.1838849E+01  -0.1314500E+00  -0.8812395E+00   0.7607457E+04   0.3881239E+01
  69   0.1838849E+01  -0.8749063E+00  -0.5803844E-01   0.1142979E+04   0.3058038E+01
  69   0.1838849E+01  -0.2220487E+01   0.3464483E+00   0.4503516E+03   0.2653552E+01
  69   0.1838849E+01  -0.2650437E+01   0.4233174E+00   0.3772963E+03   0.2576683E+01
  69   0.1838849E+01  -0.2656336E+01   0.4242831E+00   0.3764583E+03   0.2575717E+01
  69   0.1838849E+01  -0.3329011E+01   0.5223153E+00   0.3003895E+03   0.2477685E+01
  69   0.1838849E+01  -0.3405448E+01   0.5321742E+00   0.2936472E+03   0.2467826E+01
  69   0.1838849E+01  -0.3415547E+01   0.5334603E+00   0.2927788E+03   0.2466540E+01
  69   0.1838849E+01  -0.3602931E+01   0.5566560E+00   0.2775518E+03   0.2443344E+01


  70   0.1845098E+01  -0.2613047E-02  -0.2582853E+01   0.3826950E+06   0.5582853E+01
  70   0.1845098E+01  -0.4858513E-02  -0.2313497E+01   0.2058243E+06   0.5313497E+01
  70   0.1845098E+01  -0.2309150E-01  -0.1636548E+01   0.4330597E+05   0.4636548E+01
  70   0.1845098E+01  -0.1340581E+00  -0.8727069E+00   0.7459452E+04   0.3872707E+01
  70   0.1845098E+01  -0.8769402E+00  -0.5703002E-01   0.1140329E+04   0.3057030E+01
  70   0.1845098E+01  -0.2220487E+01   0.3464483E+00   0.4503516E+03   0.2653552E+01
  70   0.1845098E+01  -0.2651426E+01   0.4234796E+00   0.3771555E+03   0.2576520E+01
  70   0.1845098E+01  -0.2656859E+01   0.4243685E+00   0.3763843E+03   0.2575631E+01
  70   0.1845098E+01  -0.3329011E+01   0.5223153E+00   0.3003895E+03   0.2477685E+01
  70   0.1845098E+01  -0.3406014E+01   0.5322464E+00   0.2935983E+03   0.2467754E+01
  70   0.1845098E+01  -0.3415549E+01   0.5334605E+00   0.2927787E+03   0.2466540E+01
  70   0.1845098E+01  -0.3602931E+01   0.5566560E+00   0.2775518E+03   0.2443344E+01


  71   0.1851258E+01  -0.2591873E-02  -0.2586386E+01   0.3858213E+06   0.5586386E+01
  71   0.1851258E+01  -0.4782212E-02  -0.2320371E+01   0.2091082E+06   0.5320371E+01
  71   0.1851258E+01  -0.2277415E-01  -0.1642558E+01   0.4390943E+05   0.4642558E+01
  71   0.1851258E+01  -0.1367416E+00  -0.8640993E+00   0.7313063E+04   0.3864099E+01
  71   0.1851258E+01  -0.8788940E+00  -0.5606349E-01   0.1137794E+04   0.3056063E+01
  71   0.1851258E+01  -0.2220487E+01   0.3464483E+00   0.4503516E+03   0.2653552E+01
  71   0.1851258E+01  -0.2652338E+01   0.4236288E+00   0.3770259E+03   0.2576371E+01
  71   0.1851258E+01  -0.2657356E+01   0.4244497E+00   0.3763140E+03   0.2575550E+01
  71   0.1851258E+01  -0.3329011E+01   0.5223153E+00   0.3003895E+03   0.2477685E+01
  71   0.1851258E+01  -0.3406553E+01   0.5323151E+00   0.2935519E+03   0.2467685E+01
  71   0.1851258E+01  -0.3415550E+01   0.5334606E+00   0.2927786E+03   0.2466539E+01
  71   0.1851258E+01  -0.3602931E+01   0.5566560E+00   0.2775518E+03   0.2443344E+01


  72   0.1857332E+01  -0.2570465E-02  -0.2589988E+01   0.3890346E+06   0.5589988E+01
  72   0.1857332E+01  -0.4708373E-02  -0.2327129E+01   0.2123876E+06   0.5327129E+01
  72   0.1857332E+01  -0.2246541E-01  -0.1648486E+01   0.4451288E+05   0.4648486E+01
  72   0.1857332E+01  -0.1394989E+00  -0.8554291E+00   0.7168514E+04   0.3855429E+01
  72   0.1857332E+01  -0.8807712E+00  -0.5513691E-01   0.1135369E+04   0.3055137E+01
  72   0.1857332E+01  -0.2220487E+01   0.3464483E+00   0.4503516E+03   0.2653552E+01
  72   0.1857332E+01  -0.2653177E+01   0.4237662E+00   0.3769066E+03   0.2576234E+01
  72   0.1857332E+01  -0.2657826E+01   0.4245266E+00   0.3762473E+03   0.2575473E+01
  72   0.1857332E+01  -0.3329011E+01   0.5223153E+00   0.3003895E+03   0.2477685E+01
  72   0.1857332E+01  -0.3407064E+01   0.5323803E+00   0.2935078E+03   0.2467620E+01
  72   0.1857332E+01  -0.3415551E+01   0.5334607E+00   0.2927786E+03   0.2466539E+01
  72   0.1857332E+01  -0.3602931E+01   0.5566560E+00   0.2775518E+03   0.2443344E+01


  73   0.1863323E+01  -0.2548867E-02  -0.2593653E+01   0.3923311E+06   0.5593653E+01
  73   0.1863323E+01  -0.4636891E-02  -0.2333773E+01   0.2156617E+06   0.5333773E+01
  73   0.1863323E+01  -0.2216492E-01  -0.1654334E+01   0.4511634E+05   0.4654334E+01
  73   0.1863323E+01  -0.1423285E+00  -0.8467080E+00   0.7025998E+04   0.3846708E+01
  73   0.1863323E+01  -0.8825749E+00  -0.5424843E-01   0.1133048E+04   0.3054248E+01
  73   0.1863323E+01  -0.2220487E+01   0.3464483E+00   0.4503516E+03   0.2653552E+01
  73   0.1863323E+01  -0.2653950E+01   0.4238928E+00   0.3767968E+03   0.2576107E+01
  73   0.1863323E+01  -0.2658271E+01   0.4245993E+00   0.3761843E+03   0.2575401E+01
  73   0.1863323E+01  -0.3329011E+01   0.5223153E+00   0.3003895E+03   0.2477685E+01
  73   0.1863323E+01  -0.3407550E+01   0.5324422E+00   0.2934660E+03   0.2467558E+01
  73   0.1863323E+01  -0.3415552E+01   0.5334609E+00   0.2927785E+03   0.2466539E+01
  73   0.1863323E+01  -0.3602931E+01   0.5566560E+00   0.2775518E+03   0.2443344E+01


  74   0.1869232E+01  -0.2527121E-02  -0.2597374E+01   0.3957072E+06   0.5597374E+01
  74   0.1869232E+01  -0.4567664E-02  -0.2340306E+01   0.2189303E+06   0.5340306E+01
  74   0.1869232E+01  -0.2187237E-01  -0.1660104E+01   0.4571979E+05   0.4660104E+01
  74   0.1869232E+01  -0.1452289E+00  -0.8379469E+00   0.6885681E+04   0.3837947E+01
  74   0.1869232E+01  -0.8843083E+00  -0.5339630E-01   0.1130827E+04   0.3053396E+01
  74   0.1869232E+01  -0.2220487E+01   0.3464483E+00   0.4503516E+03   0.2653552E+01
  74   0.1869232E+01  -0.2654663E+01   0.4240094E+00   0.3766956E+03   0.2575991E+01
  74   0.1869232E+01  -0.2658692E+01   0.4246680E+00   0.3761248E+03   0.2575332E+01
  74   0.1869232E+01  -0.3329011E+01   0.5223153E+00   0.3003895E+03   0.2477685E+01
  74   0.1869232E+01  -0.3408010E+01   0.5325009E+00   0.2934263E+03   0.2467499E+01
  74   0.1869232E+01  -0.3415552E+01   0.5334610E+00   0.2927784E+03   0.2466539E+01
  74   0.1869232E+01  -0.3602931E+01   0.5566560E+00   0.2775518E+03   0.2443344E+01


  75   0.1875061E+01  -0.2505265E-02  -0.2601146E+01   0.3991593E+06   0.5601146E+01
  75   0.1875061E+01  -0.4500596E-02  -0.2346730E+01   0.2221928E+06   0.5346730E+01
  75   0.1875061E+01  -0.2158743E-01  -0.1665799E+01   0.4632325E+05   0.4665799E+01
  75   0.1875061E+01  -0.1481985E+00  -0.8291561E+00   0.6747705E+04   0.3829156E+01
  75   0.1875061E+01  -0.8859743E+00  -0.5257888E-01   0.1128701E+04   0.3052579E+01
  75   0.1875061E+01  -0.2220487E+01   0.3464483E+00   0.4503516E+03   0.2653552E+01
  75   0.1875061E+01  -0.2655321E+01   0.4241170E+00   0.3766024E+03   0.2575883E+01
  75   0.1875061E+01  -0.2659089E+01   0.4247328E+00   0.3760687E+03   0.2575267E+01
  75   0.1875061E+01  -0.3329011E+01   0.5223153E+00   0.3003895E+03   0.2477685E+01
  75   0.1875061E+01  -0.3408447E+01   0.5325566E+00   0.2933887E+03   0.2467443E+01
  75   0.1875061E+01  -0.3415553E+01   0.5334611E+00   0.2927783E+03   0.2466539E+01
  75   0.1875061E+01  -0.3602931E+01   0.5566560E+00   0.2775518E+03   0.2443344E+01


  76   0.1880814E+01  -0.2483336E-02  -0.2604965E+01   0.4026841E+06   0.5604965E+01
  76   0.1880814E+01  -0.4435595E-02  -0.2353048E+01   0.2254489E+06   0.5353048E+01
  76   0.1880814E+01  -0.2130983E-01  -0.1671420E+01   0.4692670E+05   0.4671420E+01
  76   0.1880814E+01  -0.1512359E+00  -0.8203452E+00   0.6612187E+04   0.3820345E+01
  76   0.1880814E+01  -0.8875757E+00  -0.5179462E-01   0.1126665E+04   0.3051795E+01
  76   0.1880814E+01  -0.2220487E+01   0.3464483E+00   0.4503516E+03   0.2653552E+01
  76   0.1880814E+01  -0.2655927E+01   0.4242162E+00   0.3765163E+03   0.2575784E+01
  76   0.1880814E+01  -0.2659462E+01   0.4247938E+00   0.3760159E+03   0.2575206E+01
  76   0.1880814E+01  -0.3329011E+01   0.5223153E+00   0.3003895E+03   0.2477685E+01
  76   0.1880814E+01  -0.3408861E+01   0.5326093E+00   0.2933531E+03   0.2467391E+01
  76   0.1880814E+01  -0.3415554E+01   0.5334612E+00   0.2927783E+03   0.2466539E+01
  76   0.1880814E+01  -0.3602931E+01   0.5566560E+00   0.2775518E+03   0.2443344E+01


  77   0.1886491E+01  -0.2461366E-02  -0.2608824E+01   0.4062785E+06   0.5608824E+01
  77   0.1886491E+01  -0.4372572E-02  -0.2359263E+01   0.2286984E+06   0.5359263E+01
  77   0.1886491E+01  -0.2103927E-01  -0.1676969E+01   0.4753016E+05   0.4676969E+01
  77   0.1886491E+01  -0.1543395E+00  -0.8115229E+00   0.6479223E+04   0.3811523E+01
  77   0.1886491E+01  -0.8891150E+00  -0.5104204E-01   0.1124714E+04   0.3051042E+01
  77   0.1886491E+01  -0.2220487E+01   0.3464483E+00   0.4503516E+03   0.2653552E+01
  77   0.1886491E+01  -0.2656488E+01   0.4243078E+00   0.3764369E+03   0.2575692E+01
  77   0.1886491E+01  -0.2659812E+01   0.4248510E+00   0.3759664E+03   0.2575149E+01
  77   0.1886491E+01  -0.3329011E+01   0.5223153E+00   0.3003895E+03   0.2477685E+01
  77   0.1886491E+01  -0.3409254E+01   0.5326593E+00   0.2933193E+03   0.2467341E+01
  77   0.1886491E+01  -0.3415555E+01   0.5334612E+00   0.2927782E+03   0.2466539E+01
  77   0.1886491E+01  -0.3602931E+01   0.5566560E+00   0.2775518E+03   0.2443344E+01


  78   0.1892095E+01  -0.2439385E-02  -0.2612720E+01   0.4099394E+06   0.5612720E+01
  78   0.1892095E+01  -0.4311443E-02  -0.2365377E+01   0.2319409E+06   0.5365377E+01
  78   0.1892095E+01  -0.2077550E-01  -0.1682448E+01   0.4813361E+05   0.4682448E+01
  78   0.1892095E+01  -0.1575079E+00  -0.8026978E+00   0.6348890E+04   0.3802698E+01
  78   0.1892095E+01  -0.8905950E+00  -0.5031976E-01   0.1122845E+04   0.3050320E+01
  78   0.1892095E+01  -0.2220487E+01   0.3464483E+00   0.4503516E+03   0.2653552E+01
  78   0.1892095E+01  -0.2657006E+01   0.4243926E+00   0.3763634E+03   0.2575607E+01
  78   0.1892095E+01  -0.2660141E+01   0.4249046E+00   0.3759199E+03   0.2575095E+01
  78   0.1892095E+01  -0.3329011E+01   0.5223153E+00   0.3003895E+03   0.2477685E+01
  78   0.1892095E+01  -0.3409625E+01   0.5327066E+00   0.2932874E+03   0.2467293E+01
  78   0.1892095E+01  -0.3415555E+01   0.5334613E+00   0.2927782E+03   0.2466539E+01
  78   0.1892095E+01  -0.3602931E+01   0.5566560E+00   0.2775518E+03   0.2443344E+01


  79   0.1897627E+01  -0.2417422E-02  -0.2616647E+01   0.4136638E+06   0.5616647E+01
  79   0.1897627E+01  -0.4252127E-02  -0.2371394E+01   0.2351764E+06   0.5371394E+01
  79   0.1897627E+01  -0.2051826E-01  -0.1687859E+01   0.4873707E+05   0.4687859E+01
  79   0.1897627E+01  -0.1607395E+00  -0.7938774E+00   0.6221246E+04   0.3793877E+01
  79   0.1897627E+01  -0.8920179E+00  -0.4962643E-01   0.1121054E+04   0.3049626E+01
  79   0.1897627E+01  -0.2220487E+01   0.3464483E+00   0.4503516E+03   0.2653552E+01
  79   0.1897627E+01  -0.2657486E+01   0.4244709E+00   0.3762955E+03   0.2575529E+01
  79   0.1897627E+01  -0.2660448E+01   0.4249548E+00   0.3758765E+03   0.2575045E+01
  79   0.1897627E+01  -0.3329011E+01   0.5223153E+00   0.3003895E+03   0.2477685E+01
  79   0.1897627E+01  -0.3409976E+01   0.5327514E+00   0.2932572E+03   0.2467249E+01
  79   0.1897627E+01  -0.3415556E+01   0.5334614E+00   0.2927781E+03   0.2466539E+01
  79   0.1897627E+01  -0.3602931E+01   0.5566560E+00   0.2775518E+03   0.2443344E+01


  80   0.1903090E+01  -0.2395503E-02  -0.2620603E+01   0.4174489E+06   0.5620603E+01
  80   0.1903090E+01  -0.4194549E-02  -0.2377315E+01   0.2384047E+06   0.5377315E+01
  80   0.1903090E+01  -0.2026732E-01  -0.1693204E+01   0.4934052E+05   0.4693204E+01
  80   0.1903090E+01  -0.1640329E+00  -0.7850689E+00   0.6096336E+04   0.3785069E+01
  80   0.1903090E+01  -0.8933861E+00  -0.4896081E-01   0.1119337E+04   0.3048961E+01
  80   0.1903090E+01  -0.2220487E+01   0.3464483E+00   0.4503516E+03   0.2653552E+01
  80   0.1903090E+01  -0.2657930E+01   0.4245435E+00   0.3762326E+03   0.2575456E+01
  80   0.1903090E+01  -0.2660735E+01   0.4250016E+00   0.3758360E+03   0.2574998E+01
  80   0.1903090E+01  -0.3329011E+01   0.5223153E+00   0.3003895E+03   0.2477685E+01
  80   0.1903090E+01  -0.3410309E+01   0.5327937E+00   0.2932286E+03   0.2467206E+01
  80   0.1903090E+01  -0.3415557E+01   0.5334615E+00   0.2927781E+03   0.2466539E+01
  80   0.1903090E+01  -0.3602931E+01   0.5566560E+00   0.2775518E+03   0.2443344E+01


  81   0.1908485E+01  -0.2373651E-02  -0.2624583E+01   0.4212919E+06   0.5624583E+01
  81   0.1908485E+01  -0.4138634E-02  -0.2383143E+01   0.2416256E+06   0.5383143E+01
  81   0.1908485E+01  -0.2002244E-01  -0.1698483E+01   0.4994397E+05   0.4698483E+01
  81   0.1908485E+01  -0.1673867E+00  -0.7762790E+00   0.5974189E+04   0.3776279E+01
  81   0.1908485E+01  -0.8947018E+00  -0.4832170E-01   0.1117691E+04   0.3048322E+01
  81   0.1908485E+01  -0.2220487E+01   0.3464483E+00   0.4503516E+03   0.2653552E+01
  81   0.1908485E+01  -0.2658342E+01   0.4246108E+00   0.3761743E+03   0.2575389E+01
  81   0.1908485E+01  -0.2661002E+01   0.4250452E+00   0.3757982E+03   0.2574955E+01
  81   0.1908485E+01  -0.3329011E+01   0.5223153E+00   0.3003895E+03   0.2477685E+01
  81   0.1908485E+01  -0.3410623E+01   0.5328337E+00   0.2932016E+03   0.2467166E+01
  81   0.1908485E+01  -0.3415557E+01   0.5334615E+00   0.2927780E+03   0.2466538E+01
  81   0.1908485E+01  -0.3602931E+01   0.5566560E+00   0.2775518E+03   0.2443344E+01


  82   0.1913814E+01  -0.2351888E-02  -0.2628583E+01   0.4251903E+06   0.5628583E+01
  82   0.1913814E+01  -0.4084314E-02  -0.2388881E+01   0.2448392E+06   0.5388881E+01
  82   0.1913814E+01  -0.1978340E-01  -0.1703699E+01   0.5054743E+05   0.4703699E+01
  82   0.1913814E+01  -0.1707994E+00  -0.7675136E+00   0.5854821E+04   0.3767514E+01
  82   0.1913814E+01  -0.8959670E+00  -0.4770797E-01   0.1116112E+04   0.3047708E+01
  82   0.1913814E+01  -0.2220487E+01   0.3464483E+00   0.4503516E+03   0.2653552E+01
  82   0.1913814E+01  -0.2658724E+01   0.4246733E+00   0.3761202E+03   0.2575327E+01
  82   0.1913814E+01  -0.2661251E+01   0.4250858E+00   0.3757631E+03   0.2574914E+01
  82   0.1913814E+01  -0.3329011E+01   0.5223153E+00   0.3003895E+03   0.2477685E+01
  82   0.1913814E+01  -0.3410920E+01   0.5328715E+00   0.2931761E+03   0.2467129E+01
  82   0.1913814E+01  -0.3415558E+01   0.5334616E+00   0.2927780E+03   0.2466538E+01
  82   0.1913814E+01  -0.3602931E+01   0.5566560E+00   0.2775518E+03   0.2443344E+01


  83   0.1919078E+01  -0.2330233E-02  -0.2632601E+01   0.4291416E+06   0.5632601E+01
  83   0.1919078E+01  -0.4031521E-02  -0.2394531E+01   0.2480453E+06   0.5394531E+01
  83   0.1919078E+01  -0.1955001E-01  -0.1708853E+01   0.5115088E+05   0.4708853E+01
  83   0.1919078E+01  -0.1742695E+00  -0.7587786E+00   0.5738238E+04   0.3758779E+01
  83   0.1919078E+01  -0.8971839E+00  -0.4711853E-01   0.1114599E+04   0.3047119E+01
  83   0.1919078E+01  -0.2220487E+01   0.3464483E+00   0.4503516E+03   0.2653552E+01
  83   0.1919078E+01  -0.2659079E+01   0.4247313E+00   0.3760700E+03   0.2575269E+01
  83   0.1919078E+01  -0.2661482E+01   0.4251235E+00   0.3757305E+03   0.2574876E+01
  83   0.1919078E+01  -0.3329011E+01   0.5223153E+00   0.3003895E+03   0.2477685E+01
  83   0.1919078E+01  -0.3411200E+01   0.5329072E+00   0.2931520E+03   0.2467093E+01
  83   0.1919078E+01  -0.3415558E+01   0.5334617E+00   0.2927779E+03   0.2466538E+01
  83   0.1919078E+01  -0.3602931E+01   0.5566560E+00   0.2775518E+03   0.2443344E+01


  84   0.1924279E+01  -0.2308705E-02  -0.2636632E+01   0.4331433E+06   0.5636632E+01
  84   0.1924279E+01  -0.3980192E-02  -0.2400096E+01   0.2512441E+06   0.5400096E+01
  84   0.1924279E+01  -0.1932205E-01  -0.1713947E+01   0.5175434E+05   0.4713947E+01
  84   0.1924279E+01  -0.1777956E+00  -0.7500790E+00   0.5624436E+04   0.3750079E+01
  84   0.1924279E+01  -0.8983543E+00  -0.4655236E-01   0.1113147E+04   0.3046552E+01
  84   0.1924279E+01  -0.2220487E+01   0.3464483E+00   0.4503516E+03   0.2653552E+01
  84   0.1924279E+01  -0.2659409E+01   0.4247852E+00   0.3760233E+03   0.2575215E+01
  84   0.1924279E+01  -0.2661696E+01   0.4251585E+00   0.3757003E+03   0.2574842E+01
  84   0.1924279E+01  -0.3329011E+01   0.5223153E+00   0.3003895E+03   0.2477685E+01
  84   0.1924279E+01  -0.3411465E+01   0.5329409E+00   0.2931292E+03   0.2467059E+01
  84   0.1924279E+01  -0.3415558E+01   0.5334617E+00   0.2927779E+03   0.2466538E+01
  84   0.1924279E+01  -0.3602931E+01   0.5566560E+00   0.2775518E+03   0.2443344E+01


  85   0.1929419E+01  -0.2287319E-02  -0.2640673E+01   0.4371931E+06   0.5640673E+01
  85   0.1929419E+01  -0.3930267E-02  -0.2405578E+01   0.2544356E+06   0.5405578E+01
  85   0.1929419E+01  -0.1909935E-01  -0.1718981E+01   0.5235779E+05   0.4718981E+01
  85   0.1929419E+01  -0.1813762E+00  -0.7414196E+00   0.5513402E+04   0.3741420E+01
  85   0.1929419E+01  -0.8994800E+00  -0.4600847E-01   0.1111753E+04   0.3046008E+01
  85   0.1929419E+01  -0.2220487E+01   0.3464483E+00   0.4503516E+03   0.2653552E+01
  85   0.1929419E+01  -0.2659717E+01   0.4248354E+00   0.3759799E+03   0.2575165E+01
  85   0.1929419E+01  -0.2661894E+01   0.4251908E+00   0.3756723E+03   0.2574809E+01
  85   0.1929419E+01  -0.3329011E+01   0.5223153E+00   0.3003895E+03   0.2477685E+01
  85   0.1929419E+01  -0.3411714E+01   0.5329727E+00   0.2931078E+03   0.2467027E+01
  85   0.1929419E+01  -0.3415559E+01   0.5334618E+00   0.2927779E+03   0.2466538E+01
  85   0.1929419E+01  -0.3602931E+01   0.5566560E+00   0.2775518E+03   0.2443344E+01


  86   0.1934498E+01  -0.2266090E-02  -0.2644723E+01   0.4412888E+06   0.5644723E+01
  86   0.1934498E+01  -0.3881689E-02  -0.2410979E+01   0.2576198E+06   0.5410979E+01
  86   0.1934498E+01  -0.1888173E-01  -0.1723958E+01   0.5296124E+05   0.4723958E+01
  86   0.1934498E+01  -0.1850100E+00  -0.7328049E+00   0.5405114E+04   0.3732805E+01
  86   0.1934498E+01  -0.9005629E+00  -0.4548594E-01   0.1110417E+04   0.3045486E+01
  86   0.1934498E+01  -0.2220487E+01   0.3464483E+00   0.4503516E+03   0.2653552E+01
  86   0.1934498E+01  -0.2660003E+01   0.4248821E+00   0.3759395E+03   0.2575118E+01
  86   0.1934498E+01  -0.2662078E+01   0.4252207E+00   0.3756464E+03   0.2574779E+01
  86   0.1934498E+01  -0.3329011E+01   0.5223153E+00   0.3003895E+03   0.2477685E+01
  86   0.1934498E+01  -0.3411950E+01   0.5330027E+00   0.2930875E+03   0.2466997E+01
  86   0.1934498E+01  -0.3415559E+01   0.5334618E+00   0.2927778E+03   0.2466538E+01
  86   0.1934498E+01  -0.3602931E+01   0.5566560E+00   0.2775518E+03   0.2443344E+01


  87   0.1939519E+01  -0.2245030E-02  -0.2648778E+01   0.4454283E+06   0.5648778E+01
  87   0.1939519E+01  -0.3834402E-02  -0.2416302E+01   0.2607969E+06   0.5416302E+01
  87   0.1939519E+01  -0.1866901E-01  -0.1728879E+01   0.5356470E+05   0.4728879E+01
  87   0.1939519E+01  -0.1886954E+00  -0.7242387E+00   0.5299547E+04   0.3724239E+01
  87   0.1939519E+01  -0.9016046E+00  -0.4498386E-01   0.1109134E+04   0.3044984E+01
  87   0.1939519E+01  -0.2220487E+01   0.3464483E+00   0.4503516E+03   0.2653552E+01
  87   0.1939519E+01  -0.2660269E+01   0.4249256E+00   0.3759018E+03   0.2575074E+01
  87   0.1939519E+01  -0.2662247E+01   0.4252484E+00   0.3756225E+03   0.2574752E+01
  87   0.1939519E+01  -0.3329011E+01   0.5223153E+00   0.3003895E+03   0.2477685E+01
  87   0.1939519E+01  -0.3412172E+01   0.5330309E+00   0.2930684E+03   0.2466969E+01
  87   0.1939519E+01  -0.3415559E+01   0.5334619E+00   0.2927778E+03   0.2466538E+01
  87   0.1939519E+01  -0.3602931E+01   0.5566560E+00   0.2775518E+03   0.2443344E+01


  88   0.1944483E+01  -0.2224153E-02  -0.2652835E+01   0.4496094E+06   0.5652835E+01
  88   0.1944483E+01  -0.3788355E-02  -0.2421549E+01   0.2639668E+06   0.5421549E+01
  88   0.1944483E+01  -0.1846103E-01  -0.1733744E+01   0.5416815E+05   0.4733744E+01
  88   0.1944483E+01  -0.1924311E+00  -0.7157248E+00   0.5196666E+04   0.3715725E+01
  88   0.1944483E+01  -0.9026068E+00  -0.4450140E-01   0.1107902E+04   0.3044501E+01
  88   0.1944483E+01  -0.2220487E+01   0.3464483E+00   0.4503516E+03   0.2653552E+01
  88   0.1944483E+01  -0.2660517E+01   0.4249661E+00   0.3758667E+03   0.2575034E+01
  88   0.1944483E+01  -0.2662403E+01   0.4252738E+00   0.3756005E+03   0.2574726E+01
  88   0.1944483E+01  -0.3329011E+01   0.5223153E+00   0.3003895E+03   0.2477685E+01
  88   0.1944483E+01  -0.3412382E+01   0.5330576E+00   0.2930505E+03   0.2466942E+01
  88   0.1944483E+01  -0.3415560E+01   0.5334619E+00   0.2927778E+03   0.2466538E+01
  88   0.1944483E+01  -0.3602931E+01   0.5566560E+00   0.2775518E+03   0.2443344E+01


  89   0.1949390E+01  -0.2203467E-02  -0.2656893E+01   0.4538302E+06   0.5656893E+01
  89   0.1949390E+01  -0.3743497E-02  -0.2426722E+01   0.2671299E+06   0.5426722E+01
  89   0.1949390E+01  -0.1825764E-01  -0.1738555E+01   0.5477160E+05   0.4738555E+01
  89   0.1949390E+01  -0.1962156E+00  -0.7072665E+00   0.5096435E+04   0.3707266E+01
  89   0.1949390E+01  -0.9035710E+00  -0.4403773E-01   0.1106720E+04   0.3044038E+01
  89   0.1949390E+01  -0.2220487E+01   0.3464483E+00   0.4503516E+03   0.2653552E+01
  89   0.1949390E+01  -0.2660749E+01   0.4250039E+00   0.3758340E+03   0.2574996E+01
  89   0.1949390E+01  -0.2662547E+01   0.4252973E+00   0.3755802E+03   0.2574703E+01
  89   0.1949390E+01  -0.3329011E+01   0.5223153E+00   0.3003895E+03   0.2477685E+01
  89   0.1949390E+01  -0.3412579E+01   0.5330827E+00   0.2930335E+03   0.2466917E+01
  89   0.1949390E+01  -0.3415560E+01   0.5334619E+00   0.2927777E+03   0.2466538E+01
  89   0.1949390E+01  -0.3602931E+01   0.5566560E+00   0.2775518E+03   0.2443344E+01


  90   0.1954243E+01  -0.2182983E-02  -0.2660950E+01   0.4580889E+06   0.5660950E+01
  90   0.1954243E+01  -0.3699782E-02  -0.2431824E+01   0.2702862E+06   0.5431824E+01
  90   0.1954243E+01  -0.1805867E-01  -0.1743314E+01   0.5537506E+05   0.4743314E+01
  90   0.1954243E+01  -0.2000476E+00  -0.6988667E+00   0.4998811E+04   0.3698867E+01
  90   0.1954243E+01  -0.9044986E+00  -0.4359209E-01   0.1105585E+04   0.3043592E+01
  90   0.1954243E+01  -0.2220487E+01   0.3464483E+00   0.4503516E+03   0.2653552E+01
  90   0.1954243E+01  -0.2660965E+01   0.4250392E+00   0.3758035E+03   0.2574961E+01
  90   0.1954243E+01  -0.2662679E+01   0.4253189E+00   0.3755615E+03   0.2574681E+01
  90   0.1954243E+01  -0.3329011E+01   0.5223153E+00   0.3003895E+03   0.2477685E+01
  90   0.1954243E+01  -0.3412765E+01   0.5331064E+00   0.2930176E+03   0.2466894E+01
  90   0.1954243E+01  -0.3415560E+01   0.5334620E+00   0.2927777E+03   0.2466538E+01
  90   0.1954243E+01  -0.3602931E+01   0.5566560E+00   0.2775518E+03   0.2443344E+01


  91   0.1959041E+01  -0.2162707E-02  -0.2665002E+01   0.4623835E+06   0.5665002E+01
  91   0.1959041E+01  -0.3657165E-02  -0.2436855E+01   0.2734358E+06   0.5436855E+01
  91   0.1959041E+01  -0.1786400E-01  -0.1748021E+01   0.5597851E+05   0.4748021E+01
  91   0.1959041E+01  -0.2039256E+00  -0.6905283E+00   0.4903750E+04   0.3690528E+01
  91   0.1959041E+01  -0.9053912E+00  -0.4316373E-01   0.1104495E+04   0.3043164E+01
  91   0.1959041E+01  -0.2220487E+01   0.3464483E+00   0.4503516E+03   0.2653552E+01
  91   0.1959041E+01  -0.2661167E+01   0.4250722E+00   0.3757749E+03   0.2574928E+01
  91   0.1959041E+01  -0.2662801E+01   0.4253387E+00   0.3755444E+03   0.2574661E+01
  91   0.1959041E+01  -0.3329011E+01   0.5223153E+00   0.3003895E+03   0.2477685E+01
  91   0.1959041E+01  -0.3412940E+01   0.5331286E+00   0.2930025E+03   0.2466871E+01
  91   0.1959041E+01  -0.3415561E+01   0.5334620E+00   0.2927777E+03   0.2466538E+01
  91   0.1959041E+01  -0.3602931E+01   0.5566560E+00   0.2775518E+03   0.2443344E+01


  92   0.1963788E+01  -0.2142648E-02  -0.2669049E+01   0.4667123E+06   0.5669049E+01
  92   0.1963788E+01  -0.3615603E-02  -0.2441819E+01   0.2765790E+06   0.5441819E+01
  92   0.1963788E+01  -0.1767348E-01  -0.1752678E+01   0.5658196E+05   0.4752678E+01
  92   0.1963788E+01  -0.2078482E+00  -0.6822536E+00   0.4811203E+04   0.3682254E+01
  92   0.1963788E+01  -0.9062501E+00  -0.4275195E-01   0.1103448E+04   0.3042752E+01
  92   0.1963788E+01  -0.2220487E+01   0.3464483E+00   0.4503516E+03   0.2653552E+01
  92   0.1963788E+01  -0.2661356E+01   0.4251029E+00   0.3757483E+03   0.2574897E+01
  92   0.1963788E+01  -0.2662913E+01   0.4253570E+00   0.3755286E+03   0.2574643E+01
  92   0.1963788E+01  -0.3329011E+01   0.5223153E+00   0.3003895E+03   0.2477685E+01
  92   0.1963788E+01  -0.3413104E+01   0.5331496E+00   0.2929884E+03   0.2466850E+01
  92   0.1963788E+01  -0.3415561E+01   0.5334620E+00   0.2927777E+03   0.2466538E+01
  92   0.1963788E+01  -0.3602931E+01   0.5566560E+00   0.2775518E+03   0.2443344E+01


  93   0.1968483E+01  -0.2122810E-02  -0.2673089E+01   0.4710737E+06   0.5673089E+01
  93   0.1968483E+01  -0.3575055E-02  -0.2446717E+01   0.2797159E+06   0.5446717E+01
  93   0.1968483E+01  -0.1748698E-01  -0.1757285E+01   0.5718542E+05   0.4757285E+01
  93   0.1968483E+01  -0.2118142E+00  -0.6740450E+00   0.4721120E+04   0.3674045E+01
  93   0.1968483E+01  -0.9070765E+00  -0.4235607E-01   0.1102443E+04   0.3042356E+01
  93   0.1968483E+01  -0.2220487E+01   0.3464483E+00   0.4503516E+03   0.2653552E+01
  93   0.1968483E+01  -0.2661532E+01   0.4251317E+00   0.3757235E+03   0.2574868E+01
  93   0.1968483E+01  -0.2663016E+01   0.4253737E+00   0.3755141E+03   0.2574626E+01
  93   0.1968483E+01  -0.3329011E+01   0.5223153E+00   0.3003895E+03   0.2477685E+01
  93   0.1968483E+01  -0.3413259E+01   0.5331693E+00   0.2929751E+03   0.2466831E+01
  93   0.1968483E+01  -0.3415561E+01   0.5334621E+00   0.2927777E+03   0.2466538E+01
  93   0.1968483E+01  -0.3602931E+01   0.5566560E+00   0.2775518E+03   0.2443344E+01


  94   0.1973128E+01  -0.2103199E-02  -0.2677120E+01   0.4754661E+06   0.5677120E+01
  94   0.1973128E+01  -0.3535483E-02  -0.2451551E+01   0.2828468E+06   0.5451551E+01
  94   0.1973128E+01  -0.1730437E-01  -0.1761844E+01   0.5778887E+05   0.4761844E+01
  94   0.1973128E+01  -0.2158220E+00  -0.6659043E+00   0.4633449E+04   0.3665904E+01
  94   0.1973128E+01  -0.9078719E+00  -0.4197544E-01   0.1101477E+04   0.3041975E+01
  94   0.1973128E+01  -0.2220487E+01   0.3464483E+00   0.4503516E+03   0.2653552E+01
  94   0.1973128E+01  -0.2661697E+01   0.4251585E+00   0.3757002E+03   0.2574841E+01
  94   0.1973128E+01  -0.2663110E+01   0.4253890E+00   0.3755009E+03   0.2574611E+01
  94   0.1973128E+01  -0.3329011E+01   0.5223153E+00   0.3003895E+03   0.2477685E+01
  94   0.1973128E+01  -0.3413405E+01   0.5331878E+00   0.2929626E+03   0.2466812E+01
  94   0.1973128E+01  -0.3415561E+01   0.5334621E+00   0.2927776E+03   0.2466538E+01
  94   0.1973128E+01  -0.3602931E+01   0.5566560E+00   0.2775518E+03   0.2443344E+01


  95   0.1977724E+01  -0.2083820E-02  -0.2681140E+01   0.4798878E+06   0.5681140E+01
  95   0.1977724E+01  -0.3496849E-02  -0.2456323E+01   0.2859717E+06   0.5456323E+01
  95   0.1977724E+01  -0.1712554E-01  -0.1766356E+01   0.5839232E+05   0.4766356E+01
  95   0.1977724E+01  -0.2198703E+00  -0.6578334E+00   0.4548136E+04   0.3657833E+01
  95   0.1977724E+01  -0.9086373E+00  -0.4160944E-01   0.1100549E+04   0.3041609E+01
  95   0.1977724E+01  -0.2220487E+01   0.3464483E+00   0.4503516E+03   0.2653552E+01
  95   0.1977724E+01  -0.2661850E+01   0.4251836E+00   0.3756785E+03   0.2574816E+01
  95   0.1977724E+01  -0.2663196E+01   0.4254031E+00   0.3754887E+03   0.2574597E+01
  95   0.1977724E+01  -0.3329011E+01   0.5223153E+00   0.3003895E+03   0.2477685E+01
  95   0.1977724E+01  -0.3413542E+01   0.5332052E+00   0.2929508E+03   0.2466795E+01
  95   0.1977724E+01  -0.3415562E+01   0.5334621E+00   0.2927776E+03   0.2466538E+01
  95   0.1977724E+01  -0.3602931E+01   0.5566560E+00   0.2775518E+03   0.2443344E+01


  96   0.1982271E+01  -0.2064676E-02  -0.2685148E+01   0.4843375E+06   0.5685148E+01
  96   0.1982271E+01  -0.3459119E-02  -0.2461034E+01   0.2890909E+06   0.5461034E+01
  96   0.1982271E+01  -0.1695037E-01  -0.1770821E+01   0.5899578E+05   0.4770821E+01
  96   0.1982271E+01  -0.2239578E+00  -0.6498339E+00   0.4465128E+04   0.3649834E+01
  96   0.1982271E+01  -0.9093740E+00  -0.4125749E-01   0.1099658E+04   0.3041257E+01
  96   0.1982271E+01  -0.2220487E+01   0.3464483E+00   0.4503516E+03   0.2653552E+01
  96   0.1982271E+01  -0.2661994E+01   0.4252071E+00   0.3756582E+03   0.2574793E+01
  96   0.1982271E+01  -0.2663275E+01   0.4254160E+00   0.3754776E+03   0.2574584E+01
  96   0.1982271E+01  -0.3329011E+01   0.5223153E+00   0.3003895E+03   0.2477685E+01
  96   0.1982271E+01  -0.3413671E+01   0.5332216E+00   0.2929398E+03   0.2466778E+01
  96   0.1982271E+01  -0.3415562E+01   0.5334622E+00   0.2927776E+03   0.2466538E+01
  96   0.1982271E+01  -0.3602931E+01   0.5566560E+00   0.2775518E+03   0.2443344E+01


  97   0.1986772E+01  -0.2045769E-02  -0.2689143E+01   0.4888137E+06   0.5689143E+01
  97   0.1986772E+01  -0.3422259E-02  -0.2465687E+01   0.2922046E+06   0.5465687E+01
  97   0.1986772E+01  -0.1677874E-01  -0.1775241E+01   0.5959923E+05   0.4775241E+01
  97   0.1986772E+01  -0.2280830E+00  -0.6419070E+00   0.4384368E+04   0.3641907E+01
  97   0.1986772E+01  -0.9100830E+00  -0.4091901E-01   0.1098801E+04   0.3040919E+01
  97   0.1986772E+01  -0.2220487E+01   0.3464483E+00   0.4503516E+03   0.2653552E+01
  97   0.1986772E+01  -0.2662129E+01   0.4252290E+00   0.3756392E+03   0.2574771E+01
  97   0.1986772E+01  -0.2663347E+01   0.4254278E+00   0.3754674E+03   0.2574572E+01
  97   0.1986772E+01  -0.3329011E+01   0.5223153E+00   0.3003895E+03   0.2477685E+01
  97   0.1986772E+01  -0.3413792E+01   0.5332370E+00   0.2929294E+03   0.2466763E+01
  97   0.1986772E+01  -0.3415562E+01   0.5334622E+00   0.2927776E+03   0.2466538E+01
  97   0.1986772E+01  -0.3602931E+01   0.5566560E+00   0.2775518E+03   0.2443344E+01


  98   0.1991226E+01  -0.2027102E-02  -0.2693124E+01   0.4933151E+06   0.5693124E+01
  98   0.1991226E+01  -0.3386237E-02  -0.2470283E+01   0.2953130E+06   0.5470283E+01
  98   0.1991226E+01  -0.1661056E-01  -0.1779616E+01   0.6020268E+05   0.4779616E+01
  98   0.1991226E+01  -0.2322448E+00  -0.6340540E+00   0.4305802E+04   0.3634054E+01
  98   0.1991226E+01  -0.9107654E+00  -0.4059347E-01   0.1097978E+04   0.3040593E+01
  98   0.1991226E+01  -0.2220487E+01   0.3464483E+00   0.4503516E+03   0.2653552E+01
  98   0.1991226E+01  -0.2662254E+01   0.4252496E+00   0.3756215E+03   0.2574750E+01
  98   0.1991226E+01  -0.2663413E+01   0.4254385E+00   0.3754581E+03   0.2574561E+01
  98   0.1991226E+01  -0.3329011E+01   0.5223153E+00   0.3003895E+03   0.2477685E+01
  98   0.1991226E+01  -0.3413905E+01   0.5332515E+00   0.2929197E+03   0.2466749E+01
  98   0.1991226E+01  -0.3415562E+01   0.5334622E+00   0.2927776E+03   0.2466538E+01
  98   0.1991226E+01  -0.3602931E+01   0.5566560E+00   0.2775518E+03   0.2443344E+01


  99   0.1995635E+01  -0.2008676E-02  -0.2697090E+01   0.4978404E+06   0.5697090E+01
  99   0.1995635E+01  -0.3351023E-02  -0.2474823E+01   0.2984163E+06   0.5474823E+01
  99   0.1995635E+01  -0.1644571E-01  -0.1783947E+01   0.6080613E+05   0.4783947E+01
  99   0.1995635E+01  -0.2364416E+00  -0.6262761E+00   0.4229374E+04   0.3626276E+01
  99   0.1995635E+01  -0.9114223E+00  -0.4028035E-01   0.1097186E+04   0.3040280E+01
  99   0.1995635E+01  -0.2220487E+01   0.3464483E+00   0.4503516E+03   0.2653552E+01
  99   0.1995635E+01  -0.2662372E+01   0.4252687E+00   0.3756049E+03   0.2574731E+01
  99   0.1995635E+01  -0.2663474E+01   0.4254484E+00   0.3754496E+03   0.2574552E+01
  99   0.1995635E+01  -0.3329011E+01   0.5223153E+00   0.3003895E+03   0.2477685E+01
  99   0.1995635E+01  -0.3414012E+01   0.5332651E+00   0.2929105E+03   0.2466735E+01
  99   0.1995635E+01  -0.3415563E+01   0.5334622E+00   0.2927775E+03   0.2466538E+01
  99   0.1995635E+01  -0.3602931E+01   0.5566560E+00   0.2775518E+03   0.2443344E+01


 100   0.2000000E+01  -0.1990492E-02  -0.2701040E+01   0.5023884E+06   0.5701040E+01
 100   0.2000000E+01  -0.3316588E-02  -0.2479308E+01   0.3015147E+06   0.5479308E+01
 100   0.2000000E+01  -0.1628410E-01  -0.1788236E+01   0.6140959E+05   0.4788236E+01
 100   0.2000000E+01  -0.2406723E+00  -0.6185739E+00   0.4155028E+04   0.3618574E+01
 100   0.2000000E+01  -0.9120546E+00  -0.3997914E-01   0.1096426E+04   0.3039979E+01
 100   0.2000000E+01  -0.2220487E+01   0.3464483E+00   0.4503516E+03   0.2653552E+01
 100   0.2000000E+01  -0.2662482E+01   0.4252867E+00   0.3755894E+03   0.2574713E+01
 100   0.2000000E+01  -0.2663529E+01   0.4254574E+00   0.3754418E+03   0.2574543E+01
 100   0.2000000E+01  -0.3329011E+01   0.5223153E+00   0.3003895E+03   0.2477685E+01
 100   0.2000000E+01  -0.3414112E+01   0.5332778E+00   0.2929019E+03   0.2466722E+01
 100   0.2000000E+01  -0.3415563E+01   0.5334623E+00   0.2927775E+03   0.2466538E+01
 100   0.2000000E+01  -0.3602931E+01   0.5566560E+00   0.2775518E+03   0.2443344E+01


 101   0.2004321E+01  -0.1972551E-02  -0.2704972E+01   0.5069578E+06   0.5704972E+01
 101   0.2004321E+01  -0.3282905E-02  -0.2483742E+01   0.3046083E+06   0.5483742E+01
 101   0.2004321E+01  -0.1612564E-01  -0.1792483E+01   0.6201304E+05   0.4792483E+01
 101   0.2004321E+01  -0.2449354E+00  -0.6109484E+00   0.4082709E+04   0.3610948E+01
 101   0.2004321E+01  -0.9126634E+00  -0.3968937E-01   0.1095694E+04   0.3039689E+01
 101   0.2004321E+01  -0.2220487E+01   0.3464483E+00   0.4503516E+03   0.2653552E+01
 101   0.2004321E+01  -0.2662585E+01   0.4253034E+00   0.3755749E+03   0.2574697E+01
 101   0.2004321E+01  -0.2663579E+01   0.4254656E+00   0.3754347E+03   0.2574534E+01
 101   0.2004321E+01  -0.3329011E+01   0.5223153E+00   0.3003895E+03   0.2477685E+01
 101   0.2004321E+01  -0.3414206E+01   0.5332898E+00   0.2928938E+03   0.2466710E+01
 101   0.2004321E+01  -0.3415563E+01   0.5334623E+00   0.2927775E+03   0.2466538E+01
 101   0.2004321E+01  -0.3602931E+01   0.5566560E+00   0.2775518E+03   0.2443344E+01


 102   0.2008600E+01  -0.1954852E-02  -0.2708886E+01   0.5115476E+06   0.5708886E+01
 102   0.2008600E+01  -0.3249946E-02  -0.2488124E+01   0.3076974E+06   0.5488124E+01
 102   0.2008600E+01  -0.1597023E-01  -0.1796689E+01   0.6261649E+05   0.4796689E+01
 102   0.2008600E+01  -0.2492297E+00  -0.6034002E+00   0.4012362E+04   0.3603400E+01
 102   0.2008600E+01  -0.9132494E+00  -0.3941059E-01   0.1094991E+04   0.3039411E+01
 102   0.2008600E+01  -0.2220487E+01   0.3464483E+00   0.4503516E+03   0.2653552E+01
 102   0.2008600E+01  -0.2662681E+01   0.4253191E+00   0.3755613E+03   0.2574681E+01
 102   0.2008600E+01  -0.2663625E+01   0.4254731E+00   0.3754282E+03   0.2574527E+01
 102   0.2008600E+01  -0.3329011E+01   0.5223153E+00   0.3003895E+03   0.2477685E+01
 102   0.2008600E+01  -0.3414295E+01   0.5333010E+00   0.2928863E+03   0.2466699E+01
 102   0.2008600E+01  -0.3415563E+01   0.5334623E+00   0.2927775E+03   0.2466538E+01
 102   0.2008600E+01  -0.3602931E+01   0.5566560E+00   0.2775518E+03   0.2443344E+01


 103   0.2012837E+01  -0.1937396E-02  -0.2712782E+01   0.5161567E+06   0.5712782E+01
 103   0.2012837E+01  -0.3217688E-02  -0.2492456E+01   0.3107822E+06   0.5492456E+01
 103   0.2012837E+01  -0.1581779E-01  -0.1800854E+01   0.6321994E+05   0.4800854E+01
 103   0.2012837E+01  -0.2535539E+00  -0.5959297E+00   0.3943934E+04   0.3595930E+01
 103   0.2012837E+01  -0.9138136E+00  -0.3914236E-01   0.1094315E+04   0.3039142E+01
 103   0.2012837E+01  -0.2220487E+01   0.3464483E+00   0.4503516E+03   0.2653552E+01
 103   0.2012837E+01  -0.2662771E+01   0.4253338E+00   0.3755487E+03   0.2574666E+01
 103   0.2012837E+01  -0.2663667E+01   0.4254800E+00   0.3754223E+03   0.2574520E+01
 103   0.2012837E+01  -0.3329011E+01   0.5223153E+00   0.3003895E+03   0.2477685E+01
 103   0.2012837E+01  -0.3414378E+01   0.5333115E+00   0.2928792E+03   0.2466688E+01
 103   0.2012837E+01  -0.3415563E+01   0.5334623E+00   0.2927775E+03   0.2466538E+01
 103   0.2012837E+01  -0.3602931E+01   0.5566560E+00   0.2775518E+03   0.2443344E+01


 104   0.2017033E+01  -0.1920182E-02  -0.2716658E+01   0.5207841E+06   0.5716658E+01
 104   0.2017033E+01  -0.3186106E-02  -0.2496740E+01   0.3138628E+06   0.5496740E+01
 104   0.2017033E+01  -0.1566824E-01  -0.1804980E+01   0.6382340E+05   0.4804980E+01
 104   0.2017033E+01  -0.2579067E+00  -0.5885374E+00   0.3877371E+04   0.3588537E+01
 104   0.2017033E+01  -0.9143569E+00  -0.3888426E-01   0.1093665E+04   0.3038884E+01
 104   0.2017033E+01  -0.2220487E+01   0.3464483E+00   0.4503516E+03   0.2653552E+01
 104   0.2017033E+01  -0.2662855E+01   0.4253475E+00   0.3755368E+03   0.2574652E+01
 104   0.2017033E+01  -0.2663705E+01   0.4254862E+00   0.3754169E+03   0.2574514E+01
 104   0.2017033E+01  -0.3329011E+01   0.5223153E+00   0.3003895E+03   0.2477685E+01
 104   0.2017033E+01  -0.3414455E+01   0.5333214E+00   0.2928725E+03   0.2466679E+01
 104   0.2017033E+01  -0.3415563E+01   0.5334623E+00   0.2927775E+03   0.2466538E+01
 104   0.2017033E+01  -0.3602931E+01   0.5566560E+00   0.2775518E+03   0.2443344E+01


 105   0.2021189E+01  -0.1903208E-02  -0.2720514E+01   0.5254287E+06   0.5720514E+01
 105   0.2021189E+01  -0.3155177E-02  -0.2500976E+01   0.3169394E+06   0.5500976E+01
 105   0.2021189E+01  -0.1552148E-01  -0.1809067E+01   0.6442685E+05   0.4809067E+01
 105   0.2021189E+01  -0.2622868E+00  -0.5812235E+00   0.3812620E+04   0.3581224E+01
 105   0.2021189E+01  -0.9148800E+00  -0.3863589E-01   0.1093040E+04   0.3038636E+01
 105   0.2021189E+01  -0.2220487E+01   0.3464483E+00   0.4503516E+03   0.2653552E+01
 105   0.2021189E+01  -0.2662934E+01   0.4253603E+00   0.3755257E+03   0.2574640E+01
 105   0.2021189E+01  -0.2663740E+01   0.4254919E+00   0.3754120E+03   0.2574508E+01
 105   0.2021189E+01  -0.3329011E+01   0.5223153E+00   0.3003895E+03   0.2477685E+01
 105   0.2021189E+01  -0.3414528E+01   0.5333307E+00   0.2928662E+03   0.2466669E+01
 105   0.2021189E+01  -0.3415563E+01   0.5334624E+00   0.2927775E+03   0.2466538E+01
 105   0.2021189E+01  -0.3602931E+01   0.5566560E+00   0.2775518E+03   0.2443344E+01


 106   0.2025306E+01  -0.1886473E-02  -0.2724349E+01   0.5300898E+06   0.5724349E+01
 106   0.2025306E+01  -0.3124881E-02  -0.2505167E+01   0.3200122E+06   0.5505167E+01
 106   0.2025306E+01  -0.1537745E-01  -0.1813116E+01   0.6503030E+05   0.4813116E+01
 106   0.2025306E+01  -0.2666930E+00  -0.5739884E+00   0.3749630E+04   0.3573988E+01
 106   0.2025306E+01  -0.9153836E+00  -0.3839686E-01   0.1092438E+04   0.3038397E+01
 106   0.2025306E+01  -0.2220487E+01   0.3464483E+00   0.4503516E+03   0.2653552E+01
 106   0.2025306E+01  -0.2663007E+01   0.4253723E+00   0.3755153E+03   0.2574628E+01
 106   0.2025306E+01  -0.2663772E+01   0.4254970E+00   0.3754075E+03   0.2574503E+01
 106   0.2025306E+01  -0.3329011E+01   0.5223153E+00   0.3003895E+03   0.2477685E+01
 106   0.2025306E+01  -0.3414596E+01   0.5333394E+00   0.2928604E+03   0.2466661E+01
 106   0.2025306E+01  -0.3415564E+01   0.5334624E+00   0.2927774E+03   0.2466538E+01
 106   0.2025306E+01  -0.3602931E+01   0.5566560E+00   0.2775518E+03   0.2443344E+01


 107   0.2029384E+01  -0.1869976E-02  -0.2728164E+01   0.5347663E+06   0.5728164E+01
 107   0.2029384E+01  -0.3095195E-02  -0.2509312E+01   0.3230814E+06   0.5509312E+01
 107   0.2029384E+01  -0.1523606E-01  -0.1817127E+01   0.6563375E+05   0.4817127E+01
 107   0.2029384E+01  -0.2711240E+00  -0.5668321E+00   0.3688350E+04   0.3566832E+01
 107   0.2029384E+01  -0.9158686E+00  -0.3816681E-01   0.1091860E+04   0.3038167E+01
 107   0.2029384E+01  -0.2220487E+01   0.3464483E+00   0.4503516E+03   0.2653552E+01
 107   0.2029384E+01  -0.2663076E+01   0.4253835E+00   0.3755056E+03   0.2574616E+01
 107   0.2029384E+01  -0.2663801E+01   0.4255018E+00   0.3754034E+03   0.2574498E+01
 107   0.2029384E+01  -0.3329011E+01   0.5223153E+00   0.3003895E+03   0.2477685E+01
 107   0.2029384E+01  -0.3414660E+01   0.5333475E+00   0.2928549E+03   0.2466652E+01
 107   0.2029384E+01  -0.3415564E+01   0.5334624E+00   0.2927774E+03   0.2466538E+01
 107   0.2029384E+01  -0.3602931E+01   0.5566560E+00   0.2775518E+03   0.2443344E+01


 108   0.2033424E+01  -0.1853714E-02  -0.2731957E+01   0.5394575E+06   0.5731957E+01
 108   0.2033424E+01  -0.3066101E-02  -0.2513414E+01   0.3261472E+06   0.5513414E+01
 108   0.2033424E+01  -0.1509726E-01  -0.1821102E+01   0.6623721E+05   0.4821102E+01
 108   0.2033424E+01  -0.2755785E+00  -0.5597546E+00   0.3628730E+04   0.3559755E+01
 108   0.2033424E+01  -0.9163357E+00  -0.3794538E-01   0.1091303E+04   0.3037945E+01
 108   0.2033424E+01  -0.2220487E+01   0.3464483E+00   0.4503516E+03   0.2653552E+01
 108   0.2033424E+01  -0.2663140E+01   0.4253940E+00   0.3754966E+03   0.2574606E+01
 108   0.2033424E+01  -0.2663827E+01   0.4255061E+00   0.3753997E+03   0.2574494E+01
 108   0.2033424E+01  -0.3329011E+01   0.5223153E+00   0.3003895E+03   0.2477685E+01
 108   0.2033424E+01  -0.3414720E+01   0.5333551E+00   0.2928498E+03   0.2466645E+01
 108   0.2033424E+01  -0.3415564E+01   0.5334624E+00   0.2927774E+03   0.2466538E+01
 108   0.2033424E+01  -0.3602931E+01   0.5566560E+00   0.2775518E+03   0.2443344E+01


 109   0.2037426E+01  -0.1837686E-02  -0.2735729E+01   0.5441625E+06   0.5735729E+01
 109   0.2037426E+01  -0.3037578E-02  -0.2517473E+01   0.3292096E+06   0.5517473E+01
 109   0.2037426E+01  -0.1496095E-01  -0.1825041E+01   0.6684066E+05   0.4825041E+01
 109   0.2037426E+01  -0.2800554E+00  -0.5527560E+00   0.3570722E+04   0.3552756E+01
 109   0.2037426E+01  -0.9167856E+00  -0.3773223E-01   0.1090768E+04   0.3037732E+01
 109   0.2037426E+01  -0.2220487E+01   0.3464483E+00   0.4503516E+03   0.2653552E+01
 109   0.2037426E+01  -0.2663200E+01   0.4254038E+00   0.3754881E+03   0.2574596E+01
 109   0.2037426E+01  -0.2663851E+01   0.4255100E+00   0.3753963E+03   0.2574490E+01
 109   0.2037426E+01  -0.3329011E+01   0.5223153E+00   0.3003895E+03   0.2477685E+01
 109   0.2037426E+01  -0.3414776E+01   0.5333623E+00   0.2928449E+03   0.2466638E+01
 109   0.2037426E+01  -0.3415564E+01   0.5334624E+00   0.2927774E+03   0.2466538E+01
 109   0.2037426E+01  -0.3602931E+01   0.5566560E+00   0.2775518E+03   0.2443344E+01


 110   0.2041393E+01  -0.1821890E-02  -0.2739478E+01   0.5488807E+06   0.5739478E+01
 110   0.2041393E+01  -0.3009610E-02  -0.2521490E+01   0.3322689E+06   0.5521490E+01
 110   0.2041393E+01  -0.1482709E-01  -0.1828944E+01   0.6744411E+05   0.4828944E+01
 110   0.2041393E+01  -0.2845535E+00  -0.5458361E+00   0.3514278E+04   0.3545836E+01
 110   0.2041393E+01  -0.9172188E+00  -0.3752704E-01   0.1090252E+04   0.3037527E+01
 110   0.2041393E+01  -0.2220487E+01   0.3464483E+00   0.4503516E+03   0.2653552E+01
 110   0.2041393E+01  -0.2663256E+01   0.4254130E+00   0.3754802E+03   0.2574587E+01
 110   0.2041393E+01  -0.2663873E+01   0.4255135E+00   0.3753933E+03   0.2574486E+01
 110   0.2041393E+01  -0.3329011E+01   0.5223153E+00   0.3003895E+03   0.2477685E+01
 110   0.2041393E+01  -0.3414829E+01   0.5333690E+00   0.2928404E+03   0.2466631E+01
 110   0.2041393E+01  -0.3415564E+01   0.5334624E+00   0.2927774E+03   0.2466538E+01
 110   0.2041393E+01  -0.3602931E+01   0.5566560E+00   0.2775518E+03   0.2443344E+01


 111   0.2045323E+01  -0.1806322E-02  -0.2743205E+01   0.5536112E+06   0.5743205E+01
 111   0.2045323E+01  -0.2982179E-02  -0.2525466E+01   0.3353252E+06   0.5525466E+01
 111   0.2045323E+01  -0.1469560E-01  -0.1832813E+01   0.6804756E+05   0.4832813E+01
 111   0.2045323E+01  -0.2890714E+00  -0.5389949E+00   0.3459353E+04   0.3538995E+01
 111   0.2045323E+01  -0.9176361E+00  -0.3732950E-01   0.1089757E+04   0.3037330E+01
 111   0.2045323E+01  -0.2220487E+01   0.3464483E+00   0.4503516E+03   0.2653552E+01
 111   0.2045323E+01  -0.2663309E+01   0.4254215E+00   0.3754728E+03   0.2574578E+01
 111   0.2045323E+01  -0.2663893E+01   0.4255167E+00   0.3753905E+03   0.2574483E+01
 111   0.2045323E+01  -0.3329011E+01   0.5223153E+00   0.3003895E+03   0.2477685E+01
 111   0.2045323E+01  -0.3414878E+01   0.5333752E+00   0.2928362E+03   0.2466625E+01
 111   0.2045323E+01  -0.3415564E+01   0.5334625E+00   0.2927774E+03   0.2466538E+01
 111   0.2045323E+01  -0.3602931E+01   0.5566560E+00   0.2775518E+03   0.2443344E+01


 112   0.2049218E+01  -0.1790980E-02  -0.2746909E+01   0.5583534E+06   0.5746909E+01
 112   0.2049218E+01  -0.2955269E-02  -0.2529403E+01   0.3383787E+06   0.5529403E+01
 112   0.2049218E+01  -0.1456643E-01  -0.1836647E+01   0.6865101E+05   0.4836647E+01
 112   0.2049218E+01  -0.2936081E+00  -0.5322319E+00   0.3405900E+04   0.3532232E+01
 112   0.2049218E+01  -0.9180381E+00  -0.3713931E-01   0.1089279E+04   0.3037139E+01
 112   0.2049218E+01  -0.2220487E+01   0.3464483E+00   0.4503516E+03   0.2653552E+01
 112   0.2049218E+01  -0.2663358E+01   0.4254295E+00   0.3754659E+03   0.2574570E+01
 112   0.2049218E+01  -0.2663911E+01   0.4255197E+00   0.3753880E+03   0.2574480E+01
 112   0.2049218E+01  -0.3329011E+01   0.5223153E+00   0.3003895E+03   0.2477685E+01
 112   0.2049218E+01  -0.3414924E+01   0.5333811E+00   0.2928323E+03   0.2466619E+01
 112   0.2049218E+01  -0.3415564E+01   0.5334625E+00   0.2927774E+03   0.2466538E+01
 112   0.2049218E+01  -0.3602931E+01   0.5566560E+00   0.2775518E+03   0.2443344E+01


 113   0.2053078E+01  -0.1775862E-02  -0.2750591E+01   0.5631067E+06   0.5750591E+01
 113   0.2053078E+01  -0.2928862E-02  -0.2533301E+01   0.3414295E+06   0.5533301E+01
 113   0.2053078E+01  -0.1443950E-01  -0.1840448E+01   0.6925447E+05   0.4840448E+01
 113   0.2053078E+01  -0.2981624E+00  -0.5255471E+00   0.3353877E+04   0.3525547E+01
 113   0.2053078E+01  -0.9184253E+00  -0.3695618E-01   0.1088820E+04   0.3036956E+01
 113   0.2053078E+01  -0.2220487E+01   0.3464483E+00   0.4503516E+03   0.2653552E+01
 113   0.2053078E+01  -0.2663404E+01   0.4254370E+00   0.3754594E+03   0.2574563E+01
 113   0.2053078E+01  -0.2663927E+01   0.4255223E+00   0.3753856E+03   0.2574478E+01
 113   0.2053078E+01  -0.3329011E+01   0.5223153E+00   0.3003895E+03   0.2477685E+01
 113   0.2053078E+01  -0.3414967E+01   0.5333866E+00   0.2928286E+03   0.2466613E+01
 113   0.2053078E+01  -0.3415565E+01   0.5334625E+00   0.2927774E+03   0.2466538E+01
 113   0.2053078E+01  -0.3602931E+01   0.5566560E+00   0.2775518E+03   0.2443344E+01


 114   0.2056905E+01  -0.1760965E-02  -0.2754249E+01   0.5678704E+06   0.5754249E+01
 114   0.2056905E+01  -0.2902945E-02  -0.2537161E+01   0.3444777E+06   0.5537161E+01
 114   0.2056905E+01  -0.1431477E-01  -0.1844216E+01   0.6985792E+05   0.4844216E+01
 114   0.2056905E+01  -0.3027331E+00  -0.5189401E+00   0.3303240E+04   0.3518940E+01
 114   0.2056905E+01  -0.9187983E+00  -0.3677983E-01   0.1088378E+04   0.3036780E+01
 114   0.2056905E+01  -0.2220487E+01   0.3464483E+00   0.4503516E+03   0.2653552E+01
 114   0.2056905E+01  -0.2663447E+01   0.4254440E+00   0.3754534E+03   0.2574556E+01
 114   0.2056905E+01  -0.2663942E+01   0.4255248E+00   0.3753836E+03   0.2574475E+01
 114   0.2056905E+01  -0.3329011E+01   0.5223153E+00   0.3003895E+03   0.2477685E+01
 114   0.2056905E+01  -0.3415008E+01   0.5333917E+00   0.2928251E+03   0.2466608E+01
 114   0.2056905E+01  -0.3415565E+01   0.5334625E+00   0.2927774E+03   0.2466537E+01
 114   0.2056905E+01  -0.3602931E+01   0.5566560E+00   0.2775518E+03   0.2443344E+01


 115   0.2060698E+01  -0.1746286E-02  -0.2757885E+01   0.5726439E+06   0.5757885E+01
 115   0.2060698E+01  -0.2877503E-02  -0.2540984E+01   0.3475235E+06   0.5540984E+01
 115   0.2060698E+01  -0.1419217E-01  -0.1847951E+01   0.7046137E+05   0.4847951E+01
 115   0.2060698E+01  -0.3073190E+00  -0.5124106E+00   0.3253948E+04   0.3512411E+01
 115   0.2060698E+01  -0.9191576E+00  -0.3661001E-01   0.1087953E+04   0.3036610E+01
 115   0.2060698E+01  -0.2220487E+01   0.3464483E+00   0.4503516E+03   0.2653552E+01
 115   0.2060698E+01  -0.2663487E+01   0.4254505E+00   0.3754477E+03   0.2574549E+01
 115   0.2060698E+01  -0.2663955E+01   0.4255270E+00   0.3753817E+03   0.2574473E+01
 115   0.2060698E+01  -0.3329011E+01   0.5223153E+00   0.3003895E+03   0.2477685E+01
 115   0.2060698E+01  -0.3415046E+01   0.5333965E+00   0.2928219E+03   0.2466603E+01
 115   0.2060698E+01  -0.3415565E+01   0.5334625E+00   0.2927774E+03   0.2466537E+01
 115   0.2060698E+01  -0.3602931E+01   0.5566560E+00   0.2775518E+03   0.2443344E+01


 116   0.2064458E+01  -0.1731821E-02  -0.2761497E+01   0.5774268E+06   0.5761497E+01
 116   0.2064458E+01  -0.2852522E-02  -0.2544771E+01   0.3505670E+06   0.5544771E+01
 116   0.2064458E+01  -0.1407166E-01  -0.1851655E+01   0.7106482E+05   0.4851655E+01
 116   0.2064458E+01  -0.3119190E+00  -0.5059581E+00   0.3205960E+04   0.3505958E+01
 116   0.2064458E+01  -0.9195038E+00  -0.3644645E-01   0.1087543E+04   0.3036446E+01
 116   0.2064458E+01  -0.2220487E+01   0.3464483E+00   0.4503516E+03   0.2653552E+01
 116   0.2064458E+01  -0.2663524E+01   0.4254566E+00   0.3754425E+03   0.2574543E+01
 116   0.2064458E+01  -0.2663968E+01   0.4255289E+00   0.3753799E+03   0.2574471E+01
 116   0.2064458E+01  -0.3329011E+01   0.5223153E+00   0.3003895E+03   0.2477685E+01
 116   0.2064458E+01  -0.3415081E+01   0.5334010E+00   0.2928188E+03   0.2466599E+01
 116   0.2064458E+01  -0.3415565E+01   0.5334625E+00   0.2927773E+03   0.2466537E+01
 116   0.2064458E+01  -0.3602931E+01   0.5566560E+00   0.2775518E+03   0.2443344E+01


 117   0.2068186E+01  -0.1717569E-02  -0.2765086E+01   0.5822184E+06   0.5765086E+01
 117   0.2068186E+01  -0.2827988E-02  -0.2548522E+01   0.3536083E+06   0.5548522E+01
 117   0.2068186E+01  -0.1395318E-01  -0.1855327E+01   0.7166827E+05   0.4855327E+01
 117   0.2068186E+01  -0.3165321E+00  -0.4995822E+00   0.3159237E+04   0.3499582E+01
 117   0.2068186E+01  -0.9198374E+00  -0.3628892E-01   0.1087149E+04   0.3036289E+01
 117   0.2068186E+01  -0.2220487E+01   0.3464483E+00   0.4503516E+03   0.2653552E+01
 117   0.2068186E+01  -0.2663559E+01   0.4254623E+00   0.3754375E+03   0.2574538E+01
 117   0.2068186E+01  -0.2663979E+01   0.4255308E+00   0.3753784E+03   0.2574469E+01
 117   0.2068186E+01  -0.3329011E+01   0.5223153E+00   0.3003895E+03   0.2477685E+01
 117   0.2068186E+01  -0.3415114E+01   0.5334052E+00   0.2928160E+03   0.2466595E+01
 117   0.2068186E+01  -0.3415565E+01   0.5334625E+00   0.2927773E+03   0.2466537E+01
 117   0.2068186E+01  -0.3602931E+01   0.5566560E+00   0.2775518E+03   0.2443344E+01


 118   0.2071882E+01  -0.1703525E-02  -0.2768652E+01   0.5870182E+06   0.5768652E+01
 118   0.2071882E+01  -0.2803889E-02  -0.2552239E+01   0.3566475E+06   0.5552239E+01
 118   0.2071882E+01  -0.1383667E-01  -0.1858968E+01   0.7227172E+05   0.4858968E+01
 118   0.2071882E+01  -0.3211570E+00  -0.4932825E+00   0.3113741E+04   0.3493283E+01
 118   0.2071882E+01  -0.9201589E+00  -0.3613719E-01   0.1086769E+04   0.3036137E+01
 118   0.2071882E+01  -0.2220487E+01   0.3464483E+00   0.4503516E+03   0.2653552E+01
 118   0.2071882E+01  -0.2663591E+01   0.4254676E+00   0.3754329E+03   0.2574532E+01
 118   0.2071882E+01  -0.2663989E+01   0.4255324E+00   0.3753769E+03   0.2574468E+01
 118   0.2071882E+01  -0.3329011E+01   0.5223153E+00   0.3003895E+03   0.2477685E+01
 118   0.2071882E+01  -0.3415145E+01   0.5334091E+00   0.2928133E+03   0.2466591E+01
 118   0.2071882E+01  -0.3415565E+01   0.5334626E+00   0.2927773E+03   0.2466537E+01
 118   0.2071882E+01  -0.3602931E+01   0.5566560E+00   0.2775518E+03   0.2443344E+01


 119   0.2075547E+01  -0.1689686E-02  -0.2772194E+01   0.5918259E+06   0.5772194E+01
 119   0.2075547E+01  -0.2780212E-02  -0.2555922E+01   0.3596848E+06   0.5555922E+01
 119   0.2075547E+01  -0.1372209E-01  -0.1862580E+01   0.7287517E+05   0.4862580E+01
 119   0.2075547E+01  -0.3257928E+00  -0.4870585E+00   0.3069436E+04   0.3487059E+01
 119   0.2075547E+01  -0.9204686E+00  -0.3599103E-01   0.1086403E+04   0.3035991E+01
 119   0.2075547E+01  -0.2220487E+01   0.3464483E+00   0.4503516E+03   0.2653552E+01
 119   0.2075547E+01  -0.2663622E+01   0.4254726E+00   0.3754287E+03   0.2574527E+01
 119   0.2075547E+01  -0.2663998E+01   0.4255339E+00   0.3753757E+03   0.2574466E+01
 119   0.2075547E+01  -0.3329011E+01   0.5223153E+00   0.3003895E+03   0.2477685E+01
 119   0.2075547E+01  -0.3415174E+01   0.5334128E+00   0.2928109E+03   0.2466587E+01
 119   0.2075547E+01  -0.3415565E+01   0.5334626E+00   0.2927773E+03   0.2466537E+01
 119   0.2075547E+01  -0.3602931E+01   0.5566560E+00   0.2775518E+03   0.2443344E+01


 120   0.2079181E+01  -0.1676050E-02  -0.2775713E+01   0.5966409E+06   0.5775713E+01
 120   0.2079181E+01  -0.2756946E-02  -0.2559572E+01   0.3627201E+06   0.5559572E+01
 120   0.2079181E+01  -0.1360940E-01  -0.1866161E+01   0.7347863E+05   0.4866161E+01
 120   0.2079181E+01  -0.3304383E+00  -0.4809097E+00   0.3026284E+04   0.3480910E+01
 120   0.2079181E+01  -0.9207671E+00  -0.3585022E-01   0.1086051E+04   0.3035850E+01
 120   0.2079181E+01  -0.2220487E+01   0.3464483E+00   0.4503516E+03   0.2653552E+01
 120   0.2079181E+01  -0.2663650E+01   0.4254772E+00   0.3754247E+03   0.2574523E+01
 120   0.2079181E+01  -0.2664006E+01   0.4255352E+00   0.3753745E+03   0.2574465E+01
 120   0.2079181E+01  -0.3329011E+01   0.5223153E+00   0.3003895E+03   0.2477685E+01
 120   0.2079181E+01  -0.3415201E+01   0.5334162E+00   0.2928086E+03   0.2466584E+01
 120   0.2079181E+01  -0.3415565E+01   0.5334626E+00   0.2927773E+03   0.2466537E+01
 120   0.2079181E+01  -0.3602931E+01   0.5566560E+00   0.2775518E+03   0.2443344E+01


 121   0.2082785E+01  -0.1662613E-02  -0.2779209E+01   0.6014629E+06   0.5779209E+01
 121   0.2082785E+01  -0.2734080E-02  -0.2563189E+01   0.3657538E+06   0.5563189E+01
 121   0.2082785E+01  -0.1349854E-01  -0.1869713E+01   0.7408208E+05   0.4869713E+01
 121   0.2082785E+01  -0.3350924E+00  -0.4748354E+00   0.2984251E+04   0.3474835E+01
 121   0.2082785E+01  -0.9210547E+00  -0.3571456E-01   0.1085712E+04   0.3035715E+01
 121   0.2082785E+01  -0.2220487E+01   0.3464483E+00   0.4503516E+03   0.2653552E+01
 121   0.2082785E+01  -0.2663677E+01   0.4254815E+00   0.3754209E+03   0.2574518E+01
 121   0.2082785E+01  -0.2664014E+01   0.4255365E+00   0.3753734E+03   0.2574464E+01
 121   0.2082785E+01  -0.3329011E+01   0.5223153E+00   0.3003895E+03   0.2477685E+01
 121   0.2082785E+01  -0.3415226E+01   0.5334194E+00   0.2928064E+03   0.2466581E+01
 121   0.2082785E+01  -0.3415565E+01   0.5334626E+00   0.2927773E+03   0.2466537E+01
 121   0.2082785E+01  -0.3602931E+01   0.5566560E+00   0.2775518E+03   0.2443344E+01


 122   0.2086360E+01  -0.1649372E-02  -0.2782681E+01   0.6062913E+06   0.5782681E+01
 122   0.2086360E+01  -0.2711601E-02  -0.2566774E+01   0.3687858E+06   0.5566774E+01
 122   0.2086360E+01  -0.1338947E-01  -0.1873236E+01   0.7468553E+05   0.4873236E+01
 122   0.2086360E+01  -0.3397542E+00  -0.4688352E+00   0.2943305E+04   0.3468835E+01
 122   0.2086360E+01  -0.9213320E+00  -0.3558385E-01   0.1085385E+04   0.3035584E+01
 122   0.2086360E+01  -0.2220487E+01   0.3464483E+00   0.4503516E+03   0.2653552E+01
 122   0.2086360E+01  -0.2663702E+01   0.4254856E+00   0.3754174E+03   0.2574514E+01
 122   0.2086360E+01  -0.2664021E+01   0.4255376E+00   0.3753725E+03   0.2574462E+01
 122   0.2086360E+01  -0.3329011E+01   0.5223153E+00   0.3003895E+03   0.2477685E+01
 122   0.2086360E+01  -0.3415250E+01   0.5334224E+00   0.2928044E+03   0.2466578E+01
 122   0.2086360E+01  -0.3415565E+01   0.5334626E+00   0.2927773E+03   0.2466537E+01
 122   0.2086360E+01  -0.3602931E+01   0.5566560E+00   0.2775518E+03   0.2443344E+01


 123   0.2089905E+01  -0.1636324E-02  -0.2786131E+01   0.6111260E+06   0.5786131E+01
 123   0.2089905E+01  -0.2689501E-02  -0.2570328E+01   0.3718162E+06   0.5570328E+01
 123   0.2089905E+01  -0.1328216E-01  -0.1876731E+01   0.7528898E+05   0.4876731E+01
 123   0.2089905E+01  -0.3444225E+00  -0.4629085E+00   0.2903411E+04   0.3462909E+01
 123   0.2089905E+01  -0.9215992E+00  -0.3545790E-01   0.1085070E+04   0.3035458E+01
 123   0.2089905E+01  -0.2220487E+01   0.3464483E+00   0.4503516E+03   0.2653552E+01
 123   0.2089905E+01  -0.2663725E+01   0.4254893E+00   0.3754142E+03   0.2574511E+01
 123   0.2089905E+01  -0.2664027E+01   0.4255386E+00   0.3753716E+03   0.2574461E+01
 123   0.2089905E+01  -0.3329011E+01   0.5223153E+00   0.3003895E+03   0.2477685E+01
 123   0.2089905E+01  -0.3415272E+01   0.5334252E+00   0.2928025E+03   0.2466575E+01
 123   0.2089905E+01  -0.3415565E+01   0.5334626E+00   0.2927773E+03   0.2466537E+01
 123   0.2089905E+01  -0.3602931E+01   0.5566560E+00   0.2775518E+03   0.2443344E+01


 124   0.2093422E+01  -0.1623465E-02  -0.2789557E+01   0.6159664E+06   0.5789557E+01
 124   0.2093422E+01  -0.2667769E-02  -0.2573852E+01   0.3748451E+06   0.5573852E+01
 124   0.2093422E+01  -0.1317654E-01  -0.1880198E+01   0.7589243E+05   0.4880198E+01
 124   0.2093422E+01  -0.3490964E+00  -0.4570547E+00   0.2864538E+04   0.3457055E+01
 124   0.2093422E+01  -0.9218568E+00  -0.3533654E-01   0.1084767E+04   0.3035337E+01
 124   0.2093422E+01  -0.2220487E+01   0.3464483E+00   0.4503516E+03   0.2653552E+01
 124   0.2093422E+01  -0.2663746E+01   0.4254928E+00   0.3754112E+03   0.2574507E+01
 124   0.2093422E+01  -0.2664032E+01   0.4255395E+00   0.3753708E+03   0.2574461E+01
 124   0.2093422E+01  -0.3329011E+01   0.5223153E+00   0.3003895E+03   0.2477685E+01
 124   0.2093422E+01  -0.3415292E+01   0.5334279E+00   0.2928007E+03   0.2466572E+01
 124   0.2093422E+01  -0.3415566E+01   0.5334626E+00   0.2927773E+03   0.2466537E+01
 124   0.2093422E+01  -0.3602931E+01   0.5566560E+00   0.2775518E+03   0.2443344E+01


 125   0.2096910E+01  -0.1610793E-02  -0.2792960E+01   0.6208122E+06   0.5792960E+01
 125   0.2096910E+01  -0.2646395E-02  -0.2577345E+01   0.3778726E+06   0.5577345E+01
 125   0.2096910E+01  -0.1307260E-01  -0.1883638E+01   0.7649588E+05   0.4883638E+01
 125   0.2096910E+01  -0.3537748E+00  -0.4512731E+00   0.2826657E+04   0.3451273E+01
 125   0.2096910E+01  -0.9221051E+00  -0.3521958E-01   0.1084475E+04   0.3035220E+01
 125   0.2096910E+01  -0.2220487E+01   0.3464483E+00   0.4503516E+03   0.2653552E+01
 125   0.2096910E+01  -0.2663766E+01   0.4254961E+00   0.3754083E+03   0.2574504E+01
 125   0.2096910E+01  -0.2664037E+01   0.4255403E+00   0.3753701E+03   0.2574460E+01
 125   0.2096910E+01  -0.3329011E+01   0.5223153E+00   0.3003895E+03   0.2477685E+01
 125   0.2096910E+01  -0.3415311E+01   0.5334303E+00   0.2927991E+03   0.2466570E+01
 125   0.2096910E+01  -0.3415566E+01   0.5334626E+00   0.2927773E+03   0.2466537E+01
 125   0.2096910E+01  -0.3602931E+01   0.5566560E+00   0.2775518E+03   0.2443344E+01


 126   0.2100371E+01  -0.1598304E-02  -0.2796341E+01   0.6256632E+06   0.5796341E+01
 126   0.2100371E+01  -0.2625370E-02  -0.2580810E+01   0.3808988E+06   0.5580810E+01
 126   0.2100371E+01  -0.1297028E-01  -0.1887051E+01   0.7709933E+05   0.4887051E+01
 126   0.2100371E+01  -0.3584569E+00  -0.4455631E+00   0.2789736E+04   0.3445563E+01
 126   0.2100371E+01  -0.9223445E+00  -0.3510685E-01   0.1084194E+04   0.3035107E+01
 126   0.2100371E+01  -0.2220487E+01   0.3464483E+00   0.4503516E+03   0.2653552E+01
 126   0.2100371E+01  -0.2663785E+01   0.4254992E+00   0.3754057E+03   0.2574501E+01
 126   0.2100371E+01  -0.2664042E+01   0.4255410E+00   0.3753695E+03   0.2574459E+01
 126   0.2100371E+01  -0.3329011E+01   0.5223153E+00   0.3003895E+03   0.2477685E+01
 126   0.2100371E+01  -0.3415329E+01   0.5334326E+00   0.2927975E+03   0.2466567E+01
 126   0.2100371E+01  -0.3415566E+01   0.5334626E+00   0.2927773E+03   0.2466537E+01
 126   0.2100371E+01  -0.3602931E+01   0.5566560E+00   0.2775518E+03   0.2443344E+01


 127   0.2103804E+01  -0.1585995E-02  -0.2799698E+01   0.6305191E+06   0.5799698E+01
 127   0.2103804E+01  -0.2604684E-02  -0.2584245E+01   0.3839237E+06   0.5584245E+01
 127   0.2103804E+01  -0.1286955E-01  -0.1890437E+01   0.7770279E+05   0.4890437E+01
 127   0.2103804E+01  -0.3631415E+00  -0.4399241E+00   0.2753748E+04   0.3439924E+01
 127   0.2103804E+01  -0.9225752E+00  -0.3499821E-01   0.1083922E+04   0.3034998E+01
 127   0.2103804E+01  -0.2220487E+01   0.3464483E+00   0.4503516E+03   0.2653552E+01
 127   0.2103804E+01  -0.2663802E+01   0.4255020E+00   0.3754032E+03   0.2574498E+01
 127   0.2103804E+01  -0.2664046E+01   0.4255417E+00   0.3753689E+03   0.2574458E+01
 127   0.2103804E+01  -0.3329011E+01   0.5223153E+00   0.3003895E+03   0.2477685E+01
 127   0.2103804E+01  -0.3415346E+01   0.5334347E+00   0.2927961E+03   0.2466565E+01
 127   0.2103804E+01  -0.3415566E+01   0.5334627E+00   0.2927773E+03   0.2466537E+01
 127   0.2103804E+01  -0.3602931E+01   0.5566560E+00   0.2775518E+03   0.2443344E+01


 128   0.2107210E+01  -0.1573863E-02  -0.2803033E+01   0.6353795E+06   0.5803033E+01
 128   0.2107210E+01  -0.2584330E-02  -0.2587652E+01   0.3869474E+06   0.5587652E+01
 128   0.2107210E+01  -0.1277037E-01  -0.1893796E+01   0.7830624E+05   0.4893796E+01
 128   0.2107210E+01  -0.3678278E+00  -0.4343555E+00   0.2718664E+04   0.3434356E+01
 128   0.2107210E+01  -0.9227977E+00  -0.3489348E-01   0.1083661E+04   0.3034893E+01
 128   0.2107210E+01  -0.2220487E+01   0.3464483E+00   0.4503516E+03   0.2653552E+01
 128   0.2107210E+01  -0.2663819E+01   0.4255046E+00   0.3754009E+03   0.2574495E+01
 128   0.2107210E+01  -0.2664050E+01   0.4255423E+00   0.3753684E+03   0.2574458E+01
 128   0.2107210E+01  -0.3329011E+01   0.5223153E+00   0.3003895E+03   0.2477685E+01
 128   0.2107210E+01  -0.3415362E+01   0.5334367E+00   0.2927948E+03   0.2466563E+01
 128   0.2107210E+01  -0.3415566E+01   0.5334627E+00   0.2927773E+03   0.2466537E+01
 128   0.2107210E+01  -0.3602931E+01   0.5566560E+00   0.2775518E+03   0.2443344E+01


 129   0.2110590E+01  -0.1561904E-02  -0.2806346E+01   0.6402441E+06   0.5806346E+01
 129   0.2110590E+01  -0.2564299E-02  -0.2591031E+01   0.3899701E+06   0.5591031E+01
 129   0.2110590E+01  -0.1267272E-01  -0.1897130E+01   0.7890969E+05   0.4897130E+01
 129   0.2110590E+01  -0.3725147E+00  -0.4288565E+00   0.2684458E+04   0.3428857E+01
 129   0.2110590E+01  -0.9230123E+00  -0.3479253E-01   0.1083409E+04   0.3034793E+01
 129   0.2110590E+01  -0.2220487E+01   0.3464483E+00   0.4503516E+03   0.2653552E+01
 129   0.2110590E+01  -0.2663834E+01   0.4255071E+00   0.3753988E+03   0.2574493E+01
 129   0.2110590E+01  -0.2664053E+01   0.4255429E+00   0.3753679E+03   0.2574457E+01
 129   0.2110590E+01  -0.3329011E+01   0.5223153E+00   0.3003895E+03   0.2477685E+01
 129   0.2110590E+01  -0.3415376E+01   0.5334385E+00   0.2927935E+03   0.2466561E+01
 129   0.2110590E+01  -0.3415566E+01   0.5334627E+00   0.2927772E+03   0.2466537E+01
 129   0.2110590E+01  -0.3602931E+01   0.5566560E+00   0.2775518E+03   0.2443344E+01


 130   0.2113943E+01  -0.1550117E-02  -0.2809636E+01   0.6451128E+06   0.5809636E+01
 130   0.2113943E+01  -0.2544583E-02  -0.2594383E+01   0.3929917E+06   0.5594383E+01
 130   0.2113943E+01  -0.1257654E-01  -0.1900439E+01   0.7951314E+05   0.4900439E+01
 130   0.2113943E+01  -0.3772015E+00  -0.4234266E+00   0.2651103E+04   0.3423427E+01
 130   0.2113943E+01  -0.9232191E+00  -0.3469520E-01   0.1083166E+04   0.3034695E+01
 130   0.2113943E+01  -0.2220487E+01   0.3464483E+00   0.4503516E+03   0.2653552E+01
 130   0.2113943E+01  -0.2663848E+01   0.4255094E+00   0.3753968E+03   0.2574491E+01
 130   0.2113943E+01  -0.2664056E+01   0.4255434E+00   0.3753675E+03   0.2574457E+01
 130   0.2113943E+01  -0.3329011E+01   0.5223153E+00   0.3003895E+03   0.2477685E+01
 130   0.2113943E+01  -0.3415390E+01   0.5334403E+00   0.2927923E+03   0.2466560E+01
 130   0.2113943E+01  -0.3415566E+01   0.5334627E+00   0.2927772E+03   0.2466537E+01
 130   0.2113943E+01  -0.3602931E+01   0.5566560E+00   0.2775518E+03   0.2443344E+01


 131   0.2117271E+01  -0.1538496E-02  -0.2812904E+01   0.6499853E+06   0.5812904E+01
 131   0.2117271E+01  -0.2525174E-02  -0.2597709E+01   0.3960123E+06   0.5597709E+01
 131   0.2117271E+01  -0.1248181E-01  -0.1903722E+01   0.8011659E+05   0.4903722E+01
 131   0.2117271E+01  -0.3818871E+00  -0.4180650E+00   0.2618575E+04   0.3418065E+01
 131   0.2117271E+01  -0.9234186E+00  -0.3460137E-01   0.1082932E+04   0.3034601E+01
 131   0.2117271E+01  -0.2220487E+01   0.3464483E+00   0.4503516E+03   0.2653552E+01
 131   0.2117271E+01  -0.2663861E+01   0.4255116E+00   0.3753950E+03   0.2574488E+01
 131   0.2117271E+01  -0.2664059E+01   0.4255438E+00   0.3753671E+03   0.2574456E+01
 131   0.2117271E+01  -0.3329011E+01   0.5223153E+00   0.3003895E+03   0.2477685E+01
 131   0.2117271E+01  -0.3415402E+01   0.5334419E+00   0.2927913E+03   0.2466558E+01
 131   0.2117271E+01  -0.3415566E+01   0.5334627E+00   0.2927772E+03   0.2466537E+01
 131   0.2117271E+01  -0.3602931E+01   0.5566560E+00   0.2775518E+03   0.2443344E+01


 132   0.2120574E+01  -0.1527041E-02  -0.2816149E+01   0.6548613E+06   0.5816149E+01
 132   0.2120574E+01  -0.2506065E-02  -0.2601008E+01   0.3990319E+06   0.5601008E+01
 132   0.2120574E+01  -0.1238850E-01  -0.1906981E+01   0.8072004E+05   0.4906981E+01
 132   0.2120574E+01  -0.3865707E+00  -0.4127710E+00   0.2586849E+04   0.3412771E+01
 132   0.2120574E+01  -0.9236110E+00  -0.3451091E-01   0.1082707E+04   0.3034511E+01
 132   0.2120574E+01  -0.2220487E+01   0.3464483E+00   0.4503516E+03   0.2653552E+01
 132   0.2120574E+01  -0.2663873E+01   0.4255135E+00   0.3753932E+03   0.2574486E+01
 132   0.2120574E+01  -0.2664061E+01   0.4255442E+00   0.3753667E+03   0.2574456E+01
 132   0.2120574E+01  -0.3329011E+01   0.5223153E+00   0.3003895E+03   0.2477685E+01
 132   0.2120574E+01  -0.3415414E+01   0.5334434E+00   0.2927902E+03   0.2466557E+01
 132   0.2120574E+01  -0.3415566E+01   0.5334627E+00   0.2927772E+03   0.2466537E+01
 132   0.2120574E+01  -0.3602931E+01   0.5566560E+00   0.2775518E+03   0.2443344E+01


 133   0.2123852E+01  -0.1515747E-02  -0.2819373E+01   0.6597407E+06   0.5819373E+01
 133   0.2123852E+01  -0.2487249E-02  -0.2604281E+01   0.4020507E+06   0.5604281E+01
 133   0.2123852E+01  -0.1229657E-01  -0.1910216E+01   0.8132349E+05   0.4910216E+01
 133   0.2123852E+01  -0.3912514E+00  -0.4075441E+00   0.2555901E+04   0.3407544E+01
 133   0.2123852E+01  -0.9237965E+00  -0.3442367E-01   0.1082489E+04   0.3034424E+01
 133   0.2123852E+01  -0.2220487E+01   0.3464483E+00   0.4503516E+03   0.2653552E+01
 133   0.2123852E+01  -0.2663885E+01   0.4255154E+00   0.3753916E+03   0.2574485E+01
 133   0.2123852E+01  -0.2664064E+01   0.4255446E+00   0.3753664E+03   0.2574455E+01
 133   0.2123852E+01  -0.3329011E+01   0.5223153E+00   0.3003895E+03   0.2477685E+01
 133   0.2123852E+01  -0.3415425E+01   0.5334448E+00   0.2927893E+03   0.2466555E+01
 133   0.2123852E+01  -0.3415566E+01   0.5334627E+00   0.2927772E+03   0.2466537E+01
 133   0.2123852E+01  -0.3602931E+01   0.5566560E+00   0.2775518E+03   0.2443344E+01


 134   0.2127105E+01  -0.1504612E-02  -0.2822576E+01   0.6646232E+06   0.5822576E+01
 134   0.2127105E+01  -0.2468717E-02  -0.2607529E+01   0.4050686E+06   0.5607529E+01
 134   0.2127105E+01  -0.1220600E-01  -0.1913427E+01   0.8192694E+05   0.4913427E+01
 134   0.2127105E+01  -0.3959284E+00  -0.4023834E+00   0.2525709E+04   0.3402383E+01
 134   0.2127105E+01  -0.9239755E+00  -0.3433955E-01   0.1082280E+04   0.3034340E+01
 134   0.2127105E+01  -0.2220487E+01   0.3464483E+00   0.4503516E+03   0.2653552E+01
 134   0.2127105E+01  -0.2663895E+01   0.4255171E+00   0.3753901E+03   0.2574483E+01
 134   0.2127105E+01  -0.2664066E+01   0.4255449E+00   0.3753661E+03   0.2574455E+01
 134   0.2127105E+01  -0.3329011E+01   0.5223153E+00   0.3003895E+03   0.2477685E+01
 134   0.2127105E+01  -0.3415436E+01   0.5334461E+00   0.2927884E+03   0.2466554E+01
 134   0.2127105E+01  -0.3415566E+01   0.5334627E+00   0.2927772E+03   0.2466537E+01
 134   0.2127105E+01  -0.3602931E+01   0.5566560E+00   0.2775518E+03   0.2443344E+01


 135   0.2130334E+01  -0.1493633E-02  -0.2825756E+01   0.6695087E+06   0.5825756E+01
 135   0.2130334E+01  -0.2450465E-02  -0.2610751E+01   0.4080858E+06   0.5610751E+01
 135   0.2130334E+01  -0.1211675E-01  -0.1916614E+01   0.8253039E+05   0.4916614E+01
 135   0.2130334E+01  -0.4006007E+00  -0.3972883E+00   0.2496251E+04   0.3397288E+01
 135   0.2130334E+01  -0.9241481E+00  -0.3425843E-01   0.1082078E+04   0.3034258E+01
 135   0.2130334E+01  -0.2220487E+01   0.3464483E+00   0.4503516E+03   0.2653552E+01
 135   0.2130334E+01  -0.2663905E+01   0.4255187E+00   0.3753888E+03   0.2574481E+01
 135   0.2130334E+01  -0.2664068E+01   0.4255452E+00   0.3753659E+03   0.2574455E+01
 135   0.2130334E+01  -0.3329011E+01   0.5223153E+00   0.3003895E+03   0.2477685E+01
 135   0.2130334E+01  -0.3415445E+01   0.5334473E+00   0.2927876E+03   0.2466553E+01
 135   0.2130334E+01  -0.3415566E+01   0.5334627E+00   0.2927772E+03   0.2466537E+01
 135   0.2130334E+01  -0.3602931E+01   0.5566560E+00   0.2775518E+03   0.2443344E+01


 136   0.2133539E+01  -0.1482806E-02  -0.2828916E+01   0.6743969E+06   0.5828916E+01
 136   0.2133539E+01  -0.2432485E-02  -0.2613950E+01   0.4111022E+06   0.5613950E+01
 136   0.2133539E+01  -0.1202880E-01  -0.1919778E+01   0.8313384E+05   0.4919778E+01
 136   0.2133539E+01  -0.4052676E+00  -0.3922581E+00   0.2467505E+04   0.3392258E+01
 136   0.2133539E+01  -0.9243146E+00  -0.3418019E-01   0.1081883E+04   0.3034180E+01
 136   0.2133539E+01  -0.2220487E+01   0.3464483E+00   0.4503516E+03   0.2653552E+01
 136   0.2133539E+01  -0.2663914E+01   0.4255202E+00   0.3753875E+03   0.2574480E+01
 136   0.2133539E+01  -0.2664069E+01   0.4255455E+00   0.3753656E+03   0.2574454E+01
 136   0.2133539E+01  -0.3329011E+01   0.5223153E+00   0.3003895E+03   0.2477685E+01
 136   0.2133539E+01  -0.3415454E+01   0.5334485E+00   0.2927868E+03   0.2466552E+01
 136   0.2133539E+01  -0.3415566E+01   0.5334627E+00   0.2927772E+03   0.2466537E+01
 136   0.2133539E+01  -0.3602931E+01   0.5566560E+00   0.2775518E+03   0.2443344E+01


 137   0.2136721E+01  -0.1472130E-02  -0.2832054E+01   0.6792878E+06   0.5832054E+01
 137   0.2136721E+01  -0.2414771E-02  -0.2617124E+01   0.4141180E+06   0.5617124E+01
 137   0.2136721E+01  -0.1194211E-01  -0.1922919E+01   0.8373729E+05   0.4922919E+01
 137   0.2136721E+01  -0.4099283E+00  -0.3872921E+00   0.2439451E+04   0.3387292E+01
 137   0.2136721E+01  -0.9244752E+00  -0.3410473E-01   0.1081695E+04   0.3034105E+01
 137   0.2136721E+01  -0.2220487E+01   0.3464483E+00   0.4503516E+03   0.2653552E+01
 137   0.2136721E+01  -0.2663923E+01   0.4255216E+00   0.3753863E+03   0.2574478E+01
 137   0.2136721E+01  -0.2664071E+01   0.4255457E+00   0.3753654E+03   0.2574454E+01
 137   0.2136721E+01  -0.3329011E+01   0.5223153E+00   0.3003895E+03   0.2477685E+01
 137   0.2136721E+01  -0.3415463E+01   0.5334495E+00   0.2927861E+03   0.2466550E+01
 137   0.2136721E+01  -0.3415566E+01   0.5334627E+00   0.2927772E+03   0.2466537E+01
 137   0.2136721E+01  -0.3602931E+01   0.5566560E+00   0.2775518E+03   0.2443344E+01


 138   0.2139879E+01  -0.1461601E-02  -0.2835171E+01   0.6841811E+06   0.5835171E+01
 138   0.2139879E+01  -0.2397316E-02  -0.2620275E+01   0.4171331E+06   0.5620275E+01
 138   0.2139879E+01  -0.1185667E-01  -0.1926037E+01   0.8434075E+05   0.4926037E+01
 138   0.2139879E+01  -0.4145819E+00  -0.3823897E+00   0.2412069E+04   0.3382390E+01
 138   0.2139879E+01  -0.9246302E+00  -0.3403194E-01   0.1081513E+04   0.3034032E+01
 138   0.2139879E+01  -0.2220487E+01   0.3464483E+00   0.4503516E+03   0.2653552E+01
 138   0.2139879E+01  -0.2663931E+01   0.4255229E+00   0.3753852E+03   0.2574477E+01
 138   0.2139879E+01  -0.2664072E+01   0.4255460E+00   0.3753652E+03   0.2574454E+01
 138   0.2139879E+01  -0.3329011E+01   0.5223153E+00   0.3003895E+03   0.2477685E+01
 138   0.2139879E+01  -0.3415470E+01   0.5334505E+00   0.2927854E+03   0.2466549E+01
 138   0.2139879E+01  -0.3415567E+01   0.5334627E+00   0.2927772E+03   0.2466537E+01
 138   0.2139879E+01  -0.3602931E+01   0.5566560E+00   0.2775518E+03   0.2443344E+01


 139   0.2143015E+01  -0.1451217E-02  -0.2838268E+01   0.6890767E+06   0.5838268E+01
 139   0.2143015E+01  -0.2380116E-02  -0.2623402E+01   0.4201476E+06   0.5623402E+01
 139   0.2143015E+01  -0.1177243E-01  -0.1929134E+01   0.8494420E+05   0.4929134E+01
 139   0.2143015E+01  -0.4192277E+00  -0.3775500E+00   0.2385339E+04   0.3377550E+01
 139   0.2143015E+01  -0.9247797E+00  -0.3396173E-01   0.1081339E+04   0.3033962E+01
 139   0.2143015E+01  -0.2220487E+01   0.3464483E+00   0.4503516E+03   0.2653552E+01
 139   0.2143015E+01  -0.2663938E+01   0.4255241E+00   0.3753841E+03   0.2574476E+01
 139   0.2143015E+01  -0.2664073E+01   0.4255462E+00   0.3753651E+03   0.2574454E+01
 139   0.2143015E+01  -0.3329011E+01   0.5223153E+00   0.3003895E+03   0.2477685E+01
 139   0.2143015E+01  -0.3415478E+01   0.5334514E+00   0.2927848E+03   0.2466549E+01
 139   0.2143015E+01  -0.3415567E+01   0.5334628E+00   0.2927772E+03   0.2466537E+01
 139   0.2143015E+01  -0.3602931E+01   0.5566560E+00   0.2775518E+03   0.2443344E+01


 140   0.2146128E+01  -0.1440975E-02  -0.2841344E+01   0.6939745E+06   0.5841344E+01
 140   0.2146128E+01  -0.2363164E-02  -0.2626506E+01   0.4231615E+06   0.5626506E+01
 140   0.2146128E+01  -0.1168939E-01  -0.1932208E+01   0.8554765E+05   0.4932208E+01
 140   0.2146128E+01  -0.4238649E+00  -0.3727726E+00   0.2359242E+04   0.3372773E+01
 140   0.2146128E+01  -0.9249239E+00  -0.3389400E-01   0.1081170E+04   0.3033894E+01
 140   0.2146128E+01  -0.2220487E+01   0.3464483E+00   0.4503516E+03   0.2653552E+01
 140   0.2146128E+01  -0.2663945E+01   0.4255252E+00   0.3753832E+03   0.2574475E+01
 140   0.2146128E+01  -0.2664074E+01   0.4255463E+00   0.3753649E+03   0.2574454E+01
 140   0.2146128E+01  -0.3329011E+01   0.5223153E+00   0.3003895E+03   0.2477685E+01
 140   0.2146128E+01  -0.3415484E+01   0.5334523E+00   0.2927842E+03   0.2466548E+01
 140   0.2146128E+01  -0.3415567E+01   0.5334628E+00   0.2927772E+03   0.2466537E+01
 140   0.2146128E+01  -0.3602931E+01   0.5566560E+00   0.2775518E+03   0.2443344E+01


 141   0.2149219E+01  -0.1430872E-02  -0.2844399E+01   0.6988743E+06   0.5844399E+01
 141   0.2149219E+01  -0.2346455E-02  -0.2629588E+01   0.4261748E+06   0.5629588E+01
 141   0.2149219E+01  -0.1160751E-01  -0.1935261E+01   0.8615110E+05   0.4935261E+01
 141   0.2149219E+01  -0.4284927E+00  -0.3680565E+00   0.2333762E+04   0.3368057E+01
 141   0.2149219E+01  -0.9250631E+00  -0.3382865E-01   0.1081007E+04   0.3033829E+01
 141   0.2149219E+01  -0.2220487E+01   0.3464483E+00   0.4503516E+03   0.2653552E+01
 141   0.2149219E+01  -0.2663951E+01   0.4255263E+00   0.3753823E+03   0.2574474E+01
 141   0.2149219E+01  -0.2664075E+01   0.4255465E+00   0.3753648E+03   0.2574453E+01
 141   0.2149219E+01  -0.3329011E+01   0.5223153E+00   0.3003895E+03   0.2477685E+01
 141   0.2149219E+01  -0.3415491E+01   0.5334531E+00   0.2927837E+03   0.2466547E+01
 141   0.2149219E+01  -0.3415567E+01   0.5334628E+00   0.2927772E+03   0.2466537E+01
 141   0.2149219E+01  -0.3602931E+01   0.5566560E+00   0.2775518E+03   0.2443344E+01


 142   0.2152288E+01  -0.1420907E-02  -0.2847434E+01   0.7037760E+06   0.5847434E+01
 142   0.2152288E+01  -0.2329983E-02  -0.2632647E+01   0.4291877E+06   0.5632647E+01
 142   0.2152288E+01  -0.1152677E-01  -0.1938292E+01   0.8675455E+05   0.4938292E+01
 142   0.2152288E+01  -0.4331105E+00  -0.3634013E+00   0.2308880E+04   0.3363401E+01
 142   0.2152288E+01  -0.9251974E+00  -0.3376560E-01   0.1080850E+04   0.3033766E+01
 142   0.2152288E+01  -0.2220487E+01   0.3464483E+00   0.4503516E+03   0.2653552E+01
 142   0.2152288E+01  -0.2663957E+01   0.4255272E+00   0.3753814E+03   0.2574473E+01
 142   0.2152288E+01  -0.2664076E+01   0.4255467E+00   0.3753646E+03   0.2574453E+01
 142   0.2152288E+01  -0.3329011E+01   0.5223153E+00   0.3003895E+03   0.2477685E+01
 142   0.2152288E+01  -0.3415496E+01   0.5334538E+00   0.2927832E+03   0.2466546E+01
 142   0.2152288E+01  -0.3415567E+01   0.5334628E+00   0.2927772E+03   0.2466537E+01
 142   0.2152288E+01  -0.3602931E+01   0.5566560E+00   0.2775518E+03   0.2443344E+01


 143   0.2155336E+01  -0.1411075E-02  -0.2850450E+01   0.7086795E+06   0.5850450E+01
 143   0.2155336E+01  -0.2313743E-02  -0.2635685E+01   0.4322001E+06   0.5635685E+01
 143   0.2155336E+01  -0.1144715E-01  -0.1941303E+01   0.8735800E+05   0.4941303E+01
 143   0.2155336E+01  -0.4377175E+00  -0.3588061E+00   0.2284579E+04   0.3358806E+01
 143   0.2155336E+01  -0.9253270E+00  -0.3370477E-01   0.1080699E+04   0.3033705E+01
 143   0.2155336E+01  -0.2220487E+01   0.3464483E+00   0.4503516E+03   0.2653552E+01
 143   0.2155336E+01  -0.2663963E+01   0.4255281E+00   0.3753807E+03   0.2574472E+01
 143   0.2155336E+01  -0.2664077E+01   0.4255468E+00   0.3753645E+03   0.2574453E+01
 143   0.2155336E+01  -0.3329011E+01   0.5223153E+00   0.3003895E+03   0.2477685E+01
 143   0.2155336E+01  -0.3415502E+01   0.5334545E+00   0.2927827E+03   0.2466545E+01
 143   0.2155336E+01  -0.3415567E+01   0.5334628E+00   0.2927772E+03   0.2466537E+01
 143   0.2155336E+01  -0.3602931E+01   0.5566560E+00   0.2775518E+03   0.2443344E+01


 144   0.2158362E+01  -0.1401375E-02  -0.2853446E+01   0.7135847E+06   0.5853446E+01
 144   0.2158362E+01  -0.2297731E-02  -0.2638701E+01   0.4352120E+06   0.5638701E+01
 144   0.2158362E+01  -0.1136862E-01  -0.1944292E+01   0.8796145E+05   0.4944292E+01
 144   0.2158362E+01  -0.4423130E+00  -0.3542703E+00   0.2260843E+04   0.3354270E+01
 144   0.2158362E+01  -0.9254521E+00  -0.3364607E-01   0.1080553E+04   0.3033646E+01
 144   0.2158362E+01  -0.2220487E+01   0.3464483E+00   0.4503516E+03   0.2653552E+01
 144   0.2158362E+01  -0.2663968E+01   0.4255289E+00   0.3753799E+03   0.2574471E+01
 144   0.2158362E+01  -0.2664078E+01   0.4255469E+00   0.3753644E+03   0.2574453E+01
 144   0.2158362E+01  -0.3329011E+01   0.5223153E+00   0.3003895E+03   0.2477685E+01
 144   0.2158362E+01  -0.3415507E+01   0.5334552E+00   0.2927823E+03   0.2466545E+01
 144   0.2158362E+01  -0.3415567E+01   0.5334628E+00   0.2927772E+03   0.2466537E+01
 144   0.2158362E+01  -0.3602931E+01   0.5566560E+00   0.2775518E+03   0.2443344E+01


 145   0.2161368E+01  -0.1391805E-02  -0.2856422E+01   0.7184914E+06   0.5856422E+01
 145   0.2161368E+01  -0.2281941E-02  -0.2641696E+01   0.4382235E+06   0.5641696E+01
 145   0.2161368E+01  -0.1129115E-01  -0.1947262E+01   0.8856490E+05   0.4947262E+01
 145   0.2161368E+01  -0.4468963E+00  -0.3497933E+00   0.2237656E+04   0.3349793E+01
 145   0.2161368E+01  -0.9255728E+00  -0.3358942E-01   0.1080412E+04   0.3033589E+01
 145   0.2161368E+01  -0.2220487E+01   0.3464483E+00   0.4503516E+03   0.2653552E+01
 145   0.2161368E+01  -0.2663972E+01   0.4255297E+00   0.3753793E+03   0.2574470E+01
 145   0.2161368E+01  -0.2664078E+01   0.4255470E+00   0.3753643E+03   0.2574453E+01
 145   0.2161368E+01  -0.3329011E+01   0.5223153E+00   0.3003895E+03   0.2477685E+01
 145   0.2161368E+01  -0.3415512E+01   0.5334558E+00   0.2927819E+03   0.2466544E+01
 145   0.2161368E+01  -0.3415567E+01   0.5334628E+00   0.2927772E+03   0.2466537E+01
 145   0.2161368E+01  -0.3602931E+01   0.5566560E+00   0.2775518E+03   0.2443344E+01


 146   0.2164353E+01  -0.1382362E-02  -0.2859378E+01   0.7233996E+06   0.5859378E+01
 146   0.2164353E+01  -0.2266368E-02  -0.2644670E+01   0.4412346E+06   0.5644670E+01
 146   0.2164353E+01  -0.1121474E-01  -0.1950211E+01   0.8916835E+05   0.4950211E+01
 146   0.2164353E+01  -0.4514667E+00  -0.3453742E+00   0.2215003E+04   0.3345374E+01
 146   0.2164353E+01  -0.9256893E+00  -0.3353475E-01   0.1080276E+04   0.3033535E+01
 146   0.2164353E+01  -0.2220487E+01   0.3464483E+00   0.4503516E+03   0.2653552E+01
 146   0.2164353E+01  -0.2663977E+01   0.4255304E+00   0.3753787E+03   0.2574470E+01
 146   0.2164353E+01  -0.2664079E+01   0.4255471E+00   0.3753642E+03   0.2574453E+01
 146   0.2164353E+01  -0.3329011E+01   0.5223153E+00   0.3003895E+03   0.2477685E+01
 146   0.2164353E+01  -0.3415516E+01   0.5334563E+00   0.2927815E+03   0.2466544E+01
 146   0.2164353E+01  -0.3415567E+01   0.5334628E+00   0.2927772E+03   0.2466537E+01
 146   0.2164353E+01  -0.3602931E+01   0.5566560E+00   0.2775518E+03   0.2443344E+01


 147   0.2167317E+01  -0.1373043E-02  -0.2862316E+01   0.7283092E+06   0.5862316E+01
 147   0.2167317E+01  -0.2251008E-02  -0.2647623E+01   0.4442454E+06   0.5647623E+01
 147   0.2167317E+01  -0.1113936E-01  -0.1953140E+01   0.8977180E+05   0.4953140E+01
 147   0.2167317E+01  -0.4560237E+00  -0.3410126E+00   0.2192869E+04   0.3341013E+01
 147   0.2167317E+01  -0.9258018E+00  -0.3348199E-01   0.1080145E+04   0.3033482E+01
 147   0.2167317E+01  -0.2220487E+01   0.3464483E+00   0.4503516E+03   0.2653552E+01
 147   0.2167317E+01  -0.2663981E+01   0.4255311E+00   0.3753781E+03   0.2574469E+01
 147   0.2167317E+01  -0.2664080E+01   0.4255472E+00   0.3753642E+03   0.2574453E+01
 147   0.2167317E+01  -0.3329011E+01   0.5223153E+00   0.3003895E+03   0.2477685E+01
 147   0.2167317E+01  -0.3415520E+01   0.5334568E+00   0.2927812E+03   0.2466543E+01
 147   0.2167317E+01  -0.3415567E+01   0.5334628E+00   0.2927772E+03   0.2466537E+01
 147   0.2167317E+01  -0.3602931E+01   0.5566560E+00   0.2775518E+03   0.2443344E+01


 148   0.2170262E+01  -0.1363847E-02  -0.2865234E+01   0.7332201E+06   0.5865234E+01
 148   0.2170262E+01  -0.2235857E-02  -0.2650556E+01   0.4472557E+06   0.5650556E+01
 148   0.2170262E+01  -0.1106498E-01  -0.1956050E+01   0.9037525E+05   0.4956050E+01
 148   0.2170262E+01  -0.4605665E+00  -0.3367077E+00   0.2171239E+04   0.3336708E+01
 148   0.2170262E+01  -0.9259104E+00  -0.3343106E-01   0.1080018E+04   0.3033431E+01
 148   0.2170262E+01  -0.2220487E+01   0.3464483E+00   0.4503516E+03   0.2653552E+01
 148   0.2170262E+01  -0.2663984E+01   0.4255317E+00   0.3753776E+03   0.2574468E+01
 148   0.2170262E+01  -0.2664080E+01   0.4255473E+00   0.3753641E+03   0.2574453E+01
 148   0.2170262E+01  -0.3329011E+01   0.5223153E+00   0.3003895E+03   0.2477685E+01
 148   0.2170262E+01  -0.3415524E+01   0.5334573E+00   0.2927809E+03   0.2466543E+01
 148   0.2170262E+01  -0.3415567E+01   0.5334628E+00   0.2927772E+03   0.2466537E+01
 148   0.2170262E+01  -0.3602931E+01   0.5566560E+00   0.2775518E+03   0.2443344E+01


 149   0.2173186E+01  -0.1354771E-02  -0.2868134E+01   0.7381322E+06   0.5868134E+01
 149   0.2173186E+01  -0.2220910E-02  -0.2653469E+01   0.4502658E+06   0.5653469E+01
 149   0.2173186E+01  -0.1099158E-01  -0.1958940E+01   0.9097870E+05   0.4958940E+01
 149   0.2173186E+01  -0.4650945E+00  -0.3324588E+00   0.2150100E+04   0.3332459E+01
 149   0.2173186E+01  -0.9260152E+00  -0.3338190E-01   0.1079896E+04   0.3033382E+01
 149   0.2173186E+01  -0.2220487E+01   0.3464483E+00   0.4503516E+03   0.2653552E+01
 149   0.2173186E+01  -0.2663988E+01   0.4255322E+00   0.3753771E+03   0.2574468E+01
 149   0.2173186E+01  -0.2664080E+01   0.4255473E+00   0.3753640E+03   0.2574453E+01
 149   0.2173186E+01  -0.3329011E+01   0.5223153E+00   0.3003895E+03   0.2477685E+01
 149   0.2173186E+01  -0.3415527E+01   0.5334578E+00   0.2927805E+03   0.2466542E+01
 149   0.2173186E+01  -0.3415567E+01   0.5334628E+00   0.2927772E+03   0.2466537E+01
 149   0.2173186E+01  -0.3602931E+01   0.5566560E+00   0.2775518E+03   0.2443344E+01


 150   0.2176091E+01  -0.1345813E-02  -0.2871015E+01   0.7430455E+06   0.5871015E+01
 150   0.2176091E+01  -0.2206164E-02  -0.2656362E+01   0.4532756E+06   0.5656362E+01
 150   0.2176091E+01  -0.1091916E-01  -0.1961811E+01   0.9158215E+05   0.4961811E+01
 150   0.2176091E+01  -0.4696072E+00  -0.3282652E+00   0.2129439E+04   0.3328265E+01
 150   0.2176091E+01  -0.9261163E+00  -0.3333445E-01   0.1079778E+04   0.3033334E+01
 150   0.2176091E+01  -0.2220487E+01   0.3464483E+00   0.4503516E+03   0.2653552E+01
 150   0.2176091E+01  -0.2663991E+01   0.4255328E+00   0.3753766E+03   0.2574467E+01
 150   0.2176091E+01  -0.2664081E+01   0.4255474E+00   0.3753640E+03   0.2574453E+01
 150   0.2176091E+01  -0.3329011E+01   0.5223153E+00   0.3003895E+03   0.2477685E+01
 150   0.2176091E+01  -0.3415531E+01   0.5334582E+00   0.2927803E+03   0.2466542E+01
 150   0.2176091E+01  -0.3415567E+01   0.5334628E+00   0.2927771E+03   0.2466537E+01
 150   0.2176091E+01  -0.3602931E+01   0.5566560E+00   0.2775518E+03   0.2443344E+01


 151   0.2178977E+01  -0.1336970E-02  -0.2873878E+01   0.7479598E+06   0.5873878E+01
 151   0.2178977E+01  -0.2191613E-02  -0.2659236E+01   0.4562850E+06   0.5659236E+01
 151   0.2178977E+01  -0.1084768E-01  -0.1964663E+01   0.9218560E+05   0.4964663E+01
 151   0.2178977E+01  -0.4741039E+00  -0.3241265E+00   0.2109242E+04   0.3324126E+01
 151   0.2178977E+01  -0.9262140E+00  -0.3328864E-01   0.1079664E+04   0.3033289E+01
 151   0.2178977E+01  -0.2220487E+01   0.3464483E+00   0.4503516E+03   0.2653552E+01
 151   0.2178977E+01  -0.2663994E+01   0.4255333E+00   0.3753762E+03   0.2574467E+01
 151   0.2178977E+01  -0.2664081E+01   0.4255475E+00   0.3753639E+03   0.2574453E+01
 151   0.2178977E+01  -0.3329011E+01   0.5223153E+00   0.3003895E+03   0.2477685E+01
 151   0.2178977E+01  -0.3415534E+01   0.5334586E+00   0.2927800E+03   0.2466541E+01
 151   0.2178977E+01  -0.3415567E+01   0.5334628E+00   0.2927771E+03   0.2466537E+01
 151   0.2178977E+01  -0.3602931E+01   0.5566560E+00   0.2775518E+03   0.2443344E+01


 152   0.2181844E+01  -0.1328241E-02  -0.2876723E+01   0.7528751E+06   0.5876723E+01
 152   0.2181844E+01  -0.2177254E-02  -0.2662091E+01   0.4592942E+06   0.5662091E+01
 152   0.2181844E+01  -0.1077713E-01  -0.1967497E+01   0.9278905E+05   0.4967497E+01
 152   0.2181844E+01  -0.4785841E+00  -0.3200418E+00   0.2089497E+04   0.3320042E+01
 152   0.2181844E+01  -0.9263084E+00  -0.3324442E-01   0.1079554E+04   0.3033244E+01
 152   0.2181844E+01  -0.2220487E+01   0.3464483E+00   0.4503516E+03   0.2653552E+01
 152   0.2181844E+01  -0.2663997E+01   0.4255337E+00   0.3753758E+03   0.2574466E+01
 152   0.2181844E+01  -0.2664081E+01   0.4255475E+00   0.3753639E+03   0.2574452E+01
 152   0.2181844E+01  -0.3329011E+01   0.5223153E+00   0.3003895E+03   0.2477685E+01
 152   0.2181844E+01  -0.3415537E+01   0.5334590E+00   0.2927798E+03   0.2466541E+01
 152   0.2181844E+01  -0.3415567E+01   0.5334628E+00   0.2927771E+03   0.2466537E+01
 152   0.2181844E+01  -0.3602931E+01   0.5566560E+00   0.2775518E+03   0.2443344E+01


 153   0.2184691E+01  -0.1319624E-02  -0.2879550E+01   0.7577914E+06   0.5879550E+01
 153   0.2184691E+01  -0.2163083E-02  -0.2664927E+01   0.4623031E+06   0.5664927E+01
 153   0.2184691E+01  -0.1070750E-01  -0.1970312E+01   0.9339250E+05   0.4970312E+01
 153   0.2184691E+01  -0.4830471E+00  -0.3160105E+00   0.2070192E+04   0.3316011E+01
 153   0.2184691E+01  -0.9263994E+00  -0.3320172E-01   0.1079448E+04   0.3033202E+01
 153   0.2184691E+01  -0.2220487E+01   0.3464483E+00   0.4503516E+03   0.2653552E+01
 153   0.2184691E+01  -0.2663999E+01   0.4255341E+00   0.3753755E+03   0.2574466E+01
 153   0.2184691E+01  -0.2664082E+01   0.4255475E+00   0.3753639E+03   0.2574452E+01
 153   0.2184691E+01  -0.3329011E+01   0.5223153E+00   0.3003895E+03   0.2477685E+01
 153   0.2184691E+01  -0.3415539E+01   0.5334593E+00   0.2927795E+03   0.2466541E+01
 153   0.2184691E+01  -0.3415567E+01   0.5334628E+00   0.2927771E+03   0.2466537E+01
 153   0.2184691E+01  -0.3602931E+01   0.5566560E+00   0.2775518E+03   0.2443344E+01


 154   0.2187521E+01  -0.1311117E-02  -0.2882359E+01   0.7627085E+06   0.5882359E+01
 154   0.2187521E+01  -0.2149096E-02  -0.2667744E+01   0.4653118E+06   0.5667744E+01
 154   0.2187521E+01  -0.1063876E-01  -0.1973109E+01   0.9399595E+05   0.4973109E+01
 154   0.2187521E+01  -0.4874925E+00  -0.3120321E+00   0.2051314E+04   0.3312032E+01
 154   0.2187521E+01  -0.9264874E+00  -0.3316049E-01   0.1079346E+04   0.3033160E+01
 154   0.2187521E+01  -0.2220487E+01   0.3464483E+00   0.4503516E+03   0.2653552E+01
 154   0.2187521E+01  -0.2664002E+01   0.4255345E+00   0.3753751E+03   0.2574465E+01
 154   0.2187521E+01  -0.2664082E+01   0.4255476E+00   0.3753638E+03   0.2574452E+01
 154   0.2187521E+01  -0.3329011E+01   0.5223153E+00   0.3003895E+03   0.2477685E+01
 154   0.2187521E+01  -0.3415542E+01   0.5334596E+00   0.2927793E+03   0.2466540E+01
 154   0.2187521E+01  -0.3415567E+01   0.5334628E+00   0.2927771E+03   0.2466537E+01
 154   0.2187521E+01  -0.3602931E+01   0.5566560E+00   0.2775518E+03   0.2443344E+01


 155   0.2190332E+01  -0.1302717E-02  -0.2885150E+01   0.7676265E+06   0.5885150E+01
 155   0.2190332E+01  -0.2135291E-02  -0.2670543E+01   0.4683203E+06   0.5670543E+01
 155   0.2190332E+01  -0.1057089E-01  -0.1975888E+01   0.9459940E+05   0.4975888E+01
 155   0.2190332E+01  -0.4919197E+00  -0.3081058E+00   0.2032852E+04   0.3308106E+01
 155   0.2190332E+01  -0.9265723E+00  -0.3312068E-01   0.1079247E+04   0.3033121E+01
 155   0.2190332E+01  -0.2220487E+01   0.3464483E+00   0.4503516E+03   0.2653552E+01
 155   0.2190332E+01  -0.2664004E+01   0.4255349E+00   0.3753748E+03   0.2574465E+01
 155   0.2190332E+01  -0.2664082E+01   0.4255476E+00   0.3753638E+03   0.2574452E+01
 155   0.2190332E+01  -0.3329011E+01   0.5223153E+00   0.3003895E+03   0.2477685E+01
 155   0.2190332E+01  -0.3415544E+01   0.5334599E+00   0.2927791E+03   0.2466540E+01
 155   0.2190332E+01  -0.3415567E+01   0.5334629E+00   0.2927771E+03   0.2466537E+01
 155   0.2190332E+01  -0.3602931E+01   0.5566560E+00   0.2775518E+03   0.2443344E+01


 156   0.2193125E+01  -0.1294423E-02  -0.2887924E+01   0.7725452E+06   0.5887924E+01
 156   0.2193125E+01  -0.2121662E-02  -0.2673324E+01   0.4713286E+06   0.5673324E+01
 156   0.2193125E+01  -0.1050389E-01  -0.1978650E+01   0.9520285E+05   0.4978650E+01
 156   0.2193125E+01  -0.4963282E+00  -0.3042311E+00   0.2014796E+04   0.3304231E+01
 156   0.2193125E+01  -0.9266543E+00  -0.3308224E-01   0.1079151E+04   0.3033082E+01
 156   0.2193125E+01  -0.2220487E+01   0.3464483E+00   0.4503516E+03   0.2653552E+01
 156   0.2193125E+01  -0.2664006E+01   0.4255352E+00   0.3753745E+03   0.2574465E+01
 156   0.2193125E+01  -0.2664082E+01   0.4255476E+00   0.3753638E+03   0.2574452E+01
 156   0.2193125E+01  -0.3329011E+01   0.5223153E+00   0.3003895E+03   0.2477685E+01
 156   0.2193125E+01  -0.3415546E+01   0.5334602E+00   0.2927789E+03   0.2466540E+01
 156   0.2193125E+01  -0.3415567E+01   0.5334629E+00   0.2927771E+03   0.2466537E+01
 156   0.2193125E+01  -0.3602931E+01   0.5566560E+00   0.2775518E+03   0.2443344E+01


 157   0.2195900E+01  -0.1286232E-02  -0.2890681E+01   0.7774647E+06   0.5890681E+01
 157   0.2195900E+01  -0.2108207E-02  -0.2676087E+01   0.4743367E+06   0.5676087E+01
 157   0.2195900E+01  -0.1043773E-01  -0.1981394E+01   0.9580630E+05   0.4981394E+01
 157   0.2195900E+01  -0.5007175E+00  -0.3004072E+00   0.1997134E+04   0.3300407E+01
 157   0.2195900E+01  -0.9267336E+00  -0.3304511E-01   0.1079059E+04   0.3033045E+01
 157   0.2195900E+01  -0.2220487E+01   0.3464483E+00   0.4503516E+03   0.2653552E+01
 157   0.2195900E+01  -0.2664008E+01   0.4255355E+00   0.3753743E+03   0.2574464E+01
 157   0.2195900E+01  -0.2664082E+01   0.4255477E+00   0.3753638E+03   0.2574452E+01
 157   0.2195900E+01  -0.3329011E+01   0.5223153E+00   0.3003895E+03   0.2477685E+01
 157   0.2195900E+01  -0.3415548E+01   0.5334604E+00   0.2927788E+03   0.2466540E+01
 157   0.2195900E+01  -0.3415567E+01   0.5334629E+00   0.2927771E+03   0.2466537E+01
 157   0.2195900E+01  -0.3602931E+01   0.5566560E+00   0.2775518E+03   0.2443344E+01


 158   0.2198657E+01  -0.1278143E-02  -0.2893420E+01   0.7823848E+06   0.5893420E+01
 158   0.2198657E+01  -0.2094923E-02  -0.2678832E+01   0.4773445E+06   0.5678832E+01
 158   0.2198657E+01  -0.1037239E-01  -0.1984121E+01   0.9640975E+05   0.4984121E+01
 158   0.2198657E+01  -0.5050871E+00  -0.2966337E+00   0.1979857E+04   0.3296634E+01
 158   0.2198657E+01  -0.9268101E+00  -0.3300926E-01   0.1078970E+04   0.3033009E+01
 158   0.2198657E+01  -0.2220487E+01   0.3464483E+00   0.4503516E+03   0.2653552E+01
 158   0.2198657E+01  -0.2664010E+01   0.4255358E+00   0.3753740E+03   0.2574464E+01
 158   0.2198657E+01  -0.2664083E+01   0.4255477E+00   0.3753637E+03   0.2574452E+01
 158   0.2198657E+01  -0.3329011E+01   0.5223153E+00   0.3003895E+03   0.2477685E+01
 158   0.2198657E+01  -0.3415550E+01   0.5334606E+00   0.2927786E+03   0.2466539E+01
 158   0.2198657E+01  -0.3415567E+01   0.5334629E+00   0.2927771E+03   0.2466537E+01
 158   0.2198657E+01  -0.3602931E+01   0.5566560E+00   0.2775518E+03   0.2443344E+01


 159   0.2201397E+01  -0.1270155E-02  -0.2896143E+01   0.7873056E+06   0.5896143E+01
 159   0.2201397E+01  -0.2081806E-02  -0.2681560E+01   0.4803522E+06   0.5681560E+01
 159   0.2201397E+01  -0.1030788E-01  -0.1986831E+01   0.9701321E+05   0.4986831E+01
 159   0.2201397E+01  -0.5094365E+00  -0.2929099E+00   0.1962953E+04   0.3292910E+01
 159   0.2201397E+01  -0.9268840E+00  -0.3297463E-01   0.1078884E+04   0.3032975E+01
 159   0.2201397E+01  -0.2220487E+01   0.3464483E+00   0.4503516E+03   0.2653552E+01
 159   0.2201397E+01  -0.2664011E+01   0.4255361E+00   0.3753738E+03   0.2574464E+01
 159   0.2201397E+01  -0.2664083E+01   0.4255477E+00   0.3753637E+03   0.2574452E+01
 159   0.2201397E+01  -0.3329011E+01   0.5223153E+00   0.3003895E+03   0.2477685E+01
 159   0.2201397E+01  -0.3415552E+01   0.5334609E+00   0.2927785E+03   0.2466539E+01
 159   0.2201397E+01  -0.3415568E+01   0.5334629E+00   0.2927771E+03   0.2466537E+01
 159   0.2201397E+01  -0.3602931E+01   0.5566560E+00   0.2775518E+03   0.2443344E+01


 160   0.2204120E+01  -0.1262265E-02  -0.2898850E+01   0.7922270E+06   0.5898850E+01
 160   0.2204120E+01  -0.2068852E-02  -0.2684271E+01   0.4833598E+06   0.5684271E+01
 160   0.2204120E+01  -0.1024415E-01  -0.1989524E+01   0.9761666E+05   0.4989524E+01
 160   0.2204120E+01  -0.5137653E+00  -0.2892352E+00   0.1946414E+04   0.3289235E+01
 160   0.2204120E+01  -0.9269554E+00  -0.3294118E-01   0.1078801E+04   0.3032941E+01
 160   0.2204120E+01  -0.2220487E+01   0.3464483E+00   0.4503516E+03   0.2653552E+01
 160   0.2204120E+01  -0.2664013E+01   0.4255363E+00   0.3753736E+03   0.2574464E+01
 160   0.2204120E+01  -0.2664083E+01   0.4255477E+00   0.3753637E+03   0.2574452E+01
 160   0.2204120E+01  -0.3329011E+01   0.5223153E+00   0.3003895E+03   0.2477685E+01
 160   0.2204120E+01  -0.3415553E+01   0.5334611E+00   0.2927783E+03   0.2466539E+01
 160   0.2204120E+01  -0.3415568E+01   0.5334629E+00   0.2927771E+03   0.2466537E+01
 160   0.2204120E+01  -0.3602931E+01   0.5566560E+00   0.2775518E+03   0.2443344E+01


 161   0.2206826E+01  -0.1254471E-02  -0.2901539E+01   0.7971489E+06   0.5901539E+01
 161   0.2206826E+01  -0.2056060E-02  -0.2686964E+01   0.4863672E+06   0.5686964E+01
 161   0.2206826E+01  -0.1018121E-01  -0.1992200E+01   0.9822011E+05   0.4992200E+01
 161   0.2206826E+01  -0.5180731E+00  -0.2856090E+00   0.1930230E+04   0.3285609E+01
 161   0.2206826E+01  -0.9270243E+00  -0.3290888E-01   0.1078720E+04   0.3032909E+01
 161   0.2206826E+01  -0.2220487E+01   0.3464483E+00   0.4503516E+03   0.2653552E+01
 161   0.2206826E+01  -0.2664014E+01   0.4255365E+00   0.3753734E+03   0.2574463E+01
 161   0.2206826E+01  -0.2664083E+01   0.4255477E+00   0.3753637E+03   0.2574452E+01
 161   0.2206826E+01  -0.3329011E+01   0.5223153E+00   0.3003895E+03   0.2477685E+01
 161   0.2206826E+01  -0.3415555E+01   0.5334612E+00   0.2927782E+03   0.2466539E+01
 161   0.2206826E+01  -0.3415568E+01   0.5334629E+00   0.2927771E+03   0.2466537E+01
 161   0.2206826E+01  -0.3602931E+01   0.5566560E+00   0.2775518E+03   0.2443344E+01


 162   0.2209515E+01  -0.1246772E-02  -0.2904213E+01   0.8020713E+06   0.5904213E+01
 162   0.2209515E+01  -0.2043425E-02  -0.2689641E+01   0.4893744E+06   0.5689641E+01
 162   0.2209515E+01  -0.1011904E-01  -0.1994860E+01   0.9882356E+05   0.4994860E+01
 162   0.2209515E+01  -0.5223593E+00  -0.2820306E+00   0.1914391E+04   0.3282031E+01
 162   0.2209515E+01  -0.9270909E+00  -0.3287767E-01   0.1078643E+04   0.3032878E+01
 162   0.2209515E+01  -0.2220487E+01   0.3464483E+00   0.4503516E+03   0.2653552E+01
 162   0.2209515E+01  -0.2664015E+01   0.4255367E+00   0.3753732E+03   0.2574463E+01
 162   0.2209515E+01  -0.2664083E+01   0.4255477E+00   0.3753637E+03   0.2574452E+01
 162   0.2209515E+01  -0.3329011E+01   0.5223153E+00   0.3003895E+03   0.2477685E+01
 162   0.2209515E+01  -0.3415556E+01   0.5334614E+00   0.2927781E+03   0.2466539E+01
 162   0.2209515E+01  -0.3415568E+01   0.5334629E+00   0.2927771E+03   0.2466537E+01
 162   0.2209515E+01  -0.3602931E+01   0.5566560E+00   0.2775518E+03   0.2443344E+01


 163   0.2212188E+01  -0.1239166E-02  -0.2906870E+01   0.8069942E+06   0.5906870E+01
 163   0.2212188E+01  -0.2030945E-02  -0.2692302E+01   0.4923816E+06   0.5692302E+01
 163   0.2212188E+01  -0.1005763E-01  -0.1997504E+01   0.9942701E+05   0.4997504E+01
 163   0.2212188E+01  -0.5266237E+00  -0.2784996E+00   0.1898889E+04   0.3278500E+01
 163   0.2212188E+01  -0.9271553E+00  -0.3284752E-01   0.1078568E+04   0.3032848E+01
 163   0.2212188E+01  -0.2220487E+01   0.3464483E+00   0.4503516E+03   0.2653552E+01
 163   0.2212188E+01  -0.2664017E+01   0.4255369E+00   0.3753730E+03   0.2574463E+01
 163   0.2212188E+01  -0.2664083E+01   0.4255477E+00   0.3753637E+03   0.2574452E+01
 163   0.2212188E+01  -0.3329011E+01   0.5223153E+00   0.3003895E+03   0.2477685E+01
 163   0.2212188E+01  -0.3415557E+01   0.5334616E+00   0.2927780E+03   0.2466538E+01
 163   0.2212188E+01  -0.3415568E+01   0.5334629E+00   0.2927771E+03   0.2466537E+01
 163   0.2212188E+01  -0.3602931E+01   0.5566560E+00   0.2775518E+03   0.2443344E+01


 164   0.2214844E+01  -0.1231652E-02  -0.2909512E+01   0.8119176E+06   0.5909512E+01
 164   0.2214844E+01  -0.2018617E-02  -0.2694946E+01   0.4953886E+06   0.5694946E+01
 164   0.2214844E+01  -0.9996955E-02  -0.2000132E+01   0.1000305E+06   0.5000132E+01
 164   0.2214844E+01  -0.5308657E+00  -0.2750154E+00   0.1883716E+04   0.3275015E+01
 164   0.2214844E+01  -0.9272175E+00  -0.3281839E-01   0.1078496E+04   0.3032818E+01
 164   0.2214844E+01  -0.2220487E+01   0.3464483E+00   0.4503516E+03   0.2653552E+01
 164   0.2214844E+01  -0.2664018E+01   0.4255371E+00   0.3753729E+03   0.2574463E+01
 164   0.2214844E+01  -0.2664083E+01   0.4255477E+00   0.3753637E+03   0.2574452E+01
 164   0.2214844E+01  -0.3329011E+01   0.5223153E+00   0.3003895E+03   0.2477685E+01
 164   0.2214844E+01  -0.3415558E+01   0.5334617E+00   0.2927779E+03   0.2466538E+01
 164   0.2214844E+01  -0.3415568E+01   0.5334629E+00   0.2927771E+03   0.2466537E+01
 164   0.2214844E+01  -0.3602931E+01   0.5566560E+00   0.2775518E+03   0.2443344E+01


 165   0.2217484E+01  -0.1224228E-02  -0.2912138E+01   0.8168414E+06   0.5912138E+01
 165   0.2217484E+01  -0.2006439E-02  -0.2697574E+01   0.4983954E+06   0.5697574E+01
 165   0.2217484E+01  -0.9937009E-02  -0.2002744E+01   0.1006339E+06   0.5002744E+01
 165   0.2217484E+01  -0.5350850E+00  -0.2715772E+00   0.1868862E+04   0.3271577E+01
 165   0.2217484E+01  -0.9272776E+00  -0.3279025E-01   0.1078426E+04   0.3032790E+01
 165   0.2217484E+01  -0.2220487E+01   0.3464483E+00   0.4503516E+03   0.2653552E+01
 165   0.2217484E+01  -0.2664019E+01   0.4255373E+00   0.3753727E+03   0.2574463E+01
 165   0.2217484E+01  -0.2664083E+01   0.4255477E+00   0.3753637E+03   0.2574452E+01
 165   0.2217484E+01  -0.3329011E+01   0.5223153E+00   0.3003895E+03   0.2477685E+01
 165   0.2217484E+01  -0.3415560E+01   0.5334619E+00   0.2927778E+03   0.2466538E+01
 165   0.2217484E+01  -0.3415568E+01   0.5334629E+00   0.2927771E+03   0.2466537E+01
 165   0.2217484E+01  -0.3602931E+01   0.5566560E+00   0.2775518E+03   0.2443344E+01


 166   0.2220108E+01  -0.1216892E-02  -0.2914748E+01   0.8217656E+06   0.5914748E+01
 166   0.2220108E+01  -0.1994407E-02  -0.2700186E+01   0.5014022E+06   0.5700186E+01
 166   0.2220108E+01  -0.9877777E-02  -0.2005341E+01   0.1012374E+06   0.5005341E+01
 166   0.2220108E+01  -0.5392812E+00  -0.2681847E+00   0.1854320E+04   0.3268185E+01
 166   0.2220108E+01  -0.9273356E+00  -0.3276306E-01   0.1078358E+04   0.3032763E+01
 166   0.2220108E+01  -0.2220487E+01   0.3464483E+00   0.4503516E+03   0.2653552E+01
 166   0.2220108E+01  -0.2664020E+01   0.4255374E+00   0.3753726E+03   0.2574463E+01
 166   0.2220108E+01  -0.2664083E+01   0.4255477E+00   0.3753637E+03   0.2574452E+01
 166   0.2220108E+01  -0.3329011E+01   0.5223153E+00   0.3003895E+03   0.2477685E+01
 166   0.2220108E+01  -0.3415561E+01   0.5334620E+00   0.2927777E+03   0.2466538E+01
 166   0.2220108E+01  -0.3415568E+01   0.5334629E+00   0.2927771E+03   0.2466537E+01
 166   0.2220108E+01  -0.3602931E+01   0.5566560E+00   0.2775518E+03   0.2443344E+01


 167   0.2222716E+01  -0.1209643E-02  -0.2917343E+01   0.8266902E+06   0.5917343E+01
 167   0.2222716E+01  -0.1982519E-02  -0.2702783E+01   0.5044089E+06   0.5702783E+01
 167   0.2222716E+01  -0.9819247E-02  -0.2007922E+01   0.1018408E+06   0.5007922E+01
 167   0.2222716E+01  -0.5434540E+00  -0.2648372E+00   0.1840082E+04   0.3264837E+01
 167   0.2222716E+01  -0.9273917E+00  -0.3273679E-01   0.1078293E+04   0.3032737E+01
 167   0.2222716E+01  -0.2220487E+01   0.3464483E+00   0.4503516E+03   0.2653552E+01
 167   0.2222716E+01  -0.2664021E+01   0.4255376E+00   0.3753725E+03   0.2574462E+01
 167   0.2222716E+01  -0.2664083E+01   0.4255477E+00   0.3753637E+03   0.2574452E+01
 167   0.2222716E+01  -0.3329011E+01   0.5223153E+00   0.3003895E+03   0.2477685E+01
 167   0.2222716E+01  -0.3415561E+01   0.5334621E+00   0.2927776E+03   0.2466538E+01
 167   0.2222716E+01  -0.3415568E+01   0.5334629E+00   0.2927771E+03   0.2466537E+01
 167   0.2222716E+01  -0.3602931E+01   0.5566560E+00   0.2775518E+03   0.2443344E+01


 168   0.2225309E+01  -0.1202479E-02  -0.2919922E+01   0.8316151E+06   0.5919922E+01
 168   0.2225309E+01  -0.1970772E-02  -0.2705364E+01   0.5074155E+06   0.5705364E+01
 168   0.2225309E+01  -0.9761406E-02  -0.2010488E+01   0.1024443E+06   0.5010488E+01
 168   0.2225309E+01  -0.5476030E+00  -0.2615342E+00   0.1826141E+04   0.3261534E+01
 168   0.2225309E+01  -0.9274459E+00  -0.3271140E-01   0.1078230E+04   0.3032711E+01
 168   0.2225309E+01  -0.2220487E+01   0.3464483E+00   0.4503516E+03   0.2653552E+01
 168   0.2225309E+01  -0.2664021E+01   0.4255377E+00   0.3753724E+03   0.2574462E+01
 168   0.2225309E+01  -0.2664082E+01   0.4255477E+00   0.3753638E+03   0.2574452E+01
 168   0.2225309E+01  -0.3329011E+01   0.5223153E+00   0.3003895E+03   0.2477685E+01
 168   0.2225309E+01  -0.3415562E+01   0.5334622E+00   0.2927776E+03   0.2466538E+01
 168   0.2225309E+01  -0.3415568E+01   0.5334629E+00   0.2927771E+03   0.2466537E+01
 168   0.2225309E+01  -0.3602931E+01   0.5566560E+00   0.2775518E+03   0.2443344E+01


 169   0.2227887E+01  -0.1195400E-02  -0.2922487E+01   0.8365403E+06   0.5922487E+01
 169   0.2227887E+01  -0.1959163E-02  -0.2707929E+01   0.5104219E+06   0.5707929E+01
 169   0.2227887E+01  -0.9704243E-02  -0.2013038E+01   0.1030477E+06   0.5013038E+01
 169   0.2227887E+01  -0.5517278E+00  -0.2582751E+00   0.1812488E+04   0.3258275E+01
 169   0.2227887E+01  -0.9274983E+00  -0.3268687E-01   0.1078169E+04   0.3032687E+01
 169   0.2227887E+01  -0.2220487E+01   0.3464483E+00   0.4503516E+03   0.2653552E+01
 169   0.2227887E+01  -0.2664022E+01   0.4255378E+00   0.3753723E+03   0.2574462E+01
 169   0.2227887E+01  -0.2664082E+01   0.4255476E+00   0.3753638E+03   0.2574452E+01
 169   0.2227887E+01  -0.3329011E+01   0.5223153E+00   0.3003895E+03   0.2477685E+01
 169   0.2227887E+01  -0.3415563E+01   0.5334623E+00   0.2927775E+03   0.2466538E+01
 169   0.2227887E+01  -0.3415568E+01   0.5334629E+00   0.2927771E+03   0.2466537E+01
 169   0.2227887E+01  -0.3602931E+01   0.5566560E+00   0.2775518E+03   0.2443344E+01


 170   0.2230449E+01  -0.1188402E-02  -0.2925037E+01   0.8414659E+06   0.5925037E+01
 170   0.2230449E+01  -0.1947691E-02  -0.2710480E+01   0.5134283E+06   0.5710480E+01
 170   0.2230449E+01  -0.9647746E-02  -0.2015574E+01   0.1036512E+06   0.5015574E+01
 170   0.2230449E+01  -0.5558282E+00  -0.2550594E+00   0.1799117E+04   0.3255059E+01
 170   0.2230449E+01  -0.9275490E+00  -0.3266316E-01   0.1078110E+04   0.3032663E+01
 170   0.2230449E+01  -0.2220487E+01   0.3464483E+00   0.4503516E+03   0.2653552E+01
 170   0.2230449E+01  -0.2664023E+01   0.4255379E+00   0.3753722E+03   0.2574462E+01
 170   0.2230449E+01  -0.2664082E+01   0.4255476E+00   0.3753638E+03   0.2574452E+01
 170   0.2230449E+01  -0.3329011E+01   0.5223153E+00   0.3003895E+03   0.2477685E+01
 170   0.2230449E+01  -0.3415564E+01   0.5334624E+00   0.2927774E+03   0.2466538E+01
 170   0.2230449E+01  -0.3415568E+01   0.5334629E+00   0.2927771E+03   0.2466537E+01
 170   0.2230449E+01  -0.3602931E+01   0.5566560E+00   0.2775518E+03   0.2443344E+01


 171   0.2232996E+01  -0.1181486E-02  -0.2927571E+01   0.8463917E+06   0.5927571E+01
 171   0.2232996E+01  -0.1936353E-02  -0.2713015E+01   0.5164347E+06   0.5713015E+01
 171   0.2232996E+01  -0.9591902E-02  -0.2018095E+01   0.1042546E+06   0.5018095E+01
 171   0.2232996E+01  -0.5599039E+00  -0.2518865E+00   0.1786021E+04   0.3251887E+01
 171   0.2232996E+01  -0.9275979E+00  -0.3264025E-01   0.1078053E+04   0.3032640E+01
 171   0.2232996E+01  -0.2220487E+01   0.3464483E+00   0.4503516E+03   0.2653552E+01
 171   0.2232996E+01  -0.2664023E+01   0.4255380E+00   0.3753721E+03   0.2574462E+01
 171   0.2232996E+01  -0.2664082E+01   0.4255476E+00   0.3753638E+03   0.2574452E+01
 171   0.2232996E+01  -0.3329011E+01   0.5223153E+00   0.3003895E+03   0.2477685E+01
 171   0.2232996E+01  -0.3415564E+01   0.5334625E+00   0.2927774E+03   0.2466538E+01
 171   0.2232996E+01  -0.3415568E+01   0.5334629E+00   0.2927771E+03   0.2466537E+01
 171   0.2232996E+01  -0.3602931E+01   0.5566560E+00   0.2775518E+03   0.2443344E+01


 172   0.2235528E+01  -0.1174649E-02  -0.2930092E+01   0.8513178E+06   0.5930092E+01
 172   0.2235528E+01  -0.1925147E-02  -0.2715536E+01   0.5194409E+06   0.5715536E+01
 172   0.2235528E+01  -0.9536702E-02  -0.2020602E+01   0.1048581E+06   0.5020602E+01
 172   0.2235528E+01  -0.5639545E+00  -0.2487559E+00   0.1773193E+04   0.3248756E+01
 172   0.2235528E+01  -0.9276452E+00  -0.3261810E-01   0.1077998E+04   0.3032618E+01
 172   0.2235528E+01  -0.2220487E+01   0.3464483E+00   0.4503516E+03   0.2653552E+01
 172   0.2235528E+01  -0.2664024E+01   0.4255381E+00   0.3753720E+03   0.2574462E+01
 172   0.2235528E+01  -0.2664082E+01   0.4255476E+00   0.3753638E+03   0.2574452E+01
 172   0.2235528E+01  -0.3329011E+01   0.5223153E+00   0.3003895E+03   0.2477685E+01
 172   0.2235528E+01  -0.3415565E+01   0.5334626E+00   0.2927773E+03   0.2466537E+01
 172   0.2235528E+01  -0.3415568E+01   0.5334630E+00   0.2927771E+03   0.2466537E+01
 172   0.2235528E+01  -0.3602931E+01   0.5566560E+00   0.2775518E+03   0.2443344E+01


 173   0.2238046E+01  -0.1167891E-02  -0.2932598E+01   0.8562441E+06   0.5932598E+01
 173   0.2238046E+01  -0.1914069E-02  -0.2718042E+01   0.5224471E+06   0.5718042E+01
 173   0.2238046E+01  -0.9482133E-02  -0.2023094E+01   0.1054615E+06   0.5023094E+01
 173   0.2238046E+01  -0.5679797E+00  -0.2456672E+00   0.1760626E+04   0.3245667E+01
 173   0.2238046E+01  -0.9276909E+00  -0.3259670E-01   0.1077945E+04   0.3032597E+01
 173   0.2238046E+01  -0.2220487E+01   0.3464483E+00   0.4503516E+03   0.2653552E+01
 173   0.2238046E+01  -0.2664025E+01   0.4255382E+00   0.3753719E+03   0.2574462E+01
 173   0.2238046E+01  -0.2664082E+01   0.4255476E+00   0.3753638E+03   0.2574452E+01
 173   0.2238046E+01  -0.3329011E+01   0.5223153E+00   0.3003895E+03   0.2477685E+01
 173   0.2238046E+01  -0.3415566E+01   0.5334626E+00   0.2927773E+03   0.2466537E+01
 173   0.2238046E+01  -0.3415568E+01   0.5334630E+00   0.2927770E+03   0.2466537E+01
 173   0.2238046E+01  -0.3602931E+01   0.5566560E+00   0.2775518E+03   0.2443344E+01


 174   0.2240549E+01  -0.1161210E-02  -0.2935089E+01   0.8611707E+06   0.5935089E+01
 174   0.2240549E+01  -0.1903119E-02  -0.2720534E+01   0.5254532E+06   0.5720534E+01
 174   0.2240549E+01  -0.9428185E-02  -0.2025572E+01   0.1060650E+06   0.5025572E+01
 174   0.2240549E+01  -0.5719794E+00  -0.2426196E+00   0.1748315E+04   0.3242620E+01
 174   0.2240549E+01  -0.9277351E+00  -0.3257601E-01   0.1077894E+04   0.3032576E+01
 174   0.2240549E+01  -0.2220487E+01   0.3464483E+00   0.4503516E+03   0.2653552E+01
 174   0.2240549E+01  -0.2664025E+01   0.4255383E+00   0.3753718E+03   0.2574462E+01
 174   0.2240549E+01  -0.2664082E+01   0.4255475E+00   0.3753639E+03   0.2574452E+01
 174   0.2240549E+01  -0.3329011E+01   0.5223153E+00   0.3003895E+03   0.2477685E+01
 174   0.2240549E+01  -0.3415566E+01   0.5334627E+00   0.2927772E+03   0.2466537E+01
 174   0.2240549E+01  -0.3415568E+01   0.5334630E+00   0.2927770E+03   0.2466537E+01
 174   0.2240549E+01  -0.3602931E+01   0.5566560E+00   0.2775518E+03   0.2443344E+01


 175   0.2243038E+01  -0.1154604E-02  -0.2937567E+01   0.8660975E+06   0.5937567E+01
 175   0.2243038E+01  -0.1892293E-02  -0.2723012E+01   0.5284593E+06   0.5723012E+01
 175   0.2243038E+01  -0.9374847E-02  -0.2028036E+01   0.1066684E+06   0.5028036E+01
 175   0.2243038E+01  -0.5759531E+00  -0.2396129E+00   0.1736252E+04   0.3239613E+01
 175   0.2243038E+01  -0.9277778E+00  -0.3255601E-01   0.1077844E+04   0.3032556E+01
 175   0.2243038E+01  -0.2220487E+01   0.3464483E+00   0.4503516E+03   0.2653552E+01
 175   0.2243038E+01  -0.2664026E+01   0.4255384E+00   0.3753718E+03   0.2574462E+01
 175   0.2243038E+01  -0.2664082E+01   0.4255475E+00   0.3753639E+03   0.2574452E+01
 175   0.2243038E+01  -0.3329011E+01   0.5223153E+00   0.3003895E+03   0.2477685E+01
 175   0.2243038E+01  -0.3415566E+01   0.5334627E+00   0.2927772E+03   0.2466537E+01
 175   0.2243038E+01  -0.3415569E+01   0.5334630E+00   0.2927770E+03   0.2466537E+01
 175   0.2243038E+01  -0.3602931E+01   0.5566560E+00   0.2775518E+03   0.2443344E+01


 176   0.2245513E+01  -0.1148073E-02  -0.2940030E+01   0.8710245E+06   0.5940030E+01
 176   0.2245513E+01  -0.1881591E-02  -0.2725475E+01   0.5314653E+06   0.5725475E+01
 176   0.2245513E+01  -0.9322110E-02  -0.2030486E+01   0.1072719E+06   0.5030486E+01
 176   0.2245513E+01  -0.5799007E+00  -0.2366463E+00   0.1724433E+04   0.3236646E+01
 176   0.2245513E+01  -0.9278191E+00  -0.3253668E-01   0.1077796E+04   0.3032537E+01
 176   0.2245513E+01  -0.2220487E+01   0.3464483E+00   0.4503516E+03   0.2653552E+01
 176   0.2245513E+01  -0.2664026E+01   0.4255385E+00   0.3753717E+03   0.2574462E+01
 176   0.2245513E+01  -0.2664081E+01   0.4255475E+00   0.3753639E+03   0.2574453E+01
 176   0.2245513E+01  -0.3329011E+01   0.5223153E+00   0.3003895E+03   0.2477685E+01
 176   0.2245513E+01  -0.3415567E+01   0.5334628E+00   0.2927772E+03   0.2466537E+01
 176   0.2245513E+01  -0.3415569E+01   0.5334630E+00   0.2927770E+03   0.2466537E+01
 176   0.2245513E+01  -0.3602931E+01   0.5566560E+00   0.2775518E+03   0.2443344E+01


 177   0.2247973E+01  -0.1141615E-02  -0.2942480E+01   0.8759517E+06   0.5942480E+01
 177   0.2247973E+01  -0.1871008E-02  -0.2727924E+01   0.5344712E+06   0.5727924E+01
 177   0.2247973E+01  -0.9269962E-02  -0.2032922E+01   0.1078753E+06   0.5032922E+01
 177   0.2247973E+01  -0.5838220E+00  -0.2337195E+00   0.1712851E+04   0.3233720E+01
 177   0.2247973E+01  -0.9278591E+00  -0.3251799E-01   0.1077750E+04   0.3032518E+01
 177   0.2247973E+01  -0.2220487E+01   0.3464483E+00   0.4503516E+03   0.2653552E+01
 177   0.2247973E+01  -0.2664027E+01   0.4255385E+00   0.3753716E+03   0.2574461E+01
 177   0.2247973E+01  -0.2664081E+01   0.4255475E+00   0.3753639E+03   0.2574453E+01
 177   0.2247973E+01  -0.3329011E+01   0.5223153E+00   0.3003895E+03   0.2477685E+01
 177   0.2247973E+01  -0.3415567E+01   0.5334628E+00   0.2927772E+03   0.2466537E+01
 177   0.2247973E+01  -0.3415569E+01   0.5334630E+00   0.2927770E+03   0.2466537E+01
 177   0.2247973E+01  -0.3602931E+01   0.5566560E+00   0.2775518E+03   0.2443344E+01


 178   0.2250420E+01  -0.1135230E-02  -0.2944916E+01   0.8808790E+06   0.5944916E+01
 178   0.2250420E+01  -0.1860544E-02  -0.2730360E+01   0.5374771E+06   0.5730360E+01
 178   0.2250420E+01  -0.9218395E-02  -0.2035345E+01   0.1084788E+06   0.5035345E+01
 178   0.2250420E+01  -0.5877167E+00  -0.2308320E+00   0.1701500E+04   0.3230832E+01
 178   0.2250420E+01  -0.9278977E+00  -0.3249992E-01   0.1077705E+04   0.3032500E+01
 178   0.2250420E+01  -0.2220487E+01   0.3464483E+00   0.4503516E+03   0.2653552E+01
 178   0.2250420E+01  -0.2664027E+01   0.4255386E+00   0.3753716E+03   0.2574461E+01
 178   0.2250420E+01  -0.2664081E+01   0.4255474E+00   0.3753639E+03   0.2574453E+01
 178   0.2250420E+01  -0.3329011E+01   0.5223153E+00   0.3003895E+03   0.2477685E+01
 178   0.2250420E+01  -0.3415567E+01   0.5334628E+00   0.2927771E+03   0.2466537E+01
 178   0.2250420E+01  -0.3415569E+01   0.5334631E+00   0.2927770E+03   0.2466537E+01
 178   0.2250420E+01  -0.3602931E+01   0.5566560E+00   0.2775518E+03   0.2443344E+01


 179   0.2252853E+01  -0.1128915E-02  -0.2947339E+01   0.8858066E+06   0.5947339E+01
 179   0.2252853E+01  -0.1850197E-02  -0.2732782E+01   0.5404829E+06   0.5732782E+01
 179   0.2252853E+01  -0.9167398E-02  -0.2037754E+01   0.1090822E+06   0.5037754E+01
 179   0.2252853E+01  -0.5915846E+00  -0.2279832E+00   0.1690375E+04   0.3227983E+01
 179   0.2252853E+01  -0.9279350E+00  -0.3248245E-01   0.1077662E+04   0.3032482E+01
 179   0.2252853E+01  -0.2220487E+01   0.3464483E+00   0.4503516E+03   0.2653552E+01
 179   0.2252853E+01  -0.2664027E+01   0.4255387E+00   0.3753715E+03   0.2574461E+01
 179   0.2252853E+01  -0.2664081E+01   0.4255474E+00   0.3753640E+03   0.2574453E+01
 179   0.2252853E+01  -0.3329011E+01   0.5223153E+00   0.3003895E+03   0.2477685E+01
 179   0.2252853E+01  -0.3415567E+01   0.5334629E+00   0.2927771E+03   0.2466537E+01
 179   0.2252853E+01  -0.3415569E+01   0.5334631E+00   0.2927770E+03   0.2466537E+01
 179   0.2252853E+01  -0.3602931E+01   0.5566560E+00   0.2775518E+03   0.2443344E+01


 180   0.2255273E+01  -0.1122669E-02  -0.2949748E+01   0.8907342E+06   0.5949748E+01
 180   0.2255273E+01  -0.1839964E-02  -0.2735191E+01   0.5434888E+06   0.5735191E+01
 180   0.2255273E+01  -0.9116963E-02  -0.2040150E+01   0.1096857E+06   0.5040150E+01
 180   0.2255273E+01  -0.5954255E+00  -0.2251726E+00   0.1679471E+04   0.3225173E+01
 180   0.2255273E+01  -0.9279711E+00  -0.3246557E-01   0.1077620E+04   0.3032466E+01
 180   0.2255273E+01  -0.2220487E+01   0.3464483E+00   0.4503516E+03   0.2653552E+01
 180   0.2255273E+01  -0.2664028E+01   0.4255387E+00   0.3753715E+03   0.2574461E+01
 180   0.2255273E+01  -0.2664081E+01   0.4255474E+00   0.3753640E+03   0.2574453E+01
 180   0.2255273E+01  -0.3329011E+01   0.5223153E+00   0.3003895E+03   0.2477685E+01
 180   0.2255273E+01  -0.3415568E+01   0.5334629E+00   0.2927771E+03   0.2466537E+01
 180   0.2255273E+01  -0.3415570E+01   0.5334631E+00   0.2927769E+03   0.2466537E+01
 180   0.2255273E+01  -0.3602931E+01   0.5566560E+00   0.2775518E+03   0.2443344E+01


 181   0.2257679E+01  -0.1116493E-02  -0.2952144E+01   0.8956621E+06   0.5952144E+01
 181   0.2257679E+01  -0.1829845E-02  -0.2737586E+01   0.5464945E+06   0.5737586E+01
 181   0.2257679E+01  -0.9067079E-02  -0.2042533E+01   0.1102891E+06   0.5042533E+01
 181   0.2257679E+01  -0.5992391E+00  -0.2223998E+00   0.1668783E+04   0.3222400E+01
 181   0.2257679E+01  -0.9280060E+00  -0.3244924E-01   0.1077579E+04   0.3032449E+01
 181   0.2257679E+01  -0.2220487E+01   0.3464483E+00   0.4503516E+03   0.2653552E+01
 181   0.2257679E+01  -0.2664028E+01   0.4255388E+00   0.3753714E+03   0.2574461E+01
 181   0.2257679E+01  -0.2664081E+01   0.4255474E+00   0.3753640E+03   0.2574453E+01
 181   0.2257679E+01  -0.3329011E+01   0.5223153E+00   0.3003895E+03   0.2477685E+01
 181   0.2257679E+01  -0.3415568E+01   0.5334629E+00   0.2927771E+03   0.2466537E+01
 181   0.2257679E+01  -0.3415570E+01   0.5334632E+00   0.2927769E+03   0.2466537E+01
 181   0.2257679E+01  -0.3602931E+01   0.5566560E+00   0.2775518E+03   0.2443344E+01


 182   0.2260071E+01  -0.1110383E-02  -0.2954527E+01   0.9005900E+06   0.5954527E+01
 182   0.2260071E+01  -0.1819835E-02  -0.2739968E+01   0.5495002E+06   0.5739968E+01
 182   0.2260071E+01  -0.9017738E-02  -0.2044902E+01   0.1108926E+06   0.5044902E+01
 182   0.2260071E+01  -0.6030254E+00  -0.2196644E+00   0.1658305E+04   0.3219664E+01
 182   0.2260071E+01  -0.9280397E+00  -0.3243345E-01   0.1077540E+04   0.3032433E+01
 182   0.2260071E+01  -0.2220487E+01   0.3464483E+00   0.4503516E+03   0.2653552E+01
 182   0.2260071E+01  -0.2664028E+01   0.4255388E+00   0.3753714E+03   0.2574461E+01
 182   0.2260071E+01  -0.2664080E+01   0.4255473E+00   0.3753640E+03   0.2574453E+01
 182   0.2260071E+01  -0.3329011E+01   0.5223153E+00   0.3003895E+03   0.2477685E+01
 182   0.2260071E+01  -0.3415568E+01   0.5334629E+00   0.2927771E+03   0.2466537E+01
 182   0.2260071E+01  -0.3415570E+01   0.5334632E+00   0.2927769E+03   0.2466537E+01
 182   0.2260071E+01  -0.3602931E+01   0.5566560E+00   0.2775518E+03   0.2443344E+01


 183   0.2262451E+01  -0.1104340E-02  -0.2956897E+01   0.9055181E+06   0.5956897E+01
 183   0.2262451E+01  -0.1809935E-02  -0.2742337E+01   0.5525059E+06   0.5742337E+01
 183   0.2262451E+01  -0.8968931E-02  -0.2047259E+01   0.1114960E+06   0.5047259E+01
 183   0.2262451E+01  -0.6067842E+00  -0.2169657E+00   0.1648032E+04   0.3216966E+01
 183   0.2262451E+01  -0.9280723E+00  -0.3241818E-01   0.1077502E+04   0.3032418E+01
 183   0.2262451E+01  -0.2220487E+01   0.3464483E+00   0.4503516E+03   0.2653552E+01
 183   0.2262451E+01  -0.2664029E+01   0.4255389E+00   0.3753714E+03   0.2574461E+01
 183   0.2262451E+01  -0.2664080E+01   0.4255473E+00   0.3753641E+03   0.2574453E+01
 183   0.2262451E+01  -0.3329011E+01   0.5223153E+00   0.3003895E+03   0.2477685E+01
 183   0.2262451E+01  -0.3415568E+01   0.5334629E+00   0.2927771E+03   0.2466537E+01
 183   0.2262451E+01  -0.3415570E+01   0.5334632E+00   0.2927769E+03   0.2466537E+01
 183   0.2262451E+01  -0.3602931E+01   0.5566560E+00   0.2775518E+03   0.2443344E+01


 184   0.2264818E+01  -0.1098362E-02  -0.2959254E+01   0.9104463E+06   0.5959254E+01
 184   0.2264818E+01  -0.1800142E-02  -0.2744693E+01   0.5555116E+06   0.5744693E+01
 184   0.2264818E+01  -0.8920650E-02  -0.2049603E+01   0.1120995E+06   0.5049603E+01
 184   0.2264818E+01  -0.6105153E+00  -0.2143035E+00   0.1637961E+04   0.3214303E+01
 184   0.2264818E+01  -0.9281039E+00  -0.3240341E-01   0.1077466E+04   0.3032403E+01
 184   0.2264818E+01  -0.2220487E+01   0.3464483E+00   0.4503516E+03   0.2653552E+01
 184   0.2264818E+01  -0.2664029E+01   0.4255389E+00   0.3753713E+03   0.2574461E+01
 184   0.2264818E+01  -0.2664080E+01   0.4255473E+00   0.3753641E+03   0.2574453E+01
 184   0.2264818E+01  -0.3329011E+01   0.5223153E+00   0.3003895E+03   0.2477685E+01
 184   0.2264818E+01  -0.3415568E+01   0.5334629E+00   0.2927771E+03   0.2466537E+01
 184   0.2264818E+01  -0.3415570E+01   0.5334632E+00   0.2927769E+03   0.2466537E+01
 184   0.2264818E+01  -0.3602931E+01   0.5566560E+00   0.2775518E+03   0.2443344E+01


 185   0.2267172E+01  -0.1092449E-02  -0.2961599E+01   0.9153746E+06   0.5961599E+01
 185   0.2267172E+01  -0.1790455E-02  -0.2747037E+01   0.5585172E+06   0.5747037E+01
 185   0.2267172E+01  -0.8872886E-02  -0.2051935E+01   0.1127029E+06   0.5051935E+01
 185   0.2267172E+01  -0.6142185E+00  -0.2116771E+00   0.1628085E+04   0.3211677E+01
 185   0.2267172E+01  -0.9281344E+00  -0.3238913E-01   0.1077430E+04   0.3032389E+01
 185   0.2267172E+01  -0.2220487E+01   0.3464483E+00   0.4503516E+03   0.2653552E+01
 185   0.2267172E+01  -0.2664029E+01   0.4255390E+00   0.3753713E+03   0.2574461E+01
 185   0.2267172E+01  -0.2664080E+01   0.4255472E+00   0.3753641E+03   0.2574453E+01
 185   0.2267172E+01  -0.3329011E+01   0.5223153E+00   0.3003895E+03   0.2477685E+01
 185   0.2267172E+01  -0.3415568E+01   0.5334629E+00   0.2927771E+03   0.2466537E+01
 185   0.2267172E+01  -0.3415571E+01   0.5334633E+00   0.2927768E+03   0.2466537E+01
 185   0.2267172E+01  -0.3602931E+01   0.5566560E+00   0.2775518E+03   0.2443344E+01


 186   0.2269513E+01  -0.1086599E-02  -0.2963931E+01   0.9203030E+06   0.5963931E+01
 186   0.2269513E+01  -0.1780871E-02  -0.2749367E+01   0.5615228E+06   0.5749367E+01
 186   0.2269513E+01  -0.8825630E-02  -0.2054254E+01   0.1133064E+06   0.5054254E+01
 186   0.2269513E+01  -0.6178937E+00  -0.2090863E+00   0.1618401E+04   0.3209086E+01
 186   0.2269513E+01  -0.9281639E+00  -0.3237532E-01   0.1077396E+04   0.3032375E+01
 186   0.2269513E+01  -0.2220487E+01   0.3464483E+00   0.4503516E+03   0.2653552E+01
 186   0.2269513E+01  -0.2664029E+01   0.4255390E+00   0.3753713E+03   0.2574461E+01
 186   0.2269513E+01  -0.2664080E+01   0.4255472E+00   0.3753642E+03   0.2574453E+01
 186   0.2269513E+01  -0.3329011E+01   0.5223153E+00   0.3003895E+03   0.2477685E+01
 186   0.2269513E+01  -0.3415568E+01   0.5334629E+00   0.2927771E+03   0.2466537E+01
 186   0.2269513E+01  -0.3415571E+01   0.5334633E+00   0.2927768E+03   0.2466537E+01
 186   0.2269513E+01  -0.3602931E+01   0.5566560E+00   0.2775518E+03   0.2443344E+01


 187   0.2271842E+01  -0.1080811E-02  -0.2966250E+01   0.9252315E+06   0.5966250E+01
 187   0.2271842E+01  -0.1771390E-02  -0.2751686E+01   0.5645284E+06   0.5751686E+01
 187   0.2271842E+01  -0.8778876E-02  -0.2056561E+01   0.1139098E+06   0.5056561E+01
 187   0.2271842E+01  -0.6215407E+00  -0.2065304E+00   0.1608905E+04   0.3206530E+01
 187   0.2271842E+01  -0.9281924E+00  -0.3236197E-01   0.1077363E+04   0.3032362E+01
 187   0.2271842E+01  -0.2220487E+01   0.3464483E+00   0.4503516E+03   0.2653552E+01
 187   0.2271842E+01  -0.2664029E+01   0.4255390E+00   0.3753712E+03   0.2574461E+01
 187   0.2271842E+01  -0.2664079E+01   0.4255472E+00   0.3753642E+03   0.2574453E+01
 187   0.2271842E+01  -0.3329011E+01   0.5223153E+00   0.3003895E+03   0.2477685E+01
 187   0.2271842E+01  -0.3415568E+01   0.5334629E+00   0.2927771E+03   0.2466537E+01
 187   0.2271842E+01  -0.3415571E+01   0.5334633E+00   0.2927768E+03   0.2466537E+01
 187   0.2271842E+01  -0.3602931E+01   0.5566560E+00   0.2775518E+03   0.2443344E+01


 188   0.2274158E+01  -0.1075084E-02  -0.2968558E+01   0.9301601E+06   0.5968558E+01
 188   0.2274158E+01  -0.1762009E-02  -0.2753992E+01   0.5675340E+06   0.5753992E+01
 188   0.2274158E+01  -0.8732614E-02  -0.2058856E+01   0.1145133E+06   0.5058856E+01
 188   0.2274158E+01  -0.6251596E+00  -0.2040091E+00   0.1599592E+04   0.3204009E+01
 188   0.2274158E+01  -0.9282201E+00  -0.3234905E-01   0.1077331E+04   0.3032349E+01
 188   0.2274158E+01  -0.2220487E+01   0.3464483E+00   0.4503516E+03   0.2653552E+01
 188   0.2274158E+01  -0.2664030E+01   0.4255391E+00   0.3753712E+03   0.2574461E+01
 188   0.2274158E+01  -0.2664079E+01   0.4255471E+00   0.3753642E+03   0.2574453E+01
 188   0.2274158E+01  -0.3329011E+01   0.5223153E+00   0.3003895E+03   0.2477685E+01
 188   0.2274158E+01  -0.3415568E+01   0.5334629E+00   0.2927771E+03   0.2466537E+01
 188   0.2274158E+01  -0.3415571E+01   0.5334633E+00   0.2927768E+03   0.2466537E+01
 188   0.2274158E+01  -0.3602931E+01   0.5566560E+00   0.2775518E+03   0.2443344E+01


 189   0.2276462E+01  -0.1069417E-02  -0.2970853E+01   0.9350888E+06   0.5970853E+01
 189   0.2276462E+01  -0.1752727E-02  -0.2756286E+01   0.5705395E+06   0.5756286E+01
 189   0.2276462E+01  -0.8686837E-02  -0.2061138E+01   0.1151167E+06   0.5061138E+01
 189   0.2276462E+01  -0.6287501E+00  -0.2015220E+00   0.1590457E+04   0.3201522E+01
 189   0.2276462E+01  -0.9282468E+00  -0.3233656E-01   0.1077300E+04   0.3032337E+01
 189   0.2276462E+01  -0.2220487E+01   0.3464483E+00   0.4503516E+03   0.2653552E+01
 189   0.2276462E+01  -0.2664030E+01   0.4255391E+00   0.3753712E+03   0.2574461E+01
 189   0.2276462E+01  -0.2664079E+01   0.4255471E+00   0.3753642E+03   0.2574453E+01
 189   0.2276462E+01  -0.3329011E+01   0.5223153E+00   0.3003895E+03   0.2477685E+01
 189   0.2276462E+01  -0.3415568E+01   0.5334629E+00   0.2927771E+03   0.2466537E+01
 189   0.2276462E+01  -0.3415571E+01   0.5334634E+00   0.2927768E+03   0.2466537E+01
 189   0.2276462E+01  -0.3602931E+01   0.5566560E+00   0.2775518E+03   0.2443344E+01


 190   0.2278754E+01  -0.1063810E-02  -0.2973136E+01   0.9400175E+06   0.5973136E+01
 190   0.2278754E+01  -0.1743542E-02  -0.2758567E+01   0.5735450E+06   0.5758567E+01
 190   0.2278754E+01  -0.8641537E-02  -0.2063409E+01   0.1157202E+06   0.5063409E+01
 190   0.2278754E+01  -0.6323121E+00  -0.1990685E+00   0.1581497E+04   0.3199069E+01
 190   0.2278754E+01  -0.9282726E+00  -0.3232448E-01   0.1077270E+04   0.3032324E+01
 190   0.2278754E+01  -0.2220487E+01   0.3464483E+00   0.4503516E+03   0.2653552E+01
 190   0.2278754E+01  -0.2664030E+01   0.4255391E+00   0.3753711E+03   0.2574461E+01
 190   0.2278754E+01  -0.2664079E+01   0.4255471E+00   0.3753643E+03   0.2574453E+01
 190   0.2278754E+01  -0.3329011E+01   0.5223153E+00   0.3003895E+03   0.2477685E+01
 190   0.2278754E+01  -0.3415568E+01   0.5334629E+00   0.2927771E+03   0.2466537E+01
 190   0.2278754E+01  -0.3415571E+01   0.5334634E+00   0.2927768E+03   0.2466537E+01
 190   0.2278754E+01  -0.3602931E+01   0.5566560E+00   0.2775518E+03   0.2443344E+01


 191   0.2281033E+01  -0.1058261E-02  -0.2975407E+01   0.9449464E+06   0.5975407E+01
 191   0.2281033E+01  -0.1734454E-02  -0.2760837E+01   0.5765505E+06   0.5760837E+01
 191   0.2281033E+01  -0.8596708E-02  -0.2065668E+01   0.1163236E+06   0.5065668E+01
 191   0.2281033E+01  -0.6358456E+00  -0.1966483E+00   0.1572709E+04   0.3196648E+01
 191   0.2281033E+01  -0.9282976E+00  -0.3231279E-01   0.1077241E+04   0.3032313E+01
 191   0.2281033E+01  -0.2220487E+01   0.3464483E+00   0.4503516E+03   0.2653552E+01
 191   0.2281033E+01  -0.2664030E+01   0.4255391E+00   0.3753711E+03   0.2574461E+01
 191   0.2281033E+01  -0.2664079E+01   0.4255470E+00   0.3753643E+03   0.2574453E+01
 191   0.2281033E+01  -0.3329011E+01   0.5223153E+00   0.3003895E+03   0.2477685E+01
 191   0.2281033E+01  -0.3415568E+01   0.5334629E+00   0.2927771E+03   0.2466537E+01
 191   0.2281033E+01  -0.3415572E+01   0.5334634E+00   0.2927768E+03   0.2466537E+01
 191   0.2281033E+01  -0.3602931E+01   0.5566560E+00   0.2775518E+03   0.2443344E+01


 192   0.2283301E+01  -0.1052770E-02  -0.2977667E+01   0.9498753E+06   0.5977667E+01
 192   0.2283301E+01  -0.1725459E-02  -0.2763095E+01   0.5795559E+06   0.5763095E+01
 192   0.2283301E+01  -0.8552341E-02  -0.2067915E+01   0.1169271E+06   0.5067915E+01
 192   0.2283301E+01  -0.6393505E+00  -0.1942610E+00   0.1564087E+04   0.3194261E+01
 192   0.2283301E+01  -0.9283217E+00  -0.3230148E-01   0.1077213E+04   0.3032301E+01
 192   0.2283301E+01  -0.2220487E+01   0.3464483E+00   0.4503516E+03   0.2653552E+01
 192   0.2283301E+01  -0.2664030E+01   0.4255392E+00   0.3753711E+03   0.2574461E+01
 192   0.2283301E+01  -0.2664078E+01   0.4255470E+00   0.3753643E+03   0.2574453E+01
 192   0.2283301E+01  -0.3329011E+01   0.5223153E+00   0.3003895E+03   0.2477685E+01
 192   0.2283301E+01  -0.3415568E+01   0.5334630E+00   0.2927771E+03   0.2466537E+01
 192   0.2283301E+01  -0.3415572E+01   0.5334634E+00   0.2927768E+03   0.2466537E+01
 192   0.2283301E+01  -0.3602931E+01   0.5566560E+00   0.2775518E+03   0.2443344E+01


 193   0.2285557E+01  -0.1047335E-02  -0.2979914E+01   0.9548042E+06   0.5979914E+01
 193   0.2285557E+01  -0.1716557E-02  -0.2765342E+01   0.5825614E+06   0.5765342E+01
 193   0.2285557E+01  -0.8508430E-02  -0.2070151E+01   0.1175305E+06   0.5070151E+01
 193   0.2285557E+01  -0.6428266E+00  -0.1919061E+00   0.1555629E+04   0.3191906E+01
 193   0.2285557E+01  -0.9283451E+00  -0.3229055E-01   0.1077186E+04   0.3032291E+01
 193   0.2285557E+01  -0.2220487E+01   0.3464483E+00   0.4503516E+03   0.2653552E+01
 193   0.2285557E+01  -0.2664030E+01   0.4255392E+00   0.3753711E+03   0.2574461E+01
 193   0.2285557E+01  -0.2664078E+01   0.4255470E+00   0.3753644E+03   0.2574453E+01
 193   0.2285557E+01  -0.3329011E+01   0.5223153E+00   0.3003895E+03   0.2477685E+01
 193   0.2285557E+01  -0.3415568E+01   0.5334630E+00   0.2927771E+03   0.2466537E+01
 193   0.2285557E+01  -0.3415572E+01   0.5334634E+00   0.2927767E+03   0.2466537E+01
 193   0.2285557E+01  -0.3602931E+01   0.5566560E+00   0.2775518E+03   0.2443344E+01


 194   0.2287802E+01  -0.1041956E-02  -0.2982151E+01   0.9597332E+06   0.5982151E+01
 194   0.2287802E+01  -0.1707747E-02  -0.2767576E+01   0.5855668E+06   0.5767576E+01
 194   0.2287802E+01  -0.8464967E-02  -0.2072375E+01   0.1181340E+06   0.5072375E+01
 194   0.2287802E+01  -0.6462740E+00  -0.1895833E+00   0.1547331E+04   0.3189583E+01
 194   0.2287802E+01  -0.9283677E+00  -0.3227997E-01   0.1077159E+04   0.3032280E+01
 194   0.2287802E+01  -0.2220487E+01   0.3464483E+00   0.4503516E+03   0.2653552E+01
 194   0.2287802E+01  -0.2664031E+01   0.4255392E+00   0.3753711E+03   0.2574461E+01
 194   0.2287802E+01  -0.2664078E+01   0.4255469E+00   0.3753644E+03   0.2574453E+01
 194   0.2287802E+01  -0.3329011E+01   0.5223153E+00   0.3003895E+03   0.2477685E+01
 194   0.2287802E+01  -0.3415568E+01   0.5334630E+00   0.2927771E+03   0.2466537E+01
 194   0.2287802E+01  -0.3415572E+01   0.5334634E+00   0.2927767E+03   0.2466537E+01
 194   0.2287802E+01  -0.3602931E+01   0.5566560E+00   0.2775518E+03   0.2443344E+01


 195   0.2290035E+01  -0.1036632E-02  -0.2984375E+01   0.9646623E+06   0.5984375E+01
 195   0.2290035E+01  -0.1699027E-02  -0.2769800E+01   0.5885722E+06   0.5769800E+01
 195   0.2290035E+01  -0.8421946E-02  -0.2074588E+01   0.1187374E+06   0.5074588E+01
 195   0.2290035E+01  -0.6496926E+00  -0.1872921E+00   0.1539189E+04   0.3187292E+01
 195   0.2290035E+01  -0.9283896E+00  -0.3226973E-01   0.1077134E+04   0.3032270E+01
 195   0.2290035E+01  -0.2220487E+01   0.3464483E+00   0.4503516E+03   0.2653552E+01
 195   0.2290035E+01  -0.2664031E+01   0.4255392E+00   0.3753710E+03   0.2574461E+01
 195   0.2290035E+01  -0.2664078E+01   0.4255469E+00   0.3753644E+03   0.2574453E+01
 195   0.2290035E+01  -0.3329011E+01   0.5223153E+00   0.3003895E+03   0.2477685E+01
 195   0.2290035E+01  -0.3415568E+01   0.5334630E+00   0.2927771E+03   0.2466537E+01
 195   0.2290035E+01  -0.3415572E+01   0.5334634E+00   0.2927767E+03   0.2466537E+01
 195   0.2290035E+01  -0.3602931E+01   0.5566560E+00   0.2775518E+03   0.2443344E+01


 196   0.2292256E+01  -0.1031362E-02  -0.2986589E+01   0.9695914E+06   0.5986589E+01
 196   0.2292256E+01  -0.1690395E-02  -0.2772012E+01   0.5915776E+06   0.5772012E+01
 196   0.2292256E+01  -0.8379361E-02  -0.2076789E+01   0.1193408E+06   0.5076789E+01
 196   0.2292256E+01  -0.6530823E+00  -0.1850321E+00   0.1531200E+04   0.3185032E+01
 196   0.2292256E+01  -0.9284108E+00  -0.3225983E-01   0.1077109E+04   0.3032260E+01
 196   0.2292256E+01  -0.2220487E+01   0.3464483E+00   0.4503516E+03   0.2653552E+01
 196   0.2292256E+01  -0.2664031E+01   0.4255393E+00   0.3753710E+03   0.2574461E+01
 196   0.2292256E+01  -0.2664078E+01   0.4255469E+00   0.3753644E+03   0.2574453E+01
 196   0.2292256E+01  -0.3329011E+01   0.5223153E+00   0.3003895E+03   0.2477685E+01
 196   0.2292256E+01  -0.3415568E+01   0.5334630E+00   0.2927771E+03   0.2466537E+01
 196   0.2292256E+01  -0.3415572E+01   0.5334634E+00   0.2927767E+03   0.2466537E+01
 196   0.2292256E+01  -0.3602931E+01   0.5566560E+00   0.2775518E+03   0.2443344E+01


 197   0.2294466E+01  -0.1026146E-02  -0.2988791E+01   0.9745206E+06   0.5988791E+01
 197   0.2294466E+01  -0.1681851E-02  -0.2774212E+01   0.5945830E+06   0.5774212E+01
 197   0.2294466E+01  -0.8337203E-02  -0.2078980E+01   0.1199443E+06   0.5078980E+01
 197   0.2294466E+01  -0.6564432E+00  -0.1828029E+00   0.1523361E+04   0.3182803E+01
 197   0.2294466E+01  -0.9284313E+00  -0.3225025E-01   0.1077086E+04   0.3032250E+01
 197   0.2294466E+01  -0.2220487E+01   0.3464483E+00   0.4503516E+03   0.2653552E+01
 197   0.2294466E+01  -0.2664031E+01   0.4255393E+00   0.3753710E+03   0.2574461E+01
 197   0.2294466E+01  -0.2664077E+01   0.4255468E+00   0.3753645E+03   0.2574453E+01
 197   0.2294466E+01  -0.3329011E+01   0.5223153E+00   0.3003895E+03   0.2477685E+01
 197   0.2294466E+01  -0.3415568E+01   0.5334630E+00   0.2927771E+03   0.2466537E+01
 197   0.2294466E+01  -0.3415572E+01   0.5334635E+00   0.2927767E+03   0.2466537E+01
 197   0.2294466E+01  -0.3602931E+01   0.5566560E+00   0.2775518E+03   0.2443344E+01


 198   0.2296665E+01  -0.1020981E-02  -0.2990982E+01   0.9794498E+06   0.5990982E+01
 198   0.2296665E+01  -0.1673393E-02  -0.2776402E+01   0.5975884E+06   0.5776402E+01
 198   0.2296665E+01  -0.8295468E-02  -0.2081159E+01   0.1205477E+06   0.5081159E+01
 198   0.2296665E+01  -0.6597750E+00  -0.1806041E+00   0.1515668E+04   0.3180604E+01
 198   0.2296665E+01  -0.9284511E+00  -0.3224098E-01   0.1077063E+04   0.3032241E+01
 198   0.2296665E+01  -0.2220487E+01   0.3464483E+00   0.4503516E+03   0.2653552E+01
 198   0.2296665E+01  -0.2664031E+01   0.4255393E+00   0.3753710E+03   0.2574461E+01
 198   0.2296665E+01  -0.2664077E+01   0.4255468E+00   0.3753645E+03   0.2574453E+01
 198   0.2296665E+01  -0.3329011E+01   0.5223153E+00   0.3003895E+03   0.2477685E+01
 198   0.2296665E+01  -0.3415568E+01   0.5334630E+00   0.2927770E+03   0.2466537E+01
 198   0.2296665E+01  -0.3415572E+01   0.5334635E+00   0.2927767E+03   0.2466537E+01
 198   0.2296665E+01  -0.3602931E+01   0.5566560E+00   0.2775518E+03   0.2443344E+01


 199   0.2298853E+01  -0.1015869E-02  -0.2993162E+01   0.9843790E+06   0.5993162E+01
 199   0.2298853E+01  -0.1665019E-02  -0.2778581E+01   0.6005937E+06   0.5778581E+01
 199   0.2298853E+01  -0.8254149E-02  -0.2083328E+01   0.1211512E+06   0.5083328E+01
 199   0.2298853E+01  -0.6630780E+00  -0.1784354E+00   0.1508118E+04   0.3178435E+01
 199   0.2298853E+01  -0.9284702E+00  -0.3223201E-01   0.1077040E+04   0.3032232E+01
 199   0.2298853E+01  -0.2220487E+01   0.3464483E+00   0.4503516E+03   0.2653552E+01
 199   0.2298853E+01  -0.2664031E+01   0.4255393E+00   0.3753710E+03   0.2574461E+01
 199   0.2298853E+01  -0.2664077E+01   0.4255468E+00   0.3753645E+03   0.2574453E+01
 199   0.2298853E+01  -0.3329011E+01   0.5223153E+00   0.3003895E+03   0.2477685E+01
 199   0.2298853E+01  -0.3415568E+01   0.5334630E+00   0.2927770E+03   0.2466537E+01
 199   0.2298853E+01  -0.3415572E+01   0.5334635E+00   0.2927767E+03   0.2466537E+01
 199   0.2298853E+01  -0.3602931E+01   0.5566560E+00   0.2775518E+03   0.2443344E+01


 200   0.2301030E+01  -0.1010807E-02  -0.2995332E+01   0.9893083E+06   0.5995332E+01
 200   0.2301030E+01  -0.1656729E-02  -0.2780749E+01   0.6035991E+06   0.5780749E+01
 200   0.2301030E+01  -0.8213239E-02  -0.2085486E+01   0.1217546E+06   0.5085486E+01
 200   0.2301030E+01  -0.6663519E+00  -0.1762964E+00   0.1500709E+04   0.3176296E+01
 200   0.2301030E+01  -0.9284888E+00  -0.3222333E-01   0.1077019E+04   0.3032223E+01
 200   0.2301030E+01  -0.2220487E+01   0.3464483E+00   0.4503516E+03   0.2653552E+01
 200   0.2301030E+01  -0.2664031E+01   0.4255393E+00   0.3753710E+03   0.2574461E+01
 200   0.2301030E+01  -0.2664077E+01   0.4255467E+00   0.3753646E+03   0.2574453E+01
 200   0.2301030E+01  -0.3329011E+01   0.5223153E+00   0.3003895E+03   0.2477685E+01
 200   0.2301030E+01  -0.3415568E+01   0.5334630E+00   0.2927770E+03   0.2466537E+01
 200   0.2301030E+01  -0.3415572E+01   0.5334635E+00   0.2927767E+03   0.2466537E+01
 200   0.2301030E+01  -0.3602931E+01   0.5566560E+00   0.2775518E+03   0.2443344E+01


 201   0.2303196E+01  -0.1005796E-02  -0.2997490E+01   0.9942377E+06   0.5997490E+01
 201   0.2303196E+01  -0.1648521E-02  -0.2782906E+01   0.6066044E+06   0.5782906E+01
 201   0.2303196E+01  -0.8172733E-02  -0.2087633E+01   0.1223581E+06   0.5087633E+01
 201   0.2303196E+01  -0.6695969E+00  -0.1741866E+00   0.1493436E+04   0.3174187E+01
 201   0.2303196E+01  -0.9285067E+00  -0.3221494E-01   0.1076998E+04   0.3032215E+01
 201   0.2303196E+01  -0.2220487E+01   0.3464483E+00   0.4503516E+03   0.2653552E+01
 201   0.2303196E+01  -0.2664031E+01   0.4255393E+00   0.3753710E+03   0.2574461E+01
 201   0.2303196E+01  -0.2664077E+01   0.4255467E+00   0.3753646E+03   0.2574453E+01
 201   0.2303196E+01  -0.3329011E+01   0.5223153E+00   0.3003895E+03   0.2477685E+01
 201   0.2303196E+01  -0.3415568E+01   0.5334630E+00   0.2927770E+03   0.2466537E+01
 201   0.2303196E+01  -0.3415572E+01   0.5334635E+00   0.2927767E+03   0.2466537E+01
 201   0.2303196E+01  -0.3602931E+01   0.5566560E+00   0.2775518E+03   0.2443344E+01


 202   0.2305351E+01  -0.1000834E-02  -0.2999638E+01   0.9991670E+06   0.5999638E+01
 202   0.2305351E+01  -0.1640394E-02  -0.2785052E+01   0.6096097E+06   0.5785052E+01
 202   0.2305351E+01  -0.8132624E-02  -0.2089769E+01   0.1229615E+06   0.5089769E+01
 202   0.2305351E+01  -0.6728128E+00  -0.1721057E+00   0.1486297E+04   0.3172106E+01
 202   0.2305351E+01  -0.9285241E+00  -0.3220681E-01   0.1076978E+04   0.3032207E+01
 202   0.2305351E+01  -0.2220487E+01   0.3464483E+00   0.4503516E+03   0.2653552E+01
 202   0.2305351E+01  -0.2664031E+01   0.4255393E+00   0.3753709E+03   0.2574461E+01
 202   0.2305351E+01  -0.2664076E+01   0.4255467E+00   0.3753646E+03   0.2574453E+01
 202   0.2305351E+01  -0.3329011E+01   0.5223153E+00   0.3003895E+03   0.2477685E+01
 202   0.2305351E+01  -0.3415568E+01   0.5334630E+00   0.2927770E+03   0.2466537E+01
 202   0.2305351E+01  -0.3415572E+01   0.5334635E+00   0.2927767E+03   0.2466537E+01
 202   0.2305351E+01  -0.3602931E+01   0.5566560E+00   0.2775518E+03   0.2443344E+01


 203   0.2307496E+01  -0.9959203E-03  -0.3001775E+01   0.1004096E+07   0.6001775E+01
 203   0.2307496E+01  -0.1632346E-02  -0.2787188E+01   0.6126151E+06   0.5787188E+01
 203   0.2307496E+01  -0.8092907E-02  -0.2091895E+01   0.1235650E+06   0.5091895E+01
 203   0.2307496E+01  -0.6759998E+00  -0.1700534E+00   0.1479290E+04   0.3170053E+01
 203   0.2307496E+01  -0.9285409E+00  -0.3219895E-01   0.1076958E+04   0.3032199E+01
 203   0.2307496E+01  -0.2220487E+01   0.3464483E+00   0.4503516E+03   0.2653552E+01
 203   0.2307496E+01  -0.2664032E+01   0.4255394E+00   0.3753709E+03   0.2574461E+01
 203   0.2307496E+01  -0.2664076E+01   0.4255466E+00   0.3753647E+03   0.2574453E+01
 203   0.2307496E+01  -0.3329011E+01   0.5223153E+00   0.3003895E+03   0.2477685E+01
 203   0.2307496E+01  -0.3415568E+01   0.5334630E+00   0.2927770E+03   0.2466537E+01
 203   0.2307496E+01  -0.3415572E+01   0.5334635E+00   0.2927767E+03   0.2466537E+01
 203   0.2307496E+01  -0.3602931E+01   0.5566560E+00   0.2775518E+03   0.2443344E+01


 204   0.2309630E+01  -0.9910549E-03  -0.3003902E+01   0.1009026E+07   0.6003902E+01
 204   0.2309630E+01  -0.1624378E-02  -0.2789313E+01   0.6156204E+06   0.5789313E+01
 204   0.2309630E+01  -0.8053576E-02  -0.2094011E+01   0.1241684E+06   0.5094011E+01
 204   0.2309630E+01  -0.6791579E+00  -0.1680293E+00   0.1472412E+04   0.3168029E+01
 204   0.2309630E+01  -0.9285572E+00  -0.3219135E-01   0.1076940E+04   0.3032191E+01
 204   0.2309630E+01  -0.2220487E+01   0.3464483E+00   0.4503516E+03   0.2653552E+01
 204   0.2309630E+01  -0.2664032E+01   0.4255394E+00   0.3753709E+03   0.2574461E+01
 204   0.2309630E+01  -0.2664076E+01   0.4255466E+00   0.3753647E+03   0.2574453E+01
 204   0.2309630E+01  -0.3329011E+01   0.5223153E+00   0.3003895E+03   0.2477685E+01
 204   0.2309630E+01  -0.3415568E+01   0.5334630E+00   0.2927770E+03   0.2466537E+01
 204   0.2309630E+01  -0.3415572E+01   0.5334635E+00   0.2927767E+03   0.2466536E+01
 204   0.2309630E+01  -0.3602931E+01   0.5566560E+00   0.2775518E+03   0.2443344E+01


 205   0.2311754E+01  -0.9862368E-03  -0.3006019E+01   0.1013955E+07   0.6006019E+01
 205   0.2311754E+01  -0.1616486E-02  -0.2791428E+01   0.6186257E+06   0.5791428E+01
 205   0.2311754E+01  -0.8014625E-02  -0.2096117E+01   0.1247719E+06   0.5096117E+01
 205   0.2311754E+01  -0.6822870E+00  -0.1660329E+00   0.1465659E+04   0.3166033E+01
 205   0.2311754E+01  -0.9285729E+00  -0.3218398E-01   0.1076921E+04   0.3032184E+01
 205   0.2311754E+01  -0.2220487E+01   0.3464483E+00   0.4503516E+03   0.2653552E+01
 205   0.2311754E+01  -0.2664032E+01   0.4255394E+00   0.3753709E+03   0.2574461E+01
 205   0.2311754E+01  -0.2664076E+01   0.4255466E+00   0.3753647E+03   0.2574453E+01
 205   0.2311754E+01  -0.3329011E+01   0.5223153E+00   0.3003895E+03   0.2477685E+01
 205   0.2311754E+01  -0.3415568E+01   0.5334630E+00   0.2927770E+03   0.2466537E+01
 205   0.2311754E+01  -0.3415572E+01   0.5334635E+00   0.2927767E+03   0.2466536E+01
 205   0.2311754E+01  -0.3602931E+01   0.5566560E+00   0.2775518E+03   0.2443344E+01


 206   0.2313867E+01  -0.9814653E-03  -0.3008125E+01   0.1018885E+07   0.6008125E+01
 206   0.2313867E+01  -0.1608671E-02  -0.2793533E+01   0.6216310E+06   0.5793533E+01
 206   0.2313867E+01  -0.7976050E-02  -0.2098212E+01   0.1253753E+06   0.5098212E+01
 206   0.2313867E+01  -0.6853871E+00  -0.1640641E+00   0.1459029E+04   0.3164064E+01
 206   0.2313867E+01  -0.9285882E+00  -0.3217686E-01   0.1076904E+04   0.3032177E+01
 206   0.2313867E+01  -0.2220487E+01   0.3464483E+00   0.4503516E+03   0.2653552E+01
 206   0.2313867E+01  -0.2664032E+01   0.4255394E+00   0.3753709E+03   0.2574461E+01
 206   0.2313867E+01  -0.2664075E+01   0.4255465E+00   0.3753647E+03   0.2574453E+01
 206   0.2313867E+01  -0.3329011E+01   0.5223153E+00   0.3003895E+03   0.2477685E+01
 206   0.2313867E+01  -0.3415568E+01   0.5334630E+00   0.2927770E+03   0.2466537E+01
 206   0.2313867E+01  -0.3415573E+01   0.5334635E+00   0.2927767E+03   0.2466536E+01
 206   0.2313867E+01  -0.3602931E+01   0.5566560E+00   0.2775518E+03   0.2443344E+01


 207   0.2315970E+01  -0.9767397E-03  -0.3010221E+01   0.1023814E+07   0.6010221E+01
 207   0.2315970E+01  -0.1600932E-02  -0.2795627E+01   0.6246363E+06   0.5795627E+01
 207   0.2315970E+01  -0.7937844E-02  -0.2100297E+01   0.1259788E+06   0.5100297E+01
 207   0.2315970E+01  -0.6884584E+00  -0.1621223E+00   0.1452521E+04   0.3162122E+01
 207   0.2315970E+01  -0.9286029E+00  -0.3216997E-01   0.1076887E+04   0.3032170E+01
 207   0.2315970E+01  -0.2220487E+01   0.3464483E+00   0.4503516E+03   0.2653552E+01
 207   0.2315970E+01  -0.2664032E+01   0.4255394E+00   0.3753709E+03   0.2574461E+01
 207   0.2315970E+01  -0.2664075E+01   0.4255465E+00   0.3753648E+03   0.2574454E+01
 207   0.2315970E+01  -0.3329011E+01   0.5223153E+00   0.3003895E+03   0.2477685E+01
 207   0.2315970E+01  -0.3415568E+01   0.5334630E+00   0.2927770E+03   0.2466537E+01
 207   0.2315970E+01  -0.3415573E+01   0.5334635E+00   0.2927767E+03   0.2466536E+01
 207   0.2315970E+01  -0.3602931E+01   0.5566560E+00   0.2775518E+03   0.2443344E+01


 208   0.2318063E+01  -0.9720594E-03  -0.3012307E+01   0.1028744E+07   0.6012307E+01
 208   0.2318063E+01  -0.1593266E-02  -0.2797712E+01   0.6276415E+06   0.5797712E+01
 208   0.2318063E+01  -0.7900002E-02  -0.2102373E+01   0.1265822E+06   0.5102373E+01
 208   0.2318063E+01  -0.6915009E+00  -0.1602073E+00   0.1446130E+04   0.3160207E+01
 208   0.2318063E+01  -0.9286172E+00  -0.3216330E-01   0.1076870E+04   0.3032163E+01
 208   0.2318063E+01  -0.2220487E+01   0.3464483E+00   0.4503516E+03   0.2653552E+01
 208   0.2318063E+01  -0.2664032E+01   0.4255394E+00   0.3753709E+03   0.2574461E+01
 208   0.2318063E+01  -0.2664075E+01   0.4255465E+00   0.3753648E+03   0.2574454E+01
 208   0.2318063E+01  -0.3329011E+01   0.5223153E+00   0.3003895E+03   0.2477685E+01
 208   0.2318063E+01  -0.3415568E+01   0.5334630E+00   0.2927770E+03   0.2466537E+01
 208   0.2318063E+01  -0.3415573E+01   0.5334635E+00   0.2927767E+03   0.2466536E+01
 208   0.2318063E+01  -0.3602931E+01   0.5566560E+00   0.2775518E+03   0.2443344E+01


 209   0.2320146E+01  -0.9674237E-03  -0.3014383E+01   0.1033673E+07   0.6014383E+01
 209   0.2320146E+01  -0.1585674E-02  -0.2799786E+01   0.6306468E+06   0.5799786E+01
 209   0.2320146E+01  -0.7862520E-02  -0.2104438E+01   0.1271857E+06   0.5104438E+01
 209   0.2320146E+01  -0.6945145E+00  -0.1583187E+00   0.1439855E+04   0.3158319E+01
 209   0.2320146E+01  -0.9286310E+00  -0.3215684E-01   0.1076854E+04   0.3032157E+01
 209   0.2320146E+01  -0.2220487E+01   0.3464483E+00   0.4503516E+03   0.2653552E+01
 209   0.2320146E+01  -0.2664032E+01   0.4255394E+00   0.3753709E+03   0.2574461E+01
 209   0.2320146E+01  -0.2664075E+01   0.4255464E+00   0.3753648E+03   0.2574454E+01
 209   0.2320146E+01  -0.3329011E+01   0.5223153E+00   0.3003895E+03   0.2477685E+01
 209   0.2320146E+01  -0.3415568E+01   0.5334630E+00   0.2927770E+03   0.2466537E+01
 209   0.2320146E+01  -0.3415573E+01   0.5334635E+00   0.2927767E+03   0.2466536E+01
 209   0.2320146E+01  -0.3602931E+01   0.5566560E+00   0.2775518E+03   0.2443344E+01


 210   0.2322219E+01  -0.9628320E-03  -0.3016449E+01   0.1038603E+07   0.6016449E+01
 210   0.2322219E+01  -0.1578153E-02  -0.2801851E+01   0.6336521E+06   0.5801851E+01
 210   0.2322219E+01  -0.7825391E-02  -0.2106494E+01   0.1277891E+06   0.5106494E+01
 210   0.2322219E+01  -0.6974994E+00  -0.1564562E+00   0.1433693E+04   0.3156456E+01
 210   0.2322219E+01  -0.9286443E+00  -0.3215059E-01   0.1076839E+04   0.3032151E+01
 210   0.2322219E+01  -0.2220487E+01   0.3464483E+00   0.4503516E+03   0.2653552E+01
 210   0.2322219E+01  -0.2664032E+01   0.4255394E+00   0.3753709E+03   0.2574461E+01
 210   0.2322219E+01  -0.2664075E+01   0.4255464E+00   0.3753649E+03   0.2574454E+01
 210   0.2322219E+01  -0.3329011E+01   0.5223153E+00   0.3003895E+03   0.2477685E+01
 210   0.2322219E+01  -0.3415568E+01   0.5334630E+00   0.2927770E+03   0.2466537E+01
 210   0.2322219E+01  -0.3415573E+01   0.5334635E+00   0.2927767E+03   0.2466536E+01
 210   0.2322219E+01  -0.3602931E+01   0.5566560E+00   0.2775518E+03   0.2443344E+01


 211   0.2324282E+01  -0.9582836E-03  -0.3018506E+01   0.1043532E+07   0.6018506E+01
 211   0.2324282E+01  -0.1570704E-02  -0.2803906E+01   0.6366573E+06   0.5803906E+01
 211   0.2324282E+01  -0.7788611E-02  -0.2108540E+01   0.1283926E+06   0.5108540E+01
 211   0.2324282E+01  -0.7004556E+00  -0.1546194E+00   0.1427642E+04   0.3154619E+01
 211   0.2324282E+01  -0.9286573E+00  -0.3214454E-01   0.1076824E+04   0.3032145E+01
 211   0.2324282E+01  -0.2220487E+01   0.3464483E+00   0.4503516E+03   0.2653552E+01
 211   0.2324282E+01  -0.2664032E+01   0.4255394E+00   0.3753709E+03   0.2574461E+01
 211   0.2324282E+01  -0.2664074E+01   0.4255464E+00   0.3753649E+03   0.2574454E+01
 211   0.2324282E+01  -0.3329011E+01   0.5223153E+00   0.3003895E+03   0.2477685E+01
 211   0.2324282E+01  -0.3415569E+01   0.5334630E+00   0.2927770E+03   0.2466537E+01
 211   0.2324282E+01  -0.3415573E+01   0.5334635E+00   0.2927767E+03   0.2466536E+01
 211   0.2324282E+01  -0.3602931E+01   0.5566560E+00   0.2775518E+03   0.2443344E+01


 212   0.2326336E+01  -0.9537781E-03  -0.3020553E+01   0.1048462E+07   0.6020553E+01
 212   0.2326336E+01  -0.1563324E-02  -0.2805951E+01   0.6396626E+06   0.5805951E+01
 212   0.2326336E+01  -0.7752176E-02  -0.2110576E+01   0.1289960E+06   0.5110576E+01
 212   0.2326336E+01  -0.7033832E+00  -0.1528080E+00   0.1421700E+04   0.3152808E+01
 212   0.2326336E+01  -0.9286698E+00  -0.3213869E-01   0.1076809E+04   0.3032139E+01
 212   0.2326336E+01  -0.2220487E+01   0.3464483E+00   0.4503516E+03   0.2653552E+01
 212   0.2326336E+01  -0.2664032E+01   0.4255395E+00   0.3753709E+03   0.2574461E+01
 212   0.2326336E+01  -0.2664074E+01   0.4255463E+00   0.3753649E+03   0.2574454E+01
 212   0.2326336E+01  -0.3329011E+01   0.5223153E+00   0.3003895E+03   0.2477685E+01
 212   0.2326336E+01  -0.3415569E+01   0.5334630E+00   0.2927770E+03   0.2466537E+01
 212   0.2326336E+01  -0.3415573E+01   0.5334635E+00   0.2927767E+03   0.2466536E+01
 212   0.2326336E+01  -0.3602931E+01   0.5566560E+00   0.2775518E+03   0.2443344E+01


 213   0.2328380E+01  -0.9493146E-03  -0.3022590E+01   0.1053392E+07   0.6022590E+01
 213   0.2328380E+01  -0.1556014E-02  -0.2807987E+01   0.6426679E+06   0.5807987E+01
 213   0.2328380E+01  -0.7716080E-02  -0.2112603E+01   0.1295995E+06   0.5112603E+01
 213   0.2328380E+01  -0.7062822E+00  -0.1510217E+00   0.1415865E+04   0.3151022E+01
 213   0.2328380E+01  -0.9286819E+00  -0.3213303E-01   0.1076795E+04   0.3032133E+01
 213   0.2328380E+01  -0.2220487E+01   0.3464483E+00   0.4503516E+03   0.2653552E+01
 213   0.2328380E+01  -0.2664032E+01   0.4255395E+00   0.3753708E+03   0.2574461E+01
 213   0.2328380E+01  -0.2664074E+01   0.4255463E+00   0.3753649E+03   0.2574454E+01
 213   0.2328380E+01  -0.3329011E+01   0.5223153E+00   0.3003895E+03   0.2477685E+01
 213   0.2328380E+01  -0.3415569E+01   0.5334630E+00   0.2927770E+03   0.2466537E+01
 213   0.2328380E+01  -0.3415573E+01   0.5334635E+00   0.2927767E+03   0.2466536E+01
 213   0.2328380E+01  -0.3602931E+01   0.5566560E+00   0.2775518E+03   0.2443344E+01


 214   0.2330414E+01  -0.9448928E-03  -0.3024617E+01   0.1058321E+07   0.6024617E+01
 214   0.2330414E+01  -0.1548771E-02  -0.2810013E+01   0.6456731E+06   0.5810013E+01
 214   0.2330414E+01  -0.7680318E-02  -0.2114621E+01   0.1302029E+06   0.5114621E+01
 214   0.2330414E+01  -0.7091528E+00  -0.1492602E+00   0.1410133E+04   0.3149260E+01
 214   0.2330414E+01  -0.9286936E+00  -0.3212754E-01   0.1076781E+04   0.3032128E+01
 214   0.2330414E+01  -0.2220487E+01   0.3464483E+00   0.4503516E+03   0.2653552E+01
 214   0.2330414E+01  -0.2664032E+01   0.4255395E+00   0.3753708E+03   0.2574461E+01
 214   0.2330414E+01  -0.2664074E+01   0.4255463E+00   0.3753650E+03   0.2574454E+01
 214   0.2330414E+01  -0.3329011E+01   0.5223153E+00   0.3003895E+03   0.2477685E+01
 214   0.2330414E+01  -0.3415569E+01   0.5334630E+00   0.2927770E+03   0.2466537E+01
 214   0.2330414E+01  -0.3415573E+01   0.5334635E+00   0.2927767E+03   0.2466536E+01
 214   0.2330414E+01  -0.3602931E+01   0.5566560E+00   0.2775518E+03   0.2443344E+01


 215   0.2332438E+01  -0.9405119E-03  -0.3026636E+01   0.1063251E+07   0.6026636E+01
 215   0.2332438E+01  -0.1541596E-02  -0.2812029E+01   0.6486784E+06   0.5812029E+01
 215   0.2332438E+01  -0.7644887E-02  -0.2116629E+01   0.1308064E+06   0.5116629E+01
 215   0.2332438E+01  -0.7119949E+00  -0.1475231E+00   0.1404504E+04   0.3147523E+01
 215   0.2332438E+01  -0.9287050E+00  -0.3212224E-01   0.1076768E+04   0.3032122E+01
 215   0.2332438E+01  -0.2220487E+01   0.3464483E+00   0.4503516E+03   0.2653552E+01
 215   0.2332438E+01  -0.2664032E+01   0.4255395E+00   0.3753708E+03   0.2574461E+01
 215   0.2332438E+01  -0.2664074E+01   0.4255462E+00   0.3753650E+03   0.2574454E+01
 215   0.2332438E+01  -0.3329011E+01   0.5223153E+00   0.3003895E+03   0.2477685E+01
 215   0.2332438E+01  -0.3415569E+01   0.5334630E+00   0.2927770E+03   0.2466537E+01
 215   0.2332438E+01  -0.3415573E+01   0.5334635E+00   0.2927767E+03   0.2466536E+01
 215   0.2332438E+01  -0.3602931E+01   0.5566560E+00   0.2775518E+03   0.2443344E+01


 216   0.2334454E+01  -0.9361714E-03  -0.3028645E+01   0.1068180E+07   0.6028645E+01
 216   0.2334454E+01  -0.1534487E-02  -0.2814037E+01   0.6516836E+06   0.5814037E+01
 216   0.2334454E+01  -0.7609780E-02  -0.2118628E+01   0.1314098E+06   0.5118628E+01
 216   0.2334454E+01  -0.7148087E+00  -0.1458101E+00   0.1398976E+04   0.3145810E+01
 216   0.2334454E+01  -0.9287159E+00  -0.3211710E-01   0.1076755E+04   0.3032117E+01
 216   0.2334454E+01  -0.2220487E+01   0.3464483E+00   0.4503516E+03   0.2653552E+01
 216   0.2334454E+01  -0.2664032E+01   0.4255395E+00   0.3753708E+03   0.2574461E+01
 216   0.2334454E+01  -0.2664074E+01   0.4255462E+00   0.3753650E+03   0.2574454E+01
 216   0.2334454E+01  -0.3329011E+01   0.5223153E+00   0.3003895E+03   0.2477685E+01
 216   0.2334454E+01  -0.3415569E+01   0.5334630E+00   0.2927770E+03   0.2466537E+01
 216   0.2334454E+01  -0.3415573E+01   0.5334635E+00   0.2927767E+03   0.2466536E+01
 216   0.2334454E+01  -0.3602931E+01   0.5566560E+00   0.2775518E+03   0.2443344E+01


 217   0.2336460E+01  -0.9318709E-03  -0.3030644E+01   0.1073110E+07   0.6030644E+01
 217   0.2336460E+01  -0.1527443E-02  -0.2816035E+01   0.6546888E+06   0.5816035E+01
 217   0.2336460E+01  -0.7574995E-02  -0.2120618E+01   0.1320133E+06   0.5120618E+01
 217   0.2336460E+01  -0.7175943E+00  -0.1441210E+00   0.1393545E+04   0.3144121E+01
 217   0.2336460E+01  -0.9287266E+00  -0.3211213E-01   0.1076743E+04   0.3032112E+01
 217   0.2336460E+01  -0.2220487E+01   0.3464483E+00   0.4503516E+03   0.2653552E+01
 217   0.2336460E+01  -0.2664032E+01   0.4255395E+00   0.3753708E+03   0.2574461E+01
 217   0.2336460E+01  -0.2664073E+01   0.4255462E+00   0.3753650E+03   0.2574454E+01
 217   0.2336460E+01  -0.3329011E+01   0.5223153E+00   0.3003895E+03   0.2477685E+01
 217   0.2336460E+01  -0.3415569E+01   0.5334630E+00   0.2927770E+03   0.2466537E+01
 217   0.2336460E+01  -0.3415573E+01   0.5334635E+00   0.2927767E+03   0.2466536E+01
 217   0.2336460E+01  -0.3602931E+01   0.5566560E+00   0.2775518E+03   0.2443344E+01


 218   0.2338456E+01  -0.9276096E-03  -0.3032635E+01   0.1078040E+07   0.6032635E+01
 218   0.2338456E+01  -0.1520464E-02  -0.2818024E+01   0.6576941E+06   0.5818024E+01
 218   0.2338456E+01  -0.7540526E-02  -0.2122598E+01   0.1326167E+06   0.5122598E+01
 218   0.2338456E+01  -0.7203518E+00  -0.1424554E+00   0.1388211E+04   0.3142455E+01
 218   0.2338456E+01  -0.9287369E+00  -0.3210731E-01   0.1076731E+04   0.3032107E+01
 218   0.2338456E+01  -0.2220487E+01   0.3464483E+00   0.4503516E+03   0.2653552E+01
 218   0.2338456E+01  -0.2664032E+01   0.4255395E+00   0.3753708E+03   0.2574461E+01
 218   0.2338456E+01  -0.2664073E+01   0.4255461E+00   0.3753651E+03   0.2574454E+01
 218   0.2338456E+01  -0.3329011E+01   0.5223153E+00   0.3003895E+03   0.2477685E+01
 218   0.2338456E+01  -0.3415569E+01   0.5334630E+00   0.2927770E+03   0.2466537E+01
 218   0.2338456E+01  -0.3415573E+01   0.5334635E+00   0.2927767E+03   0.2466536E+01
 218   0.2338456E+01  -0.3602931E+01   0.5566560E+00   0.2775518E+03   0.2443344E+01


 219   0.2340444E+01  -0.9233871E-03  -0.3034616E+01   0.1082969E+07   0.6034616E+01
 219   0.2340444E+01  -0.1513548E-02  -0.2820004E+01   0.6606993E+06   0.5820004E+01
 219   0.2340444E+01  -0.7506370E-02  -0.2124570E+01   0.1332202E+06   0.5124570E+01
 219   0.2340444E+01  -0.7230812E+00  -0.1408129E+00   0.1382970E+04   0.3140813E+01
 219   0.2340444E+01  -0.9287468E+00  -0.3210266E-01   0.1076720E+04   0.3032103E+01
 219   0.2340444E+01  -0.2220487E+01   0.3464483E+00   0.4503516E+03   0.2653552E+01
 219   0.2340444E+01  -0.2664032E+01   0.4255395E+00   0.3753708E+03   0.2574460E+01
 219   0.2340444E+01  -0.2664073E+01   0.4255461E+00   0.3753651E+03   0.2574454E+01
 219   0.2340444E+01  -0.3329011E+01   0.5223153E+00   0.3003895E+03   0.2477685E+01
 219   0.2340444E+01  -0.3415569E+01   0.5334630E+00   0.2927770E+03   0.2466537E+01
 219   0.2340444E+01  -0.3415573E+01   0.5334635E+00   0.2927767E+03   0.2466536E+01
 219   0.2340444E+01  -0.3602931E+01   0.5566560E+00   0.2775518E+03   0.2443344E+01


 220   0.2342423E+01  -0.9192029E-03  -0.3036589E+01   0.1087899E+07   0.6036589E+01
 220   0.2342423E+01  -0.1506695E-02  -0.2821975E+01   0.6637045E+06   0.5821975E+01
 220   0.2342423E+01  -0.7472522E-02  -0.2126533E+01   0.1338236E+06   0.5126533E+01
 220   0.2342423E+01  -0.7257827E+00  -0.1391934E+00   0.1377823E+04   0.3139193E+01
 220   0.2342423E+01  -0.9287565E+00  -0.3209815E-01   0.1076709E+04   0.3032098E+01
 220   0.2342423E+01  -0.2220487E+01   0.3464483E+00   0.4503516E+03   0.2653552E+01
 220   0.2342423E+01  -0.2664032E+01   0.4255395E+00   0.3753708E+03   0.2574460E+01
 220   0.2342423E+01  -0.2664073E+01   0.4255461E+00   0.3753651E+03   0.2574454E+01
 220   0.2342423E+01  -0.3329011E+01   0.5223153E+00   0.3003895E+03   0.2477685E+01
 220   0.2342423E+01  -0.3415569E+01   0.5334630E+00   0.2927770E+03   0.2466537E+01
 220   0.2342423E+01  -0.3415573E+01   0.5334635E+00   0.2927767E+03   0.2466536E+01
 220   0.2342423E+01  -0.3602931E+01   0.5566560E+00   0.2775518E+03   0.2443344E+01


 221   0.2344392E+01  -0.9150564E-03  -0.3038552E+01   0.1092829E+07   0.6038552E+01
 221   0.2344392E+01  -0.1499903E-02  -0.2823937E+01   0.6667098E+06   0.5823937E+01
 221   0.2344392E+01  -0.7438977E-02  -0.2128487E+01   0.1344271E+06   0.5128487E+01
 221   0.2344392E+01  -0.7284564E+00  -0.1375964E+00   0.1372766E+04   0.3137596E+01
 221   0.2344392E+01  -0.9287658E+00  -0.3209378E-01   0.1076698E+04   0.3032094E+01
 221   0.2344392E+01  -0.2220487E+01   0.3464483E+00   0.4503516E+03   0.2653552E+01
 221   0.2344392E+01  -0.2664032E+01   0.4255395E+00   0.3753708E+03   0.2574460E+01
 221   0.2344392E+01  -0.2664073E+01   0.4255461E+00   0.3753651E+03   0.2574454E+01
 221   0.2344392E+01  -0.3329011E+01   0.5223153E+00   0.3003895E+03   0.2477685E+01
 221   0.2344392E+01  -0.3415569E+01   0.5334630E+00   0.2927770E+03   0.2466537E+01
 221   0.2344392E+01  -0.3415573E+01   0.5334635E+00   0.2927767E+03   0.2466536E+01
 221   0.2344392E+01  -0.3602931E+01   0.5566560E+00   0.2775518E+03   0.2443344E+01


 222   0.2346353E+01  -0.9109472E-03  -0.3040507E+01   0.1097758E+07   0.6040507E+01
 222   0.2346353E+01  -0.1493173E-02  -0.2825890E+01   0.6697150E+06   0.5825890E+01
 222   0.2346353E+01  -0.7405732E-02  -0.2130432E+01   0.1350305E+06   0.5130432E+01
 222   0.2346353E+01  -0.7311024E+00  -0.1360218E+00   0.1367798E+04   0.3136022E+01
 222   0.2346353E+01  -0.9287748E+00  -0.3208956E-01   0.1076687E+04   0.3032090E+01
 222   0.2346353E+01  -0.2220487E+01   0.3464483E+00   0.4503516E+03   0.2653552E+01
 222   0.2346353E+01  -0.2664033E+01   0.4255395E+00   0.3753708E+03   0.2574460E+01
 222   0.2346353E+01  -0.2664072E+01   0.4255460E+00   0.3753652E+03   0.2574454E+01
 222   0.2346353E+01  -0.3329011E+01   0.5223153E+00   0.3003895E+03   0.2477685E+01
 222   0.2346353E+01  -0.3415569E+01   0.5334630E+00   0.2927770E+03   0.2466537E+01
 222   0.2346353E+01  -0.3415573E+01   0.5334635E+00   0.2927767E+03   0.2466536E+01
 222   0.2346353E+01  -0.3602931E+01   0.5566560E+00   0.2775518E+03   0.2443344E+01


 223   0.2348305E+01  -0.9068747E-03  -0.3042453E+01   0.1102688E+07   0.6042453E+01
 223   0.2348305E+01  -0.1486502E-02  -0.2827834E+01   0.6727202E+06   0.5827834E+01
 223   0.2348305E+01  -0.7372784E-02  -0.2132369E+01   0.1356340E+06   0.5132369E+01
 223   0.2348305E+01  -0.7337207E+00  -0.1344692E+00   0.1362916E+04   0.3134469E+01
 223   0.2348305E+01  -0.9287836E+00  -0.3208547E-01   0.1076677E+04   0.3032085E+01
 223   0.2348305E+01  -0.2220487E+01   0.3464483E+00   0.4503516E+03   0.2653552E+01
 223   0.2348305E+01  -0.2664033E+01   0.4255395E+00   0.3753708E+03   0.2574460E+01
 223   0.2348305E+01  -0.2664072E+01   0.4255460E+00   0.3753652E+03   0.2574454E+01
 223   0.2348305E+01  -0.3329011E+01   0.5223153E+00   0.3003895E+03   0.2477685E+01
 223   0.2348305E+01  -0.3415569E+01   0.5334630E+00   0.2927770E+03   0.2466537E+01
 223   0.2348305E+01  -0.3415573E+01   0.5334635E+00   0.2927767E+03   0.2466536E+01
 223   0.2348305E+01  -0.3602931E+01   0.5566560E+00   0.2775518E+03   0.2443344E+01


 224   0.2350248E+01  -0.9028385E-03  -0.3044390E+01   0.1107618E+07   0.6044390E+01
 224   0.2350248E+01  -0.1479891E-02  -0.2829770E+01   0.6757254E+06   0.5829770E+01
 224   0.2350248E+01  -0.7340127E-02  -0.2134296E+01   0.1362374E+06   0.5134296E+01
 224   0.2350248E+01  -0.7363116E+00  -0.1329383E+00   0.1358121E+04   0.3132938E+01
 224   0.2350248E+01  -0.9287921E+00  -0.3208151E-01   0.1076667E+04   0.3032082E+01
 224   0.2350248E+01  -0.2220487E+01   0.3464483E+00   0.4503516E+03   0.2653552E+01
 224   0.2350248E+01  -0.2664033E+01   0.4255395E+00   0.3753708E+03   0.2574460E+01
 224   0.2350248E+01  -0.2664072E+01   0.4255460E+00   0.3753652E+03   0.2574454E+01
 224   0.2350248E+01  -0.3329011E+01   0.5223153E+00   0.3003895E+03   0.2477685E+01
 224   0.2350248E+01  -0.3415569E+01   0.5334630E+00   0.2927770E+03   0.2466537E+01
 224   0.2350248E+01  -0.3415573E+01   0.5334635E+00   0.2927767E+03   0.2466536E+01
 224   0.2350248E+01  -0.3602931E+01   0.5566560E+00   0.2775518E+03   0.2443344E+01


 225   0.2352183E+01  -0.8988380E-03  -0.3046319E+01   0.1112548E+07   0.6046319E+01
 225   0.2352183E+01  -0.1473339E-02  -0.2831697E+01   0.6787306E+06   0.5831697E+01
 225   0.2352183E+01  -0.7307758E-02  -0.2136216E+01   0.1368409E+06   0.5136216E+01
 225   0.2352183E+01  -0.7388752E+00  -0.1314289E+00   0.1353409E+04   0.3131429E+01
 225   0.2352183E+01  -0.9288002E+00  -0.3207768E-01   0.1076658E+04   0.3032078E+01
 225   0.2352183E+01  -0.2220487E+01   0.3464483E+00   0.4503516E+03   0.2653552E+01
 225   0.2352183E+01  -0.2664033E+01   0.4255395E+00   0.3753708E+03   0.2574460E+01
 225   0.2352183E+01  -0.2664072E+01   0.4255459E+00   0.3753652E+03   0.2574454E+01
 225   0.2352183E+01  -0.3329011E+01   0.5223153E+00   0.3003895E+03   0.2477685E+01
 225   0.2352183E+01  -0.3415569E+01   0.5334630E+00   0.2927770E+03   0.2466537E+01
 225   0.2352183E+01  -0.3415573E+01   0.5334635E+00   0.2927767E+03   0.2466536E+01
 225   0.2352183E+01  -0.3602931E+01   0.5566560E+00   0.2775518E+03   0.2443344E+01


 226   0.2354108E+01  -0.8948728E-03  -0.3048239E+01   0.1117477E+07   0.6048239E+01
 226   0.2354108E+01  -0.1466844E-02  -0.2833616E+01   0.6817358E+06   0.5833616E+01
 226   0.2354108E+01  -0.7275673E-02  -0.2138127E+01   0.1374443E+06   0.5138127E+01
 226   0.2354108E+01  -0.7414115E+00  -0.1299407E+00   0.1348779E+04   0.3129941E+01
 226   0.2354108E+01  -0.9288082E+00  -0.3207397E-01   0.1076649E+04   0.3032074E+01
 226   0.2354108E+01  -0.2220487E+01   0.3464483E+00   0.4503516E+03   0.2653552E+01
 226   0.2354108E+01  -0.2664033E+01   0.4255395E+00   0.3753708E+03   0.2574460E+01
 226   0.2354108E+01  -0.2664072E+01   0.4255459E+00   0.3753653E+03   0.2574454E+01
 226   0.2354108E+01  -0.3329011E+01   0.5223153E+00   0.3003895E+03   0.2477685E+01
 226   0.2354108E+01  -0.3415569E+01   0.5334630E+00   0.2927770E+03   0.2466537E+01
 226   0.2354108E+01  -0.3415573E+01   0.5334635E+00   0.2927767E+03   0.2466536E+01
 226   0.2354108E+01  -0.3602931E+01   0.5566560E+00   0.2775518E+03   0.2443344E+01


 227   0.2356026E+01  -0.8909424E-03  -0.3050150E+01   0.1122407E+07   0.6050150E+01
 227   0.2356026E+01  -0.1460406E-02  -0.2835526E+01   0.6847411E+06   0.5835526E+01
 227   0.2356026E+01  -0.7243869E-02  -0.2140029E+01   0.1380478E+06   0.5140029E+01
 227   0.2356026E+01  -0.7439207E+00  -0.1284733E+00   0.1344229E+04   0.3128473E+01
 227   0.2356026E+01  -0.9288159E+00  -0.3207038E-01   0.1076640E+04   0.3032070E+01
 227   0.2356026E+01  -0.2220487E+01   0.3464483E+00   0.4503516E+03   0.2653552E+01
 227   0.2356026E+01  -0.2664033E+01   0.4255395E+00   0.3753708E+03   0.2574460E+01
 227   0.2356026E+01  -0.2664072E+01   0.4255459E+00   0.3753653E+03   0.2574454E+01
 227   0.2356026E+01  -0.3329011E+01   0.5223153E+00   0.3003895E+03   0.2477685E+01
 227   0.2356026E+01  -0.3415569E+01   0.5334630E+00   0.2927770E+03   0.2466537E+01
 227   0.2356026E+01  -0.3415573E+01   0.5334635E+00   0.2927767E+03   0.2466536E+01
 227   0.2356026E+01  -0.3602931E+01   0.5566560E+00   0.2775518E+03   0.2443344E+01


 228   0.2357935E+01  -0.8870464E-03  -0.3052054E+01   0.1127337E+07   0.6052054E+01
 228   0.2357935E+01  -0.1454025E-02  -0.2837428E+01   0.6877463E+06   0.5837428E+01
 228   0.2357935E+01  -0.7212341E-02  -0.2141924E+01   0.1386512E+06   0.5141924E+01
 228   0.2357935E+01  -0.7464030E+00  -0.1270266E+00   0.1339759E+04   0.3127027E+01
 228   0.2357935E+01  -0.9288233E+00  -0.3206690E-01   0.1076631E+04   0.3032067E+01
 228   0.2357935E+01  -0.2220487E+01   0.3464483E+00   0.4503516E+03   0.2653552E+01
 228   0.2357935E+01  -0.2664033E+01   0.4255396E+00   0.3753708E+03   0.2574460E+01
 228   0.2357935E+01  -0.2664071E+01   0.4255459E+00   0.3753653E+03   0.2574454E+01
 228   0.2357935E+01  -0.3329011E+01   0.5223153E+00   0.3003895E+03   0.2477685E+01
 228   0.2357935E+01  -0.3415569E+01   0.5334630E+00   0.2927770E+03   0.2466537E+01
 228   0.2357935E+01  -0.3415573E+01   0.5334635E+00   0.2927767E+03   0.2466536E+01
 228   0.2357935E+01  -0.3602931E+01   0.5566560E+00   0.2775518E+03   0.2443344E+01


 229   0.2359835E+01  -0.8831843E-03  -0.3053949E+01   0.1132266E+07   0.6053949E+01
 229   0.2359835E+01  -0.1447699E-02  -0.2839322E+01   0.6907515E+06   0.5839322E+01
 229   0.2359835E+01  -0.7181087E-02  -0.2143810E+01   0.1392547E+06   0.5143810E+01
 229   0.2359835E+01  -0.7488585E+00  -0.1256003E+00   0.1335366E+04   0.3125600E+01
 229   0.2359835E+01  -0.9288305E+00  -0.3206354E-01   0.1076623E+04   0.3032064E+01
 229   0.2359835E+01  -0.2220487E+01   0.3464483E+00   0.4503516E+03   0.2653552E+01
 229   0.2359835E+01  -0.2664033E+01   0.4255396E+00   0.3753708E+03   0.2574460E+01
 229   0.2359835E+01  -0.2664071E+01   0.4255458E+00   0.3753653E+03   0.2574454E+01
 229   0.2359835E+01  -0.3329011E+01   0.5223153E+00   0.3003895E+03   0.2477685E+01
 229   0.2359835E+01  -0.3415569E+01   0.5334630E+00   0.2927770E+03   0.2466537E+01
 229   0.2359835E+01  -0.3415573E+01   0.5334635E+00   0.2927767E+03   0.2466536E+01
 229   0.2359835E+01  -0.3602931E+01   0.5566560E+00   0.2775518E+03   0.2443344E+01


 230   0.2361728E+01  -0.8793557E-03  -0.3055835E+01   0.1137196E+07   0.6055835E+01
 230   0.2361728E+01  -0.1441428E-02  -0.2841207E+01   0.6937567E+06   0.5841207E+01
 230   0.2361728E+01  -0.7150103E-02  -0.2145688E+01   0.1398581E+06   0.5145688E+01
 230   0.2361728E+01  -0.7512872E+00  -0.1241940E+00   0.1331049E+04   0.3124194E+01
 230   0.2361728E+01  -0.9288374E+00  -0.3206028E-01   0.1076615E+04   0.3032060E+01
 230   0.2361728E+01  -0.2220487E+01   0.3464483E+00   0.4503516E+03   0.2653552E+01
 230   0.2361728E+01  -0.2664033E+01   0.4255396E+00   0.3753708E+03   0.2574460E+01
 230   0.2361728E+01  -0.2664071E+01   0.4255458E+00   0.3753654E+03   0.2574454E+01
 230   0.2361728E+01  -0.3329011E+01   0.5223153E+00   0.3003895E+03   0.2477685E+01
 230   0.2361728E+01  -0.3415569E+01   0.5334630E+00   0.2927770E+03   0.2466537E+01
 230   0.2361728E+01  -0.3415573E+01   0.5334635E+00   0.2927767E+03   0.2466536E+01
 230   0.2361728E+01  -0.3602931E+01   0.5566560E+00   0.2775518E+03   0.2443344E+01


 231   0.2363612E+01  -0.8755602E-03  -0.3057714E+01   0.1142126E+07   0.6057714E+01
 231   0.2363612E+01  -0.1435211E-02  -0.2843084E+01   0.6967619E+06   0.5843084E+01
 231   0.2363612E+01  -0.7119385E-02  -0.2147558E+01   0.1404616E+06   0.5147558E+01
 231   0.2363612E+01  -0.7536895E+00  -0.1228075E+00   0.1326806E+04   0.3122808E+01
 231   0.2363612E+01  -0.9288442E+00  -0.3205713E-01   0.1076607E+04   0.3032057E+01
 231   0.2363612E+01  -0.2220487E+01   0.3464483E+00   0.4503516E+03   0.2653552E+01
 231   0.2363612E+01  -0.2664033E+01   0.4255396E+00   0.3753708E+03   0.2574460E+01
 231   0.2363612E+01  -0.2664071E+01   0.4255458E+00   0.3753654E+03   0.2574454E+01
 231   0.2363612E+01  -0.3329011E+01   0.5223153E+00   0.3003895E+03   0.2477685E+01
 231   0.2363612E+01  -0.3415569E+01   0.5334630E+00   0.2927770E+03   0.2466537E+01
 231   0.2363612E+01  -0.3415573E+01   0.5334635E+00   0.2927767E+03   0.2466536E+01
 231   0.2363612E+01  -0.3602931E+01   0.5566560E+00   0.2775518E+03   0.2443344E+01


 232   0.2365488E+01  -0.8717973E-03  -0.3059584E+01   0.1147056E+07   0.6059584E+01
 232   0.2365488E+01  -0.1429047E-02  -0.2844954E+01   0.6997671E+06   0.5844954E+01
 232   0.2365488E+01  -0.7088929E-02  -0.2149419E+01   0.1410650E+06   0.5149419E+01
 232   0.2365488E+01  -0.7560653E+00  -0.1214407E+00   0.1322637E+04   0.3121441E+01
 232   0.2365488E+01  -0.9288507E+00  -0.3205408E-01   0.1076599E+04   0.3032054E+01
 232   0.2365488E+01  -0.2220487E+01   0.3464483E+00   0.4503516E+03   0.2653552E+01
 232   0.2365488E+01  -0.2664033E+01   0.4255396E+00   0.3753708E+03   0.2574460E+01
 232   0.2365488E+01  -0.2664071E+01   0.4255457E+00   0.3753654E+03   0.2574454E+01
 232   0.2365488E+01  -0.3329011E+01   0.5223153E+00   0.3003895E+03   0.2477685E+01
 232   0.2365488E+01  -0.3415569E+01   0.5334630E+00   0.2927770E+03   0.2466537E+01
 232   0.2365488E+01  -0.3415572E+01   0.5334635E+00   0.2927767E+03   0.2466536E+01
 232   0.2365488E+01  -0.3602931E+01   0.5566560E+00   0.2775518E+03   0.2443344E+01


 233   0.2367356E+01  -0.8680665E-03  -0.3061447E+01   0.1151985E+07   0.6061447E+01
 233   0.2367356E+01  -0.1422936E-02  -0.2846815E+01   0.7027723E+06   0.5846815E+01
 233   0.2367356E+01  -0.7058733E-02  -0.2151273E+01   0.1416685E+06   0.5151273E+01
 233   0.2367356E+01  -0.7584150E+00  -0.1200931E+00   0.1318539E+04   0.3120093E+01
 233   0.2367356E+01  -0.9288570E+00  -0.3205113E-01   0.1076592E+04   0.3032051E+01
 233   0.2367356E+01  -0.2220487E+01   0.3464483E+00   0.4503516E+03   0.2653552E+01
 233   0.2367356E+01  -0.2664033E+01   0.4255396E+00   0.3753708E+03   0.2574460E+01
 233   0.2367356E+01  -0.2664071E+01   0.4255457E+00   0.3753654E+03   0.2574454E+01
 233   0.2367356E+01  -0.3329011E+01   0.5223153E+00   0.3003895E+03   0.2477685E+01
 233   0.2367356E+01  -0.3415569E+01   0.5334630E+00   0.2927770E+03   0.2466537E+01
 233   0.2367356E+01  -0.3415572E+01   0.5334635E+00   0.2927767E+03   0.2466536E+01
 233   0.2367356E+01  -0.3602931E+01   0.5566560E+00   0.2775518E+03   0.2443344E+01


 234   0.2369216E+01  -0.8643676E-03  -0.3063302E+01   0.1156915E+07   0.6063302E+01
 234   0.2369216E+01  -0.1416877E-02  -0.2848668E+01   0.7057775E+06   0.5848668E+01
 234   0.2369216E+01  -0.7028794E-02  -0.2153119E+01   0.1422719E+06   0.5153119E+01
 234   0.2369216E+01  -0.7607385E+00  -0.1187646E+00   0.1314512E+04   0.3118765E+01
 234   0.2369216E+01  -0.9288631E+00  -0.3204827E-01   0.1076585E+04   0.3032048E+01
 234   0.2369216E+01  -0.2220487E+01   0.3464483E+00   0.4503516E+03   0.2653552E+01
 234   0.2369216E+01  -0.2664033E+01   0.4255396E+00   0.3753707E+03   0.2574460E+01
 234   0.2369216E+01  -0.2664070E+01   0.4255457E+00   0.3753655E+03   0.2574454E+01
 234   0.2369216E+01  -0.3329011E+01   0.5223153E+00   0.3003895E+03   0.2477685E+01
 234   0.2369216E+01  -0.3415569E+01   0.5334630E+00   0.2927770E+03   0.2466537E+01
 234   0.2369216E+01  -0.3415572E+01   0.5334635E+00   0.2927767E+03   0.2466536E+01
 234   0.2369216E+01  -0.3602931E+01   0.5566560E+00   0.2775518E+03   0.2443344E+01


 235   0.2371068E+01  -0.8607001E-03  -0.3065148E+01   0.1161845E+07   0.6065148E+01
 235   0.2371068E+01  -0.1410870E-02  -0.2850513E+01   0.7087827E+06   0.5850513E+01
 235   0.2371068E+01  -0.6999107E-02  -0.2154957E+01   0.1428754E+06   0.5154957E+01
 235   0.2371068E+01  -0.7630361E+00  -0.1174549E+00   0.1310554E+04   0.3117455E+01
 235   0.2371068E+01  -0.9288691E+00  -0.3204550E-01   0.1076578E+04   0.3032045E+01
 235   0.2371068E+01  -0.2220487E+01   0.3464483E+00   0.4503516E+03   0.2653552E+01
 235   0.2371068E+01  -0.2664033E+01   0.4255396E+00   0.3753707E+03   0.2574460E+01
 235   0.2371068E+01  -0.2664070E+01   0.4255457E+00   0.3753655E+03   0.2574454E+01
 235   0.2371068E+01  -0.3329011E+01   0.5223153E+00   0.3003895E+03   0.2477685E+01
 235   0.2371068E+01  -0.3415569E+01   0.5334630E+00   0.2927770E+03   0.2466537E+01
 235   0.2371068E+01  -0.3415572E+01   0.5334635E+00   0.2927767E+03   0.2466536E+01
 235   0.2371068E+01  -0.3602931E+01   0.5566560E+00   0.2775518E+03   0.2443344E+01


 236   0.2372912E+01  -0.8570635E-03  -0.3066987E+01   0.1166775E+07   0.6066987E+01
 236   0.2372912E+01  -0.1404913E-02  -0.2852351E+01   0.7117879E+06   0.5852351E+01
 236   0.2372912E+01  -0.6969670E-02  -0.2156788E+01   0.1434788E+06   0.5156788E+01
 236   0.2372912E+01  -0.7653079E+00  -0.1161638E+00   0.1306664E+04   0.3116164E+01
 236   0.2372912E+01  -0.9288748E+00  -0.3204282E-01   0.1076571E+04   0.3032043E+01
 236   0.2372912E+01  -0.2220487E+01   0.3464483E+00   0.4503516E+03   0.2653552E+01
 236   0.2372912E+01  -0.2664033E+01   0.4255396E+00   0.3753707E+03   0.2574460E+01
 236   0.2372912E+01  -0.2664070E+01   0.4255456E+00   0.3753655E+03   0.2574454E+01
 236   0.2372912E+01  -0.3329011E+01   0.5223153E+00   0.3003895E+03   0.2477685E+01
 236   0.2372912E+01  -0.3415569E+01   0.5334630E+00   0.2927770E+03   0.2466537E+01
 236   0.2372912E+01  -0.3415572E+01   0.5334635E+00   0.2927767E+03   0.2466536E+01
 236   0.2372912E+01  -0.3602931E+01   0.5566560E+00   0.2775518E+03   0.2443344E+01


 237   0.2374748E+01  -0.8534576E-03  -0.3068818E+01   0.1171704E+07   0.6068818E+01
 237   0.2374748E+01  -0.1399006E-02  -0.2854180E+01   0.7147931E+06   0.5854180E+01
 237   0.2374748E+01  -0.6940479E-02  -0.2158611E+01   0.1440823E+06   0.5158611E+01
 237   0.2374748E+01  -0.7675542E+00  -0.1148910E+00   0.1302840E+04   0.3114891E+01
 237   0.2374748E+01  -0.9288803E+00  -0.3204023E-01   0.1076565E+04   0.3032040E+01
 237   0.2374748E+01  -0.2220487E+01   0.3464483E+00   0.4503516E+03   0.2653552E+01
 237   0.2374748E+01  -0.2664033E+01   0.4255396E+00   0.3753707E+03   0.2574460E+01
 237   0.2374748E+01  -0.2664070E+01   0.4255456E+00   0.3753655E+03   0.2574454E+01
 237   0.2374748E+01  -0.3329011E+01   0.5223153E+00   0.3003895E+03   0.2477685E+01
 237   0.2374748E+01  -0.3415569E+01   0.5334630E+00   0.2927770E+03   0.2466537E+01
 237   0.2374748E+01  -0.3415572E+01   0.5334635E+00   0.2927767E+03   0.2466536E+01
 237   0.2374748E+01  -0.3602931E+01   0.5566560E+00   0.2775518E+03   0.2443344E+01


 238   0.2376577E+01  -0.8498818E-03  -0.3070641E+01   0.1176634E+07   0.6070641E+01
 238   0.2376577E+01  -0.1393149E-02  -0.2856002E+01   0.7177983E+06   0.5856002E+01
 238   0.2376577E+01  -0.6911532E-02  -0.2160426E+01   0.1446857E+06   0.5160426E+01
 238   0.2376577E+01  -0.7697750E+00  -0.1136362E+00   0.1299081E+04   0.3113636E+01
 238   0.2376577E+01  -0.9288857E+00  -0.3203772E-01   0.1076559E+04   0.3032038E+01
 238   0.2376577E+01  -0.2220487E+01   0.3464483E+00   0.4503516E+03   0.2653552E+01
 238   0.2376577E+01  -0.2664033E+01   0.4255396E+00   0.3753707E+03   0.2574460E+01
 238   0.2376577E+01  -0.2664070E+01   0.4255456E+00   0.3753656E+03   0.2574454E+01
 238   0.2376577E+01  -0.3329011E+01   0.5223153E+00   0.3003895E+03   0.2477685E+01
 238   0.2376577E+01  -0.3415569E+01   0.5334630E+00   0.2927770E+03   0.2466537E+01
 238   0.2376577E+01  -0.3415572E+01   0.5334635E+00   0.2927767E+03   0.2466537E+01
 238   0.2376577E+01  -0.3602931E+01   0.5566560E+00   0.2775518E+03   0.2443344E+01


 239   0.2378398E+01  -0.8463359E-03  -0.3072457E+01   0.1181564E+07   0.6072457E+01
 239   0.2378398E+01  -0.1387341E-02  -0.2857817E+01   0.7208035E+06   0.5857817E+01
 239   0.2378398E+01  -0.6882825E-02  -0.2162233E+01   0.1452892E+06   0.5162233E+01
 239   0.2378398E+01  -0.7719705E+00  -0.1123993E+00   0.1295386E+04   0.3112399E+01
 239   0.2378398E+01  -0.9288909E+00  -0.3203529E-01   0.1076553E+04   0.3032035E+01
 239   0.2378398E+01  -0.2220487E+01   0.3464483E+00   0.4503516E+03   0.2653552E+01
 239   0.2378398E+01  -0.2664033E+01   0.4255396E+00   0.3753707E+03   0.2574460E+01
 239   0.2378398E+01  -0.2664070E+01   0.4255456E+00   0.3753656E+03   0.2574454E+01
 239   0.2378398E+01  -0.3329011E+01   0.5223153E+00   0.3003895E+03   0.2477685E+01
 239   0.2378398E+01  -0.3415569E+01   0.5334630E+00   0.2927770E+03   0.2466537E+01
 239   0.2378398E+01  -0.3415572E+01   0.5334635E+00   0.2927767E+03   0.2466537E+01
 239   0.2378398E+01  -0.3602931E+01   0.5566560E+00   0.2775518E+03   0.2443344E+01


 240   0.2380211E+01  -0.8428195E-03  -0.3074265E+01   0.1186494E+07   0.6074265E+01
 240   0.2380211E+01  -0.1381581E-02  -0.2859624E+01   0.7238087E+06   0.5859624E+01
 240   0.2380211E+01  -0.6854356E-02  -0.2164033E+01   0.1458926E+06   0.5164033E+01
 240   0.2380211E+01  -0.7741408E+00  -0.1111800E+00   0.1291755E+04   0.3111180E+01
 240   0.2380211E+01  -0.9288959E+00  -0.3203294E-01   0.1076547E+04   0.3032033E+01
 240   0.2380211E+01  -0.2220487E+01   0.3464483E+00   0.4503516E+03   0.2653552E+01
 240   0.2380211E+01  -0.2664033E+01   0.4255396E+00   0.3753707E+03   0.2574460E+01
 240   0.2380211E+01  -0.2664069E+01   0.4255455E+00   0.3753656E+03   0.2574454E+01
 240   0.2380211E+01  -0.3329011E+01   0.5223153E+00   0.3003895E+03   0.2477685E+01
 240   0.2380211E+01  -0.3415569E+01   0.5334630E+00   0.2927770E+03   0.2466537E+01
 240   0.2380211E+01  -0.3415572E+01   0.5334635E+00   0.2927767E+03   0.2466537E+01
 240   0.2380211E+01  -0.3602931E+01   0.5566560E+00   0.2775518E+03   0.2443344E+01


 241   0.2382017E+01  -0.8393321E-03  -0.3076066E+01   0.1191423E+07   0.6076066E+01
 241   0.2382017E+01  -0.1375868E-02  -0.2861423E+01   0.7268139E+06   0.5861423E+01
 241   0.2382017E+01  -0.6826122E-02  -0.2165826E+01   0.1464961E+06   0.5165826E+01
 241   0.2382017E+01  -0.7762863E+00  -0.1099781E+00   0.1288185E+04   0.3109978E+01
 241   0.2382017E+01  -0.9289008E+00  -0.3203066E-01   0.1076541E+04   0.3032031E+01
 241   0.2382017E+01  -0.2220487E+01   0.3464483E+00   0.4503516E+03   0.2653552E+01
 241   0.2382017E+01  -0.2664033E+01   0.4255396E+00   0.3753707E+03   0.2574460E+01
 241   0.2382017E+01  -0.2664069E+01   0.4255455E+00   0.3753656E+03   0.2574454E+01
 241   0.2382017E+01  -0.3329011E+01   0.5223153E+00   0.3003895E+03   0.2477685E+01
 241   0.2382017E+01  -0.3415569E+01   0.5334630E+00   0.2927770E+03   0.2466537E+01
 241   0.2382017E+01  -0.3415572E+01   0.5334635E+00   0.2927767E+03   0.2466537E+01
 241   0.2382017E+01  -0.3602931E+01   0.5566560E+00   0.2775518E+03   0.2443344E+01


 242   0.2383815E+01  -0.8358735E-03  -0.3077859E+01   0.1196353E+07   0.6077859E+01
 242   0.2383815E+01  -0.1370203E-02  -0.2863215E+01   0.7298191E+06   0.5863215E+01
 242   0.2383815E+01  -0.6798119E-02  -0.2167611E+01   0.1470995E+06   0.5167611E+01
 242   0.2383815E+01  -0.7784069E+00  -0.1087933E+00   0.1284675E+04   0.3108793E+01
 242   0.2383815E+01  -0.9289055E+00  -0.3202846E-01   0.1076536E+04   0.3032028E+01
 242   0.2383815E+01  -0.2220487E+01   0.3464483E+00   0.4503516E+03   0.2653552E+01
 242   0.2383815E+01  -0.2664033E+01   0.4255396E+00   0.3753707E+03   0.2574460E+01
 242   0.2383815E+01  -0.2664069E+01   0.4255455E+00   0.3753656E+03   0.2574455E+01
 242   0.2383815E+01  -0.3329011E+01   0.5223153E+00   0.3003895E+03   0.2477685E+01
 242   0.2383815E+01  -0.3415569E+01   0.5334630E+00   0.2927770E+03   0.2466537E+01
 242   0.2383815E+01  -0.3415572E+01   0.5334635E+00   0.2927767E+03   0.2466537E+01
 242   0.2383815E+01  -0.3602931E+01   0.5566560E+00   0.2775518E+03   0.2443344E+01


 243   0.2385606E+01  -0.8324433E-03  -0.3079645E+01   0.1201283E+07   0.6079645E+01
 243   0.2385606E+01  -0.1364584E-02  -0.2865000E+01   0.7328243E+06   0.5865000E+01
 243   0.2385606E+01  -0.6770345E-02  -0.2169389E+01   0.1477030E+06   0.5169389E+01
 243   0.2385606E+01  -0.7805030E+00  -0.1076254E+00   0.1281225E+04   0.3107625E+01
 243   0.2385606E+01  -0.9289101E+00  -0.3202633E-01   0.1076530E+04   0.3032026E+01
 243   0.2385606E+01  -0.2220487E+01   0.3464483E+00   0.4503516E+03   0.2653552E+01
 243   0.2385606E+01  -0.2664033E+01   0.4255396E+00   0.3753707E+03   0.2574460E+01
 243   0.2385606E+01  -0.2664069E+01   0.4255455E+00   0.3753657E+03   0.2574455E+01
 243   0.2385606E+01  -0.3329011E+01   0.5223153E+00   0.3003895E+03   0.2477685E+01
 243   0.2385606E+01  -0.3415569E+01   0.5334630E+00   0.2927770E+03   0.2466537E+01
 243   0.2385606E+01  -0.3415572E+01   0.5334635E+00   0.2927767E+03   0.2466537E+01
 243   0.2385606E+01  -0.3602931E+01   0.5566560E+00   0.2775518E+03   0.2443344E+01


 244   0.2387390E+01  -0.8290411E-03  -0.3081424E+01   0.1206213E+07   0.6081424E+01
 244   0.2387390E+01  -0.1359011E-02  -0.2866777E+01   0.7358295E+06   0.5866777E+01
 244   0.2387390E+01  -0.6742797E-02  -0.2171160E+01   0.1483064E+06   0.5171160E+01
 244   0.2387390E+01  -0.7825746E+00  -0.1064742E+00   0.1277833E+04   0.3106474E+01
 244   0.2387390E+01  -0.9289145E+00  -0.3202426E-01   0.1076525E+04   0.3032024E+01
 244   0.2387390E+01  -0.2220487E+01   0.3464483E+00   0.4503516E+03   0.2653552E+01
 244   0.2387390E+01  -0.2664033E+01   0.4255396E+00   0.3753707E+03   0.2574460E+01
 244   0.2387390E+01  -0.2664069E+01   0.4255454E+00   0.3753657E+03   0.2574455E+01
 244   0.2387390E+01  -0.3329011E+01   0.5223153E+00   0.3003895E+03   0.2477685E+01
 244   0.2387390E+01  -0.3415569E+01   0.5334630E+00   0.2927770E+03   0.2466537E+01
 244   0.2387390E+01  -0.3415572E+01   0.5334635E+00   0.2927767E+03   0.2466537E+01
 244   0.2387390E+01  -0.3602931E+01   0.5566560E+00   0.2775518E+03   0.2443344E+01


 245   0.2389166E+01  -0.8256667E-03  -0.3083195E+01   0.1211143E+07   0.6083195E+01
 245   0.2389166E+01  -0.1353483E-02  -0.2868547E+01   0.7388347E+06   0.5868547E+01
 245   0.2389166E+01  -0.6715472E-02  -0.2172923E+01   0.1489099E+06   0.5172923E+01
 245   0.2389166E+01  -0.7846220E+00  -0.1053395E+00   0.1274499E+04   0.3105340E+01
 245   0.2389166E+01  -0.9289188E+00  -0.3202227E-01   0.1076520E+04   0.3032022E+01
 245   0.2389166E+01  -0.2220487E+01   0.3464483E+00   0.4503516E+03   0.2653552E+01
 245   0.2389166E+01  -0.2664033E+01   0.4255396E+00   0.3753707E+03   0.2574460E+01
 245   0.2389166E+01  -0.2664069E+01   0.4255454E+00   0.3753657E+03   0.2574455E+01
 245   0.2389166E+01  -0.3329011E+01   0.5223153E+00   0.3003895E+03   0.2477685E+01
 245   0.2389166E+01  -0.3415569E+01   0.5334630E+00   0.2927770E+03   0.2466537E+01
 245   0.2389166E+01  -0.3415572E+01   0.5334635E+00   0.2927767E+03   0.2466537E+01
 245   0.2389166E+01  -0.3602931E+01   0.5566560E+00   0.2775518E+03   0.2443344E+01


 246   0.2390935E+01  -0.8223195E-03  -0.3084959E+01   0.1216072E+07   0.6084959E+01
 246   0.2390935E+01  -0.1348000E-02  -0.2870310E+01   0.7418398E+06   0.5870310E+01
 246   0.2390935E+01  -0.6688368E-02  -0.2174680E+01   0.1495133E+06   0.5174680E+01
 246   0.2390935E+01  -0.7866453E+00  -0.1042211E+00   0.1271221E+04   0.3104221E+01
 246   0.2390935E+01  -0.9289229E+00  -0.3202034E-01   0.1076516E+04   0.3032020E+01
 246   0.2390935E+01  -0.2220487E+01   0.3464483E+00   0.4503516E+03   0.2653552E+01
 246   0.2390935E+01  -0.2664033E+01   0.4255396E+00   0.3753707E+03   0.2574460E+01
 246   0.2390935E+01  -0.2664068E+01   0.4255454E+00   0.3753657E+03   0.2574455E+01
 246   0.2390935E+01  -0.3329011E+01   0.5223153E+00   0.3003895E+03   0.2477685E+01
 246   0.2390935E+01  -0.3415569E+01   0.5334630E+00   0.2927770E+03   0.2466537E+01
 246   0.2390935E+01  -0.3415572E+01   0.5334635E+00   0.2927767E+03   0.2466537E+01
 246   0.2390935E+01  -0.3602931E+01   0.5566560E+00   0.2775518E+03   0.2443344E+01


 247   0.2392697E+01  -0.8189994E-03  -0.3086716E+01   0.1221002E+07   0.6086716E+01
 247   0.2392697E+01  -0.1342561E-02  -0.2872066E+01   0.7448450E+06   0.5872066E+01
 247   0.2392697E+01  -0.6661481E-02  -0.2176429E+01   0.1501168E+06   0.5176429E+01
 247   0.2392697E+01  -0.7886447E+00  -0.1031186E+00   0.1267998E+04   0.3103119E+01
 247   0.2392697E+01  -0.9289269E+00  -0.3201847E-01   0.1076511E+04   0.3032018E+01
 247   0.2392697E+01  -0.2220487E+01   0.3464483E+00   0.4503516E+03   0.2653552E+01
 247   0.2392697E+01  -0.2664033E+01   0.4255396E+00   0.3753707E+03   0.2574460E+01
 247   0.2392697E+01  -0.2664068E+01   0.4255454E+00   0.3753657E+03   0.2574455E+01
 247   0.2392697E+01  -0.3329011E+01   0.5223153E+00   0.3003895E+03   0.2477685E+01
 247   0.2392697E+01  -0.3415569E+01   0.5334631E+00   0.2927770E+03   0.2466537E+01
 247   0.2392697E+01  -0.3415572E+01   0.5334635E+00   0.2927767E+03   0.2466537E+01
 247   0.2392697E+01  -0.3602931E+01   0.5566560E+00   0.2775518E+03   0.2443344E+01


 248   0.2394452E+01  -0.8157060E-03  -0.3088466E+01   0.1225932E+07   0.6088466E+01
 248   0.2394452E+01  -0.1337166E-02  -0.2873815E+01   0.7478502E+06   0.5873815E+01
 248   0.2394452E+01  -0.6634810E-02  -0.2178171E+01   0.1507202E+06   0.5178171E+01
 248   0.2394452E+01  -0.7906203E+00  -0.1020320E+00   0.1264830E+04   0.3102032E+01
 248   0.2394452E+01  -0.9289308E+00  -0.3201666E-01   0.1076506E+04   0.3032017E+01
 248   0.2394452E+01  -0.2220487E+01   0.3464483E+00   0.4503516E+03   0.2653552E+01
 248   0.2394452E+01  -0.2664033E+01   0.4255396E+00   0.3753707E+03   0.2574460E+01
 248   0.2394452E+01  -0.2664068E+01   0.4255453E+00   0.3753658E+03   0.2574455E+01
 248   0.2394452E+01  -0.3329011E+01   0.5223153E+00   0.3003895E+03   0.2477685E+01
 248   0.2394452E+01  -0.3415569E+01   0.5334631E+00   0.2927770E+03   0.2466537E+01
 248   0.2394452E+01  -0.3415572E+01   0.5334635E+00   0.2927767E+03   0.2466537E+01
 248   0.2394452E+01  -0.3602931E+01   0.5566560E+00   0.2775518E+03   0.2443344E+01


 249   0.2396199E+01  -0.8124390E-03  -0.3090209E+01   0.1230862E+07   0.6090209E+01
 249   0.2396199E+01  -0.1331814E-02  -0.2875556E+01   0.7508554E+06   0.5875556E+01
 249   0.2396199E+01  -0.6608352E-02  -0.2179907E+01   0.1513237E+06   0.5179907E+01
 249   0.2396199E+01  -0.7925725E+00  -0.1009610E+00   0.1261714E+04   0.3100961E+01
 249   0.2396199E+01  -0.9289345E+00  -0.3201491E-01   0.1076502E+04   0.3032015E+01
 249   0.2396199E+01  -0.2220487E+01   0.3464483E+00   0.4503516E+03   0.2653552E+01
 249   0.2396199E+01  -0.2664033E+01   0.4255396E+00   0.3753707E+03   0.2574460E+01
 249   0.2396199E+01  -0.2664068E+01   0.4255453E+00   0.3753658E+03   0.2574455E+01
 249   0.2396199E+01  -0.3329011E+01   0.5223153E+00   0.3003895E+03   0.2477685E+01
 249   0.2396199E+01  -0.3415569E+01   0.5334631E+00   0.2927770E+03   0.2466537E+01
 249   0.2396199E+01  -0.3415572E+01   0.5334635E+00   0.2927767E+03   0.2466537E+01
 249   0.2396199E+01  -0.3602931E+01   0.5566560E+00   0.2775518E+03   0.2443344E+01


 250   0.2397940E+01  -0.8091981E-03  -0.3091945E+01   0.1235791E+07   0.6091945E+01
 250   0.2397940E+01  -0.1326505E-02  -0.2877291E+01   0.7538606E+06   0.5877291E+01
 250   0.2397940E+01  -0.6582104E-02  -0.2181635E+01   0.1519271E+06   0.5181635E+01
 250   0.2397940E+01  -0.7945012E+00  -0.9990542E-01   0.1258651E+04   0.3099905E+01
 250   0.2397940E+01  -0.9289381E+00  -0.3201321E-01   0.1076498E+04   0.3032013E+01
 250   0.2397940E+01  -0.2220487E+01   0.3464483E+00   0.4503516E+03   0.2653552E+01
 250   0.2397940E+01  -0.2664033E+01   0.4255396E+00   0.3753707E+03   0.2574460E+01
 250   0.2397940E+01  -0.2664068E+01   0.4255453E+00   0.3753658E+03   0.2574455E+01
 250   0.2397940E+01  -0.3329011E+01   0.5223153E+00   0.3003895E+03   0.2477685E+01
 250   0.2397940E+01  -0.3415569E+01   0.5334631E+00   0.2927770E+03   0.2466537E+01
 250   0.2397940E+01  -0.3415572E+01   0.5334635E+00   0.2927767E+03   0.2466537E+01
 250   0.2397940E+01  -0.3602931E+01   0.5566560E+00   0.2775518E+03   0.2443344E+01


 251   0.2399674E+01  -0.8059829E-03  -0.3093674E+01   0.1240721E+07   0.6093674E+01
 251   0.2399674E+01  -0.1321238E-02  -0.2879019E+01   0.7568658E+06   0.5879019E+01
 251   0.2399674E+01  -0.6556063E-02  -0.2183357E+01   0.1525306E+06   0.5183357E+01
 251   0.2399674E+01  -0.7964068E+00  -0.9886502E-01   0.1255640E+04   0.3098865E+01
 251   0.2399674E+01  -0.9289416E+00  -0.3201157E-01   0.1076494E+04   0.3032012E+01
 251   0.2399674E+01  -0.2220487E+01   0.3464483E+00   0.4503516E+03   0.2653552E+01
 251   0.2399674E+01  -0.2664033E+01   0.4255396E+00   0.3753707E+03   0.2574460E+01
 251   0.2399674E+01  -0.2664068E+01   0.4255453E+00   0.3753658E+03   0.2574455E+01
 251   0.2399674E+01  -0.3329011E+01   0.5223153E+00   0.3003895E+03   0.2477685E+01
 251   0.2399674E+01  -0.3415569E+01   0.5334631E+00   0.2927770E+03   0.2466537E+01
 251   0.2399674E+01  -0.3415572E+01   0.5334635E+00   0.2927767E+03   0.2466537E+01
 251   0.2399674E+01  -0.3602931E+01   0.5566560E+00   0.2775518E+03   0.2443344E+01


 252   0.2401401E+01  -0.8027931E-03  -0.3095396E+01   0.1245651E+07   0.6095396E+01
 252   0.2401401E+01  -0.1316013E-02  -0.2880740E+01   0.7598710E+06   0.5880740E+01
 252   0.2401401E+01  -0.6530228E-02  -0.2185072E+01   0.1531340E+06   0.5185072E+01
 252   0.2401401E+01  -0.7982895E+00  -0.9783961E-01   0.1252678E+04   0.3097840E+01
 252   0.2401401E+01  -0.9289450E+00  -0.3200998E-01   0.1076490E+04   0.3032010E+01
 252   0.2401401E+01  -0.2220487E+01   0.3464483E+00   0.4503516E+03   0.2653552E+01
 252   0.2401401E+01  -0.2664033E+01   0.4255396E+00   0.3753707E+03   0.2574460E+01
 252   0.2401401E+01  -0.2664068E+01   0.4255452E+00   0.3753658E+03   0.2574455E+01
 252   0.2401401E+01  -0.3329011E+01   0.5223153E+00   0.3003895E+03   0.2477685E+01
 252   0.2401401E+01  -0.3415569E+01   0.5334631E+00   0.2927770E+03   0.2466537E+01
 252   0.2401401E+01  -0.3415572E+01   0.5334635E+00   0.2927767E+03   0.2466537E+01
 252   0.2401401E+01  -0.3602931E+01   0.5566560E+00   0.2775518E+03   0.2443344E+01


 253   0.2403121E+01  -0.7996285E-03  -0.3097112E+01   0.1250581E+07   0.6097112E+01
 253   0.2403121E+01  -0.1310829E-02  -0.2882454E+01   0.7628762E+06   0.5882454E+01
 253   0.2403121E+01  -0.6504596E-02  -0.2186780E+01   0.1537375E+06   0.5186780E+01
 253   0.2403121E+01  -0.8001493E+00  -0.9682899E-01   0.1249767E+04   0.3096829E+01
 253   0.2403121E+01  -0.9289483E+00  -0.3200845E-01   0.1076486E+04   0.3032008E+01
 253   0.2403121E+01  -0.2220487E+01   0.3464483E+00   0.4503516E+03   0.2653552E+01
 253   0.2403121E+01  -0.2664033E+01   0.4255396E+00   0.3753707E+03   0.2574460E+01
 253   0.2403121E+01  -0.2664067E+01   0.4255452E+00   0.3753659E+03   0.2574455E+01
 253   0.2403121E+01  -0.3329011E+01   0.5223153E+00   0.3003895E+03   0.2477685E+01
 253   0.2403121E+01  -0.3415569E+01   0.5334631E+00   0.2927770E+03   0.2466537E+01
 253   0.2403121E+01  -0.3415572E+01   0.5334635E+00   0.2927767E+03   0.2466537E+01
 253   0.2403121E+01  -0.3602931E+01   0.5566560E+00   0.2775518E+03   0.2443344E+01


 254   0.2404834E+01  -0.7964888E-03  -0.3098820E+01   0.1255510E+07   0.6098820E+01
 254   0.2404834E+01  -0.1305685E-02  -0.2884161E+01   0.7658813E+06   0.5884161E+01
 254   0.2404834E+01  -0.6479164E-02  -0.2188481E+01   0.1543409E+06   0.5188481E+01
 254   0.2404834E+01  -0.8019864E+00  -0.9583297E-01   0.1246904E+04   0.3095833E+01
 254   0.2404834E+01  -0.9289515E+00  -0.3200697E-01   0.1076482E+04   0.3032007E+01
 254   0.2404834E+01  -0.2220487E+01   0.3464483E+00   0.4503516E+03   0.2653552E+01
 254   0.2404834E+01  -0.2664033E+01   0.4255396E+00   0.3753707E+03   0.2574460E+01
 254   0.2404834E+01  -0.2664067E+01   0.4255452E+00   0.3753659E+03   0.2574455E+01
 254   0.2404834E+01  -0.3329011E+01   0.5223153E+00   0.3003895E+03   0.2477685E+01
 254   0.2404834E+01  -0.3415569E+01   0.5334631E+00   0.2927770E+03   0.2466537E+01
 254   0.2404834E+01  -0.3415572E+01   0.5334635E+00   0.2927767E+03   0.2466537E+01
 254   0.2404834E+01  -0.3602931E+01   0.5566560E+00   0.2775518E+03   0.2443344E+01


 255   0.2406540E+01  -0.7933736E-03  -0.3100522E+01   0.1260440E+07   0.6100522E+01
 255   0.2406540E+01  -0.1300582E-02  -0.2885862E+01   0.7688865E+06   0.5885862E+01
 255   0.2406540E+01  -0.6453930E-02  -0.2190176E+01   0.1549444E+06   0.5190176E+01
 255   0.2406540E+01  -0.8038012E+00  -0.9485135E-01   0.1244089E+04   0.3094851E+01
 255   0.2406540E+01  -0.9289546E+00  -0.3200553E-01   0.1076479E+04   0.3032006E+01
 255   0.2406540E+01  -0.2220487E+01   0.3464483E+00   0.4503516E+03   0.2653552E+01
 255   0.2406540E+01  -0.2664033E+01   0.4255396E+00   0.3753707E+03   0.2574460E+01
 255   0.2406540E+01  -0.2664067E+01   0.4255452E+00   0.3753659E+03   0.2574455E+01
 255   0.2406540E+01  -0.3329011E+01   0.5223153E+00   0.3003895E+03   0.2477685E+01
 255   0.2406540E+01  -0.3415569E+01   0.5334631E+00   0.2927770E+03   0.2466537E+01
 255   0.2406540E+01  -0.3415572E+01   0.5334635E+00   0.2927767E+03   0.2466537E+01
 255   0.2406540E+01  -0.3602931E+01   0.5566560E+00   0.2775518E+03   0.2443344E+01


 256   0.2408240E+01  -0.7902827E-03  -0.3102218E+01   0.1265370E+07   0.6102218E+01
 256   0.2408240E+01  -0.1295518E-02  -0.2887556E+01   0.7718917E+06   0.5887556E+01
 256   0.2408240E+01  -0.6428892E-02  -0.2191864E+01   0.1555478E+06   0.5191864E+01
 256   0.2408240E+01  -0.8055937E+00  -0.9388394E-01   0.1241321E+04   0.3093884E+01
 256   0.2408240E+01  -0.9289575E+00  -0.3200414E-01   0.1076475E+04   0.3032004E+01
 256   0.2408240E+01  -0.2220487E+01   0.3464483E+00   0.4503516E+03   0.2653552E+01
 256   0.2408240E+01  -0.2664033E+01   0.4255396E+00   0.3753707E+03   0.2574460E+01
 256   0.2408240E+01  -0.2664067E+01   0.4255452E+00   0.3753659E+03   0.2574455E+01
 256   0.2408240E+01  -0.3329011E+01   0.5223153E+00   0.3003895E+03   0.2477685E+01
 256   0.2408240E+01  -0.3415569E+01   0.5334631E+00   0.2927770E+03   0.2466537E+01
 256   0.2408240E+01  -0.3415572E+01   0.5334635E+00   0.2927767E+03   0.2466537E+01
 256   0.2408240E+01  -0.3602931E+01   0.5566560E+00   0.2775518E+03   0.2443344E+01


 257   0.2409933E+01  -0.7872158E-03  -0.3103906E+01   0.1270300E+07   0.6103906E+01
 257   0.2409933E+01  -0.1290494E-02  -0.2889244E+01   0.7748969E+06   0.5889244E+01
 257   0.2409933E+01  -0.6404047E-02  -0.2193545E+01   0.1561513E+06   0.5193545E+01
 257   0.2409933E+01  -0.8073641E+00  -0.9293054E-01   0.1238598E+04   0.3092931E+01
 257   0.2409933E+01  -0.9289604E+00  -0.3200280E-01   0.1076472E+04   0.3032003E+01
 257   0.2409933E+01  -0.2220487E+01   0.3464483E+00   0.4503516E+03   0.2653552E+01
 257   0.2409933E+01  -0.2664033E+01   0.4255396E+00   0.3753707E+03   0.2574460E+01
 257   0.2409933E+01  -0.2664067E+01   0.4255451E+00   0.3753659E+03   0.2574455E+01
 257   0.2409933E+01  -0.3329011E+01   0.5223153E+00   0.3003895E+03   0.2477685E+01
 257   0.2409933E+01  -0.3415569E+01   0.5334631E+00   0.2927770E+03   0.2466537E+01
 257   0.2409933E+01  -0.3415572E+01   0.5334635E+00   0.2927767E+03   0.2466537E+01
 257   0.2409933E+01  -0.3602931E+01   0.5566560E+00   0.2775518E+03   0.2443344E+01


 258   0.2411620E+01  -0.7841725E-03  -0.3105588E+01   0.1275230E+07   0.6105588E+01
 258   0.2411620E+01  -0.1285509E-02  -0.2890925E+01   0.7779021E+06   0.5890925E+01
 258   0.2411620E+01  -0.6379394E-02  -0.2195221E+01   0.1567547E+06   0.5195221E+01
 258   0.2411620E+01  -0.8091127E+00  -0.9199097E-01   0.1235922E+04   0.3091991E+01
 258   0.2411620E+01  -0.9289632E+00  -0.3200150E-01   0.1076469E+04   0.3032001E+01
 258   0.2411620E+01  -0.2220487E+01   0.3464483E+00   0.4503516E+03   0.2653552E+01
 258   0.2411620E+01  -0.2664033E+01   0.4255396E+00   0.3753707E+03   0.2574460E+01
 258   0.2411620E+01  -0.2664067E+01   0.4255451E+00   0.3753660E+03   0.2574455E+01
 258   0.2411620E+01  -0.3329011E+01   0.5223153E+00   0.3003895E+03   0.2477685E+01
 258   0.2411620E+01  -0.3415569E+01   0.5334631E+00   0.2927770E+03   0.2466537E+01
 258   0.2411620E+01  -0.3415572E+01   0.5334635E+00   0.2927767E+03   0.2466537E+01
 258   0.2411620E+01  -0.3602931E+01   0.5566560E+00   0.2775518E+03   0.2443344E+01


 259   0.2413300E+01  -0.7811528E-03  -0.3107264E+01   0.1280159E+07   0.6107264E+01
 259   0.2413300E+01  -0.1280562E-02  -0.2892599E+01   0.7809073E+06   0.5892599E+01
 259   0.2413300E+01  -0.6354930E-02  -0.2196889E+01   0.1573582E+06   0.5196889E+01
 259   0.2413300E+01  -0.8108396E+00  -0.9106504E-01   0.1233290E+04   0.3091065E+01
 259   0.2413300E+01  -0.9289659E+00  -0.3200024E-01   0.1076466E+04   0.3032000E+01
 259   0.2413300E+01  -0.2220487E+01   0.3464483E+00   0.4503516E+03   0.2653552E+01
 259   0.2413300E+01  -0.2664033E+01   0.4255396E+00   0.3753707E+03   0.2574460E+01
 259   0.2413300E+01  -0.2664067E+01   0.4255451E+00   0.3753660E+03   0.2574455E+01
 259   0.2413300E+01  -0.3329011E+01   0.5223153E+00   0.3003895E+03   0.2477685E+01
 259   0.2413300E+01  -0.3415569E+01   0.5334631E+00   0.2927770E+03   0.2466537E+01
 259   0.2413300E+01  -0.3415572E+01   0.5334635E+00   0.2927767E+03   0.2466537E+01
 259   0.2413300E+01  -0.3602931E+01   0.5566560E+00   0.2775518E+03   0.2443344E+01


 260   0.2414973E+01  -0.7781562E-03  -0.3108933E+01   0.1285089E+07   0.6108933E+01
 260   0.2414973E+01  -0.1275653E-02  -0.2894268E+01   0.7839125E+06   0.5894268E+01
 260   0.2414973E+01  -0.6330652E-02  -0.2198552E+01   0.1579616E+06   0.5198552E+01
 260   0.2414973E+01  -0.8125450E+00  -0.9015256E-01   0.1230701E+04   0.3090153E+01
 260   0.2414973E+01  -0.9289685E+00  -0.3199902E-01   0.1076463E+04   0.3031999E+01
 260   0.2414973E+01  -0.2220487E+01   0.3464483E+00   0.4503516E+03   0.2653552E+01
 260   0.2414973E+01  -0.2664033E+01   0.4255396E+00   0.3753707E+03   0.2574460E+01
 260   0.2414973E+01  -0.2664067E+01   0.4255451E+00   0.3753660E+03   0.2574455E+01
 260   0.2414973E+01  -0.3329011E+01   0.5223153E+00   0.3003895E+03   0.2477685E+01
 260   0.2414973E+01  -0.3415569E+01   0.5334631E+00   0.2927770E+03   0.2466537E+01
 260   0.2414973E+01  -0.3415572E+01   0.5334635E+00   0.2927767E+03   0.2466537E+01
 260   0.2414973E+01  -0.3602931E+01   0.5566560E+00   0.2775518E+03   0.2443344E+01


 261   0.2416641E+01  -0.7751825E-03  -0.3110596E+01   0.1290019E+07   0.6110596E+01
 261   0.2416641E+01  -0.1270781E-02  -0.2895929E+01   0.7869176E+06   0.5895929E+01
 261   0.2416641E+01  -0.6306560E-02  -0.2200207E+01   0.1585651E+06   0.5200207E+01
 261   0.2416641E+01  -0.8142291E+00  -0.8925337E-01   0.1228156E+04   0.3089253E+01
 261   0.2416641E+01  -0.9289710E+00  -0.3199785E-01   0.1076460E+04   0.3031998E+01
 261   0.2416641E+01  -0.2220487E+01   0.3464483E+00   0.4503516E+03   0.2653552E+01
 261   0.2416641E+01  -0.2664033E+01   0.4255396E+00   0.3753707E+03   0.2574460E+01
 261   0.2416641E+01  -0.2664066E+01   0.4255450E+00   0.3753660E+03   0.2574455E+01
 261   0.2416641E+01  -0.3329011E+01   0.5223153E+00   0.3003895E+03   0.2477685E+01
 261   0.2416641E+01  -0.3415569E+01   0.5334631E+00   0.2927770E+03   0.2466537E+01
 261   0.2416641E+01  -0.3415572E+01   0.5334635E+00   0.2927767E+03   0.2466537E+01
 261   0.2416641E+01  -0.3602931E+01   0.5566560E+00   0.2775518E+03   0.2443344E+01


 262   0.2418301E+01  -0.7722314E-03  -0.3112253E+01   0.1294949E+07   0.6112253E+01
 262   0.2418301E+01  -0.1265946E-02  -0.2897585E+01   0.7899228E+06   0.5897585E+01
 262   0.2418301E+01  -0.6282650E-02  -0.2201857E+01   0.1591685E+06   0.5201857E+01
 262   0.2418301E+01  -0.8158921E+00  -0.8836726E-01   0.1225652E+04   0.3088367E+01
 262   0.2418301E+01  -0.9289734E+00  -0.3199671E-01   0.1076457E+04   0.3031997E+01
 262   0.2418301E+01  -0.2220487E+01   0.3464483E+00   0.4503516E+03   0.2653552E+01
 262   0.2418301E+01  -0.2664033E+01   0.4255396E+00   0.3753707E+03   0.2574460E+01
 262   0.2418301E+01  -0.2664066E+01   0.4255450E+00   0.3753660E+03   0.2574455E+01
 262   0.2418301E+01  -0.3329011E+01   0.5223153E+00   0.3003895E+03   0.2477685E+01
 262   0.2418301E+01  -0.3415569E+01   0.5334631E+00   0.2927770E+03   0.2466537E+01
 262   0.2418301E+01  -0.3415572E+01   0.5334635E+00   0.2927767E+03   0.2466537E+01
 262   0.2418301E+01  -0.3602931E+01   0.5566560E+00   0.2775518E+03   0.2443344E+01


 263   0.2419956E+01  -0.7693027E-03  -0.3113903E+01   0.1299878E+07   0.6113903E+01
 263   0.2419956E+01  -0.1261149E-02  -0.2899234E+01   0.7929280E+06   0.5899234E+01
 263   0.2419956E+01  -0.6258921E-02  -0.2203501E+01   0.1597719E+06   0.5203501E+01
 263   0.2419956E+01  -0.8175342E+00  -0.8749408E-01   0.1223190E+04   0.3087494E+01
 263   0.2419956E+01  -0.9289758E+00  -0.3199561E-01   0.1076454E+04   0.3031996E+01
 263   0.2419956E+01  -0.2220487E+01   0.3464483E+00   0.4503516E+03   0.2653552E+01
 263   0.2419956E+01  -0.2664033E+01   0.4255397E+00   0.3753707E+03   0.2574460E+01
 263   0.2419956E+01  -0.2664066E+01   0.4255450E+00   0.3753661E+03   0.2574455E+01
 263   0.2419956E+01  -0.3329011E+01   0.5223153E+00   0.3003895E+03   0.2477685E+01
 263   0.2419956E+01  -0.3415569E+01   0.5334631E+00   0.2927770E+03   0.2466537E+01
 263   0.2419956E+01  -0.3415572E+01   0.5334635E+00   0.2927767E+03   0.2466537E+01
 263   0.2419956E+01  -0.3602931E+01   0.5566560E+00   0.2775518E+03   0.2443344E+01


 264   0.2421604E+01  -0.7663962E-03  -0.3115547E+01   0.1304808E+07   0.6115547E+01
 264   0.2421604E+01  -0.1256387E-02  -0.2900877E+01   0.7959332E+06   0.5900877E+01
 264   0.2421604E+01  -0.6235370E-02  -0.2205138E+01   0.1603754E+06   0.5205138E+01
 264   0.2421604E+01  -0.8191555E+00  -0.8663364E-01   0.1220769E+04   0.3086634E+01
 264   0.2421604E+01  -0.9289781E+00  -0.3199454E-01   0.1076452E+04   0.3031995E+01
 264   0.2421604E+01  -0.2220487E+01   0.3464483E+00   0.4503516E+03   0.2653552E+01
 264   0.2421604E+01  -0.2664033E+01   0.4255397E+00   0.3753707E+03   0.2574460E+01
 264   0.2421604E+01  -0.2664066E+01   0.4255450E+00   0.3753661E+03   0.2574455E+01
 264   0.2421604E+01  -0.3329011E+01   0.5223153E+00   0.3003895E+03   0.2477685E+01
 264   0.2421604E+01  -0.3415569E+01   0.5334631E+00   0.2927770E+03   0.2466537E+01
 264   0.2421604E+01  -0.3415572E+01   0.5334635E+00   0.2927767E+03   0.2466537E+01
 264   0.2421604E+01  -0.3602931E+01   0.5566560E+00   0.2775518E+03   0.2443344E+01


 265   0.2423246E+01  -0.7635115E-03  -0.3117184E+01   0.1309738E+07   0.6117184E+01
 265   0.2423246E+01  -0.1251661E-02  -0.2902513E+01   0.7989384E+06   0.5902513E+01
 265   0.2423246E+01  -0.6211996E-02  -0.2206769E+01   0.1609788E+06   0.5206769E+01
 265   0.2423246E+01  -0.8207563E+00  -0.8578577E-01   0.1218388E+04   0.3085786E+01
 265   0.2423246E+01  -0.9289803E+00  -0.3199352E-01   0.1076449E+04   0.3031994E+01
 265   0.2423246E+01  -0.2220487E+01   0.3464483E+00   0.4503516E+03   0.2653552E+01
 265   0.2423246E+01  -0.2664033E+01   0.4255397E+00   0.3753707E+03   0.2574460E+01
 265   0.2423246E+01  -0.2664066E+01   0.4255450E+00   0.3753661E+03   0.2574455E+01
 265   0.2423246E+01  -0.3329011E+01   0.5223153E+00   0.3003895E+03   0.2477685E+01
 265   0.2423246E+01  -0.3415569E+01   0.5334631E+00   0.2927770E+03   0.2466537E+01
 265   0.2423246E+01  -0.3415572E+01   0.5334635E+00   0.2927767E+03   0.2466537E+01
 265   0.2423246E+01  -0.3602931E+01   0.5566560E+00   0.2775518E+03   0.2443344E+01


 266   0.2424882E+01  -0.7606485E-03  -0.3118816E+01   0.1314668E+07   0.6118816E+01
 266   0.2424882E+01  -0.1246971E-02  -0.2904144E+01   0.8019436E+06   0.5904144E+01
 266   0.2424882E+01  -0.6188797E-02  -0.2208394E+01   0.1615823E+06   0.5208394E+01
 266   0.2424882E+01  -0.8223367E+00  -0.8495031E-01   0.1216047E+04   0.3084950E+01
 266   0.2424882E+01  -0.9289824E+00  -0.3199252E-01   0.1076447E+04   0.3031993E+01
 266   0.2424882E+01  -0.2220487E+01   0.3464483E+00   0.4503516E+03   0.2653552E+01
 266   0.2424882E+01  -0.2664033E+01   0.4255397E+00   0.3753707E+03   0.2574460E+01
 266   0.2424882E+01  -0.2664066E+01   0.4255449E+00   0.3753661E+03   0.2574455E+01
 266   0.2424882E+01  -0.3329011E+01   0.5223153E+00   0.3003895E+03   0.2477685E+01
 266   0.2424882E+01  -0.3415569E+01   0.5334631E+00   0.2927770E+03   0.2466537E+01
 266   0.2424882E+01  -0.3415572E+01   0.5334635E+00   0.2927767E+03   0.2466537E+01
 266   0.2424882E+01  -0.3602931E+01   0.5566560E+00   0.2775518E+03   0.2443344E+01


 267   0.2426511E+01  -0.7578068E-03  -0.3120441E+01   0.1319598E+07   0.6120441E+01
 267   0.2426511E+01  -0.1242315E-02  -0.2905768E+01   0.8049487E+06   0.5905768E+01
 267   0.2426511E+01  -0.6165770E-02  -0.2210013E+01   0.1621857E+06   0.5210013E+01
 267   0.2426511E+01  -0.8238970E+00  -0.8412707E-01   0.1213744E+04   0.3084127E+01
 267   0.2426511E+01  -0.9289844E+00  -0.3199156E-01   0.1076444E+04   0.3031992E+01
 267   0.2426511E+01  -0.2220487E+01   0.3464483E+00   0.4503516E+03   0.2653552E+01
 267   0.2426511E+01  -0.2664033E+01   0.4255397E+00   0.3753707E+03   0.2574460E+01
 267   0.2426511E+01  -0.2664066E+01   0.4255449E+00   0.3753661E+03   0.2574455E+01
 267   0.2426511E+01  -0.3329011E+01   0.5223153E+00   0.3003895E+03   0.2477685E+01
 267   0.2426511E+01  -0.3415569E+01   0.5334631E+00   0.2927770E+03   0.2466537E+01
 267   0.2426511E+01  -0.3415572E+01   0.5334635E+00   0.2927767E+03   0.2466537E+01
 267   0.2426511E+01  -0.3602931E+01   0.5566560E+00   0.2775518E+03   0.2443344E+01


 268   0.2428135E+01  -0.7549863E-03  -0.3122061E+01   0.1324527E+07   0.6122061E+01
 268   0.2428135E+01  -0.1237694E-02  -0.2907387E+01   0.8079539E+06   0.5907387E+01
 268   0.2428135E+01  -0.6142914E-02  -0.2211626E+01   0.1627892E+06   0.5211626E+01
 268   0.2428135E+01  -0.8254373E+00  -0.8331590E-01   0.1211479E+04   0.3083316E+01
 268   0.2428135E+01  -0.9289864E+00  -0.3199063E-01   0.1076442E+04   0.3031991E+01
 268   0.2428135E+01  -0.2220487E+01   0.3464483E+00   0.4503516E+03   0.2653552E+01
 268   0.2428135E+01  -0.2664033E+01   0.4255397E+00   0.3753707E+03   0.2574460E+01
 268   0.2428135E+01  -0.2664066E+01   0.4255449E+00   0.3753661E+03   0.2574455E+01
 268   0.2428135E+01  -0.3329011E+01   0.5223153E+00   0.3003895E+03   0.2477685E+01
 268   0.2428135E+01  -0.3415569E+01   0.5334631E+00   0.2927770E+03   0.2466537E+01
 268   0.2428135E+01  -0.3415572E+01   0.5334634E+00   0.2927767E+03   0.2466537E+01
 268   0.2428135E+01  -0.3602931E+01   0.5566560E+00   0.2775518E+03   0.2443344E+01


 269   0.2429752E+01  -0.7521868E-03  -0.3123674E+01   0.1329457E+07   0.6123674E+01
 269   0.2429752E+01  -0.1233108E-02  -0.2908999E+01   0.8109591E+06   0.5908999E+01
 269   0.2429752E+01  -0.6120227E-02  -0.2213232E+01   0.1633926E+06   0.5213232E+01
 269   0.2429752E+01  -0.8269578E+00  -0.8251664E-01   0.1209252E+04   0.3082517E+01
 269   0.2429752E+01  -0.9289883E+00  -0.3198974E-01   0.1076440E+04   0.3031990E+01
 269   0.2429752E+01  -0.2220487E+01   0.3464483E+00   0.4503516E+03   0.2653552E+01
 269   0.2429752E+01  -0.2664033E+01   0.4255397E+00   0.3753707E+03   0.2574460E+01
 269   0.2429752E+01  -0.2664065E+01   0.4255449E+00   0.3753662E+03   0.2574455E+01
 269   0.2429752E+01  -0.3329011E+01   0.5223153E+00   0.3003895E+03   0.2477685E+01
 269   0.2429752E+01  -0.3415569E+01   0.5334631E+00   0.2927770E+03   0.2466537E+01
 269   0.2429752E+01  -0.3415572E+01   0.5334634E+00   0.2927767E+03   0.2466537E+01
 269   0.2429752E+01  -0.3602931E+01   0.5566560E+00   0.2775518E+03   0.2443344E+01


 270   0.2431364E+01  -0.7494079E-03  -0.3125282E+01   0.1334387E+07   0.6125282E+01
 270   0.2431364E+01  -0.1228555E-02  -0.2910605E+01   0.8139643E+06   0.5910605E+01
 270   0.2431364E+01  -0.6097706E-02  -0.2214833E+01   0.1639961E+06   0.5214833E+01
 270   0.2431364E+01  -0.8284588E+00  -0.8172911E-01   0.1207061E+04   0.3081729E+01
 270   0.2431364E+01  -0.9289902E+00  -0.3198887E-01   0.1076438E+04   0.3031989E+01
 270   0.2431364E+01  -0.2220487E+01   0.3464483E+00   0.4503516E+03   0.2653552E+01
 270   0.2431364E+01  -0.2664033E+01   0.4255397E+00   0.3753707E+03   0.2574460E+01
 270   0.2431364E+01  -0.2664065E+01   0.4255449E+00   0.3753662E+03   0.2574455E+01
 270   0.2431364E+01  -0.3329011E+01   0.5223153E+00   0.3003895E+03   0.2477685E+01
 270   0.2431364E+01  -0.3415569E+01   0.5334631E+00   0.2927770E+03   0.2466537E+01
 270   0.2431364E+01  -0.3415572E+01   0.5334634E+00   0.2927767E+03   0.2466537E+01
 270   0.2431364E+01  -0.3602931E+01   0.5566560E+00   0.2775518E+03   0.2443344E+01


 271   0.2432969E+01  -0.7466494E-03  -0.3126883E+01   0.1339317E+07   0.6126883E+01
 271   0.2432969E+01  -0.1224036E-02  -0.2912206E+01   0.8169695E+06   0.5912206E+01
 271   0.2432969E+01  -0.6075351E-02  -0.2216429E+01   0.1645995E+06   0.5216429E+01
 271   0.2432969E+01  -0.8299403E+00  -0.8095316E-01   0.1204906E+04   0.3080953E+01
 271   0.2432969E+01  -0.9289920E+00  -0.3198803E-01   0.1076436E+04   0.3031988E+01
 271   0.2432969E+01  -0.2220487E+01   0.3464483E+00   0.4503516E+03   0.2653552E+01
 271   0.2432969E+01  -0.2664033E+01   0.4255397E+00   0.3753707E+03   0.2574460E+01
 271   0.2432969E+01  -0.2664065E+01   0.4255448E+00   0.3753662E+03   0.2574455E+01
 271   0.2432969E+01  -0.3329011E+01   0.5223153E+00   0.3003895E+03   0.2477685E+01
 271   0.2432969E+01  -0.3415569E+01   0.5334631E+00   0.2927770E+03   0.2466537E+01
 271   0.2432969E+01  -0.3415572E+01   0.5334634E+00   0.2927767E+03   0.2466537E+01
 271   0.2432969E+01  -0.3602931E+01   0.5566560E+00   0.2775518E+03   0.2443344E+01


 272   0.2434569E+01  -0.7439112E-03  -0.3128479E+01   0.1344246E+07   0.6128479E+01
 272   0.2434569E+01  -0.1219550E-02  -0.2913800E+01   0.8199746E+06   0.5913800E+01
 272   0.2434569E+01  -0.6053159E-02  -0.2218018E+01   0.1652030E+06   0.5218018E+01
 272   0.2434569E+01  -0.8314026E+00  -0.8018863E-01   0.1202787E+04   0.3080189E+01
 272   0.2434569E+01  -0.9289937E+00  -0.3198722E-01   0.1076434E+04   0.3031987E+01
 272   0.2434569E+01  -0.2220487E+01   0.3464483E+00   0.4503516E+03   0.2653552E+01
 272   0.2434569E+01  -0.2664033E+01   0.4255397E+00   0.3753707E+03   0.2574460E+01
 272   0.2434569E+01  -0.2664065E+01   0.4255448E+00   0.3753662E+03   0.2574455E+01
 272   0.2434569E+01  -0.3329011E+01   0.5223153E+00   0.3003895E+03   0.2477685E+01
 272   0.2434569E+01  -0.3415569E+01   0.5334631E+00   0.2927770E+03   0.2466537E+01
 272   0.2434569E+01  -0.3415572E+01   0.5334634E+00   0.2927767E+03   0.2466537E+01
 272   0.2434569E+01  -0.3602931E+01   0.5566560E+00   0.2775518E+03   0.2443344E+01


 273   0.2436163E+01  -0.7411931E-03  -0.3130069E+01   0.1349176E+07   0.6130069E+01
 273   0.2436163E+01  -0.1215097E-02  -0.2915389E+01   0.8229798E+06   0.5915389E+01
 273   0.2436163E+01  -0.6031129E-02  -0.2219601E+01   0.1658064E+06   0.5219601E+01
 273   0.2436163E+01  -0.8328459E+00  -0.7943537E-01   0.1200702E+04   0.3079435E+01
 273   0.2436163E+01  -0.9289954E+00  -0.3198644E-01   0.1076432E+04   0.3031986E+01
 273   0.2436163E+01  -0.2220487E+01   0.3464483E+00   0.4503516E+03   0.2653552E+01
 273   0.2436163E+01  -0.2664033E+01   0.4255397E+00   0.3753707E+03   0.2574460E+01
 273   0.2436163E+01  -0.2664065E+01   0.4255448E+00   0.3753662E+03   0.2574455E+01
 273   0.2436163E+01  -0.3329011E+01   0.5223153E+00   0.3003895E+03   0.2477685E+01
 273   0.2436163E+01  -0.3415569E+01   0.5334631E+00   0.2927770E+03   0.2466537E+01
 273   0.2436163E+01  -0.3415572E+01   0.5334634E+00   0.2927767E+03   0.2466537E+01
 273   0.2436163E+01  -0.3602931E+01   0.5566560E+00   0.2775518E+03   0.2443344E+01


 274   0.2437751E+01  -0.7384947E-03  -0.3131653E+01   0.1354106E+07   0.6131653E+01
 274   0.2437751E+01  -0.1210676E-02  -0.2916972E+01   0.8259850E+06   0.5916972E+01
 274   0.2437751E+01  -0.6009258E-02  -0.2221179E+01   0.1664099E+06   0.5221179E+01
 274   0.2437751E+01  -0.8342703E+00  -0.7869322E-01   0.1198652E+04   0.3078693E+01
 274   0.2437751E+01  -0.9289970E+00  -0.3198568E-01   0.1076430E+04   0.3031986E+01
 274   0.2437751E+01  -0.2220487E+01   0.3464483E+00   0.4503516E+03   0.2653552E+01
 274   0.2437751E+01  -0.2664033E+01   0.4255397E+00   0.3753707E+03   0.2574460E+01
 274   0.2437751E+01  -0.2664065E+01   0.4255448E+00   0.3753662E+03   0.2574455E+01
 274   0.2437751E+01  -0.3329011E+01   0.5223153E+00   0.3003895E+03   0.2477685E+01
 274   0.2437751E+01  -0.3415569E+01   0.5334631E+00   0.2927770E+03   0.2466537E+01
 274   0.2437751E+01  -0.3415572E+01   0.5334634E+00   0.2927767E+03   0.2466537E+01
 274   0.2437751E+01  -0.3602931E+01   0.5566560E+00   0.2775518E+03   0.2443344E+01


 275   0.2439333E+01  -0.7358158E-03  -0.3133231E+01   0.1359036E+07   0.6133231E+01
 275   0.2439333E+01  -0.1206287E-02  -0.2918549E+01   0.8289902E+06   0.5918549E+01
 275   0.2439333E+01  -0.5987546E-02  -0.2222751E+01   0.1670133E+06   0.5222751E+01
 275   0.2439333E+01  -0.8356761E+00  -0.7796202E-01   0.1196636E+04   0.3077962E+01
 275   0.2439333E+01  -0.9289986E+00  -0.3198496E-01   0.1076428E+04   0.3031985E+01
 275   0.2439333E+01  -0.2220487E+01   0.3464483E+00   0.4503516E+03   0.2653552E+01
 275   0.2439333E+01  -0.2664033E+01   0.4255397E+00   0.3753707E+03   0.2574460E+01
 275   0.2439333E+01  -0.2664065E+01   0.4255448E+00   0.3753663E+03   0.2574455E+01
 275   0.2439333E+01  -0.3329011E+01   0.5223153E+00   0.3003895E+03   0.2477685E+01
 275   0.2439333E+01  -0.3415569E+01   0.5334631E+00   0.2927770E+03   0.2466537E+01
 275   0.2439333E+01  -0.3415572E+01   0.5334634E+00   0.2927767E+03   0.2466537E+01
 275   0.2439333E+01  -0.3602931E+01   0.5566560E+00   0.2775518E+03   0.2443344E+01


 276   0.2440909E+01  -0.7331564E-03  -0.3134803E+01   0.1363965E+07   0.6134803E+01
 276   0.2440909E+01  -0.1201930E-02  -0.2920121E+01   0.8319954E+06   0.5920121E+01
 276   0.2440909E+01  -0.5965990E-02  -0.2224318E+01   0.1676168E+06   0.5224318E+01
 276   0.2440909E+01  -0.8370634E+00  -0.7724163E-01   0.1194653E+04   0.3077242E+01
 276   0.2440909E+01  -0.9290001E+00  -0.3198425E-01   0.1076426E+04   0.3031984E+01
 276   0.2440909E+01  -0.2220487E+01   0.3464483E+00   0.4503516E+03   0.2653552E+01
 276   0.2440909E+01  -0.2664033E+01   0.4255397E+00   0.3753707E+03   0.2574460E+01
 276   0.2440909E+01  -0.2664065E+01   0.4255447E+00   0.3753663E+03   0.2574455E+01
 276   0.2440909E+01  -0.3329011E+01   0.5223153E+00   0.3003895E+03   0.2477685E+01
 276   0.2440909E+01  -0.3415569E+01   0.5334631E+00   0.2927770E+03   0.2466537E+01
 276   0.2440909E+01  -0.3415572E+01   0.5334634E+00   0.2927767E+03   0.2466537E+01
 276   0.2440909E+01  -0.3602931E+01   0.5566560E+00   0.2775518E+03   0.2443344E+01


 277   0.2442480E+01  -0.7305161E-03  -0.3136370E+01   0.1368895E+07   0.6136370E+01
 277   0.2442480E+01  -0.1197604E-02  -0.2921687E+01   0.8350005E+06   0.5921687E+01
 277   0.2442480E+01  -0.5944588E-02  -0.2225878E+01   0.1682202E+06   0.5225878E+01
 277   0.2442480E+01  -0.8384325E+00  -0.7653190E-01   0.1192702E+04   0.3076532E+01
 277   0.2442480E+01  -0.9290015E+00  -0.3198357E-01   0.1076424E+04   0.3031984E+01
 277   0.2442480E+01  -0.2220487E+01   0.3464483E+00   0.4503516E+03   0.2653552E+01
 277   0.2442480E+01  -0.2664033E+01   0.4255397E+00   0.3753707E+03   0.2574460E+01
 277   0.2442480E+01  -0.2664064E+01   0.4255447E+00   0.3753663E+03   0.2574455E+01
 277   0.2442480E+01  -0.3329011E+01   0.5223153E+00   0.3003895E+03   0.2477685E+01
 277   0.2442480E+01  -0.3415569E+01   0.5334631E+00   0.2927770E+03   0.2466537E+01
 277   0.2442480E+01  -0.3415572E+01   0.5334634E+00   0.2927767E+03   0.2466537E+01
 277   0.2442480E+01  -0.3602931E+01   0.5566560E+00   0.2775518E+03   0.2443344E+01


 278   0.2444045E+01  -0.7278947E-03  -0.3137931E+01   0.1373825E+07   0.6137931E+01
 278   0.2444045E+01  -0.1193309E-02  -0.2923247E+01   0.8380057E+06   0.5923247E+01
 278   0.2444045E+01  -0.5923340E-02  -0.2227433E+01   0.1688237E+06   0.5227433E+01
 278   0.2444045E+01  -0.8397835E+00  -0.7583269E-01   0.1190783E+04   0.3075833E+01
 278   0.2444045E+01  -0.9290029E+00  -0.3198291E-01   0.1076423E+04   0.3031983E+01
 278   0.2444045E+01  -0.2220487E+01   0.3464483E+00   0.4503516E+03   0.2653552E+01
 278   0.2444045E+01  -0.2664033E+01   0.4255397E+00   0.3753707E+03   0.2574460E+01
 278   0.2444045E+01  -0.2664064E+01   0.4255447E+00   0.3753663E+03   0.2574455E+01
 278   0.2444045E+01  -0.3329011E+01   0.5223153E+00   0.3003895E+03   0.2477685E+01
 278   0.2444045E+01  -0.3415569E+01   0.5334631E+00   0.2927770E+03   0.2466537E+01
 278   0.2444045E+01  -0.3415572E+01   0.5334634E+00   0.2927767E+03   0.2466537E+01
 278   0.2444045E+01  -0.3602931E+01   0.5566560E+00   0.2775518E+03   0.2443344E+01


 279   0.2445604E+01  -0.7252921E-03  -0.3139487E+01   0.1378755E+07   0.6139487E+01
 279   0.2445604E+01  -0.1189045E-02  -0.2924802E+01   0.8410109E+06   0.5924802E+01
 279   0.2445604E+01  -0.5902242E-02  -0.2228983E+01   0.1694271E+06   0.5228983E+01
 279   0.2445604E+01  -0.8411165E+00  -0.7514384E-01   0.1188896E+04   0.3075144E+01
 279   0.2445604E+01  -0.9290043E+00  -0.3198228E-01   0.1076421E+04   0.3031982E+01
 279   0.2445604E+01  -0.2220487E+01   0.3464483E+00   0.4503516E+03   0.2653552E+01
 279   0.2445604E+01  -0.2664033E+01   0.4255397E+00   0.3753707E+03   0.2574460E+01
 279   0.2445604E+01  -0.2664064E+01   0.4255447E+00   0.3753663E+03   0.2574455E+01
 279   0.2445604E+01  -0.3329011E+01   0.5223153E+00   0.3003895E+03   0.2477685E+01
 279   0.2445604E+01  -0.3415569E+01   0.5334631E+00   0.2927770E+03   0.2466537E+01
 279   0.2445604E+01  -0.3415572E+01   0.5334634E+00   0.2927767E+03   0.2466537E+01
 279   0.2445604E+01  -0.3602931E+01   0.5566560E+00   0.2775518E+03   0.2443344E+01


 280   0.2447158E+01  -0.7227081E-03  -0.3141037E+01   0.1383685E+07   0.6141037E+01
 280   0.2447158E+01  -0.1184812E-02  -0.2926351E+01   0.8440161E+06   0.5926351E+01
 280   0.2447158E+01  -0.5881295E-02  -0.2230527E+01   0.1700306E+06   0.5230527E+01
 280   0.2447158E+01  -0.8424319E+00  -0.7446522E-01   0.1187040E+04   0.3074465E+01
 280   0.2447158E+01  -0.9290056E+00  -0.3198167E-01   0.1076420E+04   0.3031982E+01
 280   0.2447158E+01  -0.2220487E+01   0.3464483E+00   0.4503516E+03   0.2653552E+01
 280   0.2447158E+01  -0.2664033E+01   0.4255397E+00   0.3753707E+03   0.2574460E+01
 280   0.2447158E+01  -0.2664064E+01   0.4255447E+00   0.3753663E+03   0.2574455E+01
 280   0.2447158E+01  -0.3329011E+01   0.5223153E+00   0.3003895E+03   0.2477685E+01
 280   0.2447158E+01  -0.3415569E+01   0.5334631E+00   0.2927770E+03   0.2466537E+01
 280   0.2447158E+01  -0.3415572E+01   0.5334634E+00   0.2927767E+03   0.2466537E+01
 280   0.2447158E+01  -0.3602931E+01   0.5566560E+00   0.2775518E+03   0.2443344E+01


 281   0.2448706E+01  -0.7201424E-03  -0.3142582E+01   0.1388614E+07   0.6142582E+01
 281   0.2448706E+01  -0.1180608E-02  -0.2927894E+01   0.8470212E+06   0.5927894E+01
 281   0.2448706E+01  -0.5860496E-02  -0.2232066E+01   0.1706340E+06   0.5232066E+01
 281   0.2448706E+01  -0.8437297E+00  -0.7379667E-01   0.1185214E+04   0.3073797E+01
 281   0.2448706E+01  -0.9290069E+00  -0.3198108E-01   0.1076418E+04   0.3031981E+01
 281   0.2448706E+01  -0.2220487E+01   0.3464483E+00   0.4503516E+03   0.2653552E+01
 281   0.2448706E+01  -0.2664033E+01   0.4255397E+00   0.3753707E+03   0.2574460E+01
 281   0.2448706E+01  -0.2664064E+01   0.4255447E+00   0.3753664E+03   0.2574455E+01
 281   0.2448706E+01  -0.3329011E+01   0.5223153E+00   0.3003895E+03   0.2477685E+01
 281   0.2448706E+01  -0.3415569E+01   0.5334631E+00   0.2927770E+03   0.2466537E+01
 281   0.2448706E+01  -0.3415572E+01   0.5334634E+00   0.2927767E+03   0.2466537E+01
 281   0.2448706E+01  -0.3602931E+01   0.5566560E+00   0.2775518E+03   0.2443344E+01


 282   0.2450249E+01  -0.7175948E-03  -0.3144121E+01   0.1393544E+07   0.6144121E+01
 282   0.2450249E+01  -0.1176434E-02  -0.2929432E+01   0.8500264E+06   0.5929432E+01
 282   0.2450249E+01  -0.5839843E-02  -0.2233599E+01   0.1712375E+06   0.5233599E+01
 282   0.2450249E+01  -0.8450101E+00  -0.7313808E-01   0.1183418E+04   0.3073138E+01
 282   0.2450249E+01  -0.9290081E+00  -0.3198051E-01   0.1076417E+04   0.3031981E+01
 282   0.2450249E+01  -0.2220487E+01   0.3464483E+00   0.4503516E+03   0.2653552E+01
 282   0.2450249E+01  -0.2664034E+01   0.4255397E+00   0.3753707E+03   0.2574460E+01
 282   0.2450249E+01  -0.2664064E+01   0.4255446E+00   0.3753664E+03   0.2574455E+01
 282   0.2450249E+01  -0.3329011E+01   0.5223153E+00   0.3003895E+03   0.2477685E+01
 282   0.2450249E+01  -0.3415569E+01   0.5334631E+00   0.2927770E+03   0.2466537E+01
 282   0.2450249E+01  -0.3415572E+01   0.5334634E+00   0.2927767E+03   0.2466537E+01
 282   0.2450249E+01  -0.3602931E+01   0.5566560E+00   0.2775518E+03   0.2443344E+01


 283   0.2451786E+01  -0.7150652E-03  -0.3145654E+01   0.1398474E+07   0.6145654E+01
 283   0.2451786E+01  -0.1172290E-02  -0.2930965E+01   0.8530316E+06   0.5930965E+01
 283   0.2451786E+01  -0.5819335E-02  -0.2235127E+01   0.1718409E+06   0.5235127E+01
 283   0.2451786E+01  -0.8462734E+00  -0.7248928E-01   0.1181651E+04   0.3072489E+01
 283   0.2451786E+01  -0.9290093E+00  -0.3197996E-01   0.1076416E+04   0.3031980E+01
 283   0.2451786E+01  -0.2220487E+01   0.3464483E+00   0.4503516E+03   0.2653552E+01
 283   0.2451786E+01  -0.2664034E+01   0.4255397E+00   0.3753707E+03   0.2574460E+01
 283   0.2451786E+01  -0.2664064E+01   0.4255446E+00   0.3753664E+03   0.2574455E+01
 283   0.2451786E+01  -0.3329011E+01   0.5223153E+00   0.3003895E+03   0.2477685E+01
 283   0.2451786E+01  -0.3415569E+01   0.5334631E+00   0.2927770E+03   0.2466537E+01
 283   0.2451786E+01  -0.3415572E+01   0.5334634E+00   0.2927767E+03   0.2466537E+01
 283   0.2451786E+01  -0.3602931E+01   0.5566560E+00   0.2775518E+03   0.2443344E+01


 284   0.2453318E+01  -0.7125534E-03  -0.3147183E+01   0.1403404E+07   0.6147183E+01
 284   0.2453318E+01  -0.1168174E-02  -0.2932492E+01   0.8560368E+06   0.5932492E+01
 284   0.2453318E+01  -0.5798971E-02  -0.2236649E+01   0.1724444E+06   0.5236649E+01
 284   0.2453318E+01  -0.8475198E+00  -0.7185016E-01   0.1179913E+04   0.3071850E+01
 284   0.2453318E+01  -0.9290104E+00  -0.3197943E-01   0.1076414E+04   0.3031979E+01
 284   0.2453318E+01  -0.2220487E+01   0.3464483E+00   0.4503516E+03   0.2653552E+01
 284   0.2453318E+01  -0.2664034E+01   0.4255397E+00   0.3753707E+03   0.2574460E+01
 284   0.2453318E+01  -0.2664064E+01   0.4255446E+00   0.3753664E+03   0.2574455E+01
 284   0.2453318E+01  -0.3329011E+01   0.5223153E+00   0.3003895E+03   0.2477685E+01
 284   0.2453318E+01  -0.3415569E+01   0.5334631E+00   0.2927770E+03   0.2466537E+01
 284   0.2453318E+01  -0.3415572E+01   0.5334634E+00   0.2927767E+03   0.2466537E+01
 284   0.2453318E+01  -0.3602931E+01   0.5566560E+00   0.2775518E+03   0.2443344E+01


 285   0.2454845E+01  -0.7100591E-03  -0.3148705E+01   0.1408333E+07   0.6148705E+01
 285   0.2454845E+01  -0.1164087E-02  -0.2934014E+01   0.8590420E+06   0.5934014E+01
 285   0.2454845E+01  -0.5778749E-02  -0.2238166E+01   0.1730478E+06   0.5238166E+01
 285   0.2454845E+01  -0.8487493E+00  -0.7122058E-01   0.1178204E+04   0.3071221E+01
 285   0.2454845E+01  -0.9290115E+00  -0.3197892E-01   0.1076413E+04   0.3031979E+01
 285   0.2454845E+01  -0.2220487E+01   0.3464483E+00   0.4503516E+03   0.2653552E+01
 285   0.2454845E+01  -0.2664034E+01   0.4255397E+00   0.3753707E+03   0.2574460E+01
 285   0.2454845E+01  -0.2664064E+01   0.4255446E+00   0.3753664E+03   0.2574455E+01
 285   0.2454845E+01  -0.3329011E+01   0.5223153E+00   0.3003895E+03   0.2477685E+01
 285   0.2454845E+01  -0.3415569E+01   0.5334631E+00   0.2927770E+03   0.2466537E+01
 285   0.2454845E+01  -0.3415572E+01   0.5334634E+00   0.2927767E+03   0.2466537E+01
 285   0.2454845E+01  -0.3602931E+01   0.5566560E+00   0.2775518E+03   0.2443344E+01


 286   0.2456366E+01  -0.7075823E-03  -0.3150223E+01   0.1413263E+07   0.6150223E+01
 286   0.2456366E+01  -0.1160029E-02  -0.2935531E+01   0.8620471E+06   0.5935531E+01
 286   0.2456366E+01  -0.5758668E-02  -0.2239678E+01   0.1736513E+06   0.5239678E+01
 286   0.2456366E+01  -0.8499622E+00  -0.7060039E-01   0.1176523E+04   0.3070600E+01
 286   0.2456366E+01  -0.9290125E+00  -0.3197843E-01   0.1076412E+04   0.3031978E+01
 286   0.2456366E+01  -0.2220487E+01   0.3464483E+00   0.4503516E+03   0.2653552E+01
 286   0.2456366E+01  -0.2664034E+01   0.4255397E+00   0.3753706E+03   0.2574460E+01
 286   0.2456366E+01  -0.2664063E+01   0.4255446E+00   0.3753664E+03   0.2574455E+01
 286   0.2456366E+01  -0.3329011E+01   0.5223153E+00   0.3003895E+03   0.2477685E+01
 286   0.2456366E+01  -0.3415569E+01   0.5334631E+00   0.2927770E+03   0.2466537E+01
 286   0.2456366E+01  -0.3415572E+01   0.5334634E+00   0.2927767E+03   0.2466537E+01
 286   0.2456366E+01  -0.3602931E+01   0.5566560E+00   0.2775518E+03   0.2443344E+01


 287   0.2457882E+01  -0.7051227E-03  -0.3151735E+01   0.1418193E+07   0.6151735E+01
 287   0.2457882E+01  -0.1155999E-02  -0.2937042E+01   0.8650523E+06   0.5937042E+01
 287   0.2457882E+01  -0.5738725E-02  -0.2241185E+01   0.1742547E+06   0.5241185E+01
 287   0.2457882E+01  -0.8511586E+00  -0.6998948E-01   0.1174869E+04   0.3069989E+01
 287   0.2457882E+01  -0.9290135E+00  -0.3197795E-01   0.1076411E+04   0.3031978E+01
 287   0.2457882E+01  -0.2220487E+01   0.3464483E+00   0.4503516E+03   0.2653552E+01
 287   0.2457882E+01  -0.2664034E+01   0.4255397E+00   0.3753706E+03   0.2574460E+01
 287   0.2457882E+01  -0.2664063E+01   0.4255445E+00   0.3753665E+03   0.2574455E+01
 287   0.2457882E+01  -0.3329011E+01   0.5223153E+00   0.3003895E+03   0.2477685E+01
 287   0.2457882E+01  -0.3415569E+01   0.5334631E+00   0.2927770E+03   0.2466537E+01
 287   0.2457882E+01  -0.3415572E+01   0.5334634E+00   0.2927767E+03   0.2466537E+01
 287   0.2457882E+01  -0.3602931E+01   0.5566560E+00   0.2775518E+03   0.2443344E+01


 288   0.2459392E+01  -0.7026801E-03  -0.3153242E+01   0.1423123E+07   0.6153242E+01
 288   0.2459392E+01  -0.1151997E-02  -0.2938548E+01   0.8680575E+06   0.5938548E+01
 288   0.2459392E+01  -0.5718921E-02  -0.2242686E+01   0.1748582E+06   0.5242686E+01
 288   0.2459392E+01  -0.8523388E+00  -0.6938772E-01   0.1173242E+04   0.3069388E+01
 288   0.2459392E+01  -0.9290145E+00  -0.3197750E-01   0.1076409E+04   0.3031977E+01
 288   0.2459392E+01  -0.2220487E+01   0.3464483E+00   0.4503516E+03   0.2653552E+01
 288   0.2459392E+01  -0.2664034E+01   0.4255397E+00   0.3753706E+03   0.2574460E+01
 288   0.2459392E+01  -0.2664063E+01   0.4255445E+00   0.3753665E+03   0.2574455E+01
 288   0.2459392E+01  -0.3329011E+01   0.5223153E+00   0.3003895E+03   0.2477685E+01
 288   0.2459392E+01  -0.3415569E+01   0.5334631E+00   0.2927770E+03   0.2466537E+01
 288   0.2459392E+01  -0.3415572E+01   0.5334634E+00   0.2927767E+03   0.2466537E+01
 288   0.2459392E+01  -0.3602931E+01   0.5566560E+00   0.2775518E+03   0.2443344E+01


 289   0.2460898E+01  -0.7002544E-03  -0.3154744E+01   0.1428053E+07   0.6154744E+01
 289   0.2460898E+01  -0.1148023E-02  -0.2940049E+01   0.8710627E+06   0.5940049E+01
 289   0.2460898E+01  -0.5699252E-02  -0.2244182E+01   0.1754616E+06   0.5244182E+01
 289   0.2460898E+01  -0.8535030E+00  -0.6879497E-01   0.1171642E+04   0.3068795E+01
 289   0.2460898E+01  -0.9290155E+00  -0.3197705E-01   0.1076408E+04   0.3031977E+01
 289   0.2460898E+01  -0.2220487E+01   0.3464483E+00   0.4503516E+03   0.2653552E+01
 289   0.2460898E+01  -0.2664034E+01   0.4255397E+00   0.3753706E+03   0.2574460E+01
 289   0.2460898E+01  -0.2664063E+01   0.4255445E+00   0.3753665E+03   0.2574455E+01
 289   0.2460898E+01  -0.3329011E+01   0.5223153E+00   0.3003895E+03   0.2477685E+01
 289   0.2460898E+01  -0.3415569E+01   0.5334631E+00   0.2927770E+03   0.2466537E+01
 289   0.2460898E+01  -0.3415572E+01   0.5334634E+00   0.2927767E+03   0.2466537E+01
 289   0.2460898E+01  -0.3602931E+01   0.5566560E+00   0.2775518E+03   0.2443344E+01


 290   0.2462398E+01  -0.6978453E-03  -0.3156241E+01   0.1432982E+07   0.6156241E+01
 290   0.2462398E+01  -0.1144076E-02  -0.2941545E+01   0.8740678E+06   0.5941545E+01
 290   0.2462398E+01  -0.5679718E-02  -0.2245673E+01   0.1760651E+06   0.5245673E+01
 290   0.2462398E+01  -0.8546512E+00  -0.6821111E-01   0.1170068E+04   0.3068211E+01
 290   0.2462398E+01  -0.9290164E+00  -0.3197663E-01   0.1076407E+04   0.3031977E+01
 290   0.2462398E+01  -0.2220487E+01   0.3464483E+00   0.4503516E+03   0.2653552E+01
 290   0.2462398E+01  -0.2664034E+01   0.4255397E+00   0.3753706E+03   0.2574460E+01
 290   0.2462398E+01  -0.2664063E+01   0.4255445E+00   0.3753665E+03   0.2574456E+01
 290   0.2462398E+01  -0.3329011E+01   0.5223153E+00   0.3003895E+03   0.2477685E+01
 290   0.2462398E+01  -0.3415569E+01   0.5334631E+00   0.2927770E+03   0.2466537E+01
 290   0.2462398E+01  -0.3415572E+01   0.5334634E+00   0.2927767E+03   0.2466537E+01
 290   0.2462398E+01  -0.3602931E+01   0.5566560E+00   0.2775518E+03   0.2443344E+01


 291   0.2463893E+01  -0.6954528E-03  -0.3157732E+01   0.1437912E+07   0.6157732E+01
 291   0.2463893E+01  -0.1140156E-02  -0.2943036E+01   0.8770730E+06   0.5943036E+01
 291   0.2463893E+01  -0.5660318E-02  -0.2247159E+01   0.1766685E+06   0.5247159E+01
 291   0.2463893E+01  -0.8557837E+00  -0.6763601E-01   0.1168520E+04   0.3067636E+01
 291   0.2463893E+01  -0.9290173E+00  -0.3197622E-01   0.1076406E+04   0.3031976E+01
 291   0.2463893E+01  -0.2220487E+01   0.3464483E+00   0.4503516E+03   0.2653552E+01
 291   0.2463893E+01  -0.2664034E+01   0.4255397E+00   0.3753706E+03   0.2574460E+01
 291   0.2463893E+01  -0.2664063E+01   0.4255445E+00   0.3753665E+03   0.2574456E+01
 291   0.2463893E+01  -0.3329011E+01   0.5223153E+00   0.3003895E+03   0.2477685E+01
 291   0.2463893E+01  -0.3415569E+01   0.5334631E+00   0.2927770E+03   0.2466537E+01
 291   0.2463893E+01  -0.3415572E+01   0.5334634E+00   0.2927767E+03   0.2466537E+01
 291   0.2463893E+01  -0.3602931E+01   0.5566560E+00   0.2775518E+03   0.2443344E+01


 292   0.2465383E+01  -0.6930767E-03  -0.3159219E+01   0.1442842E+07   0.6159219E+01
 292   0.2465383E+01  -0.1136263E-02  -0.2944521E+01   0.8800782E+06   0.5944521E+01
 292   0.2465383E+01  -0.5641050E-02  -0.2248640E+01   0.1772720E+06   0.5248640E+01
 292   0.2465383E+01  -0.8569006E+00  -0.6706956E-01   0.1166997E+04   0.3067070E+01
 292   0.2465383E+01  -0.9290181E+00  -0.3197583E-01   0.1076405E+04   0.3031976E+01
 292   0.2465383E+01  -0.2220487E+01   0.3464483E+00   0.4503516E+03   0.2653552E+01
 292   0.2465383E+01  -0.2664034E+01   0.4255397E+00   0.3753706E+03   0.2574460E+01
 292   0.2465383E+01  -0.2664063E+01   0.4255445E+00   0.3753665E+03   0.2574456E+01
 292   0.2465383E+01  -0.3329011E+01   0.5223153E+00   0.3003895E+03   0.2477685E+01
 292   0.2465383E+01  -0.3415569E+01   0.5334631E+00   0.2927770E+03   0.2466537E+01
 292   0.2465383E+01  -0.3415572E+01   0.5334634E+00   0.2927767E+03   0.2466537E+01
 292   0.2465383E+01  -0.3602931E+01   0.5566560E+00   0.2775518E+03   0.2443344E+01


 293   0.2466868E+01  -0.6907167E-03  -0.3160700E+01   0.1447772E+07   0.6160700E+01
 293   0.2466868E+01  -0.1132396E-02  -0.2946002E+01   0.8830834E+06   0.5946002E+01
 293   0.2466868E+01  -0.5621912E-02  -0.2250116E+01   0.1778754E+06   0.5250116E+01
 293   0.2466868E+01  -0.8580021E+00  -0.6651163E-01   0.1165498E+04   0.3066512E+01
 293   0.2466868E+01  -0.9290189E+00  -0.3197545E-01   0.1076404E+04   0.3031975E+01
 293   0.2466868E+01  -0.2220487E+01   0.3464483E+00   0.4503516E+03   0.2653552E+01
 293   0.2466868E+01  -0.2664034E+01   0.4255397E+00   0.3753706E+03   0.2574460E+01
 293   0.2466868E+01  -0.2664063E+01   0.4255444E+00   0.3753665E+03   0.2574456E+01
 293   0.2466868E+01  -0.3329011E+01   0.5223153E+00   0.3003895E+03   0.2477685E+01
 293   0.2466868E+01  -0.3415569E+01   0.5334631E+00   0.2927770E+03   0.2466537E+01
 293   0.2466868E+01  -0.3415572E+01   0.5334634E+00   0.2927768E+03   0.2466537E+01
 293   0.2466868E+01  -0.3602931E+01   0.5566560E+00   0.2775518E+03   0.2443344E+01


 294   0.2468347E+01  -0.6883727E-03  -0.3162176E+01   0.1452701E+07   0.6162176E+01
 294   0.2468347E+01  -0.1128555E-02  -0.2947477E+01   0.8860885E+06   0.5947477E+01
 294   0.2468347E+01  -0.5602904E-02  -0.2251587E+01   0.1784789E+06   0.5251587E+01
 294   0.2468347E+01  -0.8590885E+00  -0.6596210E-01   0.1164024E+04   0.3065962E+01
 294   0.2468347E+01  -0.9290197E+00  -0.3197509E-01   0.1076403E+04   0.3031975E+01
 294   0.2468347E+01  -0.2220487E+01   0.3464483E+00   0.4503516E+03   0.2653552E+01
 294   0.2468347E+01  -0.2664034E+01   0.4255397E+00   0.3753706E+03   0.2574460E+01
 294   0.2468347E+01  -0.2664063E+01   0.4255444E+00   0.3753666E+03   0.2574456E+01
 294   0.2468347E+01  -0.3329011E+01   0.5223153E+00   0.3003895E+03   0.2477685E+01
 294   0.2468347E+01  -0.3415569E+01   0.5334631E+00   0.2927770E+03   0.2466537E+01
 294   0.2468347E+01  -0.3415572E+01   0.5334634E+00   0.2927768E+03   0.2466537E+01
 294   0.2468347E+01  -0.3602931E+01   0.5566560E+00   0.2775518E+03   0.2443344E+01


 295   0.2469822E+01  -0.6860446E-03  -0.3163648E+01   0.1457631E+07   0.6163648E+01
 295   0.2469822E+01  -0.1124741E-02  -0.2948948E+01   0.8890937E+06   0.5948948E+01
 295   0.2469822E+01  -0.5584024E-02  -0.2253053E+01   0.1790823E+06   0.5253053E+01
 295   0.2469822E+01  -0.8601598E+00  -0.6542086E-01   0.1162575E+04   0.3065421E+01
 295   0.2469822E+01  -0.9290204E+00  -0.3197473E-01   0.1076403E+04   0.3031975E+01
 295   0.2469822E+01  -0.2220487E+01   0.3464483E+00   0.4503516E+03   0.2653552E+01
 295   0.2469822E+01  -0.2664034E+01   0.4255397E+00   0.3753706E+03   0.2574460E+01
 295   0.2469822E+01  -0.2664063E+01   0.4255444E+00   0.3753666E+03   0.2574456E+01
 295   0.2469822E+01  -0.3329011E+01   0.5223153E+00   0.3003895E+03   0.2477685E+01
 295   0.2469822E+01  -0.3415569E+01   0.5334631E+00   0.2927770E+03   0.2466537E+01
 295   0.2469822E+01  -0.3415572E+01   0.5334634E+00   0.2927768E+03   0.2466537E+01
 295   0.2469822E+01  -0.3602931E+01   0.5566560E+00   0.2775518E+03   0.2443344E+01


 296   0.2471292E+01  -0.6837322E-03  -0.3165114E+01   0.1462561E+07   0.6165114E+01
 296   0.2471292E+01  -0.1120952E-02  -0.2950413E+01   0.8920989E+06   0.5950413E+01
 296   0.2471292E+01  -0.5565271E-02  -0.2254514E+01   0.1796858E+06   0.5254514E+01
 296   0.2471292E+01  -0.8612163E+00  -0.6488778E-01   0.1161149E+04   0.3064888E+01
 296   0.2471292E+01  -0.9290212E+00  -0.3197440E-01   0.1076402E+04   0.3031974E+01
 296   0.2471292E+01  -0.2220487E+01   0.3464483E+00   0.4503516E+03   0.2653552E+01
 296   0.2471292E+01  -0.2664034E+01   0.4255397E+00   0.3753706E+03   0.2574460E+01
 296   0.2471292E+01  -0.2664062E+01   0.4255444E+00   0.3753666E+03   0.2574456E+01
 296   0.2471292E+01  -0.3329011E+01   0.5223153E+00   0.3003895E+03   0.2477685E+01
 296   0.2471292E+01  -0.3415569E+01   0.5334631E+00   0.2927770E+03   0.2466537E+01
 296   0.2471292E+01  -0.3415572E+01   0.5334634E+00   0.2927768E+03   0.2466537E+01
 296   0.2471292E+01  -0.3602931E+01   0.5566560E+00   0.2775518E+03   0.2443344E+01


 297   0.2472756E+01  -0.6814353E-03  -0.3166575E+01   0.1467491E+07   0.6166575E+01
 297   0.2472756E+01  -0.1117189E-02  -0.2951874E+01   0.8951041E+06   0.5951874E+01
 297   0.2472756E+01  -0.5546644E-02  -0.2255970E+01   0.1802892E+06   0.5255970E+01
 297   0.2472756E+01  -0.8622580E+00  -0.6436276E-01   0.1159746E+04   0.3064363E+01
 297   0.2472756E+01  -0.9290218E+00  -0.3197407E-01   0.1076401E+04   0.3031974E+01
 297   0.2472756E+01  -0.2220487E+01   0.3464483E+00   0.4503516E+03   0.2653552E+01
 297   0.2472756E+01  -0.2664034E+01   0.4255397E+00   0.3753706E+03   0.2574460E+01
 297   0.2472756E+01  -0.2664062E+01   0.4255444E+00   0.3753666E+03   0.2574456E+01
 297   0.2472756E+01  -0.3329011E+01   0.5223153E+00   0.3003895E+03   0.2477685E+01
 297   0.2472756E+01  -0.3415569E+01   0.5334631E+00   0.2927770E+03   0.2466537E+01
 297   0.2472756E+01  -0.3415572E+01   0.5334634E+00   0.2927768E+03   0.2466537E+01
 297   0.2472756E+01  -0.3602931E+01   0.5566560E+00   0.2775518E+03   0.2443344E+01


 298   0.2474216E+01  -0.6791539E-03  -0.3168032E+01   0.1472420E+07   0.6168032E+01
 298   0.2474216E+01  -0.1113450E-02  -0.2953329E+01   0.8981092E+06   0.5953329E+01
 298   0.2474216E+01  -0.5528140E-02  -0.2257421E+01   0.1808927E+06   0.5257421E+01
 298   0.2474216E+01  -0.8632853E+00  -0.6384567E-01   0.1158366E+04   0.3063846E+01
 298   0.2474216E+01  -0.9290225E+00  -0.3197376E-01   0.1076400E+04   0.3031974E+01
 298   0.2474216E+01  -0.2220487E+01   0.3464483E+00   0.4503516E+03   0.2653552E+01
 298   0.2474216E+01  -0.2664034E+01   0.4255397E+00   0.3753706E+03   0.2574460E+01
 298   0.2474216E+01  -0.2664062E+01   0.4255444E+00   0.3753666E+03   0.2574456E+01
 298   0.2474216E+01  -0.3329011E+01   0.5223153E+00   0.3003895E+03   0.2477685E+01
 298   0.2474216E+01  -0.3415569E+01   0.5334631E+00   0.2927770E+03   0.2466537E+01
 298   0.2474216E+01  -0.3415572E+01   0.5334634E+00   0.2927768E+03   0.2466537E+01
 298   0.2474216E+01  -0.3602931E+01   0.5566560E+00   0.2775518E+03   0.2443344E+01


 299   0.2475671E+01  -0.6768876E-03  -0.3169483E+01   0.1477350E+07   0.6169483E+01
 299   0.2475671E+01  -0.1109737E-02  -0.2954780E+01   0.9011144E+06   0.5954780E+01
 299   0.2475671E+01  -0.5509760E-02  -0.2258867E+01   0.1814961E+06   0.5258867E+01
 299   0.2475671E+01  -0.8642982E+00  -0.6333641E-01   0.1157008E+04   0.3063336E+01
 299   0.2475671E+01  -0.9290232E+00  -0.3197346E-01   0.1076399E+04   0.3031973E+01
 299   0.2475671E+01  -0.2220487E+01   0.3464483E+00   0.4503516E+03   0.2653552E+01
 299   0.2475671E+01  -0.2664034E+01   0.4255397E+00   0.3753706E+03   0.2574460E+01
 299   0.2475671E+01  -0.2664062E+01   0.4255443E+00   0.3753666E+03   0.2574456E+01
 299   0.2475671E+01  -0.3329011E+01   0.5223153E+00   0.3003895E+03   0.2477685E+01
 299   0.2475671E+01  -0.3415569E+01   0.5334631E+00   0.2927770E+03   0.2466537E+01
 299   0.2475671E+01  -0.3415572E+01   0.5334634E+00   0.2927768E+03   0.2466537E+01
 299   0.2475671E+01  -0.3602931E+01   0.5566560E+00   0.2775518E+03   0.2443344E+01


 300   0.2477121E+01  -0.6746364E-03  -0.3170930E+01   0.1482280E+07   0.6170930E+01
 300   0.2477121E+01  -0.1106048E-02  -0.2956226E+01   0.9041196E+06   0.5956226E+01
 300   0.2477121E+01  -0.5491502E-02  -0.2260309E+01   0.1820996E+06   0.5260309E+01
 300   0.2477121E+01  -0.8652969E+00  -0.6283487E-01   0.1155673E+04   0.3062835E+01
 300   0.2477121E+01  -0.9290238E+00  -0.3197318E-01   0.1076399E+04   0.3031973E+01
 300   0.2477121E+01  -0.2220487E+01   0.3464483E+00   0.4503516E+03   0.2653552E+01
 300   0.2477121E+01  -0.2664034E+01   0.4255397E+00   0.3753706E+03   0.2574460E+01
 300   0.2477121E+01  -0.2664062E+01   0.4255443E+00   0.3753666E+03   0.2574456E+01
 300   0.2477121E+01  -0.3329011E+01   0.5223153E+00   0.3003895E+03   0.2477685E+01
 300   0.2477121E+01  -0.3415569E+01   0.5334631E+00   0.2927770E+03   0.2466537E+01
 300   0.2477121E+01  -0.3415572E+01   0.5334634E+00   0.2927768E+03   0.2466537E+01
 300   0.2477121E+01  -0.3602931E+01   0.5566560E+00   0.2775518E+03   0.2443344E+01


 301   0.2478566E+01  -0.6724001E-03  -0.3172372E+01   0.1487210E+07   0.6172372E+01
 301   0.2478566E+01  -0.1102384E-02  -0.2957667E+01   0.9071248E+06   0.5957667E+01
 301   0.2478566E+01  -0.5473364E-02  -0.2261746E+01   0.1827030E+06   0.5261746E+01
 301   0.2478566E+01  -0.8662815E+00  -0.6234094E-01   0.1154359E+04   0.3062341E+01
 301   0.2478566E+01  -0.9290244E+00  -0.3197290E-01   0.1076398E+04   0.3031973E+01
 301   0.2478566E+01  -0.2220487E+01   0.3464483E+00   0.4503516E+03   0.2653552E+01
 301   0.2478566E+01  -0.2664034E+01   0.4255397E+00   0.3753706E+03   0.2574460E+01
 301   0.2478566E+01  -0.2664062E+01   0.4255443E+00   0.3753667E+03   0.2574456E+01
 301   0.2478566E+01  -0.3329011E+01   0.5223153E+00   0.3003895E+03   0.2477685E+01
 301   0.2478566E+01  -0.3415569E+01   0.5334631E+00   0.2927770E+03   0.2466537E+01
 301   0.2478566E+01  -0.3415572E+01   0.5334634E+00   0.2927768E+03   0.2466537E+01
 301   0.2478566E+01  -0.3602931E+01   0.5566560E+00   0.2775518E+03   0.2443344E+01


 302   0.2480007E+01  -0.6701786E-03  -0.3173809E+01   0.1492139E+07   0.6173809E+01
 302   0.2480007E+01  -0.1098744E-02  -0.2959103E+01   0.9101299E+06   0.5959103E+01
 302   0.2480007E+01  -0.5455345E-02  -0.2263178E+01   0.1833065E+06   0.5263178E+01
 302   0.2480007E+01  -0.8672524E+00  -0.6185451E-01   0.1153067E+04   0.3061855E+01
 302   0.2480007E+01  -0.9290249E+00  -0.3197264E-01   0.1076397E+04   0.3031973E+01
 302   0.2480007E+01  -0.2220487E+01   0.3464483E+00   0.4503516E+03   0.2653552E+01
 302   0.2480007E+01  -0.2664034E+01   0.4255397E+00   0.3753706E+03   0.2574460E+01
 302   0.2480007E+01  -0.2664062E+01   0.4255443E+00   0.3753667E+03   0.2574456E+01
 302   0.2480007E+01  -0.3329011E+01   0.5223153E+00   0.3003895E+03   0.2477685E+01
 302   0.2480007E+01  -0.3415569E+01   0.5334631E+00   0.2927770E+03   0.2466537E+01
 302   0.2480007E+01  -0.3415572E+01   0.5334634E+00   0.2927768E+03   0.2466537E+01
 302   0.2480007E+01  -0.3602931E+01   0.5566560E+00   0.2775518E+03   0.2443344E+01


 303   0.2481443E+01  -0.6679718E-03  -0.3175242E+01   0.1497069E+07   0.6175242E+01
 303   0.2481443E+01  -0.1095128E-02  -0.2960535E+01   0.9131351E+06   0.5960535E+01
 303   0.2481443E+01  -0.5437445E-02  -0.2264605E+01   0.1839099E+06   0.5264605E+01
 303   0.2481443E+01  -0.8682095E+00  -0.6137546E-01   0.1151796E+04   0.3061375E+01
 303   0.2481443E+01  -0.9290255E+00  -0.3197238E-01   0.1076397E+04   0.3031972E+01
 303   0.2481443E+01  -0.2220487E+01   0.3464483E+00   0.4503516E+03   0.2653552E+01
 303   0.2481443E+01  -0.2664034E+01   0.4255397E+00   0.3753706E+03   0.2574460E+01
 303   0.2481443E+01  -0.2664062E+01   0.4255443E+00   0.3753667E+03   0.2574456E+01
 303   0.2481443E+01  -0.3329011E+01   0.5223153E+00   0.3003895E+03   0.2477685E+01
 303   0.2481443E+01  -0.3415569E+01   0.5334631E+00   0.2927770E+03   0.2466537E+01
 303   0.2481443E+01  -0.3415572E+01   0.5334634E+00   0.2927768E+03   0.2466537E+01
 303   0.2481443E+01  -0.3602931E+01   0.5566560E+00   0.2775518E+03   0.2443344E+01


 304   0.2482874E+01  -0.6657794E-03  -0.3176670E+01   0.1501999E+07   0.6176670E+01
 304   0.2482874E+01  -0.1091536E-02  -0.2961962E+01   0.9161403E+06   0.5961962E+01
 304   0.2482874E+01  -0.5419662E-02  -0.2266028E+01   0.1845134E+06   0.5266028E+01
 304   0.2482874E+01  -0.8691531E+00  -0.6090371E-01   0.1150545E+04   0.3060904E+01
 304   0.2482874E+01  -0.9290260E+00  -0.3197214E-01   0.1076396E+04   0.3031972E+01
 304   0.2482874E+01  -0.2220487E+01   0.3464483E+00   0.4503516E+03   0.2653552E+01
 304   0.2482874E+01  -0.2664034E+01   0.4255397E+00   0.3753706E+03   0.2574460E+01
 304   0.2482874E+01  -0.2664062E+01   0.4255443E+00   0.3753667E+03   0.2574456E+01
 304   0.2482874E+01  -0.3329011E+01   0.5223153E+00   0.3003895E+03   0.2477685E+01
 304   0.2482874E+01  -0.3415569E+01   0.5334631E+00   0.2927770E+03   0.2466537E+01
 304   0.2482874E+01  -0.3415572E+01   0.5334634E+00   0.2927768E+03   0.2466537E+01
 304   0.2482874E+01  -0.3602931E+01   0.5566560E+00   0.2775518E+03   0.2443344E+01


 305   0.2484300E+01  -0.6636014E-03  -0.3178093E+01   0.1506929E+07   0.6178093E+01
 305   0.2484300E+01  -0.1087967E-02  -0.2963384E+01   0.9191455E+06   0.5963384E+01
 305   0.2484300E+01  -0.5401995E-02  -0.2267446E+01   0.1851168E+06   0.5267446E+01
 305   0.2484300E+01  -0.8700833E+00  -0.6043914E-01   0.1149315E+04   0.3060439E+01
 305   0.2484300E+01  -0.9290265E+00  -0.3197191E-01   0.1076396E+04   0.3031972E+01
 305   0.2484300E+01  -0.2220487E+01   0.3464483E+00   0.4503516E+03   0.2653552E+01
 305   0.2484300E+01  -0.2664034E+01   0.4255397E+00   0.3753706E+03   0.2574460E+01
 305   0.2484300E+01  -0.2664062E+01   0.4255443E+00   0.3753667E+03   0.2574456E+01
 305   0.2484300E+01  -0.3329011E+01   0.5223153E+00   0.3003895E+03   0.2477685E+01
 305   0.2484300E+01  -0.3415569E+01   0.5334631E+00   0.2927770E+03   0.2466537E+01
 305   0.2484300E+01  -0.3415572E+01   0.5334634E+00   0.2927768E+03   0.2466537E+01
 305   0.2484300E+01  -0.3602931E+01   0.5566560E+00   0.2775518E+03   0.2443344E+01


 306   0.2485721E+01  -0.6614375E-03  -0.3179511E+01   0.1511859E+07   0.6179511E+01
 306   0.2485721E+01  -0.1084422E-02  -0.2964802E+01   0.9221506E+06   0.5964802E+01
 306   0.2485721E+01  -0.5384442E-02  -0.2268859E+01   0.1857203E+06   0.5268859E+01
 306   0.2485721E+01  -0.8710004E+00  -0.5998166E-01   0.1148105E+04   0.3059982E+01
 306   0.2485721E+01  -0.9290270E+00  -0.3197169E-01   0.1076395E+04   0.3031972E+01
 306   0.2485721E+01  -0.2220487E+01   0.3464483E+00   0.4503516E+03   0.2653552E+01
 306   0.2485721E+01  -0.2664034E+01   0.4255397E+00   0.3753706E+03   0.2574460E+01
 306   0.2485721E+01  -0.2664061E+01   0.4255442E+00   0.3753667E+03   0.2574456E+01
 306   0.2485721E+01  -0.3329011E+01   0.5223153E+00   0.3003895E+03   0.2477685E+01
 306   0.2485721E+01  -0.3415569E+01   0.5334631E+00   0.2927770E+03   0.2466537E+01
 306   0.2485721E+01  -0.3415572E+01   0.5334634E+00   0.2927768E+03   0.2466537E+01
 306   0.2485721E+01  -0.3602931E+01   0.5566560E+00   0.2775518E+03   0.2443344E+01


 307   0.2487138E+01  -0.6592878E-03  -0.3180925E+01   0.1516788E+07   0.6180925E+01
 307   0.2487138E+01  -0.1080899E-02  -0.2966215E+01   0.9251558E+06   0.5966215E+01
 307   0.2487138E+01  -0.5367004E-02  -0.2270268E+01   0.1863237E+06   0.5270268E+01
 307   0.2487138E+01  -0.8719044E+00  -0.5953115E-01   0.1146915E+04   0.3059531E+01
 307   0.2487138E+01  -0.9290274E+00  -0.3197147E-01   0.1076395E+04   0.3031971E+01
 307   0.2487138E+01  -0.2220487E+01   0.3464483E+00   0.4503516E+03   0.2653552E+01
 307   0.2487138E+01  -0.2664034E+01   0.4255397E+00   0.3753706E+03   0.2574460E+01
 307   0.2487138E+01  -0.2664061E+01   0.4255442E+00   0.3753667E+03   0.2574456E+01
 307   0.2487138E+01  -0.3329011E+01   0.5223153E+00   0.3003895E+03   0.2477685E+01
 307   0.2487138E+01  -0.3415569E+01   0.5334631E+00   0.2927770E+03   0.2466537E+01
 307   0.2487138E+01  -0.3415572E+01   0.5334634E+00   0.2927768E+03   0.2466537E+01
 307   0.2487138E+01  -0.3602931E+01   0.5566560E+00   0.2775518E+03   0.2443344E+01


 308   0.2488551E+01  -0.6571519E-03  -0.3182334E+01   0.1521718E+07   0.6182334E+01
 308   0.2488551E+01  -0.1077399E-02  -0.2967623E+01   0.9281610E+06   0.5967623E+01
 308   0.2488551E+01  -0.5349678E-02  -0.2271672E+01   0.1869271E+06   0.5271672E+01
 308   0.2488551E+01  -0.8727954E+00  -0.5908753E-01   0.1145744E+04   0.3059088E+01
 308   0.2488551E+01  -0.9290278E+00  -0.3197127E-01   0.1076394E+04   0.3031971E+01
 308   0.2488551E+01  -0.2220487E+01   0.3464483E+00   0.4503516E+03   0.2653552E+01
 308   0.2488551E+01  -0.2664034E+01   0.4255397E+00   0.3753706E+03   0.2574460E+01
 308   0.2488551E+01  -0.2664061E+01   0.4255442E+00   0.3753667E+03   0.2574456E+01
 308   0.2488551E+01  -0.3329011E+01   0.5223153E+00   0.3003895E+03   0.2477685E+01
 308   0.2488551E+01  -0.3415569E+01   0.5334631E+00   0.2927770E+03   0.2466537E+01
 308   0.2488551E+01  -0.3415572E+01   0.5334634E+00   0.2927768E+03   0.2466537E+01
 308   0.2488551E+01  -0.3602931E+01   0.5566560E+00   0.2775518E+03   0.2443344E+01


 309   0.2489958E+01  -0.6550299E-03  -0.3183739E+01   0.1526648E+07   0.6183739E+01
 309   0.2489958E+01  -0.1073922E-02  -0.2969027E+01   0.9311662E+06   0.5969027E+01
 309   0.2489958E+01  -0.5332463E-02  -0.2273072E+01   0.1875306E+06   0.5273072E+01
 309   0.2489958E+01  -0.8736738E+00  -0.5865069E-01   0.1144592E+04   0.3058651E+01
 309   0.2489958E+01  -0.9290283E+00  -0.3197107E-01   0.1076394E+04   0.3031971E+01
 309   0.2489958E+01  -0.2220487E+01   0.3464483E+00   0.4503516E+03   0.2653552E+01
 309   0.2489958E+01  -0.2664034E+01   0.4255397E+00   0.3753706E+03   0.2574460E+01
 309   0.2489958E+01  -0.2664061E+01   0.4255442E+00   0.3753668E+03   0.2574456E+01
 309   0.2489958E+01  -0.3329011E+01   0.5223153E+00   0.3003895E+03   0.2477685E+01
 309   0.2489958E+01  -0.3415569E+01   0.5334631E+00   0.2927770E+03   0.2466537E+01
 309   0.2489958E+01  -0.3415572E+01   0.5334634E+00   0.2927768E+03   0.2466537E+01
 309   0.2489958E+01  -0.3602931E+01   0.5566560E+00   0.2775518E+03   0.2443344E+01


 310   0.2491362E+01  -0.6529215E-03  -0.3185139E+01   0.1531578E+07   0.6185139E+01
 310   0.2491362E+01  -0.1070467E-02  -0.2970427E+01   0.9341713E+06   0.5970427E+01
 310   0.2491362E+01  -0.5315359E-02  -0.2274467E+01   0.1881340E+06   0.5274467E+01
 310   0.2491362E+01  -0.8745396E+00  -0.5822053E-01   0.1143459E+04   0.3058221E+01
 310   0.2491362E+01  -0.9290287E+00  -0.3197089E-01   0.1076393E+04   0.3031971E+01
 310   0.2491362E+01  -0.2220487E+01   0.3464483E+00   0.4503516E+03   0.2653552E+01
 310   0.2491362E+01  -0.2664034E+01   0.4255397E+00   0.3753706E+03   0.2574460E+01
 310   0.2491362E+01  -0.2664061E+01   0.4255442E+00   0.3753668E+03   0.2574456E+01
 310   0.2491362E+01  -0.3329011E+01   0.5223153E+00   0.3003895E+03   0.2477685E+01
 310   0.2491362E+01  -0.3415569E+01   0.5334631E+00   0.2927770E+03   0.2466537E+01
 310   0.2491362E+01  -0.3415572E+01   0.5334634E+00   0.2927768E+03   0.2466537E+01
 310   0.2491362E+01  -0.3602931E+01   0.5566560E+00   0.2775518E+03   0.2443344E+01


 311   0.2492760E+01  -0.6508267E-03  -0.3186535E+01   0.1536507E+07   0.6186535E+01
 311   0.2492760E+01  -0.1067035E-02  -0.2971821E+01   0.9371765E+06   0.5971821E+01
 311   0.2492760E+01  -0.5298364E-02  -0.2275858E+01   0.1887375E+06   0.5275858E+01
 311   0.2492760E+01  -0.8753929E+00  -0.5779697E-01   0.1142344E+04   0.3057797E+01
 311   0.2492760E+01  -0.9290290E+00  -0.3197071E-01   0.1076393E+04   0.3031971E+01
 311   0.2492760E+01  -0.2220487E+01   0.3464483E+00   0.4503516E+03   0.2653552E+01
 311   0.2492760E+01  -0.2664034E+01   0.4255397E+00   0.3753706E+03   0.2574460E+01
 311   0.2492760E+01  -0.2664061E+01   0.4255442E+00   0.3753668E+03   0.2574456E+01
 311   0.2492760E+01  -0.3329011E+01   0.5223153E+00   0.3003895E+03   0.2477685E+01
 311   0.2492760E+01  -0.3415569E+01   0.5334631E+00   0.2927770E+03   0.2466537E+01
 311   0.2492760E+01  -0.3415572E+01   0.5334634E+00   0.2927768E+03   0.2466537E+01
 311   0.2492760E+01  -0.3602931E+01   0.5566560E+00   0.2775518E+03   0.2443344E+01


 312   0.2494155E+01  -0.6487452E-03  -0.3187926E+01   0.1541437E+07   0.6187926E+01
 312   0.2494155E+01  -0.1063624E-02  -0.2973212E+01   0.9401817E+06   0.5973212E+01
 312   0.2494155E+01  -0.5281478E-02  -0.2277245E+01   0.1893409E+06   0.5277245E+01
 312   0.2494155E+01  -0.8762340E+00  -0.5737990E-01   0.1141248E+04   0.3057380E+01
 312   0.2494155E+01  -0.9290294E+00  -0.3197054E-01   0.1076392E+04   0.3031971E+01
 312   0.2494155E+01  -0.2220487E+01   0.3464483E+00   0.4503516E+03   0.2653552E+01
 312   0.2494155E+01  -0.2664034E+01   0.4255397E+00   0.3753706E+03   0.2574460E+01
 312   0.2494155E+01  -0.2664061E+01   0.4255441E+00   0.3753668E+03   0.2574456E+01
 312   0.2494155E+01  -0.3329011E+01   0.5223153E+00   0.3003895E+03   0.2477685E+01
 312   0.2494155E+01  -0.3415569E+01   0.5334631E+00   0.2927770E+03   0.2466537E+01
 312   0.2494155E+01  -0.3415572E+01   0.5334634E+00   0.2927768E+03   0.2466537E+01
 312   0.2494155E+01  -0.3602931E+01   0.5566560E+00   0.2775518E+03   0.2443344E+01


 313   0.2495544E+01  -0.6466771E-03  -0.3189313E+01   0.1546367E+07   0.6189313E+01
 313   0.2495544E+01  -0.1060235E-02  -0.2974598E+01   0.9431868E+06   0.5974598E+01
 313   0.2495544E+01  -0.5264699E-02  -0.2278626E+01   0.1899444E+06   0.5278626E+01
 313   0.2495544E+01  -0.8770630E+00  -0.5696923E-01   0.1140169E+04   0.3056969E+01
 313   0.2495544E+01  -0.9290298E+00  -0.3197038E-01   0.1076392E+04   0.3031970E+01
 313   0.2495544E+01  -0.2220487E+01   0.3464483E+00   0.4503516E+03   0.2653552E+01
 313   0.2495544E+01  -0.2664034E+01   0.4255397E+00   0.3753706E+03   0.2574460E+01
 313   0.2495544E+01  -0.2664061E+01   0.4255441E+00   0.3753668E+03   0.2574456E+01
 313   0.2495544E+01  -0.3329011E+01   0.5223153E+00   0.3003895E+03   0.2477685E+01
 313   0.2495544E+01  -0.3415569E+01   0.5334631E+00   0.2927770E+03   0.2466537E+01
 313   0.2495544E+01  -0.3415572E+01   0.5334634E+00   0.2927768E+03   0.2466537E+01
 313   0.2495544E+01  -0.3602931E+01   0.5566560E+00   0.2775518E+03   0.2443344E+01


 314   0.2496930E+01  -0.6446220E-03  -0.3190695E+01   0.1551297E+07   0.6190695E+01
 314   0.2496930E+01  -0.1056868E-02  -0.2975979E+01   0.9461920E+06   0.5975979E+01
 314   0.2496930E+01  -0.5248026E-02  -0.2280004E+01   0.1905478E+06   0.5280004E+01
 314   0.2496930E+01  -0.8778799E+00  -0.5656488E-01   0.1139108E+04   0.3056565E+01
 314   0.2496930E+01  -0.9290301E+00  -0.3197022E-01   0.1076391E+04   0.3031970E+01
 314   0.2496930E+01  -0.2220487E+01   0.3464483E+00   0.4503516E+03   0.2653552E+01
 314   0.2496930E+01  -0.2664034E+01   0.4255397E+00   0.3753706E+03   0.2574460E+01
 314   0.2496930E+01  -0.2664061E+01   0.4255441E+00   0.3753668E+03   0.2574456E+01
 314   0.2496930E+01  -0.3329011E+01   0.5223153E+00   0.3003895E+03   0.2477685E+01
 314   0.2496930E+01  -0.3415569E+01   0.5334631E+00   0.2927770E+03   0.2466537E+01
 314   0.2496930E+01  -0.3415572E+01   0.5334634E+00   0.2927768E+03   0.2466537E+01
 314   0.2496930E+01  -0.3602931E+01   0.5566560E+00   0.2775518E+03   0.2443344E+01


 315   0.2498311E+01  -0.6425800E-03  -0.3192073E+01   0.1556226E+07   0.6192073E+01
 315   0.2498311E+01  -0.1053522E-02  -0.2977356E+01   0.9491972E+06   0.5977356E+01
 315   0.2498311E+01  -0.5231458E-02  -0.2281377E+01   0.1911513E+06   0.5281377E+01
 315   0.2498311E+01  -0.8786851E+00  -0.5616674E-01   0.1138064E+04   0.3056167E+01
 315   0.2498311E+01  -0.9290304E+00  -0.3197008E-01   0.1076391E+04   0.3031970E+01
 315   0.2498311E+01  -0.2220487E+01   0.3464483E+00   0.4503516E+03   0.2653552E+01
 315   0.2498311E+01  -0.2664034E+01   0.4255397E+00   0.3753706E+03   0.2574460E+01
 315   0.2498311E+01  -0.2664061E+01   0.4255441E+00   0.3753668E+03   0.2574456E+01
 315   0.2498311E+01  -0.3329011E+01   0.5223153E+00   0.3003895E+03   0.2477685E+01
 315   0.2498311E+01  -0.3415569E+01   0.5334631E+00   0.2927770E+03   0.2466537E+01
 315   0.2498311E+01  -0.3415572E+01   0.5334634E+00   0.2927768E+03   0.2466537E+01
 315   0.2498311E+01  -0.3602931E+01   0.5566560E+00   0.2775518E+03   0.2443344E+01


 316   0.2499687E+01  -0.6405509E-03  -0.3193446E+01   0.1561156E+07   0.6193446E+01
 316   0.2499687E+01  -0.1050197E-02  -0.2978729E+01   0.9522024E+06   0.5978729E+01
 316   0.2499687E+01  -0.5214995E-02  -0.2282746E+01   0.1917547E+06   0.5282746E+01
 316   0.2499687E+01  -0.8794786E+00  -0.5577474E-01   0.1137037E+04   0.3055775E+01
 316   0.2499687E+01  -0.9290307E+00  -0.3196994E-01   0.1076391E+04   0.3031970E+01
 316   0.2499687E+01  -0.2220487E+01   0.3464483E+00   0.4503516E+03   0.2653552E+01
 316   0.2499687E+01  -0.2664034E+01   0.4255397E+00   0.3753706E+03   0.2574460E+01
 316   0.2499687E+01  -0.2664061E+01   0.4255441E+00   0.3753668E+03   0.2574456E+01
 316   0.2499687E+01  -0.3329011E+01   0.5223153E+00   0.3003895E+03   0.2477685E+01
 316   0.2499687E+01  -0.3415569E+01   0.5334631E+00   0.2927770E+03   0.2466537E+01
 316   0.2499687E+01  -0.3415572E+01   0.5334634E+00   0.2927768E+03   0.2466537E+01
 316   0.2499687E+01  -0.3602931E+01   0.5566560E+00   0.2775518E+03   0.2443344E+01


 317   0.2501059E+01  -0.6385346E-03  -0.3194816E+01   0.1566086E+07   0.6194816E+01
 317   0.2501059E+01  -0.1046893E-02  -0.2980098E+01   0.9552075E+06   0.5980098E+01
 317   0.2501059E+01  -0.5198635E-02  -0.2284111E+01   0.1923582E+06   0.5284111E+01
 317   0.2501059E+01  -0.8802605E+00  -0.5538878E-01   0.1136027E+04   0.3055389E+01
 317   0.2501059E+01  -0.9290310E+00  -0.3196981E-01   0.1076390E+04   0.3031970E+01
 317   0.2501059E+01  -0.2220487E+01   0.3464483E+00   0.4503516E+03   0.2653552E+01
 317   0.2501059E+01  -0.2664034E+01   0.4255397E+00   0.3753706E+03   0.2574460E+01
 317   0.2501059E+01  -0.2664060E+01   0.4255441E+00   0.3753669E+03   0.2574456E+01
 317   0.2501059E+01  -0.3329011E+01   0.5223153E+00   0.3003895E+03   0.2477685E+01
 317   0.2501059E+01  -0.3415569E+01   0.5334631E+00   0.2927770E+03   0.2466537E+01
 317   0.2501059E+01  -0.3415572E+01   0.5334634E+00   0.2927768E+03   0.2466537E+01
 317   0.2501059E+01  -0.3602931E+01   0.5566560E+00   0.2775518E+03   0.2443344E+01


 318   0.2502427E+01  -0.6365309E-03  -0.3196181E+01   0.1571016E+07   0.6196181E+01
 318   0.2502427E+01  -0.1043610E-02  -0.2981462E+01   0.9582127E+06   0.5981462E+01
 318   0.2502427E+01  -0.5182377E-02  -0.2285471E+01   0.1929616E+06   0.5285471E+01
 318   0.2502427E+01  -0.8810311E+00  -0.5500877E-01   0.1135034E+04   0.3055009E+01
 318   0.2502427E+01  -0.9290312E+00  -0.3196968E-01   0.1076390E+04   0.3031970E+01
 318   0.2502427E+01  -0.2220487E+01   0.3464483E+00   0.4503516E+03   0.2653552E+01
 318   0.2502427E+01  -0.2664034E+01   0.4255397E+00   0.3753706E+03   0.2574460E+01
 318   0.2502427E+01  -0.2664060E+01   0.4255441E+00   0.3753669E+03   0.2574456E+01
 318   0.2502427E+01  -0.3329011E+01   0.5223153E+00   0.3003895E+03   0.2477685E+01
 318   0.2502427E+01  -0.3415569E+01   0.5334631E+00   0.2927770E+03   0.2466537E+01
 318   0.2502427E+01  -0.3415572E+01   0.5334634E+00   0.2927768E+03   0.2466537E+01
 318   0.2502427E+01  -0.3602931E+01   0.5566560E+00   0.2775518E+03   0.2443344E+01


 319   0.2503791E+01  -0.6345397E-03  -0.3197541E+01   0.1575945E+07   0.6197541E+01
 319   0.2503791E+01  -0.1040347E-02  -0.2982822E+01   0.9612179E+06   0.5982822E+01
 319   0.2503791E+01  -0.5166221E-02  -0.2286827E+01   0.1935651E+06   0.5286827E+01
 319   0.2503791E+01  -0.8817904E+00  -0.5463463E-01   0.1134056E+04   0.3054635E+01
 319   0.2503791E+01  -0.9290315E+00  -0.3196956E-01   0.1076390E+04   0.3031970E+01
 319   0.2503791E+01  -0.2220487E+01   0.3464483E+00   0.4503516E+03   0.2653552E+01
 319   0.2503791E+01  -0.2664034E+01   0.4255397E+00   0.3753706E+03   0.2574460E+01
 319   0.2503791E+01  -0.2664060E+01   0.4255440E+00   0.3753669E+03   0.2574456E+01
 319   0.2503791E+01  -0.3329011E+01   0.5223153E+00   0.3003895E+03   0.2477685E+01
 319   0.2503791E+01  -0.3415569E+01   0.5334631E+00   0.2927770E+03   0.2466537E+01
 319   0.2503791E+01  -0.3415572E+01   0.5334634E+00   0.2927768E+03   0.2466537E+01
 319   0.2503791E+01  -0.3602931E+01   0.5566560E+00   0.2775518E+03   0.2443344E+01


 320   0.2505150E+01  -0.6325610E-03  -0.3198898E+01   0.1580875E+07   0.6198898E+01
 320   0.2505150E+01  -0.1037104E-02  -0.2984178E+01   0.9642230E+06   0.5984178E+01
 320   0.2505150E+01  -0.5150165E-02  -0.2288179E+01   0.1941685E+06   0.5288179E+01
 320   0.2505150E+01  -0.8825386E+00  -0.5426627E-01   0.1133095E+04   0.3054266E+01
 320   0.2505150E+01  -0.9290317E+00  -0.3196945E-01   0.1076389E+04   0.3031969E+01
 320   0.2505150E+01  -0.2220487E+01   0.3464483E+00   0.4503516E+03   0.2653552E+01
 320   0.2505150E+01  -0.2664034E+01   0.4255397E+00   0.3753706E+03   0.2574460E+01
 320   0.2505150E+01  -0.2664060E+01   0.4255440E+00   0.3753669E+03   0.2574456E+01
 320   0.2505150E+01  -0.3329011E+01   0.5223153E+00   0.3003895E+03   0.2477685E+01
 320   0.2505150E+01  -0.3415569E+01   0.5334631E+00   0.2927770E+03   0.2466537E+01
 320   0.2505150E+01  -0.3415572E+01   0.5334634E+00   0.2927768E+03   0.2466537E+01
 320   0.2505150E+01  -0.3602931E+01   0.5566560E+00   0.2775518E+03   0.2443344E+01


 321   0.2506505E+01  -0.6305946E-03  -0.3200250E+01   0.1585805E+07   0.6200250E+01
 321   0.2506505E+01  -0.1033882E-02  -0.2985529E+01   0.9672282E+06   0.5985529E+01
 321   0.2506505E+01  -0.5134209E-02  -0.2289526E+01   0.1947720E+06   0.5289526E+01
 321   0.2506505E+01  -0.8832759E+00  -0.5390361E-01   0.1132149E+04   0.3053904E+01
 321   0.2506505E+01  -0.9290320E+00  -0.3196934E-01   0.1076389E+04   0.3031969E+01
 321   0.2506505E+01  -0.2220487E+01   0.3464483E+00   0.4503516E+03   0.2653552E+01
 321   0.2506505E+01  -0.2664034E+01   0.4255397E+00   0.3753706E+03   0.2574460E+01
 321   0.2506505E+01  -0.2664060E+01   0.4255440E+00   0.3753669E+03   0.2574456E+01
 321   0.2506505E+01  -0.3329011E+01   0.5223153E+00   0.3003895E+03   0.2477685E+01
 321   0.2506505E+01  -0.3415569E+01   0.5334631E+00   0.2927770E+03   0.2466537E+01
 321   0.2506505E+01  -0.3415572E+01   0.5334634E+00   0.2927768E+03   0.2466537E+01
 321   0.2506505E+01  -0.3602931E+01   0.5566560E+00   0.2775518E+03   0.2443344E+01


 322   0.2507856E+01  -0.6286403E-03  -0.3201598E+01   0.1590735E+07   0.6201598E+01
 322   0.2507856E+01  -0.1030680E-02  -0.2986876E+01   0.9702334E+06   0.5986876E+01
 322   0.2507856E+01  -0.5118351E-02  -0.2290870E+01   0.1953754E+06   0.5290870E+01
 322   0.2507856E+01  -0.8840024E+00  -0.5354657E-01   0.1131219E+04   0.3053547E+01
 322   0.2507856E+01  -0.9290322E+00  -0.3196924E-01   0.1076389E+04   0.3031969E+01
 322   0.2507856E+01  -0.2220487E+01   0.3464483E+00   0.4503516E+03   0.2653552E+01
 322   0.2507856E+01  -0.2664034E+01   0.4255397E+00   0.3753706E+03   0.2574460E+01
 322   0.2507856E+01  -0.2664060E+01   0.4255440E+00   0.3753669E+03   0.2574456E+01
 322   0.2507856E+01  -0.3329011E+01   0.5223153E+00   0.3003895E+03   0.2477685E+01
 322   0.2507856E+01  -0.3415569E+01   0.5334631E+00   0.2927770E+03   0.2466537E+01
 322   0.2507856E+01  -0.3415572E+01   0.5334634E+00   0.2927768E+03   0.2466537E+01
 322   0.2507856E+01  -0.3602931E+01   0.5566560E+00   0.2775518E+03   0.2443344E+01


 323   0.2509203E+01  -0.6266981E-03  -0.3202942E+01   0.1595665E+07   0.6202942E+01
 323   0.2509203E+01  -0.1027497E-02  -0.2988219E+01   0.9732386E+06   0.5988219E+01
 323   0.2509203E+01  -0.5102591E-02  -0.2292209E+01   0.1959789E+06   0.5292209E+01
 323   0.2509203E+01  -0.8847182E+00  -0.5319506E-01   0.1130303E+04   0.3053195E+01
 323   0.2509203E+01  -0.9290324E+00  -0.3196915E-01   0.1076389E+04   0.3031969E+01
 323   0.2509203E+01  -0.2220487E+01   0.3464483E+00   0.4503516E+03   0.2653552E+01
 323   0.2509203E+01  -0.2664034E+01   0.4255397E+00   0.3753706E+03   0.2574460E+01
 323   0.2509203E+01  -0.2664060E+01   0.4255440E+00   0.3753669E+03   0.2574456E+01
 323   0.2509203E+01  -0.3329011E+01   0.5223153E+00   0.3003895E+03   0.2477685E+01
 323   0.2509203E+01  -0.3415569E+01   0.5334631E+00   0.2927770E+03   0.2466537E+01
 323   0.2509203E+01  -0.3415572E+01   0.5334634E+00   0.2927768E+03   0.2466537E+01
 323   0.2509203E+01  -0.3602931E+01   0.5566560E+00   0.2775518E+03   0.2443344E+01


 324   0.2510545E+01  -0.6247679E-03  -0.3204281E+01   0.1600594E+07   0.6204281E+01
 324   0.2510545E+01  -0.1024334E-02  -0.2989558E+01   0.9762437E+06   0.5989558E+01
 324   0.2510545E+01  -0.5086927E-02  -0.2293544E+01   0.1965823E+06   0.5293544E+01
 324   0.2510545E+01  -0.8854234E+00  -0.5284901E-01   0.1129403E+04   0.3052849E+01
 324   0.2510545E+01  -0.9290326E+00  -0.3196906E-01   0.1076389E+04   0.3031969E+01
 324   0.2510545E+01  -0.2220487E+01   0.3464483E+00   0.4503516E+03   0.2653552E+01
 324   0.2510545E+01  -0.2664034E+01   0.4255397E+00   0.3753706E+03   0.2574460E+01
 324   0.2510545E+01  -0.2664060E+01   0.4255440E+00   0.3753669E+03   0.2574456E+01
 324   0.2510545E+01  -0.3329011E+01   0.5223153E+00   0.3003895E+03   0.2477685E+01
 324   0.2510545E+01  -0.3415569E+01   0.5334631E+00   0.2927770E+03   0.2466537E+01
 324   0.2510545E+01  -0.3415571E+01   0.5334634E+00   0.2927768E+03   0.2466537E+01
 324   0.2510545E+01  -0.3602931E+01   0.5566560E+00   0.2775518E+03   0.2443344E+01


 325   0.2511883E+01  -0.6228496E-03  -0.3205617E+01   0.1605524E+07   0.6205617E+01
 325   0.2511883E+01  -0.1021191E-02  -0.2990893E+01   0.9792489E+06   0.5990893E+01
 325   0.2511883E+01  -0.5071360E-02  -0.2294876E+01   0.1971858E+06   0.5294876E+01
 325   0.2511883E+01  -0.8861182E+00  -0.5250833E-01   0.1128518E+04   0.3052508E+01
 325   0.2511883E+01  -0.9290327E+00  -0.3196898E-01   0.1076388E+04   0.3031969E+01
 325   0.2511883E+01  -0.2220487E+01   0.3464483E+00   0.4503516E+03   0.2653552E+01
 325   0.2511883E+01  -0.2664034E+01   0.4255397E+00   0.3753706E+03   0.2574460E+01
 325   0.2511883E+01  -0.2664060E+01   0.4255440E+00   0.3753670E+03   0.2574456E+01
 325   0.2511883E+01  -0.3329011E+01   0.5223153E+00   0.3003895E+03   0.2477685E+01
 325   0.2511883E+01  -0.3415569E+01   0.5334631E+00   0.2927770E+03   0.2466537E+01
 325   0.2511883E+01  -0.3415571E+01   0.5334634E+00   0.2927768E+03   0.2466537E+01
 325   0.2511883E+01  -0.3602931E+01   0.5566560E+00   0.2775518E+03   0.2443344E+01


 326   0.2513218E+01  -0.6209430E-03  -0.3206948E+01   0.1610454E+07   0.6206948E+01
 326   0.2513218E+01  -0.1018067E-02  -0.2992224E+01   0.9822541E+06   0.5992224E+01
 326   0.2513218E+01  -0.5055887E-02  -0.2296203E+01   0.1977892E+06   0.5296203E+01
 326   0.2513218E+01  -0.8868028E+00  -0.5217295E-01   0.1127646E+04   0.3052173E+01
 326   0.2513218E+01  -0.9290329E+00  -0.3196890E-01   0.1076388E+04   0.3031969E+01
 326   0.2513218E+01  -0.2220487E+01   0.3464483E+00   0.4503516E+03   0.2653552E+01
 326   0.2513218E+01  -0.2664034E+01   0.4255397E+00   0.3753706E+03   0.2574460E+01
 326   0.2513218E+01  -0.2664060E+01   0.4255440E+00   0.3753670E+03   0.2574456E+01
 326   0.2513218E+01  -0.3329011E+01   0.5223153E+00   0.3003895E+03   0.2477685E+01
 326   0.2513218E+01  -0.3415569E+01   0.5334631E+00   0.2927770E+03   0.2466537E+01
 326   0.2513218E+01  -0.3415571E+01   0.5334634E+00   0.2927768E+03   0.2466537E+01
 326   0.2513218E+01  -0.3602931E+01   0.5566560E+00   0.2775518E+03   0.2443344E+01


 327   0.2514548E+01  -0.6190480E-03  -0.3208276E+01   0.1615384E+07   0.6208276E+01
 327   0.2514548E+01  -0.1014961E-02  -0.2993551E+01   0.9852592E+06   0.5993551E+01
 327   0.2514548E+01  -0.5040509E-02  -0.2297526E+01   0.1983927E+06   0.5297526E+01
 327   0.2514548E+01  -0.8874772E+00  -0.5184279E-01   0.1126790E+04   0.3051843E+01
 327   0.2514548E+01  -0.9290331E+00  -0.3196883E-01   0.1076388E+04   0.3031969E+01
 327   0.2514548E+01  -0.2220487E+01   0.3464483E+00   0.4503516E+03   0.2653552E+01
 327   0.2514548E+01  -0.2664034E+01   0.4255397E+00   0.3753706E+03   0.2574460E+01
 327   0.2514548E+01  -0.2664060E+01   0.4255439E+00   0.3753670E+03   0.2574456E+01
 327   0.2514548E+01  -0.3329011E+01   0.5223153E+00   0.3003895E+03   0.2477685E+01
 327   0.2514548E+01  -0.3415569E+01   0.5334631E+00   0.2927770E+03   0.2466537E+01
 327   0.2514548E+01  -0.3415571E+01   0.5334634E+00   0.2927768E+03   0.2466537E+01
 327   0.2514548E+01  -0.3602931E+01   0.5566560E+00   0.2775518E+03   0.2443344E+01


 328   0.2515874E+01  -0.6171646E-03  -0.3209599E+01   0.1620313E+07   0.6209599E+01
 328   0.2515874E+01  -0.1011875E-02  -0.2994873E+01   0.9882644E+06   0.5994873E+01
 328   0.2515874E+01  -0.5025224E-02  -0.2298845E+01   0.1989961E+06   0.5298845E+01
 328   0.2515874E+01  -0.8881416E+00  -0.5151778E-01   0.1125947E+04   0.3051518E+01
 328   0.2515874E+01  -0.9290332E+00  -0.3196876E-01   0.1076388E+04   0.3031969E+01
 328   0.2515874E+01  -0.2220487E+01   0.3464483E+00   0.4503516E+03   0.2653552E+01
 328   0.2515874E+01  -0.2664034E+01   0.4255397E+00   0.3753706E+03   0.2574460E+01
 328   0.2515874E+01  -0.2664060E+01   0.4255439E+00   0.3753670E+03   0.2574456E+01
 328   0.2515874E+01  -0.3329011E+01   0.5223153E+00   0.3003895E+03   0.2477685E+01
 328   0.2515874E+01  -0.3415569E+01   0.5334631E+00   0.2927770E+03   0.2466537E+01
 328   0.2515874E+01  -0.3415571E+01   0.5334634E+00   0.2927768E+03   0.2466537E+01
 328   0.2515874E+01  -0.3602931E+01   0.5566560E+00   0.2775518E+03   0.2443344E+01


 329   0.2517196E+01  -0.6152926E-03  -0.3210918E+01   0.1625243E+07   0.6210918E+01
 329   0.2517196E+01  -0.1008807E-02  -0.2996192E+01   0.9912696E+06   0.5996192E+01
 329   0.2517196E+01  -0.5010031E-02  -0.2300160E+01   0.1995996E+06   0.5300160E+01
 329   0.2517196E+01  -0.8887962E+00  -0.5119783E-01   0.1125117E+04   0.3051198E+01
 329   0.2517196E+01  -0.9290333E+00  -0.3196870E-01   0.1076388E+04   0.3031969E+01
 329   0.2517196E+01  -0.2220487E+01   0.3464483E+00   0.4503516E+03   0.2653552E+01
 329   0.2517196E+01  -0.2664034E+01   0.4255397E+00   0.3753706E+03   0.2574460E+01
 329   0.2517196E+01  -0.2664059E+01   0.4255439E+00   0.3753670E+03   0.2574456E+01
 329   0.2517196E+01  -0.3329011E+01   0.5223153E+00   0.3003895E+03   0.2477685E+01
 329   0.2517196E+01  -0.3415569E+01   0.5334631E+00   0.2927770E+03   0.2466537E+01
 329   0.2517196E+01  -0.3415571E+01   0.5334634E+00   0.2927768E+03   0.2466537E+01
 329   0.2517196E+01  -0.3602931E+01   0.5566560E+00   0.2775518E+03   0.2443344E+01


 330   0.2518514E+01  -0.6134319E-03  -0.3212234E+01   0.1630173E+07   0.6212234E+01
 330   0.2518514E+01  -0.1005758E-02  -0.2997506E+01   0.9942748E+06   0.5997506E+01
 330   0.2518514E+01  -0.4994930E-02  -0.2301471E+01   0.2002030E+06   0.5301471E+01
 330   0.2518514E+01  -0.8894410E+00  -0.5088287E-01   0.1124302E+04   0.3050883E+01
 330   0.2518514E+01  -0.9290335E+00  -0.3196864E-01   0.1076387E+04   0.3031969E+01
 330   0.2518514E+01  -0.2220487E+01   0.3464483E+00   0.4503516E+03   0.2653552E+01
 330   0.2518514E+01  -0.2664034E+01   0.4255397E+00   0.3753706E+03   0.2574460E+01
 330   0.2518514E+01  -0.2664059E+01   0.4255439E+00   0.3753670E+03   0.2574456E+01
 330   0.2518514E+01  -0.3329011E+01   0.5223153E+00   0.3003895E+03   0.2477685E+01
 330   0.2518514E+01  -0.3415569E+01   0.5334631E+00   0.2927770E+03   0.2466537E+01
 330   0.2518514E+01  -0.3415571E+01   0.5334634E+00   0.2927768E+03   0.2466537E+01
 330   0.2518514E+01  -0.3602931E+01   0.5566560E+00   0.2775518E+03   0.2443344E+01


 331   0.2519828E+01  -0.6115824E-03  -0.3213545E+01   0.1635103E+07   0.6213545E+01
 331   0.2519828E+01  -0.1002727E-02  -0.2998817E+01   0.9972799E+06   0.5998817E+01
 331   0.2519828E+01  -0.4979919E-02  -0.2302778E+01   0.2008065E+06   0.5302778E+01
 331   0.2519828E+01  -0.8900762E+00  -0.5057283E-01   0.1123499E+04   0.3050573E+01
 331   0.2519828E+01  -0.9290336E+00  -0.3196858E-01   0.1076387E+04   0.3031969E+01
 331   0.2519828E+01  -0.2220487E+01   0.3464483E+00   0.4503516E+03   0.2653552E+01
 331   0.2519828E+01  -0.2664034E+01   0.4255397E+00   0.3753706E+03   0.2574460E+01
 331   0.2519828E+01  -0.2664059E+01   0.4255439E+00   0.3753670E+03   0.2574456E+01
 331   0.2519828E+01  -0.3329011E+01   0.5223153E+00   0.3003895E+03   0.2477685E+01
 331   0.2519828E+01  -0.3415569E+01   0.5334631E+00   0.2927770E+03   0.2466537E+01
 331   0.2519828E+01  -0.3415571E+01   0.5334634E+00   0.2927768E+03   0.2466537E+01
 331   0.2519828E+01  -0.3602931E+01   0.5566560E+00   0.2775518E+03   0.2443344E+01


 332   0.2521138E+01  -0.6097441E-03  -0.3214852E+01   0.1640032E+07   0.6214852E+01
 332   0.2521138E+01  -0.9997150E-03  -0.3000124E+01   0.1000285E+07   0.6000124E+01
 332   0.2521138E+01  -0.4964999E-02  -0.2304081E+01   0.2014099E+06   0.5304081E+01
 332   0.2521138E+01  -0.8907019E+00  -0.5026765E-01   0.1122710E+04   0.3050268E+01
 332   0.2521138E+01  -0.9290337E+00  -0.3196854E-01   0.1076387E+04   0.3031969E+01
 332   0.2521138E+01  -0.2220487E+01   0.3464483E+00   0.4503516E+03   0.2653552E+01
 332   0.2521138E+01  -0.2664034E+01   0.4255397E+00   0.3753706E+03   0.2574460E+01
 332   0.2521138E+01  -0.2664059E+01   0.4255439E+00   0.3753670E+03   0.2574456E+01
 332   0.2521138E+01  -0.3329011E+01   0.5223153E+00   0.3003895E+03   0.2477685E+01
 332   0.2521138E+01  -0.3415569E+01   0.5334631E+00   0.2927770E+03   0.2466537E+01
 332   0.2521138E+01  -0.3415571E+01   0.5334634E+00   0.2927768E+03   0.2466537E+01
 332   0.2521138E+01  -0.3602931E+01   0.5566560E+00   0.2775518E+03   0.2443344E+01


 333   0.2522444E+01  -0.6079167E-03  -0.3216156E+01   0.1644962E+07   0.6216156E+01
 333   0.2522444E+01  -0.9967205E-03  -0.3001427E+01   0.1003290E+07   0.6001427E+01
 333   0.2522444E+01  -0.4950167E-02  -0.2305380E+01   0.2020134E+06   0.5305380E+01
 333   0.2522444E+01  -0.8913182E+00  -0.4996723E-01   0.1121934E+04   0.3049967E+01
 333   0.2522444E+01  -0.9290338E+00  -0.3196849E-01   0.1076387E+04   0.3031968E+01
 333   0.2522444E+01  -0.2220487E+01   0.3464483E+00   0.4503516E+03   0.2653552E+01
 333   0.2522444E+01  -0.2664034E+01   0.4255397E+00   0.3753706E+03   0.2574460E+01
 333   0.2522444E+01  -0.2664059E+01   0.4255439E+00   0.3753670E+03   0.2574456E+01
 333   0.2522444E+01  -0.3329011E+01   0.5223153E+00   0.3003895E+03   0.2477685E+01
 333   0.2522444E+01  -0.3415569E+01   0.5334631E+00   0.2927770E+03   0.2466537E+01
 333   0.2522444E+01  -0.3415571E+01   0.5334634E+00   0.2927768E+03   0.2466537E+01
 333   0.2522444E+01  -0.3602931E+01   0.5566560E+00   0.2775518E+03   0.2443344E+01


 334   0.2523746E+01  -0.6061003E-03  -0.3217455E+01   0.1649892E+07   0.6217455E+01
 334   0.2523746E+01  -0.9937439E-03  -0.3002726E+01   0.1006295E+07   0.6002726E+01
 334   0.2523746E+01  -0.4935425E-02  -0.2306675E+01   0.2026168E+06   0.5306675E+01
 334   0.2523746E+01  -0.8919253E+00  -0.4967153E-01   0.1121170E+04   0.3049672E+01
 334   0.2523746E+01  -0.9290339E+00  -0.3196845E-01   0.1076387E+04   0.3031968E+01
 334   0.2523746E+01  -0.2220487E+01   0.3464483E+00   0.4503516E+03   0.2653552E+01
 334   0.2523746E+01  -0.2664034E+01   0.4255397E+00   0.3753706E+03   0.2574460E+01
 334   0.2523746E+01  -0.2664059E+01   0.4255439E+00   0.3753671E+03   0.2574456E+01
 334   0.2523746E+01  -0.3329011E+01   0.5223153E+00   0.3003895E+03   0.2477685E+01
 334   0.2523746E+01  -0.3415569E+01   0.5334631E+00   0.2927770E+03   0.2466537E+01
 334   0.2523746E+01  -0.3415571E+01   0.5334634E+00   0.2927768E+03   0.2466537E+01
 334   0.2523746E+01  -0.3602931E+01   0.5566560E+00   0.2775518E+03   0.2443344E+01


 335   0.2525045E+01  -0.6042947E-03  -0.3218751E+01   0.1654822E+07   0.6218751E+01
 335   0.2525045E+01  -0.9907851E-03  -0.3004021E+01   0.1009301E+07   0.6004021E+01
 335   0.2525045E+01  -0.4920769E-02  -0.2307967E+01   0.2032203E+06   0.5307967E+01
 335   0.2525045E+01  -0.8925233E+00  -0.4938046E-01   0.1120419E+04   0.3049380E+01
 335   0.2525045E+01  -0.9290340E+00  -0.3196841E-01   0.1076387E+04   0.3031968E+01
 335   0.2525045E+01  -0.2220487E+01   0.3464483E+00   0.4503516E+03   0.2653552E+01
 335   0.2525045E+01  -0.2664034E+01   0.4255397E+00   0.3753706E+03   0.2574460E+01
 335   0.2525045E+01  -0.2664059E+01   0.4255438E+00   0.3753671E+03   0.2574456E+01
 335   0.2525045E+01  -0.3329011E+01   0.5223153E+00   0.3003895E+03   0.2477685E+01
 335   0.2525045E+01  -0.3415569E+01   0.5334631E+00   0.2927770E+03   0.2466537E+01
 335   0.2525045E+01  -0.3415571E+01   0.5334634E+00   0.2927768E+03   0.2466537E+01
 335   0.2525045E+01  -0.3602931E+01   0.5566560E+00   0.2775518E+03   0.2443344E+01


 336   0.2526339E+01  -0.6024999E-03  -0.3220043E+01   0.1659751E+07   0.6220043E+01
 336   0.2526339E+01  -0.9878438E-03  -0.3005312E+01   0.1012306E+07   0.6005312E+01
 336   0.2526339E+01  -0.4906200E-02  -0.2309255E+01   0.2038237E+06   0.5309255E+01
 336   0.2526339E+01  -0.8931122E+00  -0.4909396E-01   0.1119680E+04   0.3049094E+01
 336   0.2526339E+01  -0.9290340E+00  -0.3196838E-01   0.1076387E+04   0.3031968E+01
 336   0.2526339E+01  -0.2220487E+01   0.3464483E+00   0.4503516E+03   0.2653552E+01
 336   0.2526339E+01  -0.2664034E+01   0.4255397E+00   0.3753706E+03   0.2574460E+01
 336   0.2526339E+01  -0.2664059E+01   0.4255438E+00   0.3753671E+03   0.2574456E+01
 336   0.2526339E+01  -0.3329011E+01   0.5223153E+00   0.3003895E+03   0.2477685E+01
 336   0.2526339E+01  -0.3415569E+01   0.5334631E+00   0.2927770E+03   0.2466537E+01
 336   0.2526339E+01  -0.3415571E+01   0.5334634E+00   0.2927768E+03   0.2466537E+01
 336   0.2526339E+01  -0.3602931E+01   0.5566560E+00   0.2775518E+03   0.2443344E+01


 337   0.2527630E+01  -0.6007156E-03  -0.3221331E+01   0.1664681E+07   0.6221331E+01
 337   0.2527630E+01  -0.9849199E-03  -0.3006599E+01   0.1015311E+07   0.6006599E+01
 337   0.2527630E+01  -0.4891718E-02  -0.2310539E+01   0.2044272E+06   0.5310539E+01
 337   0.2527630E+01  -0.8936923E+00  -0.4881196E-01   0.1118953E+04   0.3048812E+01
 337   0.2527630E+01  -0.9290341E+00  -0.3196835E-01   0.1076387E+04   0.3031968E+01
 337   0.2527630E+01  -0.2220487E+01   0.3464483E+00   0.4503516E+03   0.2653552E+01
 337   0.2527630E+01  -0.2664034E+01   0.4255397E+00   0.3753706E+03   0.2574460E+01
 337   0.2527630E+01  -0.2664059E+01   0.4255438E+00   0.3753671E+03   0.2574456E+01
 337   0.2527630E+01  -0.3329011E+01   0.5223153E+00   0.3003895E+03   0.2477685E+01
 337   0.2527630E+01  -0.3415569E+01   0.5334631E+00   0.2927770E+03   0.2466537E+01
 337   0.2527630E+01  -0.3415571E+01   0.5334634E+00   0.2927768E+03   0.2466537E+01
 337   0.2527630E+01  -0.3602931E+01   0.5566560E+00   0.2775518E+03   0.2443344E+01


 338   0.2528917E+01  -0.5989419E-03  -0.3222615E+01   0.1669611E+07   0.6222615E+01
 338   0.2528917E+01  -0.9820133E-03  -0.3007883E+01   0.1018316E+07   0.6007883E+01
 338   0.2528917E+01  -0.4877321E-02  -0.2311819E+01   0.2050306E+06   0.5311819E+01
 338   0.2528917E+01  -0.8942637E+00  -0.4853440E-01   0.1118238E+04   0.3048534E+01
 338   0.2528917E+01  -0.9290341E+00  -0.3196832E-01   0.1076387E+04   0.3031968E+01
 338   0.2528917E+01  -0.2220487E+01   0.3464483E+00   0.4503516E+03   0.2653552E+01
 338   0.2528917E+01  -0.2664034E+01   0.4255397E+00   0.3753706E+03   0.2574460E+01
 338   0.2528917E+01  -0.2664059E+01   0.4255438E+00   0.3753671E+03   0.2574456E+01
 338   0.2528917E+01  -0.3329011E+01   0.5223153E+00   0.3003895E+03   0.2477685E+01
 338   0.2528917E+01  -0.3415569E+01   0.5334631E+00   0.2927770E+03   0.2466537E+01
 338   0.2528917E+01  -0.3415571E+01   0.5334634E+00   0.2927768E+03   0.2466537E+01
 338   0.2528917E+01  -0.3602931E+01   0.5566560E+00   0.2775518E+03   0.2443344E+01


 339   0.2530200E+01  -0.5971787E-03  -0.3223896E+01   0.1674541E+07   0.6223896E+01
 339   0.2530200E+01  -0.9791238E-03  -0.3009162E+01   0.1021321E+07   0.6009162E+01
 339   0.2530200E+01  -0.4863008E-02  -0.2313095E+01   0.2056341E+06   0.5313095E+01
 339   0.2530200E+01  -0.8948264E+00  -0.4826121E-01   0.1117535E+04   0.3048261E+01
 339   0.2530200E+01  -0.9290342E+00  -0.3196830E-01   0.1076387E+04   0.3031968E+01
 339   0.2530200E+01  -0.2220487E+01   0.3464483E+00   0.4503516E+03   0.2653552E+01
 339   0.2530200E+01  -0.2664034E+01   0.4255397E+00   0.3753706E+03   0.2574460E+01
 339   0.2530200E+01  -0.2664059E+01   0.4255438E+00   0.3753671E+03   0.2574456E+01
 339   0.2530200E+01  -0.3329011E+01   0.5223153E+00   0.3003895E+03   0.2477685E+01
 339   0.2530200E+01  -0.3415569E+01   0.5334631E+00   0.2927770E+03   0.2466537E+01
 339   0.2530200E+01  -0.3415571E+01   0.5334634E+00   0.2927768E+03   0.2466537E+01
 339   0.2530200E+01  -0.3602931E+01   0.5566560E+00   0.2775518E+03   0.2443344E+01


 340   0.2531479E+01  -0.5954258E-03  -0.3225172E+01   0.1679470E+07   0.6225172E+01
 340   0.2531479E+01  -0.9762513E-03  -0.3010438E+01   0.1024326E+07   0.6010438E+01
 340   0.2531479E+01  -0.4848779E-02  -0.2314368E+01   0.2062375E+06   0.5314368E+01
 340   0.2531479E+01  -0.8953806E+00  -0.4799232E-01   0.1116843E+04   0.3047992E+01
 340   0.2531479E+01  -0.9290342E+00  -0.3196828E-01   0.1076387E+04   0.3031968E+01
 340   0.2531479E+01  -0.2220487E+01   0.3464483E+00   0.4503516E+03   0.2653552E+01
 340   0.2531479E+01  -0.2664034E+01   0.4255397E+00   0.3753706E+03   0.2574460E+01
 340   0.2531479E+01  -0.2664059E+01   0.4255438E+00   0.3753671E+03   0.2574456E+01
 340   0.2531479E+01  -0.3329011E+01   0.5223153E+00   0.3003895E+03   0.2477685E+01
 340   0.2531479E+01  -0.3415569E+01   0.5334631E+00   0.2927770E+03   0.2466537E+01
 340   0.2531479E+01  -0.3415571E+01   0.5334634E+00   0.2927768E+03   0.2466537E+01
 340   0.2531479E+01  -0.3602931E+01   0.5566560E+00   0.2775518E+03   0.2443344E+01


 341   0.2532754E+01  -0.5936831E-03  -0.3226445E+01   0.1684400E+07   0.6226445E+01
 341   0.2532754E+01  -0.9733955E-03  -0.3011711E+01   0.1027332E+07   0.6011711E+01
 341   0.2532754E+01  -0.4834632E-02  -0.2315637E+01   0.2068410E+06   0.5315637E+01
 341   0.2532754E+01  -0.8959264E+00  -0.4772766E-01   0.1116163E+04   0.3047728E+01
 341   0.2532754E+01  -0.9290343E+00  -0.3196827E-01   0.1076387E+04   0.3031968E+01
 341   0.2532754E+01  -0.2220487E+01   0.3464483E+00   0.4503516E+03   0.2653552E+01
 341   0.2532754E+01  -0.2664034E+01   0.4255397E+00   0.3753706E+03   0.2574460E+01
 341   0.2532754E+01  -0.2664059E+01   0.4255438E+00   0.3753671E+03   0.2574456E+01
 341   0.2532754E+01  -0.3329011E+01   0.5223153E+00   0.3003895E+03   0.2477685E+01
 341   0.2532754E+01  -0.3415569E+01   0.5334631E+00   0.2927770E+03   0.2466537E+01
 341   0.2532754E+01  -0.3415571E+01   0.5334634E+00   0.2927768E+03   0.2466537E+01
 341   0.2532754E+01  -0.3602931E+01   0.5566560E+00   0.2775518E+03   0.2443344E+01


 342   0.2534026E+01  -0.5919507E-03  -0.3227714E+01   0.1689330E+07   0.6227714E+01
 342   0.2534026E+01  -0.9705564E-03  -0.3012979E+01   0.1030337E+07   0.6012979E+01
 342   0.2534026E+01  -0.4820569E-02  -0.2316902E+01   0.2074444E+06   0.5316902E+01
 342   0.2534026E+01  -0.8964639E+00  -0.4746719E-01   0.1115494E+04   0.3047467E+01
 342   0.2534026E+01  -0.9290343E+00  -0.3196825E-01   0.1076387E+04   0.3031968E+01
 342   0.2534026E+01  -0.2220487E+01   0.3464483E+00   0.4503516E+03   0.2653552E+01
 342   0.2534026E+01  -0.2664034E+01   0.4255397E+00   0.3753706E+03   0.2574460E+01
 342   0.2534026E+01  -0.2664058E+01   0.4255438E+00   0.3753671E+03   0.2574456E+01
 342   0.2534026E+01  -0.3329011E+01   0.5223153E+00   0.3003895E+03   0.2477685E+01
 342   0.2534026E+01  -0.3415569E+01   0.5334631E+00   0.2927770E+03   0.2466537E+01
 342   0.2534026E+01  -0.3415571E+01   0.5334634E+00   0.2927768E+03   0.2466537E+01
 342   0.2534026E+01  -0.3602931E+01   0.5566560E+00   0.2775518E+03   0.2443344E+01


 343   0.2535294E+01  -0.5902283E-03  -0.3228980E+01   0.1694260E+07   0.6228980E+01
 343   0.2535294E+01  -0.9677339E-03  -0.3014244E+01   0.1033342E+07   0.6014244E+01
 343   0.2535294E+01  -0.4806586E-02  -0.2318163E+01   0.2080479E+06   0.5318163E+01
 343   0.2535294E+01  -0.8969932E+00  -0.4721083E-01   0.1114836E+04   0.3047211E+01
 343   0.2535294E+01  -0.9290343E+00  -0.3196824E-01   0.1076387E+04   0.3031968E+01
 343   0.2535294E+01  -0.2220487E+01   0.3464483E+00   0.4503516E+03   0.2653552E+01
 343   0.2535294E+01  -0.2664034E+01   0.4255397E+00   0.3753706E+03   0.2574460E+01
 343   0.2535294E+01  -0.2664058E+01   0.4255437E+00   0.3753671E+03   0.2574456E+01
 343   0.2535294E+01  -0.3329011E+01   0.5223153E+00   0.3003895E+03   0.2477685E+01
 343   0.2535294E+01  -0.3415569E+01   0.5334631E+00   0.2927770E+03   0.2466537E+01
 343   0.2535294E+01  -0.3415571E+01   0.5334634E+00   0.2927768E+03   0.2466537E+01
 343   0.2535294E+01  -0.3602931E+01   0.5566560E+00   0.2775518E+03   0.2443344E+01


 344   0.2536558E+01  -0.5885159E-03  -0.3230242E+01   0.1699189E+07   0.6230242E+01
 344   0.2536558E+01  -0.9649276E-03  -0.3015505E+01   0.1036347E+07   0.6015505E+01
 344   0.2536558E+01  -0.4792685E-02  -0.2319421E+01   0.2086513E+06   0.5319421E+01
 344   0.2536558E+01  -0.8975145E+00  -0.4695853E-01   0.1114188E+04   0.3046959E+01
 344   0.2536558E+01  -0.9290343E+00  -0.3196824E-01   0.1076386E+04   0.3031968E+01
 344   0.2536558E+01  -0.2220487E+01   0.3464483E+00   0.4503516E+03   0.2653552E+01
 344   0.2536558E+01  -0.2664034E+01   0.4255397E+00   0.3753706E+03   0.2574460E+01
 344   0.2536558E+01  -0.2664058E+01   0.4255437E+00   0.3753672E+03   0.2574456E+01
 344   0.2536558E+01  -0.3329011E+01   0.5223153E+00   0.3003895E+03   0.2477685E+01
 344   0.2536558E+01  -0.3415569E+01   0.5334631E+00   0.2927770E+03   0.2466537E+01
 344   0.2536558E+01  -0.3415571E+01   0.5334634E+00   0.2927768E+03   0.2466537E+01
 344   0.2536558E+01  -0.3602931E+01   0.5566560E+00   0.2775518E+03   0.2443344E+01


 345   0.2537819E+01  -0.5868134E-03  -0.3231500E+01   0.1704119E+07   0.6231500E+01
 345   0.2537819E+01  -0.9621377E-03  -0.3016763E+01   0.1039352E+07   0.6016763E+01
 345   0.2537819E+01  -0.4778864E-02  -0.2320675E+01   0.2092548E+06   0.5320675E+01
 345   0.2537819E+01  -0.8980278E+00  -0.4671022E-01   0.1113551E+04   0.3046710E+01
 345   0.2537819E+01  -0.9290343E+00  -0.3196823E-01   0.1076386E+04   0.3031968E+01
 345   0.2537819E+01  -0.2220487E+01   0.3464483E+00   0.4503516E+03   0.2653552E+01
 345   0.2537819E+01  -0.2664034E+01   0.4255397E+00   0.3753706E+03   0.2574460E+01
 345   0.2537819E+01  -0.2664058E+01   0.4255437E+00   0.3753672E+03   0.2574456E+01
 345   0.2537819E+01  -0.3329011E+01   0.5223153E+00   0.3003895E+03   0.2477685E+01
 345   0.2537819E+01  -0.3415569E+01   0.5334631E+00   0.2927770E+03   0.2466537E+01
 345   0.2537819E+01  -0.3415571E+01   0.5334634E+00   0.2927768E+03   0.2466537E+01
 345   0.2537819E+01  -0.3602931E+01   0.5566560E+00   0.2775518E+03   0.2443344E+01


 346   0.2539076E+01  -0.5851207E-03  -0.3232755E+01   0.1709049E+07   0.6232755E+01
 346   0.2539076E+01  -0.9593638E-03  -0.3018017E+01   0.1042357E+07   0.6018017E+01
 346   0.2539076E+01  -0.4765122E-02  -0.2321926E+01   0.2098582E+06   0.5321926E+01
 346   0.2539076E+01  -0.8985333E+00  -0.4646584E-01   0.1112925E+04   0.3046466E+01
 346   0.2539076E+01  -0.9290343E+00  -0.3196823E-01   0.1076386E+04   0.3031968E+01
 346   0.2539076E+01  -0.2220487E+01   0.3464483E+00   0.4503516E+03   0.2653552E+01
 346   0.2539076E+01  -0.2664034E+01   0.4255397E+00   0.3753706E+03   0.2574460E+01
 346   0.2539076E+01  -0.2664058E+01   0.4255437E+00   0.3753672E+03   0.2574456E+01
 346   0.2539076E+01  -0.3329011E+01   0.5223153E+00   0.3003895E+03   0.2477685E+01
 346   0.2539076E+01  -0.3415569E+01   0.5334631E+00   0.2927770E+03   0.2466537E+01
 346   0.2539076E+01  -0.3415571E+01   0.5334634E+00   0.2927768E+03   0.2466537E+01
 346   0.2539076E+01  -0.3602931E+01   0.5566560E+00   0.2775518E+03   0.2443344E+01


 347   0.2540329E+01  -0.5834378E-03  -0.3234005E+01   0.1713979E+07   0.6234005E+01
 347   0.2540329E+01  -0.9566058E-03  -0.3019267E+01   0.1045363E+07   0.6019267E+01
 347   0.2540329E+01  -0.4751460E-02  -0.2323173E+01   0.2104616E+06   0.5323173E+01
 347   0.2540329E+01  -0.8990310E+00  -0.4622534E-01   0.1112309E+04   0.3046225E+01
 347   0.2540329E+01  -0.9290343E+00  -0.3196824E-01   0.1076386E+04   0.3031968E+01
 347   0.2540329E+01  -0.2220487E+01   0.3464483E+00   0.4503516E+03   0.2653552E+01
 347   0.2540329E+01  -0.2664034E+01   0.4255397E+00   0.3753706E+03   0.2574460E+01
 347   0.2540329E+01  -0.2664058E+01   0.4255437E+00   0.3753672E+03   0.2574456E+01
 347   0.2540329E+01  -0.3329011E+01   0.5223153E+00   0.3003895E+03   0.2477685E+01
 347   0.2540329E+01  -0.3415569E+01   0.5334631E+00   0.2927770E+03   0.2466537E+01
 347   0.2540329E+01  -0.3415571E+01   0.5334634E+00   0.2927768E+03   0.2466537E+01
 347   0.2540329E+01  -0.3602931E+01   0.5566560E+00   0.2775518E+03   0.2443344E+01


 348   0.2541579E+01  -0.5817645E-03  -0.3235253E+01   0.1718909E+07   0.6235253E+01
 348   0.2541579E+01  -0.9538637E-03  -0.3020514E+01   0.1048368E+07   0.6020514E+01
 348   0.2541579E+01  -0.4737875E-02  -0.2324416E+01   0.2110651E+06   0.5324416E+01
 348   0.2541579E+01  -0.8995211E+00  -0.4598865E-01   0.1111703E+04   0.3045989E+01
 348   0.2541579E+01  -0.9290343E+00  -0.3196824E-01   0.1076386E+04   0.3031968E+01
 348   0.2541579E+01  -0.2220487E+01   0.3464483E+00   0.4503516E+03   0.2653552E+01
 348   0.2541579E+01  -0.2664034E+01   0.4255397E+00   0.3753706E+03   0.2574460E+01
 348   0.2541579E+01  -0.2664058E+01   0.4255437E+00   0.3753672E+03   0.2574456E+01
 348   0.2541579E+01  -0.3329011E+01   0.5223153E+00   0.3003895E+03   0.2477685E+01
 348   0.2541579E+01  -0.3415569E+01   0.5334631E+00   0.2927770E+03   0.2466537E+01
 348   0.2541579E+01  -0.3415571E+01   0.5334634E+00   0.2927768E+03   0.2466537E+01
 348   0.2541579E+01  -0.3602931E+01   0.5566560E+00   0.2775518E+03   0.2443344E+01


 349   0.2542825E+01  -0.5801008E-03  -0.3236497E+01   0.1723838E+07   0.6236497E+01
 349   0.2542825E+01  -0.9511373E-03  -0.3021757E+01   0.1051373E+07   0.6021757E+01
 349   0.2542825E+01  -0.4724368E-02  -0.2325656E+01   0.2116685E+06   0.5325656E+01
 349   0.2542825E+01  -0.9000037E+00  -0.4575573E-01   0.1111107E+04   0.3045756E+01
 349   0.2542825E+01  -0.9290343E+00  -0.3196825E-01   0.1076387E+04   0.3031968E+01
 349   0.2542825E+01  -0.2220487E+01   0.3464483E+00   0.4503516E+03   0.2653552E+01
 349   0.2542825E+01  -0.2664034E+01   0.4255397E+00   0.3753706E+03   0.2574460E+01
 349   0.2542825E+01  -0.2664058E+01   0.4255437E+00   0.3753672E+03   0.2574456E+01
 349   0.2542825E+01  -0.3329011E+01   0.5223153E+00   0.3003895E+03   0.2477685E+01
 349   0.2542825E+01  -0.3415569E+01   0.5334631E+00   0.2927770E+03   0.2466537E+01
 349   0.2542825E+01  -0.3415571E+01   0.5334634E+00   0.2927768E+03   0.2466537E+01
 349   0.2542825E+01  -0.3602931E+01   0.5566560E+00   0.2775518E+03   0.2443344E+01


 350   0.2544068E+01  -0.5784466E-03  -0.3237737E+01   0.1728768E+07   0.6237737E+01
 350   0.2544068E+01  -0.9484263E-03  -0.3022996E+01   0.1054378E+07   0.6022996E+01
 350   0.2544068E+01  -0.4710937E-02  -0.2326893E+01   0.2122720E+06   0.5326893E+01
 350   0.2544068E+01  -0.9004788E+00  -0.4552650E-01   0.1110520E+04   0.3045527E+01
 350   0.2544068E+01  -0.9290343E+00  -0.3196826E-01   0.1076387E+04   0.3031968E+01
 350   0.2544068E+01  -0.2220487E+01   0.3464483E+00   0.4503516E+03   0.2653552E+01
 350   0.2544068E+01  -0.2664034E+01   0.4255397E+00   0.3753706E+03   0.2574460E+01
 350   0.2544068E+01  -0.2664058E+01   0.4255437E+00   0.3753672E+03   0.2574456E+01
 350   0.2544068E+01  -0.3329011E+01   0.5223153E+00   0.3003895E+03   0.2477685E+01
 350   0.2544068E+01  -0.3415569E+01   0.5334631E+00   0.2927770E+03   0.2466537E+01
 350   0.2544068E+01  -0.3415571E+01   0.5334634E+00   0.2927768E+03   0.2466537E+01
 350   0.2544068E+01  -0.3602931E+01   0.5566560E+00   0.2775518E+03   0.2443344E+01


 351   0.2545307E+01  -0.5768018E-03  -0.3238973E+01   0.1733698E+07   0.6238973E+01
 351   0.2545307E+01  -0.9457308E-03  -0.3024232E+01   0.1057383E+07   0.6024232E+01
 351   0.2545307E+01  -0.4697583E-02  -0.2328126E+01   0.2128754E+06   0.5328126E+01
 351   0.2545307E+01  -0.9009466E+00  -0.4530093E-01   0.1109944E+04   0.3045301E+01
 351   0.2545307E+01  -0.9290343E+00  -0.3196827E-01   0.1076387E+04   0.3031968E+01
 351   0.2545307E+01  -0.2220487E+01   0.3464483E+00   0.4503516E+03   0.2653552E+01
 351   0.2545307E+01  -0.2664034E+01   0.4255397E+00   0.3753706E+03   0.2574460E+01
 351   0.2545307E+01  -0.2664058E+01   0.4255436E+00   0.3753672E+03   0.2574456E+01
 351   0.2545307E+01  -0.3329011E+01   0.5223153E+00   0.3003895E+03   0.2477685E+01
 351   0.2545307E+01  -0.3415569E+01   0.5334631E+00   0.2927770E+03   0.2466537E+01
 351   0.2545307E+01  -0.3415571E+01   0.5334634E+00   0.2927768E+03   0.2466537E+01
 351   0.2545307E+01  -0.3602931E+01   0.5566560E+00   0.2775518E+03   0.2443344E+01


 352   0.2546543E+01  -0.5751663E-03  -0.3240207E+01   0.1738628E+07   0.6240207E+01
 352   0.2546543E+01  -0.9430506E-03  -0.3025465E+01   0.1060388E+07   0.6025465E+01
 352   0.2546543E+01  -0.4684304E-02  -0.2329355E+01   0.2134789E+06   0.5329355E+01
 352   0.2546543E+01  -0.9014073E+00  -0.4507895E-01   0.1109376E+04   0.3045079E+01
 352   0.2546543E+01  -0.9290342E+00  -0.3196828E-01   0.1076387E+04   0.3031968E+01
 352   0.2546543E+01  -0.2220487E+01   0.3464483E+00   0.4503516E+03   0.2653552E+01
 352   0.2546543E+01  -0.2664034E+01   0.4255397E+00   0.3753706E+03   0.2574460E+01
 352   0.2546543E+01  -0.2664058E+01   0.4255436E+00   0.3753672E+03   0.2574456E+01
 352   0.2546543E+01  -0.3329011E+01   0.5223153E+00   0.3003895E+03   0.2477685E+01
 352   0.2546543E+01  -0.3415569E+01   0.5334631E+00   0.2927770E+03   0.2466537E+01
 352   0.2546543E+01  -0.3415571E+01   0.5334634E+00   0.2927768E+03   0.2466537E+01
 352   0.2546543E+01  -0.3602931E+01   0.5566560E+00   0.2775518E+03   0.2443344E+01


 353   0.2547775E+01  -0.5735401E-03  -0.3241436E+01   0.1743557E+07   0.6241436E+01
 353   0.2547775E+01  -0.9403855E-03  -0.3026694E+01   0.1063394E+07   0.6026694E+01
 353   0.2547775E+01  -0.4671100E-02  -0.2330581E+01   0.2140823E+06   0.5330581E+01
 353   0.2547775E+01  -0.9018608E+00  -0.4486050E-01   0.1108819E+04   0.3044861E+01
 353   0.2547775E+01  -0.9290342E+00  -0.3196830E-01   0.1076387E+04   0.3031968E+01
 353   0.2547775E+01  -0.2220487E+01   0.3464483E+00   0.4503516E+03   0.2653552E+01
 353   0.2547775E+01  -0.2664034E+01   0.4255397E+00   0.3753706E+03   0.2574460E+01
 353   0.2547775E+01  -0.2664058E+01   0.4255436E+00   0.3753672E+03   0.2574456E+01
 353   0.2547775E+01  -0.3329011E+01   0.5223153E+00   0.3003895E+03   0.2477685E+01
 353   0.2547775E+01  -0.3415569E+01   0.5334631E+00   0.2927770E+03   0.2466537E+01
 353   0.2547775E+01  -0.3415571E+01   0.5334634E+00   0.2927768E+03   0.2466537E+01
 353   0.2547775E+01  -0.3602931E+01   0.5566560E+00   0.2775518E+03   0.2443344E+01


 354   0.2549003E+01  -0.5719230E-03  -0.3242662E+01   0.1748487E+07   0.6242662E+01
 354   0.2549003E+01  -0.9377355E-03  -0.3027920E+01   0.1066399E+07   0.6027920E+01
 354   0.2549003E+01  -0.4657970E-02  -0.2331803E+01   0.2146858E+06   0.5331803E+01
 354   0.2549003E+01  -0.9023073E+00  -0.4464554E-01   0.1108270E+04   0.3044646E+01
 354   0.2549003E+01  -0.9290342E+00  -0.3196832E-01   0.1076387E+04   0.3031968E+01
 354   0.2549003E+01  -0.2220487E+01   0.3464483E+00   0.4503516E+03   0.2653552E+01
 354   0.2549003E+01  -0.2664034E+01   0.4255398E+00   0.3753706E+03   0.2574460E+01
 354   0.2549003E+01  -0.2664058E+01   0.4255436E+00   0.3753673E+03   0.2574456E+01
 354   0.2549003E+01  -0.3329011E+01   0.5223153E+00   0.3003895E+03   0.2477685E+01
 354   0.2549003E+01  -0.3415569E+01   0.5334631E+00   0.2927770E+03   0.2466537E+01
 354   0.2549003E+01  -0.3415571E+01   0.5334634E+00   0.2927768E+03   0.2466537E+01
 354   0.2549003E+01  -0.3602931E+01   0.5566560E+00   0.2775518E+03   0.2443344E+01


 355   0.2550228E+01  -0.5703151E-03  -0.3243885E+01   0.1753417E+07   0.6243885E+01
 355   0.2550228E+01  -0.9351003E-03  -0.3029142E+01   0.1069404E+07   0.6029142E+01
 355   0.2550228E+01  -0.4644914E-02  -0.2333022E+01   0.2152892E+06   0.5333022E+01
 355   0.2550228E+01  -0.9027468E+00  -0.4443402E-01   0.1107730E+04   0.3044434E+01
 355   0.2550228E+01  -0.9290341E+00  -0.3196834E-01   0.1076387E+04   0.3031968E+01
 355   0.2550228E+01  -0.2220487E+01   0.3464483E+00   0.4503516E+03   0.2653552E+01
 355   0.2550228E+01  -0.2664034E+01   0.4255398E+00   0.3753706E+03   0.2574460E+01
 355   0.2550228E+01  -0.2664058E+01   0.4255436E+00   0.3753673E+03   0.2574456E+01
 355   0.2550228E+01  -0.3329011E+01   0.5223153E+00   0.3003895E+03   0.2477685E+01
 355   0.2550228E+01  -0.3415569E+01   0.5334631E+00   0.2927770E+03   0.2466537E+01
 355   0.2550228E+01  -0.3415571E+01   0.5334634E+00   0.2927768E+03   0.2466537E+01
 355   0.2550228E+01  -0.3602931E+01   0.5566560E+00   0.2775518E+03   0.2443344E+01


 356   0.2551450E+01  -0.5687161E-03  -0.3245104E+01   0.1758347E+07   0.6245104E+01
 356   0.2551450E+01  -0.9324799E-03  -0.3030361E+01   0.1072409E+07   0.6030361E+01
 356   0.2551450E+01  -0.4631931E-02  -0.2334238E+01   0.2158927E+06   0.5334238E+01
 356   0.2551450E+01  -0.9031796E+00  -0.4422588E-01   0.1107199E+04   0.3044226E+01
 356   0.2551450E+01  -0.9290341E+00  -0.3196836E-01   0.1076387E+04   0.3031968E+01
 356   0.2551450E+01  -0.2220487E+01   0.3464483E+00   0.4503516E+03   0.2653552E+01
 356   0.2551450E+01  -0.2664034E+01   0.4255398E+00   0.3753706E+03   0.2574460E+01
 356   0.2551450E+01  -0.2664057E+01   0.4255436E+00   0.3753673E+03   0.2574456E+01
 356   0.2551450E+01  -0.3329011E+01   0.5223153E+00   0.3003895E+03   0.2477685E+01
 356   0.2551450E+01  -0.3415569E+01   0.5334631E+00   0.2927770E+03   0.2466537E+01
 356   0.2551450E+01  -0.3415571E+01   0.5334634E+00   0.2927768E+03   0.2466537E+01
 356   0.2551450E+01  -0.3602931E+01   0.5566560E+00   0.2775518E+03   0.2443344E+01


 357   0.2552668E+01  -0.5671261E-03  -0.3246320E+01   0.1763276E+07   0.6246320E+01
 357   0.2552668E+01  -0.9298742E-03  -0.3031576E+01   0.1075414E+07   0.6031576E+01
 357   0.2552668E+01  -0.4619020E-02  -0.2335450E+01   0.2164961E+06   0.5335450E+01
 357   0.2552668E+01  -0.9036056E+00  -0.4402106E-01   0.1106677E+04   0.3044021E+01
 357   0.2552668E+01  -0.9290340E+00  -0.3196838E-01   0.1076387E+04   0.3031968E+01
 357   0.2552668E+01  -0.2220487E+01   0.3464483E+00   0.4503516E+03   0.2653552E+01
 357   0.2552668E+01  -0.2664034E+01   0.4255398E+00   0.3753706E+03   0.2574460E+01
 357   0.2552668E+01  -0.2664057E+01   0.4255436E+00   0.3753673E+03   0.2574456E+01
 357   0.2552668E+01  -0.3329011E+01   0.5223153E+00   0.3003895E+03   0.2477685E+01
 357   0.2552668E+01  -0.3415569E+01   0.5334631E+00   0.2927770E+03   0.2466537E+01
 357   0.2552668E+01  -0.3415571E+01   0.5334634E+00   0.2927768E+03   0.2466537E+01
 357   0.2552668E+01  -0.3602931E+01   0.5566560E+00   0.2775518E+03   0.2443344E+01


 358   0.2553883E+01  -0.5655449E-03  -0.3247533E+01   0.1768206E+07   0.6247533E+01
 358   0.2553883E+01  -0.9272829E-03  -0.3032788E+01   0.1078419E+07   0.6032788E+01
 358   0.2553883E+01  -0.4606181E-02  -0.2336659E+01   0.2170996E+06   0.5336659E+01
 358   0.2553883E+01  -0.9040251E+00  -0.4381953E-01   0.1106164E+04   0.3043820E+01
 358   0.2553883E+01  -0.9290340E+00  -0.3196841E-01   0.1076387E+04   0.3031968E+01
 358   0.2553883E+01  -0.2220487E+01   0.3464483E+00   0.4503516E+03   0.2653552E+01
 358   0.2553883E+01  -0.2664034E+01   0.4255398E+00   0.3753706E+03   0.2574460E+01
 358   0.2553883E+01  -0.2664057E+01   0.4255436E+00   0.3753673E+03   0.2574456E+01
 358   0.2553883E+01  -0.3329011E+01   0.5223153E+00   0.3003895E+03   0.2477685E+01
 358   0.2553883E+01  -0.3415569E+01   0.5334631E+00   0.2927770E+03   0.2466537E+01
 358   0.2553883E+01  -0.3415571E+01   0.5334634E+00   0.2927768E+03   0.2466537E+01
 358   0.2553883E+01  -0.3602931E+01   0.5566560E+00   0.2775518E+03   0.2443344E+01


 359   0.2555094E+01  -0.5639726E-03  -0.3248742E+01   0.1773136E+07   0.6248742E+01
 359   0.2555094E+01  -0.9247061E-03  -0.3033996E+01   0.1081425E+07   0.6033996E+01
 359   0.2555094E+01  -0.4593413E-02  -0.2337864E+01   0.2177030E+06   0.5337864E+01
 359   0.2555094E+01  -0.9044379E+00  -0.4362123E-01   0.1105659E+04   0.3043621E+01
 359   0.2555094E+01  -0.9290339E+00  -0.3196844E-01   0.1076387E+04   0.3031968E+01
 359   0.2555094E+01  -0.2220487E+01   0.3464483E+00   0.4503516E+03   0.2653552E+01
 359   0.2555094E+01  -0.2664034E+01   0.4255398E+00   0.3753706E+03   0.2574460E+01
 359   0.2555094E+01  -0.2664057E+01   0.4255436E+00   0.3753673E+03   0.2574456E+01
 359   0.2555094E+01  -0.3329011E+01   0.5223153E+00   0.3003895E+03   0.2477685E+01
 359   0.2555094E+01  -0.3415569E+01   0.5334631E+00   0.2927770E+03   0.2466537E+01
 359   0.2555094E+01  -0.3415571E+01   0.5334634E+00   0.2927768E+03   0.2466537E+01
 359   0.2555094E+01  -0.3602931E+01   0.5566560E+00   0.2775518E+03   0.2443344E+01


 360   0.2556303E+01  -0.5624090E-03  -0.3249948E+01   0.1778066E+07   0.6249948E+01
 360   0.2556303E+01  -0.9221436E-03  -0.3035201E+01   0.1084430E+07   0.6035201E+01
 360   0.2556303E+01  -0.4580716E-02  -0.2339067E+01   0.2183065E+06   0.5339067E+01
 360   0.2556303E+01  -0.9048444E+00  -0.4342610E-01   0.1105162E+04   0.3043426E+01
 360   0.2556303E+01  -0.9290338E+00  -0.3196847E-01   0.1076387E+04   0.3031968E+01
 360   0.2556303E+01  -0.2220487E+01   0.3464483E+00   0.4503516E+03   0.2653552E+01
 360   0.2556303E+01  -0.2664034E+01   0.4255398E+00   0.3753706E+03   0.2574460E+01
 360   0.2556303E+01  -0.2664057E+01   0.4255436E+00   0.3753673E+03   0.2574456E+01
 360   0.2556303E+01  -0.3329011E+01   0.5223153E+00   0.3003895E+03   0.2477685E+01
 360   0.2556303E+01  -0.3415569E+01   0.5334631E+00   0.2927770E+03   0.2466537E+01
 360   0.2556303E+01  -0.3415571E+01   0.5334634E+00   0.2927768E+03   0.2466537E+01
 360   0.2556303E+01  -0.3602931E+01   0.5566560E+00   0.2775518E+03   0.2443344E+01


 361   0.2557507E+01  -0.5608540E-03  -0.3251150E+01   0.1782995E+07   0.6251150E+01
 361   0.2557507E+01  -0.9195952E-03  -0.3036403E+01   0.1087435E+07   0.6036403E+01
 361   0.2557507E+01  -0.4568089E-02  -0.2340265E+01   0.2189099E+06   0.5340265E+01
 361   0.2557507E+01  -0.9052445E+00  -0.4323411E-01   0.1104674E+04   0.3043234E+01
 361   0.2557507E+01  -0.9290338E+00  -0.3196850E-01   0.1076387E+04   0.3031968E+01
 361   0.2557507E+01  -0.2220487E+01   0.3464483E+00   0.4503516E+03   0.2653552E+01
 361   0.2557507E+01  -0.2664034E+01   0.4255398E+00   0.3753706E+03   0.2574460E+01
 361   0.2557507E+01  -0.2664057E+01   0.4255435E+00   0.3753673E+03   0.2574456E+01
 361   0.2557507E+01  -0.3329011E+01   0.5223153E+00   0.3003895E+03   0.2477685E+01
 361   0.2557507E+01  -0.3415569E+01   0.5334631E+00   0.2927770E+03   0.2466537E+01
 361   0.2557507E+01  -0.3415571E+01   0.5334633E+00   0.2927768E+03   0.2466537E+01
 361   0.2557507E+01  -0.3602931E+01   0.5566560E+00   0.2775518E+03   0.2443344E+01


 362   0.2558709E+01  -0.5593076E-03  -0.3252349E+01   0.1787925E+07   0.6252349E+01
 362   0.2558709E+01  -0.9170609E-03  -0.3037602E+01   0.1090440E+07   0.6037602E+01
 362   0.2558709E+01  -0.4555531E-02  -0.2341461E+01   0.2195134E+06   0.5341461E+01
 362   0.2558709E+01  -0.9056383E+00  -0.4304521E-01   0.1104194E+04   0.3043045E+01
 362   0.2558709E+01  -0.9290337E+00  -0.3196853E-01   0.1076387E+04   0.3031969E+01
 362   0.2558709E+01  -0.2220487E+01   0.3464483E+00   0.4503516E+03   0.2653552E+01
 362   0.2558709E+01  -0.2664034E+01   0.4255398E+00   0.3753706E+03   0.2574460E+01
 362   0.2558709E+01  -0.2664057E+01   0.4255435E+00   0.3753673E+03   0.2574456E+01
 362   0.2558709E+01  -0.3329011E+01   0.5223153E+00   0.3003895E+03   0.2477685E+01
 362   0.2558709E+01  -0.3415569E+01   0.5334631E+00   0.2927770E+03   0.2466537E+01
 362   0.2558709E+01  -0.3415571E+01   0.5334633E+00   0.2927768E+03   0.2466537E+01
 362   0.2558709E+01  -0.3602931E+01   0.5566560E+00   0.2775518E+03   0.2443344E+01


 363   0.2559907E+01  -0.5577696E-03  -0.3253545E+01   0.1792855E+07   0.6253545E+01
 363   0.2559907E+01  -0.9145405E-03  -0.3038797E+01   0.1093445E+07   0.6038797E+01
 363   0.2559907E+01  -0.4543042E-02  -0.2342653E+01   0.2201168E+06   0.5342653E+01
 363   0.2559907E+01  -0.9060260E+00  -0.4285934E-01   0.1103721E+04   0.3042859E+01
 363   0.2559907E+01  -0.9290336E+00  -0.3196856E-01   0.1076387E+04   0.3031969E+01
 363   0.2559907E+01  -0.2220487E+01   0.3464483E+00   0.4503516E+03   0.2653552E+01
 363   0.2559907E+01  -0.2664034E+01   0.4255398E+00   0.3753706E+03   0.2574460E+01
 363   0.2559907E+01  -0.2664057E+01   0.4255435E+00   0.3753673E+03   0.2574456E+01
 363   0.2559907E+01  -0.3329011E+01   0.5223153E+00   0.3003895E+03   0.2477685E+01
 363   0.2559907E+01  -0.3415569E+01   0.5334631E+00   0.2927770E+03   0.2466537E+01
 363   0.2559907E+01  -0.3415571E+01   0.5334633E+00   0.2927768E+03   0.2466537E+01
 363   0.2559907E+01  -0.3602931E+01   0.5566560E+00   0.2775518E+03   0.2443344E+01


 364   0.2561101E+01  -0.5562402E-03  -0.3254738E+01   0.1797785E+07   0.6254738E+01
 364   0.2561101E+01  -0.9120339E-03  -0.3039989E+01   0.1096450E+07   0.6039989E+01
 364   0.2561101E+01  -0.4530621E-02  -0.2343842E+01   0.2207203E+06   0.5343842E+01
 364   0.2561101E+01  -0.9064076E+00  -0.4267647E-01   0.1103256E+04   0.3042676E+01
 364   0.2561101E+01  -0.9290336E+00  -0.3196860E-01   0.1076387E+04   0.3031969E+01
 364   0.2561101E+01  -0.2220487E+01   0.3464483E+00   0.4503516E+03   0.2653552E+01
 364   0.2561101E+01  -0.2664034E+01   0.4255398E+00   0.3753706E+03   0.2574460E+01
 364   0.2561101E+01  -0.2664057E+01   0.4255435E+00   0.3753673E+03   0.2574456E+01
 364   0.2561101E+01  -0.3329011E+01   0.5223153E+00   0.3003895E+03   0.2477685E+01
 364   0.2561101E+01  -0.3415569E+01   0.5334631E+00   0.2927770E+03   0.2466537E+01
 364   0.2561101E+01  -0.3415571E+01   0.5334633E+00   0.2927768E+03   0.2466537E+01
 364   0.2561101E+01  -0.3602931E+01   0.5566560E+00   0.2775518E+03   0.2443344E+01


 365   0.2562293E+01  -0.5547191E-03  -0.3255927E+01   0.1802714E+07   0.6255927E+01
 365   0.2562293E+01  -0.9095410E-03  -0.3041178E+01   0.1099456E+07   0.6041178E+01
 365   0.2562293E+01  -0.4518268E-02  -0.2345028E+01   0.2213237E+06   0.5345028E+01
 365   0.2562293E+01  -0.9067832E+00  -0.4249654E-01   0.1102799E+04   0.3042497E+01
 365   0.2562293E+01  -0.9290335E+00  -0.3196864E-01   0.1076387E+04   0.3031969E+01
 365   0.2562293E+01  -0.2220487E+01   0.3464483E+00   0.4503516E+03   0.2653552E+01
 365   0.2562293E+01  -0.2664034E+01   0.4255398E+00   0.3753706E+03   0.2574460E+01
 365   0.2562293E+01  -0.2664057E+01   0.4255435E+00   0.3753674E+03   0.2574457E+01
 365   0.2562293E+01  -0.3329011E+01   0.5223153E+00   0.3003895E+03   0.2477685E+01
 365   0.2562293E+01  -0.3415569E+01   0.5334631E+00   0.2927770E+03   0.2466537E+01
 365   0.2562293E+01  -0.3415571E+01   0.5334633E+00   0.2927768E+03   0.2466537E+01
 365   0.2562293E+01  -0.3602931E+01   0.5566560E+00   0.2775518E+03   0.2443344E+01


 366   0.2563481E+01  -0.5532062E-03  -0.3257113E+01   0.1807644E+07   0.6257113E+01
 366   0.2563481E+01  -0.9070617E-03  -0.3042363E+01   0.1102461E+07   0.6042363E+01
 366   0.2563481E+01  -0.4505983E-02  -0.2346210E+01   0.2219272E+06   0.5346210E+01
 366   0.2563481E+01  -0.9071529E+00  -0.4231951E-01   0.1102350E+04   0.3042320E+01
 366   0.2563481E+01  -0.9290334E+00  -0.3196868E-01   0.1076388E+04   0.3031969E+01
 366   0.2563481E+01  -0.2220487E+01   0.3464483E+00   0.4503516E+03   0.2653552E+01
 366   0.2563481E+01  -0.2664034E+01   0.4255398E+00   0.3753706E+03   0.2574460E+01
 366   0.2563481E+01  -0.2664057E+01   0.4255435E+00   0.3753674E+03   0.2574457E+01
 366   0.2563481E+01  -0.3329011E+01   0.5223153E+00   0.3003895E+03   0.2477685E+01
 366   0.2563481E+01  -0.3415569E+01   0.5334631E+00   0.2927770E+03   0.2466537E+01
 366   0.2563481E+01  -0.3415571E+01   0.5334633E+00   0.2927768E+03   0.2466537E+01
 366   0.2563481E+01  -0.3602931E+01   0.5566560E+00   0.2775518E+03   0.2443344E+01


 367   0.2564666E+01  -0.5517017E-03  -0.3258296E+01   0.1812574E+07   0.6258296E+01
 367   0.2564666E+01  -0.9045959E-03  -0.3043545E+01   0.1105466E+07   0.6043545E+01
 367   0.2564666E+01  -0.4493764E-02  -0.2347390E+01   0.2225306E+06   0.5347390E+01
 367   0.2564666E+01  -0.9075168E+00  -0.4214534E-01   0.1101908E+04   0.3042145E+01
 367   0.2564666E+01  -0.9290333E+00  -0.3196872E-01   0.1076388E+04   0.3031969E+01
 367   0.2564666E+01  -0.2220487E+01   0.3464483E+00   0.4503516E+03   0.2653552E+01
 367   0.2564666E+01  -0.2664034E+01   0.4255398E+00   0.3753706E+03   0.2574460E+01
 367   0.2564666E+01  -0.2664057E+01   0.4255435E+00   0.3753674E+03   0.2574457E+01
 367   0.2564666E+01  -0.3329011E+01   0.5223153E+00   0.3003895E+03   0.2477685E+01
 367   0.2564666E+01  -0.3415569E+01   0.5334631E+00   0.2927770E+03   0.2466537E+01
 367   0.2564666E+01  -0.3415571E+01   0.5334633E+00   0.2927768E+03   0.2466537E+01
 367   0.2564666E+01  -0.3602931E+01   0.5566560E+00   0.2775518E+03   0.2443344E+01


 368   0.2565848E+01  -0.5502052E-03  -0.3259475E+01   0.1817504E+07   0.6259475E+01
 368   0.2565848E+01  -0.9021435E-03  -0.3044724E+01   0.1108471E+07   0.6044724E+01
 368   0.2565848E+01  -0.4481611E-02  -0.2348566E+01   0.2231341E+06   0.5348566E+01
 368   0.2565848E+01  -0.9078749E+00  -0.4197399E-01   0.1101473E+04   0.3041974E+01
 368   0.2565848E+01  -0.9290332E+00  -0.3196876E-01   0.1076388E+04   0.3031969E+01
 368   0.2565848E+01  -0.2220487E+01   0.3464483E+00   0.4503516E+03   0.2653552E+01
 368   0.2565848E+01  -0.2664034E+01   0.4255398E+00   0.3753706E+03   0.2574460E+01
 368   0.2565848E+01  -0.2664057E+01   0.4255435E+00   0.3753674E+03   0.2574457E+01
 368   0.2565848E+01  -0.3329011E+01   0.5223153E+00   0.3003895E+03   0.2477685E+01
 368   0.2565848E+01  -0.3415569E+01   0.5334631E+00   0.2927770E+03   0.2466537E+01
 368   0.2565848E+01  -0.3415571E+01   0.5334633E+00   0.2927768E+03   0.2466537E+01
 368   0.2565848E+01  -0.3602931E+01   0.5566560E+00   0.2775518E+03   0.2443344E+01


 369   0.2567026E+01  -0.5487169E-03  -0.3260652E+01   0.1822433E+07   0.6260652E+01
 369   0.2567026E+01  -0.8997043E-03  -0.3045900E+01   0.1111476E+07   0.6045900E+01
 369   0.2567026E+01  -0.4469523E-02  -0.2349739E+01   0.2237375E+06   0.5349739E+01
 369   0.2567026E+01  -0.9082274E+00  -0.4180540E-01   0.1101046E+04   0.3041805E+01
 369   0.2567026E+01  -0.9290331E+00  -0.3196880E-01   0.1076388E+04   0.3031969E+01
 369   0.2567026E+01  -0.2220487E+01   0.3464483E+00   0.4503516E+03   0.2653552E+01
 369   0.2567026E+01  -0.2664034E+01   0.4255398E+00   0.3753706E+03   0.2574460E+01
 369   0.2567026E+01  -0.2664057E+01   0.4255435E+00   0.3753674E+03   0.2574457E+01
 369   0.2567026E+01  -0.3329011E+01   0.5223153E+00   0.3003895E+03   0.2477685E+01
 369   0.2567026E+01  -0.3415569E+01   0.5334631E+00   0.2927770E+03   0.2466537E+01
 369   0.2567026E+01  -0.3415571E+01   0.5334633E+00   0.2927768E+03   0.2466537E+01
 369   0.2567026E+01  -0.3602931E+01   0.5566560E+00   0.2775518E+03   0.2443344E+01


 370   0.2568202E+01  -0.5472366E-03  -0.3261825E+01   0.1827363E+07   0.6261825E+01
 370   0.2568202E+01  -0.8972782E-03  -0.3047073E+01   0.1114481E+07   0.6047073E+01
 370   0.2568202E+01  -0.4457501E-02  -0.2350909E+01   0.2243410E+06   0.5350909E+01
 370   0.2568202E+01  -0.9085743E+00  -0.4163954E-01   0.1100625E+04   0.3041640E+01
 370   0.2568202E+01  -0.9290330E+00  -0.3196884E-01   0.1076388E+04   0.3031969E+01
 370   0.2568202E+01  -0.2220487E+01   0.3464483E+00   0.4503516E+03   0.2653552E+01
 370   0.2568202E+01  -0.2664034E+01   0.4255398E+00   0.3753706E+03   0.2574460E+01
 370   0.2568202E+01  -0.2664057E+01   0.4255434E+00   0.3753674E+03   0.2574457E+01
 370   0.2568202E+01  -0.3329011E+01   0.5223153E+00   0.3003895E+03   0.2477685E+01
 370   0.2568202E+01  -0.3415569E+01   0.5334631E+00   0.2927770E+03   0.2466537E+01
 370   0.2568202E+01  -0.3415571E+01   0.5334633E+00   0.2927768E+03   0.2466537E+01
 370   0.2568202E+01  -0.3602931E+01   0.5566560E+00   0.2775518E+03   0.2443344E+01


 371   0.2569374E+01  -0.5457643E-03  -0.3262995E+01   0.1832293E+07   0.6262995E+01
 371   0.2569374E+01  -0.8948653E-03  -0.3048242E+01   0.1117487E+07   0.6048242E+01
 371   0.2569374E+01  -0.4445543E-02  -0.2352075E+01   0.2249444E+06   0.5352075E+01
 371   0.2569374E+01  -0.9089158E+00  -0.4147637E-01   0.1100212E+04   0.3041476E+01
 371   0.2569374E+01  -0.9290329E+00  -0.3196889E-01   0.1076388E+04   0.3031969E+01
 371   0.2569374E+01  -0.2220487E+01   0.3464483E+00   0.4503516E+03   0.2653552E+01
 371   0.2569374E+01  -0.2664034E+01   0.4255398E+00   0.3753706E+03   0.2574460E+01
 371   0.2569374E+01  -0.2664057E+01   0.4255434E+00   0.3753674E+03   0.2574457E+01
 371   0.2569374E+01  -0.3329011E+01   0.5223153E+00   0.3003895E+03   0.2477685E+01
 371   0.2569374E+01  -0.3415569E+01   0.5334631E+00   0.2927770E+03   0.2466537E+01
 371   0.2569374E+01  -0.3415571E+01   0.5334633E+00   0.2927768E+03   0.2466537E+01
 371   0.2569374E+01  -0.3602931E+01   0.5566560E+00   0.2775518E+03   0.2443344E+01


 372   0.2570543E+01  -0.5442999E-03  -0.3264162E+01   0.1837223E+07   0.6264162E+01
 372   0.2570543E+01  -0.8924652E-03  -0.3049409E+01   0.1120492E+07   0.6049409E+01
 372   0.2570543E+01  -0.4433649E-02  -0.2353239E+01   0.2255479E+06   0.5353239E+01
 372   0.2570543E+01  -0.9092518E+00  -0.4131584E-01   0.1099805E+04   0.3041316E+01
 372   0.2570543E+01  -0.9290328E+00  -0.3196893E-01   0.1076388E+04   0.3031969E+01
 372   0.2570543E+01  -0.2220487E+01   0.3464483E+00   0.4503516E+03   0.2653552E+01
 372   0.2570543E+01  -0.2664034E+01   0.4255398E+00   0.3753706E+03   0.2574460E+01
 372   0.2570543E+01  -0.2664056E+01   0.4255434E+00   0.3753674E+03   0.2574457E+01
 372   0.2570543E+01  -0.3329011E+01   0.5223153E+00   0.3003895E+03   0.2477685E+01
 372   0.2570543E+01  -0.3415569E+01   0.5334631E+00   0.2927770E+03   0.2466537E+01
 372   0.2570543E+01  -0.3415571E+01   0.5334633E+00   0.2927768E+03   0.2466537E+01
 372   0.2570543E+01  -0.3602931E+01   0.5566560E+00   0.2775518E+03   0.2443344E+01


 373   0.2571709E+01  -0.5428433E-03  -0.3265326E+01   0.1842152E+07   0.6265326E+01
 373   0.2571709E+01  -0.8900780E-03  -0.3050572E+01   0.1123497E+07   0.6050572E+01
 373   0.2571709E+01  -0.4421818E-02  -0.2354399E+01   0.2261513E+06   0.5354399E+01
 373   0.2571709E+01  -0.9095825E+00  -0.4115791E-01   0.1099406E+04   0.3041158E+01
 373   0.2571709E+01  -0.9290327E+00  -0.3196898E-01   0.1076388E+04   0.3031969E+01
 373   0.2571709E+01  -0.2220487E+01   0.3464483E+00   0.4503516E+03   0.2653552E+01
 373   0.2571709E+01  -0.2664034E+01   0.4255398E+00   0.3753706E+03   0.2574460E+01
 373   0.2571709E+01  -0.2664056E+01   0.4255434E+00   0.3753674E+03   0.2574457E+01
 373   0.2571709E+01  -0.3329011E+01   0.5223153E+00   0.3003895E+03   0.2477685E+01
 373   0.2571709E+01  -0.3415569E+01   0.5334631E+00   0.2927769E+03   0.2466537E+01
 373   0.2571709E+01  -0.3415571E+01   0.5334633E+00   0.2927768E+03   0.2466537E+01
 373   0.2571709E+01  -0.3602931E+01   0.5566560E+00   0.2775518E+03   0.2443344E+01


 374   0.2572872E+01  -0.5413944E-03  -0.3266486E+01   0.1847082E+07   0.6266486E+01
 374   0.2572872E+01  -0.8877036E-03  -0.3051732E+01   0.1126502E+07   0.6051732E+01
 374   0.2572872E+01  -0.4410051E-02  -0.2355556E+01   0.2267548E+06   0.5355556E+01
 374   0.2572872E+01  -0.9099079E+00  -0.4100255E-01   0.1099012E+04   0.3041003E+01
 374   0.2572872E+01  -0.9290326E+00  -0.3196903E-01   0.1076388E+04   0.3031969E+01
 374   0.2572872E+01  -0.2220487E+01   0.3464483E+00   0.4503516E+03   0.2653552E+01
 374   0.2572872E+01  -0.2664034E+01   0.4255398E+00   0.3753706E+03   0.2574460E+01
 374   0.2572872E+01  -0.2664056E+01   0.4255434E+00   0.3753674E+03   0.2574457E+01
 374   0.2572872E+01  -0.3329011E+01   0.5223153E+00   0.3003895E+03   0.2477685E+01
 374   0.2572872E+01  -0.3415569E+01   0.5334631E+00   0.2927769E+03   0.2466537E+01
 374   0.2572872E+01  -0.3415571E+01   0.5334633E+00   0.2927768E+03   0.2466537E+01
 374   0.2572872E+01  -0.3602931E+01   0.5566560E+00   0.2775518E+03   0.2443344E+01


 375   0.2574031E+01  -0.5399533E-03  -0.3267644E+01   0.1852012E+07   0.6267644E+01
 375   0.2574031E+01  -0.8853418E-03  -0.3052889E+01   0.1129507E+07   0.6052889E+01
 375   0.2574031E+01  -0.4398346E-02  -0.2356711E+01   0.2273582E+06   0.5356711E+01
 375   0.2574031E+01  -0.9102282E+00  -0.4084972E-01   0.1098626E+04   0.3040850E+01
 375   0.2574031E+01  -0.9290325E+00  -0.3196908E-01   0.1076389E+04   0.3031969E+01
 375   0.2574031E+01  -0.2220487E+01   0.3464483E+00   0.4503516E+03   0.2653552E+01
 375   0.2574031E+01  -0.2664034E+01   0.4255398E+00   0.3753706E+03   0.2574460E+01
 375   0.2574031E+01  -0.2664056E+01   0.4255434E+00   0.3753674E+03   0.2574457E+01
 375   0.2574031E+01  -0.3329011E+01   0.5223153E+00   0.3003895E+03   0.2477685E+01
 375   0.2574031E+01  -0.3415569E+01   0.5334631E+00   0.2927769E+03   0.2466537E+01
 375   0.2574031E+01  -0.3415571E+01   0.5334633E+00   0.2927768E+03   0.2466537E+01
 375   0.2574031E+01  -0.3602931E+01   0.5566560E+00   0.2775518E+03   0.2443344E+01


 376   0.2575188E+01  -0.5385199E-03  -0.3268798E+01   0.1856942E+07   0.6268798E+01
 376   0.2575188E+01  -0.8829925E-03  -0.3054043E+01   0.1132512E+07   0.6054043E+01
 376   0.2575188E+01  -0.4386703E-02  -0.2357862E+01   0.2279617E+06   0.5357862E+01
 376   0.2575188E+01  -0.9105434E+00  -0.4069937E-01   0.1098245E+04   0.3040699E+01
 376   0.2575188E+01  -0.9290324E+00  -0.3196913E-01   0.1076389E+04   0.3031969E+01
 376   0.2575188E+01  -0.2220487E+01   0.3464483E+00   0.4503516E+03   0.2653552E+01
 376   0.2575188E+01  -0.2664034E+01   0.4255398E+00   0.3753706E+03   0.2574460E+01
 376   0.2575188E+01  -0.2664056E+01   0.4255434E+00   0.3753675E+03   0.2574457E+01
 376   0.2575188E+01  -0.3329011E+01   0.5223153E+00   0.3003895E+03   0.2477685E+01
 376   0.2575188E+01  -0.3415569E+01   0.5334631E+00   0.2927769E+03   0.2466537E+01
 376   0.2575188E+01  -0.3415571E+01   0.5334633E+00   0.2927768E+03   0.2466537E+01
 376   0.2575188E+01  -0.3602931E+01   0.5566560E+00   0.2775518E+03   0.2443344E+01


 377   0.2576341E+01  -0.5370940E-03  -0.3269950E+01   0.1861871E+07   0.6269950E+01
 377   0.2576341E+01  -0.8806556E-03  -0.3055194E+01   0.1135518E+07   0.6055194E+01
 377   0.2576341E+01  -0.4375121E-02  -0.2359010E+01   0.2285651E+06   0.5359010E+01
 377   0.2576341E+01  -0.9108535E+00  -0.4055146E-01   0.1097871E+04   0.3040551E+01
 377   0.2576341E+01  -0.9290323E+00  -0.3196918E-01   0.1076389E+04   0.3031969E+01
 377   0.2576341E+01  -0.2220487E+01   0.3464483E+00   0.4503516E+03   0.2653552E+01
 377   0.2576341E+01  -0.2664034E+01   0.4255398E+00   0.3753706E+03   0.2574460E+01
 377   0.2576341E+01  -0.2664056E+01   0.4255434E+00   0.3753675E+03   0.2574457E+01
 377   0.2576341E+01  -0.3329011E+01   0.5223153E+00   0.3003895E+03   0.2477685E+01
 377   0.2576341E+01  -0.3415569E+01   0.5334631E+00   0.2927769E+03   0.2466537E+01
 377   0.2576341E+01  -0.3415571E+01   0.5334633E+00   0.2927768E+03   0.2466537E+01
 377   0.2576341E+01  -0.3602931E+01   0.5566560E+00   0.2775518E+03   0.2443344E+01


 378   0.2577492E+01  -0.5356757E-03  -0.3271098E+01   0.1866801E+07   0.6271098E+01
 378   0.2577492E+01  -0.8783311E-03  -0.3056342E+01   0.1138523E+07   0.6056342E+01
 378   0.2577492E+01  -0.4363600E-02  -0.2360155E+01   0.2291686E+06   0.5360155E+01
 378   0.2577492E+01  -0.9111587E+00  -0.4040597E-01   0.1097504E+04   0.3040406E+01
 378   0.2577492E+01  -0.9290322E+00  -0.3196923E-01   0.1076389E+04   0.3031969E+01
 378   0.2577492E+01  -0.2220487E+01   0.3464483E+00   0.4503516E+03   0.2653552E+01
 378   0.2577492E+01  -0.2664034E+01   0.4255398E+00   0.3753706E+03   0.2574460E+01
 378   0.2577492E+01  -0.2664056E+01   0.4255434E+00   0.3753675E+03   0.2574457E+01
 378   0.2577492E+01  -0.3329011E+01   0.5223153E+00   0.3003895E+03   0.2477685E+01
 378   0.2577492E+01  -0.3415569E+01   0.5334631E+00   0.2927769E+03   0.2466537E+01
 378   0.2577492E+01  -0.3415571E+01   0.5334633E+00   0.2927768E+03   0.2466537E+01
 378   0.2577492E+01  -0.3602931E+01   0.5566560E+00   0.2775518E+03   0.2443344E+01


 379   0.2578639E+01  -0.5342648E-03  -0.3272243E+01   0.1871731E+07   0.6272243E+01
 379   0.2578639E+01  -0.8760188E-03  -0.3057487E+01   0.1141528E+07   0.6057487E+01
 379   0.2578639E+01  -0.4352140E-02  -0.2361297E+01   0.2297720E+06   0.5361297E+01
 379   0.2578639E+01  -0.9114590E+00  -0.4026285E-01   0.1097142E+04   0.3040263E+01
 379   0.2578639E+01  -0.9290321E+00  -0.3196928E-01   0.1076389E+04   0.3031969E+01
 379   0.2578639E+01  -0.2220487E+01   0.3464483E+00   0.4503516E+03   0.2653552E+01
 379   0.2578639E+01  -0.2664034E+01   0.4255398E+00   0.3753706E+03   0.2574460E+01
 379   0.2578639E+01  -0.2664056E+01   0.4255434E+00   0.3753675E+03   0.2574457E+01
 379   0.2578639E+01  -0.3329011E+01   0.5223153E+00   0.3003895E+03   0.2477685E+01
 379   0.2578639E+01  -0.3415569E+01   0.5334631E+00   0.2927769E+03   0.2466537E+01
 379   0.2578639E+01  -0.3415571E+01   0.5334633E+00   0.2927768E+03   0.2466537E+01
 379   0.2578639E+01  -0.3602931E+01   0.5566560E+00   0.2775518E+03   0.2443344E+01


 380   0.2579784E+01  -0.5328614E-03  -0.3273386E+01   0.1876661E+07   0.6273386E+01
 380   0.2579784E+01  -0.8737187E-03  -0.3058628E+01   0.1144533E+07   0.6058628E+01
 380   0.2579784E+01  -0.4340740E-02  -0.2362436E+01   0.2303755E+06   0.5362436E+01
 380   0.2579784E+01  -0.9117546E+00  -0.4012206E-01   0.1096786E+04   0.3040122E+01
 380   0.2579784E+01  -0.9290320E+00  -0.3196934E-01   0.1076389E+04   0.3031969E+01
 380   0.2579784E+01  -0.2220487E+01   0.3464483E+00   0.4503516E+03   0.2653552E+01
 380   0.2579784E+01  -0.2664034E+01   0.4255398E+00   0.3753706E+03   0.2574460E+01
 380   0.2579784E+01  -0.2664056E+01   0.4255433E+00   0.3753675E+03   0.2574457E+01
 380   0.2579784E+01  -0.3329011E+01   0.5223153E+00   0.3003895E+03   0.2477685E+01
 380   0.2579784E+01  -0.3415569E+01   0.5334631E+00   0.2927769E+03   0.2466537E+01
 380   0.2579784E+01  -0.3415571E+01   0.5334633E+00   0.2927768E+03   0.2466537E+01
 380   0.2579784E+01  -0.3602931E+01   0.5566560E+00   0.2775518E+03   0.2443344E+01


 381   0.2580925E+01  -0.5314653E-03  -0.3274525E+01   0.1881590E+07   0.6274525E+01
 381   0.2580925E+01  -0.8714306E-03  -0.3059767E+01   0.1147538E+07   0.6059767E+01
 381   0.2580925E+01  -0.4329400E-02  -0.2363572E+01   0.2309789E+06   0.5363572E+01
 381   0.2580925E+01  -0.9120453E+00  -0.3998357E-01   0.1096437E+04   0.3039984E+01
 381   0.2580925E+01  -0.9290319E+00  -0.3196939E-01   0.1076389E+04   0.3031969E+01
 381   0.2580925E+01  -0.2220487E+01   0.3464483E+00   0.4503516E+03   0.2653552E+01
 381   0.2580925E+01  -0.2664034E+01   0.4255398E+00   0.3753706E+03   0.2574460E+01
 381   0.2580925E+01  -0.2664056E+01   0.4255433E+00   0.3753675E+03   0.2574457E+01
 381   0.2580925E+01  -0.3329011E+01   0.5223153E+00   0.3003895E+03   0.2477685E+01
 381   0.2580925E+01  -0.3415569E+01   0.5334631E+00   0.2927769E+03   0.2466537E+01
 381   0.2580925E+01  -0.3415571E+01   0.5334633E+00   0.2927768E+03   0.2466537E+01
 381   0.2580925E+01  -0.3602931E+01   0.5566560E+00   0.2775518E+03   0.2443344E+01


 382   0.2582063E+01  -0.5300765E-03  -0.3275661E+01   0.1886520E+07   0.6275661E+01
 382   0.2582063E+01  -0.8691545E-03  -0.3060903E+01   0.1150543E+07   0.6060903E+01
 382   0.2582063E+01  -0.4318118E-02  -0.2364705E+01   0.2315824E+06   0.5364705E+01
 382   0.2582063E+01  -0.9123315E+00  -0.3984735E-01   0.1096093E+04   0.3039847E+01
 382   0.2582063E+01  -0.9290317E+00  -0.3196944E-01   0.1076389E+04   0.3031969E+01
 382   0.2582063E+01  -0.2220487E+01   0.3464483E+00   0.4503516E+03   0.2653552E+01
 382   0.2582063E+01  -0.2664034E+01   0.4255398E+00   0.3753706E+03   0.2574460E+01
 382   0.2582063E+01  -0.2664056E+01   0.4255433E+00   0.3753675E+03   0.2574457E+01
 382   0.2582063E+01  -0.3329011E+01   0.5223153E+00   0.3003895E+03   0.2477685E+01
 382   0.2582063E+01  -0.3415569E+01   0.5334631E+00   0.2927769E+03   0.2466537E+01
 382   0.2582063E+01  -0.3415571E+01   0.5334633E+00   0.2927768E+03   0.2466537E+01
 382   0.2582063E+01  -0.3602931E+01   0.5566560E+00   0.2775518E+03   0.2443344E+01


 383   0.2583199E+01  -0.5286949E-03  -0.3276795E+01   0.1891450E+07   0.6276795E+01
 383   0.2583199E+01  -0.8668902E-03  -0.3062036E+01   0.1153549E+07   0.6062036E+01
 383   0.2583199E+01  -0.4306896E-02  -0.2365836E+01   0.2321858E+06   0.5365836E+01
 383   0.2583199E+01  -0.9126130E+00  -0.3971335E-01   0.1095755E+04   0.3039713E+01
 383   0.2583199E+01  -0.9290316E+00  -0.3196950E-01   0.1076390E+04   0.3031969E+01
 383   0.2583199E+01  -0.2220487E+01   0.3464483E+00   0.4503516E+03   0.2653552E+01
 383   0.2583199E+01  -0.2664034E+01   0.4255398E+00   0.3753706E+03   0.2574460E+01
 383   0.2583199E+01  -0.2664056E+01   0.4255433E+00   0.3753675E+03   0.2574457E+01
 383   0.2583199E+01  -0.3329011E+01   0.5223153E+00   0.3003895E+03   0.2477685E+01
 383   0.2583199E+01  -0.3415569E+01   0.5334631E+00   0.2927769E+03   0.2466537E+01
 383   0.2583199E+01  -0.3415571E+01   0.5334633E+00   0.2927768E+03   0.2466537E+01
 383   0.2583199E+01  -0.3602931E+01   0.5566560E+00   0.2775518E+03   0.2443344E+01


 384   0.2584331E+01  -0.5273206E-03  -0.3277925E+01   0.1896380E+07   0.6277925E+01
 384   0.2584331E+01  -0.8646377E-03  -0.3063166E+01   0.1156554E+07   0.6063166E+01
 384   0.2584331E+01  -0.4295731E-02  -0.2366963E+01   0.2327892E+06   0.5366963E+01
 384   0.2584331E+01  -0.9128900E+00  -0.3958155E-01   0.1095422E+04   0.3039582E+01
 384   0.2584331E+01  -0.9290315E+00  -0.3196955E-01   0.1076390E+04   0.3031970E+01
 384   0.2584331E+01  -0.2220487E+01   0.3464483E+00   0.4503516E+03   0.2653552E+01
 384   0.2584331E+01  -0.2664034E+01   0.4255398E+00   0.3753706E+03   0.2574460E+01
 384   0.2584331E+01  -0.2664056E+01   0.4255433E+00   0.3753675E+03   0.2574457E+01
 384   0.2584331E+01  -0.3329011E+01   0.5223153E+00   0.3003895E+03   0.2477685E+01
 384   0.2584331E+01  -0.3415569E+01   0.5334631E+00   0.2927769E+03   0.2466537E+01
 384   0.2584331E+01  -0.3415571E+01   0.5334633E+00   0.2927768E+03   0.2466537E+01
 384   0.2584331E+01  -0.3602931E+01   0.5566560E+00   0.2775518E+03   0.2443344E+01


 385   0.2585461E+01  -0.5259533E-03  -0.3279053E+01   0.1901309E+07   0.6279053E+01
 385   0.2585461E+01  -0.8623968E-03  -0.3064293E+01   0.1159559E+07   0.6064293E+01
 385   0.2585461E+01  -0.4284624E-02  -0.2368087E+01   0.2333927E+06   0.5368087E+01
 385   0.2585461E+01  -0.9131626E+00  -0.3945190E-01   0.1095095E+04   0.3039452E+01
 385   0.2585461E+01  -0.9290314E+00  -0.3196961E-01   0.1076390E+04   0.3031970E+01
 385   0.2585461E+01  -0.2220487E+01   0.3464483E+00   0.4503516E+03   0.2653552E+01
 385   0.2585461E+01  -0.2664034E+01   0.4255398E+00   0.3753706E+03   0.2574460E+01
 385   0.2585461E+01  -0.2664056E+01   0.4255433E+00   0.3753675E+03   0.2574457E+01
 385   0.2585461E+01  -0.3329011E+01   0.5223153E+00   0.3003895E+03   0.2477685E+01
 385   0.2585461E+01  -0.3415569E+01   0.5334631E+00   0.2927769E+03   0.2466537E+01
 385   0.2585461E+01  -0.3415571E+01   0.5334633E+00   0.2927768E+03   0.2466537E+01
 385   0.2585461E+01  -0.3602931E+01   0.5566560E+00   0.2775518E+03   0.2443344E+01


 386   0.2586587E+01  -0.5245931E-03  -0.3280177E+01   0.1906239E+07   0.6280177E+01
 386   0.2586587E+01  -0.8601676E-03  -0.3065417E+01   0.1162564E+07   0.6065417E+01
 386   0.2586587E+01  -0.4273575E-02  -0.2369209E+01   0.2339961E+06   0.5369209E+01
 386   0.2586587E+01  -0.9134307E+00  -0.3932438E-01   0.1094774E+04   0.3039324E+01
 386   0.2586587E+01  -0.9290313E+00  -0.3196967E-01   0.1076390E+04   0.3031970E+01
 386   0.2586587E+01  -0.2220487E+01   0.3464483E+00   0.4503516E+03   0.2653552E+01
 386   0.2586587E+01  -0.2664034E+01   0.4255398E+00   0.3753706E+03   0.2574460E+01
 386   0.2586587E+01  -0.2664056E+01   0.4255433E+00   0.3753675E+03   0.2574457E+01
 386   0.2586587E+01  -0.3329011E+01   0.5223153E+00   0.3003895E+03   0.2477685E+01
 386   0.2586587E+01  -0.3415569E+01   0.5334631E+00   0.2927769E+03   0.2466537E+01
 386   0.2586587E+01  -0.3415571E+01   0.5334633E+00   0.2927768E+03   0.2466537E+01
 386   0.2586587E+01  -0.3602931E+01   0.5566560E+00   0.2775518E+03   0.2443344E+01


 387   0.2587711E+01  -0.5232400E-03  -0.3281299E+01   0.1911169E+07   0.6281299E+01
 387   0.2587711E+01  -0.8579498E-03  -0.3066538E+01   0.1165569E+07   0.6066538E+01
 387   0.2587711E+01  -0.4262582E-02  -0.2370327E+01   0.2345996E+06   0.5370327E+01
 387   0.2587711E+01  -0.9136946E+00  -0.3919896E-01   0.1094458E+04   0.3039199E+01
 387   0.2587711E+01  -0.9290311E+00  -0.3196973E-01   0.1076390E+04   0.3031970E+01
 387   0.2587711E+01  -0.2220487E+01   0.3464483E+00   0.4503516E+03   0.2653552E+01
 387   0.2587711E+01  -0.2664034E+01   0.4255398E+00   0.3753706E+03   0.2574460E+01
 387   0.2587711E+01  -0.2664056E+01   0.4255433E+00   0.3753675E+03   0.2574457E+01
 387   0.2587711E+01  -0.3329011E+01   0.5223153E+00   0.3003895E+03   0.2477685E+01
 387   0.2587711E+01  -0.3415569E+01   0.5334631E+00   0.2927769E+03   0.2466537E+01
 387   0.2587711E+01  -0.3415571E+01   0.5334633E+00   0.2927768E+03   0.2466537E+01
 387   0.2587711E+01  -0.3602931E+01   0.5566560E+00   0.2775518E+03   0.2443344E+01


 388   0.2588832E+01  -0.5218938E-03  -0.3282418E+01   0.1916099E+07   0.6282418E+01
 388   0.2588832E+01  -0.8557435E-03  -0.3067656E+01   0.1168574E+07   0.6067656E+01
 388   0.2588832E+01  -0.4251646E-02  -0.2371443E+01   0.2352030E+06   0.5371443E+01
 388   0.2588832E+01  -0.9139542E+00  -0.3907559E-01   0.1094147E+04   0.3039076E+01
 388   0.2588832E+01  -0.9290310E+00  -0.3196978E-01   0.1076390E+04   0.3031970E+01
 388   0.2588832E+01  -0.2220487E+01   0.3464483E+00   0.4503516E+03   0.2653552E+01
 388   0.2588832E+01  -0.2664034E+01   0.4255398E+00   0.3753706E+03   0.2574460E+01
 388   0.2588832E+01  -0.2664056E+01   0.4255433E+00   0.3753676E+03   0.2574457E+01
 388   0.2588832E+01  -0.3329011E+01   0.5223153E+00   0.3003895E+03   0.2477685E+01
 388   0.2588832E+01  -0.3415569E+01   0.5334631E+00   0.2927769E+03   0.2466537E+01
 388   0.2588832E+01  -0.3415571E+01   0.5334633E+00   0.2927768E+03   0.2466537E+01
 388   0.2588832E+01  -0.3602931E+01   0.5566560E+00   0.2775518E+03   0.2443344E+01


 389   0.2589950E+01  -0.5205545E-03  -0.3283534E+01   0.1921028E+07   0.6283534E+01
 389   0.2589950E+01  -0.8535485E-03  -0.3068772E+01   0.1171580E+07   0.6068772E+01
 389   0.2589950E+01  -0.4240765E-02  -0.2372556E+01   0.2358065E+06   0.5372556E+01
 389   0.2589950E+01  -0.9142095E+00  -0.3895425E-01   0.1093841E+04   0.3038954E+01
 389   0.2589950E+01  -0.9290309E+00  -0.3196984E-01   0.1076390E+04   0.3031970E+01
 389   0.2589950E+01  -0.2220487E+01   0.3464483E+00   0.4503516E+03   0.2653552E+01
 389   0.2589950E+01  -0.2664034E+01   0.4255398E+00   0.3753706E+03   0.2574460E+01
 389   0.2589950E+01  -0.2664055E+01   0.4255433E+00   0.3753676E+03   0.2574457E+01
 389   0.2589950E+01  -0.3329011E+01   0.5223153E+00   0.3003895E+03   0.2477685E+01
 389   0.2589950E+01  -0.3415569E+01   0.5334631E+00   0.2927769E+03   0.2466537E+01
 389   0.2589950E+01  -0.3415571E+01   0.5334633E+00   0.2927768E+03   0.2466537E+01
 389   0.2589950E+01  -0.3602931E+01   0.5566560E+00   0.2775518E+03   0.2443344E+01


 390   0.2591065E+01  -0.5192221E-03  -0.3284647E+01   0.1925958E+07   0.6284647E+01
 390   0.2591065E+01  -0.8513647E-03  -0.3069884E+01   0.1174585E+07   0.6069884E+01
 390   0.2591065E+01  -0.4229941E-02  -0.2373666E+01   0.2364099E+06   0.5373666E+01
 390   0.2591065E+01  -0.9144608E+00  -0.3883491E-01   0.1093541E+04   0.3038835E+01
 390   0.2591065E+01  -0.9290308E+00  -0.3196990E-01   0.1076391E+04   0.3031970E+01
 390   0.2591065E+01  -0.2220487E+01   0.3464483E+00   0.4503516E+03   0.2653552E+01
 390   0.2591065E+01  -0.2664034E+01   0.4255398E+00   0.3753706E+03   0.2574460E+01
 390   0.2591065E+01  -0.2664055E+01   0.4255433E+00   0.3753676E+03   0.2574457E+01
 390   0.2591065E+01  -0.3329011E+01   0.5223153E+00   0.3003895E+03   0.2477685E+01
 390   0.2591065E+01  -0.3415569E+01   0.5334631E+00   0.2927769E+03   0.2466537E+01
 390   0.2591065E+01  -0.3415571E+01   0.5334633E+00   0.2927768E+03   0.2466537E+01
 390   0.2591065E+01  -0.3602931E+01   0.5566560E+00   0.2775518E+03   0.2443344E+01


 391   0.2592177E+01  -0.5178965E-03  -0.3285757E+01   0.1930888E+07   0.6285757E+01
 391   0.2592177E+01  -0.8491920E-03  -0.3070994E+01   0.1177590E+07   0.6070994E+01
 391   0.2592177E+01  -0.4219171E-02  -0.2374773E+01   0.2370134E+06   0.5374773E+01
 391   0.2592177E+01  -0.9147080E+00  -0.3871753E-01   0.1093245E+04   0.3038718E+01
 391   0.2592177E+01  -0.9290306E+00  -0.3196996E-01   0.1076391E+04   0.3031970E+01
 391   0.2592177E+01  -0.2220487E+01   0.3464483E+00   0.4503516E+03   0.2653552E+01
 391   0.2592177E+01  -0.2664034E+01   0.4255398E+00   0.3753706E+03   0.2574460E+01
 391   0.2592177E+01  -0.2664055E+01   0.4255432E+00   0.3753676E+03   0.2574457E+01
 391   0.2592177E+01  -0.3329011E+01   0.5223153E+00   0.3003895E+03   0.2477685E+01
 391   0.2592177E+01  -0.3415569E+01   0.5334631E+00   0.2927769E+03   0.2466537E+01
 391   0.2592177E+01  -0.3415571E+01   0.5334633E+00   0.2927768E+03   0.2466537E+01
 391   0.2592177E+01  -0.3602931E+01   0.5566560E+00   0.2775518E+03   0.2443344E+01


 392   0.2593286E+01  -0.5165776E-03  -0.3286864E+01   0.1935818E+07   0.6286864E+01
 392   0.2593286E+01  -0.8470304E-03  -0.3072101E+01   0.1180595E+07   0.6072101E+01
 392   0.2593286E+01  -0.4208456E-02  -0.2375877E+01   0.2376168E+06   0.5375877E+01
 392   0.2593286E+01  -0.9149512E+00  -0.3860209E-01   0.1092955E+04   0.3038602E+01
 392   0.2593286E+01  -0.9290305E+00  -0.3197002E-01   0.1076391E+04   0.3031970E+01
 392   0.2593286E+01  -0.2220487E+01   0.3464483E+00   0.4503516E+03   0.2653552E+01
 392   0.2593286E+01  -0.2664034E+01   0.4255398E+00   0.3753706E+03   0.2574460E+01
 392   0.2593286E+01  -0.2664055E+01   0.4255432E+00   0.3753676E+03   0.2574457E+01
 392   0.2593286E+01  -0.3329011E+01   0.5223153E+00   0.3003895E+03   0.2477685E+01
 392   0.2593286E+01  -0.3415569E+01   0.5334631E+00   0.2927769E+03   0.2466537E+01
 392   0.2593286E+01  -0.3415571E+01   0.5334633E+00   0.2927768E+03   0.2466537E+01
 392   0.2593286E+01  -0.3602931E+01   0.5566560E+00   0.2775518E+03   0.2443344E+01


 393   0.2594393E+01  -0.5152654E-03  -0.3287969E+01   0.1940747E+07   0.6287969E+01
 393   0.2594393E+01  -0.8448798E-03  -0.3073205E+01   0.1183600E+07   0.6073205E+01
 393   0.2594393E+01  -0.4197795E-02  -0.2376979E+01   0.2382203E+06   0.5376979E+01
 393   0.2594393E+01  -0.9151904E+00  -0.3848855E-01   0.1092669E+04   0.3038489E+01
 393   0.2594393E+01  -0.9290304E+00  -0.3197008E-01   0.1076391E+04   0.3031970E+01
 393   0.2594393E+01  -0.2220487E+01   0.3464483E+00   0.4503516E+03   0.2653552E+01
 393   0.2594393E+01  -0.2664034E+01   0.4255398E+00   0.3753706E+03   0.2574460E+01
 393   0.2594393E+01  -0.2664055E+01   0.4255432E+00   0.3753676E+03   0.2574457E+01
 393   0.2594393E+01  -0.3329011E+01   0.5223153E+00   0.3003895E+03   0.2477685E+01
 393   0.2594393E+01  -0.3415569E+01   0.5334631E+00   0.2927769E+03   0.2466537E+01
 393   0.2594393E+01  -0.3415571E+01   0.5334633E+00   0.2927768E+03   0.2466537E+01
 393   0.2594393E+01  -0.3602931E+01   0.5566560E+00   0.2775518E+03   0.2443344E+01


 394   0.2595496E+01  -0.5139599E-03  -0.3289071E+01   0.1945677E+07   0.6289071E+01
 394   0.2595496E+01  -0.8427401E-03  -0.3074306E+01   0.1186605E+07   0.6074306E+01
 394   0.2595496E+01  -0.4187189E-02  -0.2378077E+01   0.2388237E+06   0.5378077E+01
 394   0.2595496E+01  -0.9154257E+00  -0.3837688E-01   0.1092388E+04   0.3038377E+01
 394   0.2595496E+01  -0.9290303E+00  -0.3197014E-01   0.1076391E+04   0.3031970E+01
 394   0.2595496E+01  -0.2220487E+01   0.3464483E+00   0.4503516E+03   0.2653552E+01
 394   0.2595496E+01  -0.2664034E+01   0.4255398E+00   0.3753706E+03   0.2574460E+01
 394   0.2595496E+01  -0.2664055E+01   0.4255432E+00   0.3753676E+03   0.2574457E+01
 394   0.2595496E+01  -0.3329011E+01   0.5223153E+00   0.3003895E+03   0.2477685E+01
 394   0.2595496E+01  -0.3415569E+01   0.5334631E+00   0.2927769E+03   0.2466537E+01
 394   0.2595496E+01  -0.3415571E+01   0.5334633E+00   0.2927768E+03   0.2466537E+01
 394   0.2595496E+01  -0.3602931E+01   0.5566560E+00   0.2775518E+03   0.2443344E+01


 395   0.2596597E+01  -0.5126610E-03  -0.3290170E+01   0.1950607E+07   0.6290170E+01
 395   0.2596597E+01  -0.8406112E-03  -0.3075405E+01   0.1189611E+07   0.6075405E+01
 395   0.2596597E+01  -0.4176635E-02  -0.2379173E+01   0.2394272E+06   0.5379173E+01
 395   0.2596597E+01  -0.9156573E+00  -0.3826706E-01   0.1092112E+04   0.3038267E+01
 395   0.2596597E+01  -0.9290301E+00  -0.3197020E-01   0.1076391E+04   0.3031970E+01
 395   0.2596597E+01  -0.2220487E+01   0.3464483E+00   0.4503516E+03   0.2653552E+01
 395   0.2596597E+01  -0.2664034E+01   0.4255398E+00   0.3753706E+03   0.2574460E+01
 395   0.2596597E+01  -0.2664055E+01   0.4255432E+00   0.3753676E+03   0.2574457E+01
 395   0.2596597E+01  -0.3329011E+01   0.5223153E+00   0.3003895E+03   0.2477685E+01
 395   0.2596597E+01  -0.3415569E+01   0.5334631E+00   0.2927769E+03   0.2466537E+01
 395   0.2596597E+01  -0.3415571E+01   0.5334633E+00   0.2927768E+03   0.2466537E+01
 395   0.2596597E+01  -0.3602931E+01   0.5566560E+00   0.2775518E+03   0.2443344E+01


 396   0.2597695E+01  -0.5113686E-03  -0.3291266E+01   0.1955537E+07   0.6291266E+01
 396   0.2597695E+01  -0.8384930E-03  -0.3076501E+01   0.1192616E+07   0.6076501E+01
 396   0.2597695E+01  -0.4166135E-02  -0.2380267E+01   0.2400306E+06   0.5380267E+01
 396   0.2597695E+01  -0.9158850E+00  -0.3815905E-01   0.1091840E+04   0.3038159E+01
 396   0.2597695E+01  -0.9290300E+00  -0.3197026E-01   0.1076392E+04   0.3031970E+01
 396   0.2597695E+01  -0.2220487E+01   0.3464483E+00   0.4503516E+03   0.2653552E+01
 396   0.2597695E+01  -0.2664034E+01   0.4255398E+00   0.3753706E+03   0.2574460E+01
 396   0.2597695E+01  -0.2664055E+01   0.4255432E+00   0.3753676E+03   0.2574457E+01
 396   0.2597695E+01  -0.3329011E+01   0.5223153E+00   0.3003895E+03   0.2477685E+01
 396   0.2597695E+01  -0.3415569E+01   0.5334631E+00   0.2927769E+03   0.2466537E+01
 396   0.2597695E+01  -0.3415571E+01   0.5334633E+00   0.2927768E+03   0.2466537E+01
 396   0.2597695E+01  -0.3602931E+01   0.5566560E+00   0.2775518E+03   0.2443344E+01


 397   0.2598791E+01  -0.5100827E-03  -0.3292359E+01   0.1960466E+07   0.6292359E+01
 397   0.2598791E+01  -0.8363855E-03  -0.3077594E+01   0.1195621E+07   0.6077594E+01
 397   0.2598791E+01  -0.4155687E-02  -0.2381357E+01   0.2406341E+06   0.5381357E+01
 397   0.2598791E+01  -0.9161091E+00  -0.3805283E-01   0.1091573E+04   0.3038053E+01
 397   0.2598791E+01  -0.9290299E+00  -0.3197033E-01   0.1076392E+04   0.3031970E+01
 397   0.2598791E+01  -0.2220487E+01   0.3464483E+00   0.4503516E+03   0.2653552E+01
 397   0.2598791E+01  -0.2664034E+01   0.4255398E+00   0.3753706E+03   0.2574460E+01
 397   0.2598791E+01  -0.2664055E+01   0.4255432E+00   0.3753676E+03   0.2574457E+01
 397   0.2598791E+01  -0.3329011E+01   0.5223153E+00   0.3003895E+03   0.2477685E+01
 397   0.2598791E+01  -0.3415569E+01   0.5334631E+00   0.2927769E+03   0.2466537E+01
 397   0.2598791E+01  -0.3415571E+01   0.5334633E+00   0.2927768E+03   0.2466537E+01
 397   0.2598791E+01  -0.3602931E+01   0.5566560E+00   0.2775518E+03   0.2443344E+01


 398   0.2599883E+01  -0.5088033E-03  -0.3293450E+01   0.1965396E+07   0.6293450E+01
 398   0.2599883E+01  -0.8342885E-03  -0.3078684E+01   0.1198626E+07   0.6078684E+01
 398   0.2599883E+01  -0.4145292E-02  -0.2382445E+01   0.2412375E+06   0.5382445E+01
 398   0.2599883E+01  -0.9163294E+00  -0.3794836E-01   0.1091311E+04   0.3037948E+01
 398   0.2599883E+01  -0.9290297E+00  -0.3197039E-01   0.1076392E+04   0.3031970E+01
 398   0.2599883E+01  -0.2220487E+01   0.3464483E+00   0.4503516E+03   0.2653552E+01
 398   0.2599883E+01  -0.2664034E+01   0.4255398E+00   0.3753706E+03   0.2574460E+01
 398   0.2599883E+01  -0.2664055E+01   0.4255432E+00   0.3753676E+03   0.2574457E+01
 398   0.2599883E+01  -0.3329011E+01   0.5223153E+00   0.3003895E+03   0.2477685E+01
 398   0.2599883E+01  -0.3415569E+01   0.5334631E+00   0.2927769E+03   0.2466537E+01
 398   0.2599883E+01  -0.3415571E+01   0.5334633E+00   0.2927768E+03   0.2466537E+01
 398   0.2599883E+01  -0.3602931E+01   0.5566560E+00   0.2775518E+03   0.2443344E+01


 399   0.2600973E+01  -0.5075302E-03  -0.3294538E+01   0.1970326E+07   0.6294538E+01
 399   0.2600973E+01  -0.8322020E-03  -0.3079771E+01   0.1201631E+07   0.6079771E+01
 399   0.2600973E+01  -0.4134949E-02  -0.2383530E+01   0.2418410E+06   0.5383530E+01
 399   0.2600973E+01  -0.9165462E+00  -0.3784563E-01   0.1091052E+04   0.3037846E+01
 399   0.2600973E+01  -0.9290296E+00  -0.3197045E-01   0.1076392E+04   0.3031970E+01
 399   0.2600973E+01  -0.2220487E+01   0.3464483E+00   0.4503516E+03   0.2653552E+01
 399   0.2600973E+01  -0.2664034E+01   0.4255398E+00   0.3753706E+03   0.2574460E+01
 399   0.2600973E+01  -0.2664055E+01   0.4255432E+00   0.3753676E+03   0.2574457E+01
 399   0.2600973E+01  -0.3329011E+01   0.5223153E+00   0.3003895E+03   0.2477685E+01
 399   0.2600973E+01  -0.3415569E+01   0.5334631E+00   0.2927769E+03   0.2466537E+01
 399   0.2600973E+01  -0.3415571E+01   0.5334633E+00   0.2927768E+03   0.2466537E+01
 399   0.2600973E+01  -0.3602931E+01   0.5566560E+00   0.2775518E+03   0.2443344E+01


 400   0.2602060E+01  -0.5062636E-03  -0.3295623E+01   0.1975256E+07   0.6295623E+01
 400   0.2602060E+01  -0.8301260E-03  -0.3080856E+01   0.1204636E+07   0.6080856E+01
 400   0.2602060E+01  -0.4124657E-02  -0.2384612E+01   0.2424444E+06   0.5384612E+01
 400   0.2602060E+01  -0.9167595E+00  -0.3774460E-01   0.1090799E+04   0.3037745E+01
 400   0.2602060E+01  -0.9290295E+00  -0.3197051E-01   0.1076392E+04   0.3031971E+01
 400   0.2602060E+01  -0.2220487E+01   0.3464483E+00   0.4503516E+03   0.2653552E+01
 400   0.2602060E+01  -0.2664034E+01   0.4255398E+00   0.3753706E+03   0.2574460E+01
 400   0.2602060E+01  -0.2664055E+01   0.4255432E+00   0.3753676E+03   0.2574457E+01
 400   0.2602060E+01  -0.3329011E+01   0.5223153E+00   0.3003895E+03   0.2477685E+01
 400   0.2602060E+01  -0.3415569E+01   0.5334631E+00   0.2927769E+03   0.2466537E+01
 400   0.2602060E+01  -0.3415571E+01   0.5334633E+00   0.2927768E+03   0.2466537E+01
 400   0.2602060E+01  -0.3602931E+01   0.5566560E+00   0.2775518E+03   0.2443344E+01


 401   0.2603144E+01  -0.5050032E-03  -0.3296706E+01   0.1980185E+07   0.6296706E+01
 401   0.2603144E+01  -0.8280602E-03  -0.3081938E+01   0.1207642E+07   0.6081938E+01
 401   0.2603144E+01  -0.4114416E-02  -0.2385692E+01   0.2430479E+06   0.5385692E+01
 401   0.2603144E+01  -0.9169692E+00  -0.3764525E-01   0.1090549E+04   0.3037645E+01
 401   0.2603144E+01  -0.9290293E+00  -0.3197057E-01   0.1076392E+04   0.3031971E+01
 401   0.2603144E+01  -0.2220487E+01   0.3464483E+00   0.4503516E+03   0.2653552E+01
 401   0.2603144E+01  -0.2664034E+01   0.4255398E+00   0.3753706E+03   0.2574460E+01
 401   0.2603144E+01  -0.2664055E+01   0.4255432E+00   0.3753677E+03   0.2574457E+01
 401   0.2603144E+01  -0.3329011E+01   0.5223153E+00   0.3003895E+03   0.2477685E+01
 401   0.2603144E+01  -0.3415569E+01   0.5334631E+00   0.2927769E+03   0.2466537E+01
 401   0.2603144E+01  -0.3415571E+01   0.5334633E+00   0.2927768E+03   0.2466537E+01
 401   0.2603144E+01  -0.3602931E+01   0.5566560E+00   0.2775518E+03   0.2443344E+01


 402   0.2604226E+01  -0.5037491E-03  -0.3297786E+01   0.1985115E+07   0.6297786E+01
 402   0.2604226E+01  -0.8260048E-03  -0.3083017E+01   0.1210647E+07   0.6083017E+01
 402   0.2604226E+01  -0.4104226E-02  -0.2386769E+01   0.2436513E+06   0.5386769E+01
 402   0.2604226E+01  -0.9171755E+00  -0.3754754E-01   0.1090304E+04   0.3037548E+01
 402   0.2604226E+01  -0.9290292E+00  -0.3197064E-01   0.1076392E+04   0.3031971E+01
 402   0.2604226E+01  -0.2220487E+01   0.3464483E+00   0.4503516E+03   0.2653552E+01
 402   0.2604226E+01  -0.2664034E+01   0.4255398E+00   0.3753706E+03   0.2574460E+01
 402   0.2604226E+01  -0.2664055E+01   0.4255431E+00   0.3753677E+03   0.2574457E+01
 402   0.2604226E+01  -0.3329011E+01   0.5223153E+00   0.3003895E+03   0.2477685E+01
 402   0.2604226E+01  -0.3415569E+01   0.5334631E+00   0.2927769E+03   0.2466537E+01
 402   0.2604226E+01  -0.3415571E+01   0.5334633E+00   0.2927768E+03   0.2466537E+01
 402   0.2604226E+01  -0.3602931E+01   0.5566560E+00   0.2775518E+03   0.2443344E+01


 403   0.2605305E+01  -0.5025012E-03  -0.3298863E+01   0.1990045E+07   0.6298863E+01
 403   0.2605305E+01  -0.8239595E-03  -0.3084094E+01   0.1213652E+07   0.6084094E+01
 403   0.2605305E+01  -0.4094086E-02  -0.2387843E+01   0.2442548E+06   0.5387843E+01
 403   0.2605305E+01  -0.9173785E+00  -0.3745146E-01   0.1090063E+04   0.3037451E+01
 403   0.2605305E+01  -0.9290291E+00  -0.3197070E-01   0.1076393E+04   0.3031971E+01
 403   0.2605305E+01  -0.2220487E+01   0.3464483E+00   0.4503516E+03   0.2653552E+01
 403   0.2605305E+01  -0.2664034E+01   0.4255398E+00   0.3753706E+03   0.2574460E+01
 403   0.2605305E+01  -0.2664055E+01   0.4255431E+00   0.3753677E+03   0.2574457E+01
 403   0.2605305E+01  -0.3329011E+01   0.5223153E+00   0.3003895E+03   0.2477685E+01
 403   0.2605305E+01  -0.3415569E+01   0.5334631E+00   0.2927769E+03   0.2466537E+01
 403   0.2605305E+01  -0.3415571E+01   0.5334633E+00   0.2927768E+03   0.2466537E+01
 403   0.2605305E+01  -0.3602931E+01   0.5566560E+00   0.2775518E+03   0.2443344E+01


 404   0.2606381E+01  -0.5012595E-03  -0.3299937E+01   0.1994975E+07   0.6299937E+01
 404   0.2606381E+01  -0.8219243E-03  -0.3085168E+01   0.1216657E+07   0.6085168E+01
 404   0.2606381E+01  -0.4083996E-02  -0.2388915E+01   0.2448582E+06   0.5388915E+01
 404   0.2606381E+01  -0.9175781E+00  -0.3735698E-01   0.1089826E+04   0.3037357E+01
 404   0.2606381E+01  -0.9290289E+00  -0.3197076E-01   0.1076393E+04   0.3031971E+01
 404   0.2606381E+01  -0.2220487E+01   0.3464483E+00   0.4503516E+03   0.2653552E+01
 404   0.2606381E+01  -0.2664034E+01   0.4255398E+00   0.3753706E+03   0.2574460E+01
 404   0.2606381E+01  -0.2664055E+01   0.4255431E+00   0.3753677E+03   0.2574457E+01
 404   0.2606381E+01  -0.3329011E+01   0.5223153E+00   0.3003895E+03   0.2477685E+01
 404   0.2606381E+01  -0.3415569E+01   0.5334631E+00   0.2927769E+03   0.2466537E+01
 404   0.2606381E+01  -0.3415571E+01   0.5334633E+00   0.2927768E+03   0.2466537E+01
 404   0.2606381E+01  -0.3602931E+01   0.5566560E+00   0.2775518E+03   0.2443344E+01


 405   0.2607455E+01  -0.5000239E-03  -0.3301009E+01   0.1999904E+07   0.6301009E+01
 405   0.2607455E+01  -0.8198991E-03  -0.3086240E+01   0.1219662E+07   0.6086240E+01
 405   0.2607455E+01  -0.4073956E-02  -0.2389984E+01   0.2454617E+06   0.5389984E+01
 405   0.2607455E+01  -0.9177744E+00  -0.3726407E-01   0.1089592E+04   0.3037264E+01
 405   0.2607455E+01  -0.9290288E+00  -0.3197083E-01   0.1076393E+04   0.3031971E+01
 405   0.2607455E+01  -0.2220487E+01   0.3464483E+00   0.4503516E+03   0.2653552E+01
 405   0.2607455E+01  -0.2664034E+01   0.4255398E+00   0.3753706E+03   0.2574460E+01
 405   0.2607455E+01  -0.2664055E+01   0.4255431E+00   0.3753677E+03   0.2574457E+01
 405   0.2607455E+01  -0.3329011E+01   0.5223153E+00   0.3003895E+03   0.2477685E+01
 405   0.2607455E+01  -0.3415569E+01   0.5334631E+00   0.2927769E+03   0.2466537E+01
 405   0.2607455E+01  -0.3415571E+01   0.5334633E+00   0.2927768E+03   0.2466537E+01
 405   0.2607455E+01  -0.3602931E+01   0.5566560E+00   0.2775518E+03   0.2443344E+01


 406   0.2608526E+01  -0.4987944E-03  -0.3302078E+01   0.2004834E+07   0.6302078E+01
 406   0.2608526E+01  -0.8178839E-03  -0.3087308E+01   0.1222667E+07   0.6087308E+01
 406   0.2608526E+01  -0.4063965E-02  -0.2391050E+01   0.2460651E+06   0.5391050E+01
 406   0.2608526E+01  -0.9179675E+00  -0.3717271E-01   0.1089363E+04   0.3037173E+01
 406   0.2608526E+01  -0.9290287E+00  -0.3197089E-01   0.1076393E+04   0.3031971E+01
 406   0.2608526E+01  -0.2220487E+01   0.3464483E+00   0.4503516E+03   0.2653552E+01
 406   0.2608526E+01  -0.2664034E+01   0.4255398E+00   0.3753706E+03   0.2574460E+01
 406   0.2608526E+01  -0.2664055E+01   0.4255431E+00   0.3753677E+03   0.2574457E+01
 406   0.2608526E+01  -0.3329011E+01   0.5223153E+00   0.3003895E+03   0.2477685E+01
 406   0.2608526E+01  -0.3415569E+01   0.5334631E+00   0.2927769E+03   0.2466537E+01
 406   0.2608526E+01  -0.3415571E+01   0.5334633E+00   0.2927768E+03   0.2466537E+01
 406   0.2608526E+01  -0.3602931E+01   0.5566560E+00   0.2775518E+03   0.2443344E+01


 407   0.2609594E+01  -0.4975709E-03  -0.3303145E+01   0.2009764E+07   0.6303145E+01
 407   0.2609594E+01  -0.8158786E-03  -0.3088374E+01   0.1225673E+07   0.6088374E+01
 407   0.2609594E+01  -0.4054023E-02  -0.2392114E+01   0.2466686E+06   0.5392114E+01
 407   0.2609594E+01  -0.9181574E+00  -0.3708287E-01   0.1089138E+04   0.3037083E+01
 407   0.2609594E+01  -0.9290285E+00  -0.3197095E-01   0.1076393E+04   0.3031971E+01
 407   0.2609594E+01  -0.2220487E+01   0.3464483E+00   0.4503516E+03   0.2653552E+01
 407   0.2609594E+01  -0.2664034E+01   0.4255398E+00   0.3753706E+03   0.2574460E+01
 407   0.2609594E+01  -0.2664055E+01   0.4255431E+00   0.3753677E+03   0.2574457E+01
 407   0.2609594E+01  -0.3329011E+01   0.5223153E+00   0.3003895E+03   0.2477685E+01
 407   0.2609594E+01  -0.3415569E+01   0.5334631E+00   0.2927769E+03   0.2466537E+01
 407   0.2609594E+01  -0.3415571E+01   0.5334633E+00   0.2927768E+03   0.2466537E+01
 407   0.2609594E+01  -0.3602931E+01   0.5566560E+00   0.2775518E+03   0.2443344E+01


 408   0.2610660E+01  -0.4963534E-03  -0.3304209E+01   0.2014694E+07   0.6304209E+01
 408   0.2610660E+01  -0.8138830E-03  -0.3089438E+01   0.1228678E+07   0.6089438E+01
 408   0.2610660E+01  -0.4044129E-02  -0.2393175E+01   0.2472720E+06   0.5393175E+01
 408   0.2610660E+01  -0.9183442E+00  -0.3699453E-01   0.1088916E+04   0.3036995E+01
 408   0.2610660E+01  -0.9290284E+00  -0.3197102E-01   0.1076393E+04   0.3031971E+01
 408   0.2610660E+01  -0.2220487E+01   0.3464483E+00   0.4503516E+03   0.2653552E+01
 408   0.2610660E+01  -0.2664034E+01   0.4255398E+00   0.3753706E+03   0.2574460E+01
 408   0.2610660E+01  -0.2664054E+01   0.4255431E+00   0.3753677E+03   0.2574457E+01
 408   0.2610660E+01  -0.3329011E+01   0.5223153E+00   0.3003895E+03   0.2477685E+01
 408   0.2610660E+01  -0.3415569E+01   0.5334631E+00   0.2927769E+03   0.2466537E+01
 408   0.2610660E+01  -0.3415571E+01   0.5334633E+00   0.2927768E+03   0.2466537E+01
 408   0.2610660E+01  -0.3602931E+01   0.5566560E+00   0.2775518E+03   0.2443344E+01


 409   0.2611723E+01  -0.4951418E-03  -0.3305270E+01   0.2019623E+07   0.6305270E+01
 409   0.2611723E+01  -0.8118973E-03  -0.3090499E+01   0.1231683E+07   0.6090499E+01
 409   0.2611723E+01  -0.4034284E-02  -0.2394234E+01   0.2478755E+06   0.5394234E+01
 409   0.2611723E+01  -0.9185279E+00  -0.3690766E-01   0.1088699E+04   0.3036908E+01
 409   0.2611723E+01  -0.9290282E+00  -0.3197108E-01   0.1076394E+04   0.3031971E+01
 409   0.2611723E+01  -0.2220487E+01   0.3464483E+00   0.4503516E+03   0.2653552E+01
 409   0.2611723E+01  -0.2664034E+01   0.4255398E+00   0.3753706E+03   0.2574460E+01
 409   0.2611723E+01  -0.2664054E+01   0.4255431E+00   0.3753677E+03   0.2574457E+01
 409   0.2611723E+01  -0.3329011E+01   0.5223153E+00   0.3003895E+03   0.2477685E+01
 409   0.2611723E+01  -0.3415569E+01   0.5334631E+00   0.2927769E+03   0.2466537E+01
 409   0.2611723E+01  -0.3415571E+01   0.5334633E+00   0.2927768E+03   0.2466537E+01
 409   0.2611723E+01  -0.3602931E+01   0.5566560E+00   0.2775518E+03   0.2443344E+01


 410   0.2612784E+01  -0.4939362E-03  -0.3306329E+01   0.2024553E+07   0.6306329E+01
 410   0.2612784E+01  -0.8099212E-03  -0.3091557E+01   0.1234688E+07   0.6091557E+01
 410   0.2612784E+01  -0.4024486E-02  -0.2395290E+01   0.2484789E+06   0.5395290E+01
 410   0.2612784E+01  -0.9187085E+00  -0.3682225E-01   0.1088484E+04   0.3036822E+01
 410   0.2612784E+01  -0.9290281E+00  -0.3197114E-01   0.1076394E+04   0.3031971E+01
 410   0.2612784E+01  -0.2220487E+01   0.3464483E+00   0.4503516E+03   0.2653552E+01
 410   0.2612784E+01  -0.2664034E+01   0.4255398E+00   0.3753706E+03   0.2574460E+01
 410   0.2612784E+01  -0.2664054E+01   0.4255431E+00   0.3753677E+03   0.2574457E+01
 410   0.2612784E+01  -0.3329011E+01   0.5223153E+00   0.3003895E+03   0.2477685E+01
 410   0.2612784E+01  -0.3415569E+01   0.5334631E+00   0.2927769E+03   0.2466537E+01
 410   0.2612784E+01  -0.3415571E+01   0.5334633E+00   0.2927768E+03   0.2466537E+01
 410   0.2612784E+01  -0.3602931E+01   0.5566560E+00   0.2775518E+03   0.2443344E+01


 411   0.2613842E+01  -0.4927364E-03  -0.3307385E+01   0.2029483E+07   0.6307385E+01
 411   0.2613842E+01  -0.8079546E-03  -0.3092613E+01   0.1237693E+07   0.6092613E+01
 411   0.2613842E+01  -0.4014736E-02  -0.2396343E+01   0.2490824E+06   0.5396343E+01
 411   0.2613842E+01  -0.9188862E+00  -0.3673826E-01   0.1088274E+04   0.3036738E+01
 411   0.2613842E+01  -0.9290280E+00  -0.3197121E-01   0.1076394E+04   0.3031971E+01
 411   0.2613842E+01  -0.2220487E+01   0.3464483E+00   0.4503516E+03   0.2653552E+01
 411   0.2613842E+01  -0.2664034E+01   0.4255398E+00   0.3753706E+03   0.2574460E+01
 411   0.2613842E+01  -0.2664054E+01   0.4255431E+00   0.3753677E+03   0.2574457E+01
 411   0.2613842E+01  -0.3329011E+01   0.5223153E+00   0.3003895E+03   0.2477685E+01
 411   0.2613842E+01  -0.3415569E+01   0.5334631E+00   0.2927769E+03   0.2466537E+01
 411   0.2613842E+01  -0.3415571E+01   0.5334633E+00   0.2927768E+03   0.2466537E+01
 411   0.2613842E+01  -0.3602931E+01   0.5566560E+00   0.2775518E+03   0.2443344E+01


 412   0.2614897E+01  -0.4915424E-03  -0.3308439E+01   0.2034413E+07   0.6308439E+01
 412   0.2614897E+01  -0.8059976E-03  -0.3093666E+01   0.1240698E+07   0.6093666E+01
 412   0.2614897E+01  -0.4005033E-02  -0.2397394E+01   0.2496858E+06   0.5397394E+01
 412   0.2614897E+01  -0.9190610E+00  -0.3665568E-01   0.1088067E+04   0.3036656E+01
 412   0.2614897E+01  -0.9290278E+00  -0.3197127E-01   0.1076394E+04   0.3031971E+01
 412   0.2614897E+01  -0.2220487E+01   0.3464483E+00   0.4503516E+03   0.2653552E+01
 412   0.2614897E+01  -0.2664034E+01   0.4255398E+00   0.3753706E+03   0.2574460E+01
 412   0.2614897E+01  -0.2664054E+01   0.4255431E+00   0.3753677E+03   0.2574457E+01
 412   0.2614897E+01  -0.3329011E+01   0.5223153E+00   0.3003895E+03   0.2477685E+01
 412   0.2614897E+01  -0.3415569E+01   0.5334631E+00   0.2927769E+03   0.2466537E+01
 412   0.2614897E+01  -0.3415571E+01   0.5334633E+00   0.2927768E+03   0.2466537E+01
 412   0.2614897E+01  -0.3602931E+01   0.5566560E+00   0.2775518E+03   0.2443344E+01


 413   0.2615950E+01  -0.4903541E-03  -0.3309490E+01   0.2039342E+07   0.6309490E+01
 413   0.2615950E+01  -0.8040501E-03  -0.3094717E+01   0.1243704E+07   0.6094717E+01
 413   0.2615950E+01  -0.3995377E-02  -0.2398442E+01   0.2502893E+06   0.5398442E+01
 413   0.2615950E+01  -0.9192328E+00  -0.3657448E-01   0.1087864E+04   0.3036574E+01
 413   0.2615950E+01  -0.9290277E+00  -0.3197133E-01   0.1076394E+04   0.3031971E+01
 413   0.2615950E+01  -0.2220487E+01   0.3464483E+00   0.4503516E+03   0.2653552E+01
 413   0.2615950E+01  -0.2664034E+01   0.4255398E+00   0.3753706E+03   0.2574460E+01
 413   0.2615950E+01  -0.2664054E+01   0.4255431E+00   0.3753677E+03   0.2574457E+01
 413   0.2615950E+01  -0.3329011E+01   0.5223153E+00   0.3003895E+03   0.2477685E+01
 413   0.2615950E+01  -0.3415569E+01   0.5334631E+00   0.2927769E+03   0.2466537E+01
 413   0.2615950E+01  -0.3415571E+01   0.5334633E+00   0.2927768E+03   0.2466537E+01
 413   0.2615950E+01  -0.3602931E+01   0.5566560E+00   0.2775518E+03   0.2443344E+01


 414   0.2617000E+01  -0.4891717E-03  -0.3310539E+01   0.2044272E+07   0.6310539E+01
 414   0.2617000E+01  -0.8021120E-03  -0.3095765E+01   0.1246709E+07   0.6095765E+01
 414   0.2617000E+01  -0.3985768E-02  -0.2399488E+01   0.2508927E+06   0.5399488E+01
 414   0.2617000E+01  -0.9194018E+00  -0.3649464E-01   0.1087664E+04   0.3036495E+01
 414   0.2617000E+01  -0.9290276E+00  -0.3197140E-01   0.1076394E+04   0.3031971E+01
 414   0.2617000E+01  -0.2220487E+01   0.3464483E+00   0.4503516E+03   0.2653552E+01
 414   0.2617000E+01  -0.2664034E+01   0.4255398E+00   0.3753706E+03   0.2574460E+01
 414   0.2617000E+01  -0.2664054E+01   0.4255430E+00   0.3753677E+03   0.2574457E+01
 414   0.2617000E+01  -0.3329011E+01   0.5223153E+00   0.3003895E+03   0.2477685E+01
 414   0.2617000E+01  -0.3415569E+01   0.5334631E+00   0.2927769E+03   0.2466537E+01
 414   0.2617000E+01  -0.3415571E+01   0.5334633E+00   0.2927768E+03   0.2466537E+01
 414   0.2617000E+01  -0.3602931E+01   0.5566560E+00   0.2775518E+03   0.2443344E+01


 415   0.2618048E+01  -0.4879949E-03  -0.3311585E+01   0.2049202E+07   0.6311585E+01
 415   0.2618048E+01  -0.8001831E-03  -0.3096811E+01   0.1249714E+07   0.6096811E+01
 415   0.2618048E+01  -0.3976204E-02  -0.2400531E+01   0.2514962E+06   0.5400531E+01
 415   0.2618048E+01  -0.9195680E+00  -0.3641614E-01   0.1087467E+04   0.3036416E+01
 415   0.2618048E+01  -0.9290274E+00  -0.3197146E-01   0.1076394E+04   0.3031971E+01
 415   0.2618048E+01  -0.2220487E+01   0.3464483E+00   0.4503516E+03   0.2653552E+01
 415   0.2618048E+01  -0.2664034E+01   0.4255398E+00   0.3753706E+03   0.2574460E+01
 415   0.2618048E+01  -0.2664054E+01   0.4255430E+00   0.3753678E+03   0.2574457E+01
 415   0.2618048E+01  -0.3329011E+01   0.5223153E+00   0.3003895E+03   0.2477685E+01
 415   0.2618048E+01  -0.3415569E+01   0.5334631E+00   0.2927769E+03   0.2466537E+01
 415   0.2618048E+01  -0.3415571E+01   0.5334633E+00   0.2927768E+03   0.2466537E+01
 415   0.2618048E+01  -0.3602931E+01   0.5566560E+00   0.2775518E+03   0.2443344E+01


 416   0.2619093E+01  -0.4868237E-03  -0.3312628E+01   0.2054132E+07   0.6312628E+01
 416   0.2619093E+01  -0.7982636E-03  -0.3097854E+01   0.1252719E+07   0.6097854E+01
 416   0.2619093E+01  -0.3966686E-02  -0.2401572E+01   0.2520996E+06   0.5401572E+01
 416   0.2619093E+01  -0.9197315E+00  -0.3633896E-01   0.1087274E+04   0.3036339E+01
 416   0.2619093E+01  -0.9290273E+00  -0.3197152E-01   0.1076395E+04   0.3031972E+01
 416   0.2619093E+01  -0.2220487E+01   0.3464483E+00   0.4503516E+03   0.2653552E+01
 416   0.2619093E+01  -0.2664034E+01   0.4255398E+00   0.3753706E+03   0.2574460E+01
 416   0.2619093E+01  -0.2664054E+01   0.4255430E+00   0.3753678E+03   0.2574457E+01
 416   0.2619093E+01  -0.3329011E+01   0.5223153E+00   0.3003895E+03   0.2477685E+01
 416   0.2619093E+01  -0.3415570E+01   0.5334631E+00   0.2927769E+03   0.2466537E+01
 416   0.2619093E+01  -0.3415571E+01   0.5334633E+00   0.2927768E+03   0.2466537E+01
 416   0.2619093E+01  -0.3602931E+01   0.5566560E+00   0.2775518E+03   0.2443344E+01


 417   0.2620136E+01  -0.4856582E-03  -0.3313669E+01   0.2059061E+07   0.6313669E+01
 417   0.2620136E+01  -0.7963532E-03  -0.3098894E+01   0.1255724E+07   0.6098894E+01
 417   0.2620136E+01  -0.3957214E-02  -0.2402610E+01   0.2527030E+06   0.5402610E+01
 417   0.2620136E+01  -0.9198922E+00  -0.3626307E-01   0.1087084E+04   0.3036263E+01
 417   0.2620136E+01  -0.9290272E+00  -0.3197159E-01   0.1076395E+04   0.3031972E+01
 417   0.2620136E+01  -0.2220487E+01   0.3464483E+00   0.4503516E+03   0.2653552E+01
 417   0.2620136E+01  -0.2664034E+01   0.4255398E+00   0.3753706E+03   0.2574460E+01
 417   0.2620136E+01  -0.2664054E+01   0.4255430E+00   0.3753678E+03   0.2574457E+01
 417   0.2620136E+01  -0.3329011E+01   0.5223153E+00   0.3003895E+03   0.2477685E+01
 417   0.2620136E+01  -0.3415570E+01   0.5334631E+00   0.2927769E+03   0.2466537E+01
 417   0.2620136E+01  -0.3415571E+01   0.5334633E+00   0.2927768E+03   0.2466537E+01
 417   0.2620136E+01  -0.3602931E+01   0.5566560E+00   0.2775518E+03   0.2443344E+01


 418   0.2621176E+01  -0.4844982E-03  -0.3314708E+01   0.2063991E+07   0.6314708E+01
 418   0.2621176E+01  -0.7944519E-03  -0.3099932E+01   0.1258729E+07   0.6099932E+01
 418   0.2621176E+01  -0.3947787E-02  -0.2403646E+01   0.2533065E+06   0.5403646E+01
 418   0.2621176E+01  -0.9200502E+00  -0.3618846E-01   0.1086897E+04   0.3036188E+01
 418   0.2621176E+01  -0.9290270E+00  -0.3197165E-01   0.1076395E+04   0.3031972E+01
 418   0.2621176E+01  -0.2220487E+01   0.3464483E+00   0.4503516E+03   0.2653552E+01
 418   0.2621176E+01  -0.2664034E+01   0.4255398E+00   0.3753706E+03   0.2574460E+01
 418   0.2621176E+01  -0.2664054E+01   0.4255430E+00   0.3753678E+03   0.2574457E+01
 418   0.2621176E+01  -0.3329011E+01   0.5223153E+00   0.3003895E+03   0.2477685E+01
 418   0.2621176E+01  -0.3415570E+01   0.5334631E+00   0.2927769E+03   0.2466537E+01
 418   0.2621176E+01  -0.3415571E+01   0.5334633E+00   0.2927768E+03   0.2466537E+01
 418   0.2621176E+01  -0.3602931E+01   0.5566560E+00   0.2775518E+03   0.2443344E+01


 419   0.2622214E+01  -0.4833438E-03  -0.3315744E+01   0.2068921E+07   0.6315744E+01
 419   0.2622214E+01  -0.7925597E-03  -0.3100968E+01   0.1261735E+07   0.6100968E+01
 419   0.2622214E+01  -0.3938404E-02  -0.2404680E+01   0.2539099E+06   0.5404680E+01
 419   0.2622214E+01  -0.9202056E+00  -0.3611511E-01   0.1086714E+04   0.3036115E+01
 419   0.2622214E+01  -0.9290269E+00  -0.3197171E-01   0.1076395E+04   0.3031972E+01
 419   0.2622214E+01  -0.2220487E+01   0.3464483E+00   0.4503516E+03   0.2653552E+01
 419   0.2622214E+01  -0.2664034E+01   0.4255398E+00   0.3753706E+03   0.2574460E+01
 419   0.2622214E+01  -0.2664054E+01   0.4255430E+00   0.3753678E+03   0.2574457E+01
 419   0.2622214E+01  -0.3329011E+01   0.5223153E+00   0.3003895E+03   0.2477685E+01
 419   0.2622214E+01  -0.3415570E+01   0.5334631E+00   0.2927769E+03   0.2466537E+01
 419   0.2622214E+01  -0.3415571E+01   0.5334633E+00   0.2927768E+03   0.2466537E+01
 419   0.2622214E+01  -0.3602931E+01   0.5566560E+00   0.2775518E+03   0.2443344E+01


 420   0.2623249E+01  -0.4821948E-03  -0.3316777E+01   0.2073851E+07   0.6316777E+01
 420   0.2623249E+01  -0.7906765E-03  -0.3102001E+01   0.1264740E+07   0.6102001E+01
 420   0.2623249E+01  -0.3929066E-02  -0.2405711E+01   0.2545134E+06   0.5405711E+01
 420   0.2623249E+01  -0.9203585E+00  -0.3604299E-01   0.1086533E+04   0.3036043E+01
 420   0.2623249E+01  -0.9290268E+00  -0.3197178E-01   0.1076395E+04   0.3031972E+01
 420   0.2623249E+01  -0.2220487E+01   0.3464483E+00   0.4503516E+03   0.2653552E+01
 420   0.2623249E+01  -0.2664034E+01   0.4255398E+00   0.3753706E+03   0.2574460E+01
 420   0.2623249E+01  -0.2664054E+01   0.4255430E+00   0.3753678E+03   0.2574457E+01
 420   0.2623249E+01  -0.3329011E+01   0.5223153E+00   0.3003895E+03   0.2477685E+01
 420   0.2623249E+01  -0.3415570E+01   0.5334631E+00   0.2927769E+03   0.2466537E+01
 420   0.2623249E+01  -0.3415571E+01   0.5334633E+00   0.2927768E+03   0.2466537E+01
 420   0.2623249E+01  -0.3602931E+01   0.5566560E+00   0.2775518E+03   0.2443344E+01


 421   0.2624282E+01  -0.4810513E-03  -0.3317809E+01   0.2078780E+07   0.6317809E+01
 421   0.2624282E+01  -0.7888022E-03  -0.3103032E+01   0.1267745E+07   0.6103032E+01
 421   0.2624282E+01  -0.3919773E-02  -0.2406739E+01   0.2551168E+06   0.5406739E+01
 421   0.2624282E+01  -0.9205087E+00  -0.3597208E-01   0.1086356E+04   0.3035972E+01
 421   0.2624282E+01  -0.9290266E+00  -0.3197184E-01   0.1076395E+04   0.3031972E+01
 421   0.2624282E+01  -0.2220487E+01   0.3464483E+00   0.4503516E+03   0.2653552E+01
 421   0.2624282E+01  -0.2664034E+01   0.4255398E+00   0.3753706E+03   0.2574460E+01
 421   0.2624282E+01  -0.2664054E+01   0.4255430E+00   0.3753678E+03   0.2574457E+01
 421   0.2624282E+01  -0.3329011E+01   0.5223153E+00   0.3003895E+03   0.2477685E+01
 421   0.2624282E+01  -0.3415570E+01   0.5334631E+00   0.2927769E+03   0.2466537E+01
 421   0.2624282E+01  -0.3415571E+01   0.5334633E+00   0.2927768E+03   0.2466537E+01
 421   0.2624282E+01  -0.3602931E+01   0.5566560E+00   0.2775518E+03   0.2443344E+01


 422   0.2625312E+01  -0.4799132E-03  -0.3318837E+01   0.2083710E+07   0.6318837E+01
 422   0.2625312E+01  -0.7869368E-03  -0.3104060E+01   0.1270750E+07   0.6104060E+01
 422   0.2625312E+01  -0.3910523E-02  -0.2407765E+01   0.2557203E+06   0.5407765E+01
 422   0.2625312E+01  -0.9206565E+00  -0.3590237E-01   0.1086181E+04   0.3035902E+01
 422   0.2625312E+01  -0.9290265E+00  -0.3197190E-01   0.1076396E+04   0.3031972E+01
 422   0.2625312E+01  -0.2220487E+01   0.3464483E+00   0.4503516E+03   0.2653552E+01
 422   0.2625312E+01  -0.2664034E+01   0.4255398E+00   0.3753706E+03   0.2574460E+01
 422   0.2625312E+01  -0.2664054E+01   0.4255430E+00   0.3753678E+03   0.2574457E+01
 422   0.2625312E+01  -0.3329011E+01   0.5223153E+00   0.3003895E+03   0.2477685E+01
 422   0.2625312E+01  -0.3415570E+01   0.5334631E+00   0.2927769E+03   0.2466537E+01
 422   0.2625312E+01  -0.3415571E+01   0.5334633E+00   0.2927768E+03   0.2466537E+01
 422   0.2625312E+01  -0.3602931E+01   0.5566560E+00   0.2775518E+03   0.2443344E+01


 423   0.2626340E+01  -0.4787805E-03  -0.3319864E+01   0.2088640E+07   0.6319864E+01
 423   0.2626340E+01  -0.7850802E-03  -0.3105086E+01   0.1273755E+07   0.6105086E+01
 423   0.2626340E+01  -0.3901316E-02  -0.2408789E+01   0.2563237E+06   0.5408789E+01
 423   0.2626340E+01  -0.9208018E+00  -0.3583383E-01   0.1086010E+04   0.3035834E+01
 423   0.2626340E+01  -0.9290264E+00  -0.3197197E-01   0.1076396E+04   0.3031972E+01
 423   0.2626340E+01  -0.2220487E+01   0.3464483E+00   0.4503516E+03   0.2653552E+01
 423   0.2626340E+01  -0.2664034E+01   0.4255398E+00   0.3753706E+03   0.2574460E+01
 423   0.2626340E+01  -0.2664054E+01   0.4255430E+00   0.3753678E+03   0.2574457E+01
 423   0.2626340E+01  -0.3329011E+01   0.5223153E+00   0.3003895E+03   0.2477685E+01
 423   0.2626340E+01  -0.3415570E+01   0.5334631E+00   0.2927769E+03   0.2466537E+01
 423   0.2626340E+01  -0.3415571E+01   0.5334633E+00   0.2927768E+03   0.2466537E+01
 423   0.2626340E+01  -0.3602931E+01   0.5566560E+00   0.2775518E+03   0.2443344E+01


 424   0.2627366E+01  -0.4776531E-03  -0.3320887E+01   0.2093570E+07   0.6320887E+01
 424   0.2627366E+01  -0.7832323E-03  -0.3106109E+01   0.1276760E+07   0.6106109E+01
 424   0.2627366E+01  -0.3892153E-02  -0.2409810E+01   0.2569272E+06   0.5409810E+01
 424   0.2627366E+01  -0.9209447E+00  -0.3576645E-01   0.1085842E+04   0.3035766E+01
 424   0.2627366E+01  -0.9290262E+00  -0.3197203E-01   0.1076396E+04   0.3031972E+01
 424   0.2627366E+01  -0.2220487E+01   0.3464483E+00   0.4503516E+03   0.2653552E+01
 424   0.2627366E+01  -0.2664034E+01   0.4255398E+00   0.3753706E+03   0.2574460E+01
 424   0.2627366E+01  -0.2664054E+01   0.4255430E+00   0.3753678E+03   0.2574457E+01
 424   0.2627366E+01  -0.3329011E+01   0.5223153E+00   0.3003895E+03   0.2477685E+01
 424   0.2627366E+01  -0.3415570E+01   0.5334631E+00   0.2927769E+03   0.2466537E+01
 424   0.2627366E+01  -0.3415571E+01   0.5334633E+00   0.2927768E+03   0.2466537E+01
 424   0.2627366E+01  -0.3602931E+01   0.5566560E+00   0.2775518E+03   0.2443344E+01


 425   0.2628389E+01  -0.4765310E-03  -0.3321909E+01   0.2098499E+07   0.6321909E+01
 425   0.2628389E+01  -0.7813931E-03  -0.3107130E+01   0.1279766E+07   0.6107130E+01
 425   0.2628389E+01  -0.3883033E-02  -0.2410829E+01   0.2575306E+06   0.5410829E+01
 425   0.2628389E+01  -0.9210852E+00  -0.3570021E-01   0.1085676E+04   0.3035700E+01
 425   0.2628389E+01  -0.9290261E+00  -0.3197209E-01   0.1076396E+04   0.3031972E+01
 425   0.2628389E+01  -0.2220487E+01   0.3464483E+00   0.4503516E+03   0.2653552E+01
 425   0.2628389E+01  -0.2664034E+01   0.4255398E+00   0.3753706E+03   0.2574460E+01
 425   0.2628389E+01  -0.2664054E+01   0.4255430E+00   0.3753678E+03   0.2574457E+01
 425   0.2628389E+01  -0.3329011E+01   0.5223153E+00   0.3003895E+03   0.2477685E+01
 425   0.2628389E+01  -0.3415570E+01   0.5334631E+00   0.2927769E+03   0.2466537E+01
 425   0.2628389E+01  -0.3415571E+01   0.5334633E+00   0.2927768E+03   0.2466537E+01
 425   0.2628389E+01  -0.3602931E+01   0.5566560E+00   0.2775518E+03   0.2443344E+01


 426   0.2629410E+01  -0.4754142E-03  -0.3322928E+01   0.2103429E+07   0.6322928E+01
 426   0.2629410E+01  -0.7795626E-03  -0.3108149E+01   0.1282771E+07   0.6108149E+01
 426   0.2629410E+01  -0.3873956E-02  -0.2411845E+01   0.2581341E+06   0.5411845E+01
 426   0.2629410E+01  -0.9212233E+00  -0.3563509E-01   0.1085513E+04   0.3035635E+01
 426   0.2629410E+01  -0.9290260E+00  -0.3197215E-01   0.1076396E+04   0.3031972E+01
 426   0.2629410E+01  -0.2220487E+01   0.3464483E+00   0.4503516E+03   0.2653552E+01
 426   0.2629410E+01  -0.2664034E+01   0.4255398E+00   0.3753706E+03   0.2574460E+01
 426   0.2629410E+01  -0.2664054E+01   0.4255430E+00   0.3753678E+03   0.2574457E+01
 426   0.2629410E+01  -0.3329011E+01   0.5223153E+00   0.3003895E+03   0.2477685E+01
 426   0.2629410E+01  -0.3415570E+01   0.5334631E+00   0.2927769E+03   0.2466537E+01
 426   0.2629410E+01  -0.3415571E+01   0.5334633E+00   0.2927768E+03   0.2466537E+01
 426   0.2629410E+01  -0.3602931E+01   0.5566560E+00   0.2775518E+03   0.2443344E+01


 427   0.2630428E+01  -0.4743026E-03  -0.3323945E+01   0.2108359E+07   0.6323945E+01
 427   0.2630428E+01  -0.7777405E-03  -0.3109165E+01   0.1285776E+07   0.6109165E+01
 427   0.2630428E+01  -0.3864920E-02  -0.2412859E+01   0.2587375E+06   0.5412859E+01
 427   0.2630428E+01  -0.9213591E+00  -0.3557107E-01   0.1085353E+04   0.3035571E+01
 427   0.2630428E+01  -0.9290258E+00  -0.3197221E-01   0.1076396E+04   0.3031972E+01
 427   0.2630428E+01  -0.2220487E+01   0.3464483E+00   0.4503516E+03   0.2653552E+01
 427   0.2630428E+01  -0.2664034E+01   0.4255398E+00   0.3753706E+03   0.2574460E+01
 427   0.2630428E+01  -0.2664054E+01   0.4255429E+00   0.3753678E+03   0.2574457E+01
 427   0.2630428E+01  -0.3329011E+01   0.5223153E+00   0.3003895E+03   0.2477685E+01
 427   0.2630428E+01  -0.3415570E+01   0.5334631E+00   0.2927769E+03   0.2466537E+01
 427   0.2630428E+01  -0.3415571E+01   0.5334633E+00   0.2927768E+03   0.2466537E+01
 427   0.2630428E+01  -0.3602931E+01   0.5566560E+00   0.2775518E+03   0.2443344E+01


 428   0.2631444E+01  -0.4731961E-03  -0.3324959E+01   0.2113289E+07   0.6324959E+01
 428   0.2631444E+01  -0.7759270E-03  -0.3110179E+01   0.1288781E+07   0.6110179E+01
 428   0.2631444E+01  -0.3855927E-02  -0.2413871E+01   0.2593410E+06   0.5413871E+01
 428   0.2631444E+01  -0.9214926E+00  -0.3550814E-01   0.1085196E+04   0.3035508E+01
 428   0.2631444E+01  -0.9290257E+00  -0.3197228E-01   0.1076396E+04   0.3031972E+01
 428   0.2631444E+01  -0.2220487E+01   0.3464483E+00   0.4503516E+03   0.2653552E+01
 428   0.2631444E+01  -0.2664034E+01   0.4255398E+00   0.3753706E+03   0.2574460E+01
 428   0.2631444E+01  -0.2664053E+01   0.4255429E+00   0.3753678E+03   0.2574457E+01
 428   0.2631444E+01  -0.3329011E+01   0.5223153E+00   0.3003895E+03   0.2477685E+01
 428   0.2631444E+01  -0.3415570E+01   0.5334631E+00   0.2927769E+03   0.2466537E+01
 428   0.2631444E+01  -0.3415571E+01   0.5334633E+00   0.2927768E+03   0.2466537E+01
 428   0.2631444E+01  -0.3602931E+01   0.5566560E+00   0.2775518E+03   0.2443344E+01


 429   0.2632457E+01  -0.4720949E-03  -0.3325971E+01   0.2118218E+07   0.6325971E+01
 429   0.2632457E+01  -0.7741219E-03  -0.3111191E+01   0.1291786E+07   0.6111191E+01
 429   0.2632457E+01  -0.3846976E-02  -0.2414881E+01   0.2599444E+06   0.5414881E+01
 429   0.2632457E+01  -0.9216239E+00  -0.3544627E-01   0.1085041E+04   0.3035446E+01
 429   0.2632457E+01  -0.9290256E+00  -0.3197234E-01   0.1076397E+04   0.3031972E+01
 429   0.2632457E+01  -0.2220487E+01   0.3464483E+00   0.4503516E+03   0.2653552E+01
 429   0.2632457E+01  -0.2664034E+01   0.4255398E+00   0.3753706E+03   0.2574460E+01
 429   0.2632457E+01  -0.2664053E+01   0.4255429E+00   0.3753678E+03   0.2574457E+01
 429   0.2632457E+01  -0.3329011E+01   0.5223153E+00   0.3003895E+03   0.2477685E+01
 429   0.2632457E+01  -0.3415570E+01   0.5334631E+00   0.2927769E+03   0.2466537E+01
 429   0.2632457E+01  -0.3415571E+01   0.5334633E+00   0.2927768E+03   0.2466537E+01
 429   0.2632457E+01  -0.3602931E+01   0.5566560E+00   0.2775518E+03   0.2443344E+01


 430   0.2633468E+01  -0.4709987E-03  -0.3326980E+01   0.2123148E+07   0.6326980E+01
 430   0.2633468E+01  -0.7723252E-03  -0.3112200E+01   0.1294791E+07   0.6112200E+01
 430   0.2633468E+01  -0.3838066E-02  -0.2415888E+01   0.2605479E+06   0.5415888E+01
 430   0.2633468E+01  -0.9217530E+00  -0.3538545E-01   0.1084889E+04   0.3035385E+01
 430   0.2633468E+01  -0.9290254E+00  -0.3197240E-01   0.1076397E+04   0.3031972E+01
 430   0.2633468E+01  -0.2220487E+01   0.3464483E+00   0.4503516E+03   0.2653552E+01
 430   0.2633468E+01  -0.2664034E+01   0.4255398E+00   0.3753706E+03   0.2574460E+01
 430   0.2633468E+01  -0.2664053E+01   0.4255429E+00   0.3753679E+03   0.2574457E+01
 430   0.2633468E+01  -0.3329011E+01   0.5223153E+00   0.3003895E+03   0.2477685E+01
 430   0.2633468E+01  -0.3415570E+01   0.5334631E+00   0.2927769E+03   0.2466537E+01
 430   0.2633468E+01  -0.3415571E+01   0.5334633E+00   0.2927768E+03   0.2466537E+01
 430   0.2633468E+01  -0.3602931E+01   0.5566560E+00   0.2775518E+03   0.2443344E+01


 431   0.2634477E+01  -0.4699076E-03  -0.3327988E+01   0.2128078E+07   0.6327988E+01
 431   0.2634477E+01  -0.7705368E-03  -0.3113207E+01   0.1297797E+07   0.6113207E+01
 431   0.2634477E+01  -0.3829197E-02  -0.2416892E+01   0.2611513E+06   0.5416892E+01
 431   0.2634477E+01  -0.9218799E+00  -0.3532566E-01   0.1084740E+04   0.3035326E+01
 431   0.2634477E+01  -0.9290253E+00  -0.3197246E-01   0.1076397E+04   0.3031972E+01
 431   0.2634477E+01  -0.2220487E+01   0.3464483E+00   0.4503516E+03   0.2653552E+01
 431   0.2634477E+01  -0.2664034E+01   0.4255398E+00   0.3753706E+03   0.2574460E+01
 431   0.2634477E+01  -0.2664053E+01   0.4255429E+00   0.3753679E+03   0.2574457E+01
 431   0.2634477E+01  -0.3329011E+01   0.5223153E+00   0.3003895E+03   0.2477685E+01
 431   0.2634477E+01  -0.3415570E+01   0.5334631E+00   0.2927769E+03   0.2466537E+01
 431   0.2634477E+01  -0.3415571E+01   0.5334633E+00   0.2927768E+03   0.2466537E+01
 431   0.2634477E+01  -0.3602931E+01   0.5566560E+00   0.2775518E+03   0.2443344E+01


 432   0.2635484E+01  -0.4688216E-03  -0.3328992E+01   0.2133008E+07   0.6328992E+01
 432   0.2635484E+01  -0.7687567E-03  -0.3114211E+01   0.1300802E+07   0.6114211E+01
 432   0.2635484E+01  -0.3820370E-02  -0.2417895E+01   0.2617548E+06   0.5417895E+01
 432   0.2635484E+01  -0.9220047E+00  -0.3526689E-01   0.1084593E+04   0.3035267E+01
 432   0.2635484E+01  -0.9290252E+00  -0.3197252E-01   0.1076397E+04   0.3031973E+01
 432   0.2635484E+01  -0.2220487E+01   0.3464483E+00   0.4503516E+03   0.2653552E+01
 432   0.2635484E+01  -0.2664034E+01   0.4255398E+00   0.3753706E+03   0.2574460E+01
 432   0.2635484E+01  -0.2664053E+01   0.4255429E+00   0.3753679E+03   0.2574457E+01
 432   0.2635484E+01  -0.3329011E+01   0.5223153E+00   0.3003895E+03   0.2477685E+01
 432   0.2635484E+01  -0.3415570E+01   0.5334631E+00   0.2927769E+03   0.2466537E+01
 432   0.2635484E+01  -0.3415571E+01   0.5334633E+00   0.2927768E+03   0.2466537E+01
 432   0.2635484E+01  -0.3602931E+01   0.5566560E+00   0.2775518E+03   0.2443344E+01


 433   0.2636488E+01  -0.4677406E-03  -0.3329995E+01   0.2137937E+07   0.6329995E+01
 433   0.2636488E+01  -0.7669848E-03  -0.3115213E+01   0.1303807E+07   0.6115213E+01
 433   0.2636488E+01  -0.3811582E-02  -0.2418895E+01   0.2623582E+06   0.5418895E+01
 433   0.2636488E+01  -0.9221273E+00  -0.3520911E-01   0.1084449E+04   0.3035209E+01
 433   0.2636488E+01  -0.9290250E+00  -0.3197258E-01   0.1076397E+04   0.3031973E+01
 433   0.2636488E+01  -0.2220487E+01   0.3464483E+00   0.4503516E+03   0.2653552E+01
 433   0.2636488E+01  -0.2664034E+01   0.4255398E+00   0.3753706E+03   0.2574460E+01
 433   0.2636488E+01  -0.2664053E+01   0.4255429E+00   0.3753679E+03   0.2574457E+01
 433   0.2636488E+01  -0.3329011E+01   0.5223153E+00   0.3003895E+03   0.2477685E+01
 433   0.2636488E+01  -0.3415570E+01   0.5334631E+00   0.2927769E+03   0.2466537E+01
 433   0.2636488E+01  -0.3415571E+01   0.5334633E+00   0.2927768E+03   0.2466537E+01
 433   0.2636488E+01  -0.3602931E+01   0.5566560E+00   0.2775518E+03   0.2443344E+01


 434   0.2637490E+01  -0.4666645E-03  -0.3330995E+01   0.2142867E+07   0.6330995E+01
 434   0.2637490E+01  -0.7652210E-03  -0.3116213E+01   0.1306812E+07   0.6116213E+01
 434   0.2637490E+01  -0.3802836E-02  -0.2419892E+01   0.2629617E+06   0.5419892E+01
 434   0.2637490E+01  -0.9222479E+00  -0.3515232E-01   0.1084307E+04   0.3035152E+01
 434   0.2637490E+01  -0.9290249E+00  -0.3197264E-01   0.1076397E+04   0.3031973E+01
 434   0.2637490E+01  -0.2220487E+01   0.3464483E+00   0.4503516E+03   0.2653552E+01
 434   0.2637490E+01  -0.2664034E+01   0.4255398E+00   0.3753706E+03   0.2574460E+01
 434   0.2637490E+01  -0.2664053E+01   0.4255429E+00   0.3753679E+03   0.2574457E+01
 434   0.2637490E+01  -0.3329011E+01   0.5223153E+00   0.3003895E+03   0.2477685E+01
 434   0.2637490E+01  -0.3415570E+01   0.5334631E+00   0.2927769E+03   0.2466537E+01
 434   0.2637490E+01  -0.3415571E+01   0.5334633E+00   0.2927768E+03   0.2466537E+01
 434   0.2637490E+01  -0.3602931E+01   0.5566560E+00   0.2775518E+03   0.2443344E+01


 435   0.2638489E+01  -0.4655934E-03  -0.3331993E+01   0.2147797E+07   0.6331993E+01
 435   0.2638489E+01  -0.7634653E-03  -0.3117211E+01   0.1309817E+07   0.6117211E+01
 435   0.2638489E+01  -0.3794129E-02  -0.2420888E+01   0.2635651E+06   0.5420888E+01
 435   0.2638489E+01  -0.9223665E+00  -0.3509649E-01   0.1084168E+04   0.3035096E+01
 435   0.2638489E+01  -0.9290248E+00  -0.3197270E-01   0.1076398E+04   0.3031973E+01
 435   0.2638489E+01  -0.2220487E+01   0.3464483E+00   0.4503516E+03   0.2653552E+01
 435   0.2638489E+01  -0.2664034E+01   0.4255398E+00   0.3753706E+03   0.2574460E+01
 435   0.2638489E+01  -0.2664053E+01   0.4255429E+00   0.3753679E+03   0.2574457E+01
 435   0.2638489E+01  -0.3329011E+01   0.5223153E+00   0.3003895E+03   0.2477685E+01
 435   0.2638489E+01  -0.3415570E+01   0.5334631E+00   0.2927769E+03   0.2466537E+01
 435   0.2638489E+01  -0.3415571E+01   0.5334633E+00   0.2927768E+03   0.2466537E+01
 435   0.2638489E+01  -0.3602931E+01   0.5566560E+00   0.2775518E+03   0.2443344E+01


 436   0.2639486E+01  -0.4645272E-03  -0.3332989E+01   0.2152727E+07   0.6332989E+01
 436   0.2639486E+01  -0.7617177E-03  -0.3118206E+01   0.1312822E+07   0.6118206E+01
 436   0.2639486E+01  -0.3785462E-02  -0.2421881E+01   0.2641686E+06   0.5421881E+01
 436   0.2639486E+01  -0.9224830E+00  -0.3504162E-01   0.1084031E+04   0.3035042E+01
 436   0.2639486E+01  -0.9290247E+00  -0.3197276E-01   0.1076398E+04   0.3031973E+01
 436   0.2639486E+01  -0.2220487E+01   0.3464483E+00   0.4503516E+03   0.2653552E+01
 436   0.2639486E+01  -0.2664034E+01   0.4255398E+00   0.3753706E+03   0.2574460E+01
 436   0.2639486E+01  -0.2664053E+01   0.4255429E+00   0.3753679E+03   0.2574457E+01
 436   0.2639486E+01  -0.3329011E+01   0.5223153E+00   0.3003895E+03   0.2477685E+01
 436   0.2639486E+01  -0.3415570E+01   0.5334631E+00   0.2927769E+03   0.2466537E+01
 436   0.2639486E+01  -0.3415571E+01   0.5334633E+00   0.2927768E+03   0.2466537E+01
 436   0.2639486E+01  -0.3602931E+01   0.5566560E+00   0.2775518E+03   0.2443344E+01


 437   0.2640481E+01  -0.4634658E-03  -0.3333982E+01   0.2157656E+07   0.6333982E+01
 437   0.2640481E+01  -0.7599780E-03  -0.3119199E+01   0.1315827E+07   0.6119199E+01
 437   0.2640481E+01  -0.3776834E-02  -0.2422872E+01   0.2647720E+06   0.5422872E+01
 437   0.2640481E+01  -0.9225976E+00  -0.3498768E-01   0.1083896E+04   0.3034988E+01
 437   0.2640481E+01  -0.9290245E+00  -0.3197282E-01   0.1076398E+04   0.3031973E+01
 437   0.2640481E+01  -0.2220487E+01   0.3464483E+00   0.4503516E+03   0.2653552E+01
 437   0.2640481E+01  -0.2664034E+01   0.4255398E+00   0.3753706E+03   0.2574460E+01
 437   0.2640481E+01  -0.2664053E+01   0.4255429E+00   0.3753679E+03   0.2574457E+01
 437   0.2640481E+01  -0.3329011E+01   0.5223153E+00   0.3003895E+03   0.2477685E+01
 437   0.2640481E+01  -0.3415570E+01   0.5334631E+00   0.2927769E+03   0.2466537E+01
 437   0.2640481E+01  -0.3415571E+01   0.5334633E+00   0.2927768E+03   0.2466537E+01
 437   0.2640481E+01  -0.3602931E+01   0.5566560E+00   0.2775518E+03   0.2443344E+01


 438   0.2641474E+01  -0.4624093E-03  -0.3334973E+01   0.2162586E+07   0.6334973E+01
 438   0.2641474E+01  -0.7582463E-03  -0.3120190E+01   0.1318833E+07   0.6120190E+01
 438   0.2641474E+01  -0.3768246E-02  -0.2423861E+01   0.2653755E+06   0.5423861E+01
 438   0.2641474E+01  -0.9227102E+00  -0.3493466E-01   0.1083764E+04   0.3034935E+01
 438   0.2641474E+01  -0.9290244E+00  -0.3197288E-01   0.1076398E+04   0.3031973E+01
 438   0.2641474E+01  -0.2220487E+01   0.3464483E+00   0.4503516E+03   0.2653552E+01
 438   0.2641474E+01  -0.2664034E+01   0.4255398E+00   0.3753706E+03   0.2574460E+01
 438   0.2641474E+01  -0.2664053E+01   0.4255429E+00   0.3753679E+03   0.2574457E+01
 438   0.2641474E+01  -0.3329011E+01   0.5223153E+00   0.3003895E+03   0.2477685E+01
 438   0.2641474E+01  -0.3415570E+01   0.5334631E+00   0.2927769E+03   0.2466537E+01
 438   0.2641474E+01  -0.3415571E+01   0.5334633E+00   0.2927768E+03   0.2466537E+01
 438   0.2641474E+01  -0.3602931E+01   0.5566560E+00   0.2775518E+03   0.2443344E+01


 439   0.2642465E+01  -0.4613576E-03  -0.3335962E+01   0.2167516E+07   0.6335962E+01
 439   0.2642465E+01  -0.7565225E-03  -0.3121178E+01   0.1321838E+07   0.6121178E+01
 439   0.2642465E+01  -0.3759696E-02  -0.2424847E+01   0.2659789E+06   0.5424847E+01
 439   0.2642465E+01  -0.9228210E+00  -0.3488254E-01   0.1083634E+04   0.3034883E+01
 439   0.2642465E+01  -0.9290243E+00  -0.3197294E-01   0.1076398E+04   0.3031973E+01
 439   0.2642465E+01  -0.2220487E+01   0.3464483E+00   0.4503516E+03   0.2653552E+01
 439   0.2642465E+01  -0.2664034E+01   0.4255398E+00   0.3753706E+03   0.2574460E+01
 439   0.2642465E+01  -0.2664053E+01   0.4255429E+00   0.3753679E+03   0.2574457E+01
 439   0.2642465E+01  -0.3329011E+01   0.5223153E+00   0.3003895E+03   0.2477685E+01
 439   0.2642465E+01  -0.3415570E+01   0.5334631E+00   0.2927769E+03   0.2466537E+01
 439   0.2642465E+01  -0.3415571E+01   0.5334633E+00   0.2927768E+03   0.2466537E+01
 439   0.2642465E+01  -0.3602931E+01   0.5566560E+00   0.2775518E+03   0.2443344E+01


 440   0.2643453E+01  -0.4603107E-03  -0.3336949E+01   0.2172446E+07   0.6336949E+01
 440   0.2643453E+01  -0.7548064E-03  -0.3122164E+01   0.1324843E+07   0.6122164E+01
 440   0.2643453E+01  -0.3751186E-02  -0.2425831E+01   0.2665824E+06   0.5425831E+01
 440   0.2643453E+01  -0.9229298E+00  -0.3483131E-01   0.1083506E+04   0.3034831E+01
 440   0.2643453E+01  -0.9290242E+00  -0.3197299E-01   0.1076398E+04   0.3031973E+01
 440   0.2643453E+01  -0.2220487E+01   0.3464483E+00   0.4503516E+03   0.2653552E+01
 440   0.2643453E+01  -0.2664034E+01   0.4255398E+00   0.3753706E+03   0.2574460E+01
 440   0.2643453E+01  -0.2664053E+01   0.4255429E+00   0.3753679E+03   0.2574457E+01
 440   0.2643453E+01  -0.3329011E+01   0.5223153E+00   0.3003895E+03   0.2477685E+01
 440   0.2643453E+01  -0.3415570E+01   0.5334631E+00   0.2927769E+03   0.2466537E+01
 440   0.2643453E+01  -0.3415571E+01   0.5334633E+00   0.2927768E+03   0.2466537E+01
 440   0.2643453E+01  -0.3602931E+01   0.5566560E+00   0.2775518E+03   0.2443344E+01


 441   0.2644439E+01  -0.4592686E-03  -0.3337933E+01   0.2177375E+07   0.6337933E+01
 441   0.2644439E+01  -0.7530982E-03  -0.3123148E+01   0.1327848E+07   0.6123148E+01
 441   0.2644439E+01  -0.3742714E-02  -0.2426813E+01   0.2671858E+06   0.5426813E+01
 441   0.2644439E+01  -0.9230368E+00  -0.3478096E-01   0.1083380E+04   0.3034781E+01
 441   0.2644439E+01  -0.9290240E+00  -0.3197305E-01   0.1076398E+04   0.3031973E+01
 441   0.2644439E+01  -0.2220487E+01   0.3464483E+00   0.4503516E+03   0.2653552E+01
 441   0.2644439E+01  -0.2664034E+01   0.4255398E+00   0.3753706E+03   0.2574460E+01
 441   0.2644439E+01  -0.2664053E+01   0.4255428E+00   0.3753679E+03   0.2574457E+01
 441   0.2644439E+01  -0.3329011E+01   0.5223153E+00   0.3003895E+03   0.2477685E+01
 441   0.2644439E+01  -0.3415570E+01   0.5334631E+00   0.2927769E+03   0.2466537E+01
 441   0.2644439E+01  -0.3415571E+01   0.5334633E+00   0.2927768E+03   0.2466537E+01
 441   0.2644439E+01  -0.3602931E+01   0.5566560E+00   0.2775518E+03   0.2443344E+01


 442   0.2645422E+01  -0.4582311E-03  -0.3338915E+01   0.2182305E+07   0.6338915E+01
 442   0.2645422E+01  -0.7513976E-03  -0.3124130E+01   0.1330853E+07   0.6124130E+01
 442   0.2645422E+01  -0.3734280E-02  -0.2427793E+01   0.2677893E+06   0.5427793E+01
 442   0.2645422E+01  -0.9231420E+00  -0.3473147E-01   0.1083257E+04   0.3034731E+01
 442   0.2645422E+01  -0.9290239E+00  -0.3197311E-01   0.1076399E+04   0.3031973E+01
 442   0.2645422E+01  -0.2220487E+01   0.3464483E+00   0.4503516E+03   0.2653552E+01
 442   0.2645422E+01  -0.2664034E+01   0.4255398E+00   0.3753706E+03   0.2574460E+01
 442   0.2645422E+01  -0.2664053E+01   0.4255428E+00   0.3753679E+03   0.2574457E+01
 442   0.2645422E+01  -0.3329011E+01   0.5223153E+00   0.3003895E+03   0.2477685E+01
 442   0.2645422E+01  -0.3415570E+01   0.5334631E+00   0.2927769E+03   0.2466537E+01
 442   0.2645422E+01  -0.3415571E+01   0.5334633E+00   0.2927768E+03   0.2466537E+01
 442   0.2645422E+01  -0.3602931E+01   0.5566560E+00   0.2775518E+03   0.2443344E+01


 443   0.2646404E+01  -0.4571983E-03  -0.3339895E+01   0.2187235E+07   0.6339895E+01
 443   0.2646404E+01  -0.7497047E-03  -0.3125110E+01   0.1333858E+07   0.6125110E+01
 443   0.2646404E+01  -0.3725884E-02  -0.2428771E+01   0.2683927E+06   0.5428771E+01
 443   0.2646404E+01  -0.9232454E+00  -0.3468283E-01   0.1083136E+04   0.3034683E+01
 443   0.2646404E+01  -0.9290238E+00  -0.3197317E-01   0.1076399E+04   0.3031973E+01
 443   0.2646404E+01  -0.2220487E+01   0.3464483E+00   0.4503516E+03   0.2653552E+01
 443   0.2646404E+01  -0.2664034E+01   0.4255398E+00   0.3753706E+03   0.2574460E+01
 443   0.2646404E+01  -0.2664053E+01   0.4255428E+00   0.3753679E+03   0.2574457E+01
 443   0.2646404E+01  -0.3329011E+01   0.5223153E+00   0.3003895E+03   0.2477685E+01
 443   0.2646404E+01  -0.3415570E+01   0.5334631E+00   0.2927769E+03   0.2466537E+01
 443   0.2646404E+01  -0.3415571E+01   0.5334633E+00   0.2927768E+03   0.2466537E+01
 443   0.2646404E+01  -0.3602931E+01   0.5566560E+00   0.2775518E+03   0.2443344E+01


 444   0.2647383E+01  -0.4561701E-03  -0.3340873E+01   0.2192165E+07   0.6340873E+01
 444   0.2647383E+01  -0.7480195E-03  -0.3126087E+01   0.1336864E+07   0.6126087E+01
 444   0.2647383E+01  -0.3717525E-02  -0.2429746E+01   0.2689962E+06   0.5429746E+01
 444   0.2647383E+01  -0.9233471E+00  -0.3463502E-01   0.1083016E+04   0.3034635E+01
 444   0.2647383E+01  -0.9290237E+00  -0.3197322E-01   0.1076399E+04   0.3031973E+01
 444   0.2647383E+01  -0.2220487E+01   0.3464483E+00   0.4503516E+03   0.2653552E+01
 444   0.2647383E+01  -0.2664034E+01   0.4255398E+00   0.3753706E+03   0.2574460E+01
 444   0.2647383E+01  -0.2664053E+01   0.4255428E+00   0.3753679E+03   0.2574457E+01
 444   0.2647383E+01  -0.3329011E+01   0.5223153E+00   0.3003895E+03   0.2477685E+01
 444   0.2647383E+01  -0.3415570E+01   0.5334631E+00   0.2927769E+03   0.2466537E+01
 444   0.2647383E+01  -0.3415571E+01   0.5334633E+00   0.2927768E+03   0.2466537E+01
 444   0.2647383E+01  -0.3602931E+01   0.5566560E+00   0.2775518E+03   0.2443344E+01


 445   0.2648360E+01  -0.4551466E-03  -0.3341849E+01   0.2197094E+07   0.6341849E+01
 445   0.2648360E+01  -0.7463417E-03  -0.3127062E+01   0.1339869E+07   0.6127062E+01
 445   0.2648360E+01  -0.3709204E-02  -0.2430719E+01   0.2695996E+06   0.5430719E+01
 445   0.2648360E+01  -0.9234470E+00  -0.3458803E-01   0.1082899E+04   0.3034588E+01
 445   0.2648360E+01  -0.9290235E+00  -0.3197328E-01   0.1076399E+04   0.3031973E+01
 445   0.2648360E+01  -0.2220487E+01   0.3464483E+00   0.4503516E+03   0.2653552E+01
 445   0.2648360E+01  -0.2664034E+01   0.4255398E+00   0.3753706E+03   0.2574460E+01
 445   0.2648360E+01  -0.2664053E+01   0.4255428E+00   0.3753679E+03   0.2574457E+01
 445   0.2648360E+01  -0.3329011E+01   0.5223153E+00   0.3003895E+03   0.2477685E+01
 445   0.2648360E+01  -0.3415570E+01   0.5334631E+00   0.2927769E+03   0.2466537E+01
 445   0.2648360E+01  -0.3415571E+01   0.5334633E+00   0.2927768E+03   0.2466537E+01
 445   0.2648360E+01  -0.3602931E+01   0.5566560E+00   0.2775518E+03   0.2443344E+01


 446   0.2649335E+01  -0.4541277E-03  -0.3342822E+01   0.2202024E+07   0.6342822E+01
 446   0.2649335E+01  -0.7446715E-03  -0.3128035E+01   0.1342874E+07   0.6128035E+01
 446   0.2649335E+01  -0.3700920E-02  -0.2431690E+01   0.2702031E+06   0.5431690E+01
 446   0.2649335E+01  -0.9235452E+00  -0.3454184E-01   0.1082784E+04   0.3034542E+01
 446   0.2649335E+01  -0.9290234E+00  -0.3197334E-01   0.1076399E+04   0.3031973E+01
 446   0.2649335E+01  -0.2220487E+01   0.3464483E+00   0.4503516E+03   0.2653552E+01
 446   0.2649335E+01  -0.2664034E+01   0.4255398E+00   0.3753706E+03   0.2574460E+01
 446   0.2649335E+01  -0.2664053E+01   0.4255428E+00   0.3753679E+03   0.2574457E+01
 446   0.2649335E+01  -0.3329011E+01   0.5223153E+00   0.3003895E+03   0.2477685E+01
 446   0.2649335E+01  -0.3415570E+01   0.5334631E+00   0.2927769E+03   0.2466537E+01
 446   0.2649335E+01  -0.3415571E+01   0.5334633E+00   0.2927768E+03   0.2466537E+01
 446   0.2649335E+01  -0.3602931E+01   0.5566560E+00   0.2775518E+03   0.2443344E+01


 447   0.2650308E+01  -0.4531133E-03  -0.3343793E+01   0.2206954E+07   0.6343793E+01
 447   0.2650308E+01  -0.7430088E-03  -0.3129006E+01   0.1345879E+07   0.6129006E+01
 447   0.2650308E+01  -0.3692673E-02  -0.2432659E+01   0.2708065E+06   0.5432659E+01
 447   0.2650308E+01  -0.9236417E+00  -0.3449645E-01   0.1082671E+04   0.3034496E+01
 447   0.2650308E+01  -0.9290233E+00  -0.3197339E-01   0.1076399E+04   0.3031973E+01
 447   0.2650308E+01  -0.2220487E+01   0.3464483E+00   0.4503516E+03   0.2653552E+01
 447   0.2650308E+01  -0.2664034E+01   0.4255398E+00   0.3753706E+03   0.2574460E+01
 447   0.2650308E+01  -0.2664053E+01   0.4255428E+00   0.3753680E+03   0.2574457E+01
 447   0.2650308E+01  -0.3329011E+01   0.5223153E+00   0.3003895E+03   0.2477685E+01
 447   0.2650308E+01  -0.3415570E+01   0.5334631E+00   0.2927769E+03   0.2466537E+01
 447   0.2650308E+01  -0.3415571E+01   0.5334633E+00   0.2927768E+03   0.2466537E+01
 447   0.2650308E+01  -0.3602931E+01   0.5566560E+00   0.2775518E+03   0.2443344E+01


 448   0.2651278E+01  -0.4521034E-03  -0.3344762E+01   0.2211884E+07   0.6344762E+01
 448   0.2651278E+01  -0.7413534E-03  -0.3129975E+01   0.1348884E+07   0.6129975E+01
 448   0.2651278E+01  -0.3684463E-02  -0.2433626E+01   0.2714100E+06   0.5433626E+01
 448   0.2651278E+01  -0.9237366E+00  -0.3445183E-01   0.1082560E+04   0.3034452E+01
 448   0.2651278E+01  -0.9290232E+00  -0.3197345E-01   0.1076399E+04   0.3031973E+01
 448   0.2651278E+01  -0.2220487E+01   0.3464483E+00   0.4503516E+03   0.2653552E+01
 448   0.2651278E+01  -0.2664034E+01   0.4255398E+00   0.3753706E+03   0.2574460E+01
 448   0.2651278E+01  -0.2664053E+01   0.4255428E+00   0.3753680E+03   0.2574457E+01
 448   0.2651278E+01  -0.3329011E+01   0.5223153E+00   0.3003895E+03   0.2477685E+01
 448   0.2651278E+01  -0.3415570E+01   0.5334631E+00   0.2927769E+03   0.2466537E+01
 448   0.2651278E+01  -0.3415571E+01   0.5334633E+00   0.2927768E+03   0.2466537E+01
 448   0.2651278E+01  -0.3602931E+01   0.5566560E+00   0.2775518E+03   0.2443344E+01


 449   0.2652246E+01  -0.4510980E-03  -0.3345729E+01   0.2216813E+07   0.6345729E+01
 449   0.2652246E+01  -0.7397055E-03  -0.3130941E+01   0.1351889E+07   0.6130941E+01
 449   0.2652246E+01  -0.3676289E-02  -0.2434590E+01   0.2720134E+06   0.5434590E+01
 449   0.2652246E+01  -0.9238299E+00  -0.3440799E-01   0.1082450E+04   0.3034408E+01
 449   0.2652246E+01  -0.9290231E+00  -0.3197350E-01   0.1076400E+04   0.3031973E+01
 449   0.2652246E+01  -0.2220487E+01   0.3464483E+00   0.4503516E+03   0.2653552E+01
 449   0.2652246E+01  -0.2664034E+01   0.4255398E+00   0.3753706E+03   0.2574460E+01
 449   0.2652246E+01  -0.2664053E+01   0.4255428E+00   0.3753680E+03   0.2574457E+01
 449   0.2652246E+01  -0.3329011E+01   0.5223153E+00   0.3003895E+03   0.2477685E+01
 449   0.2652246E+01  -0.3415570E+01   0.5334631E+00   0.2927769E+03   0.2466537E+01
 449   0.2652246E+01  -0.3415571E+01   0.5334633E+00   0.2927768E+03   0.2466537E+01
 449   0.2652246E+01  -0.3602931E+01   0.5566560E+00   0.2775518E+03   0.2443344E+01


 450   0.2653213E+01  -0.4500971E-03  -0.3346694E+01   0.2221743E+07   0.6346694E+01
 450   0.2653213E+01  -0.7380648E-03  -0.3131906E+01   0.1354895E+07   0.6131906E+01
 450   0.2653213E+01  -0.3668152E-02  -0.2435553E+01   0.2726169E+06   0.5435553E+01
 450   0.2653213E+01  -0.9239216E+00  -0.3436489E-01   0.1082343E+04   0.3034365E+01
 450   0.2653213E+01  -0.9290230E+00  -0.3197355E-01   0.1076400E+04   0.3031974E+01
 450   0.2653213E+01  -0.2220487E+01   0.3464483E+00   0.4503516E+03   0.2653552E+01
 450   0.2653213E+01  -0.2664034E+01   0.4255398E+00   0.3753706E+03   0.2574460E+01
 450   0.2653213E+01  -0.2664053E+01   0.4255428E+00   0.3753680E+03   0.2574457E+01
 450   0.2653213E+01  -0.3329011E+01   0.5223153E+00   0.3003895E+03   0.2477685E+01
 450   0.2653213E+01  -0.3415570E+01   0.5334631E+00   0.2927769E+03   0.2466537E+01
 450   0.2653213E+01  -0.3415571E+01   0.5334633E+00   0.2927768E+03   0.2466537E+01
 450   0.2653213E+01  -0.3602931E+01   0.5566560E+00   0.2775518E+03   0.2443344E+01


 451   0.2654177E+01  -0.4491006E-03  -0.3347656E+01   0.2226673E+07   0.6347656E+01
 451   0.2654177E+01  -0.7364314E-03  -0.3132868E+01   0.1357900E+07   0.6132868E+01
 451   0.2654177E+01  -0.3660050E-02  -0.2436513E+01   0.2732203E+06   0.5436513E+01
 451   0.2654177E+01  -0.9240117E+00  -0.3432254E-01   0.1082237E+04   0.3034323E+01
 451   0.2654177E+01  -0.9290228E+00  -0.3197361E-01   0.1076400E+04   0.3031974E+01
 451   0.2654177E+01  -0.2220487E+01   0.3464483E+00   0.4503516E+03   0.2653552E+01
 451   0.2654177E+01  -0.2664034E+01   0.4255398E+00   0.3753706E+03   0.2574460E+01
 451   0.2654177E+01  -0.2664052E+01   0.4255428E+00   0.3753680E+03   0.2574457E+01
 451   0.2654177E+01  -0.3329011E+01   0.5223153E+00   0.3003895E+03   0.2477685E+01
 451   0.2654177E+01  -0.3415570E+01   0.5334631E+00   0.2927769E+03   0.2466537E+01
 451   0.2654177E+01  -0.3415571E+01   0.5334633E+00   0.2927768E+03   0.2466537E+01
 451   0.2654177E+01  -0.3602931E+01   0.5566560E+00   0.2775518E+03   0.2443344E+01


 452   0.2655138E+01  -0.4481085E-03  -0.3348617E+01   0.2231602E+07   0.6348617E+01
 452   0.2655138E+01  -0.7348052E-03  -0.3133828E+01   0.1360905E+07   0.6133828E+01
 452   0.2655138E+01  -0.3651984E-02  -0.2437471E+01   0.2738237E+06   0.5437471E+01
 452   0.2655138E+01  -0.9241002E+00  -0.3428092E-01   0.1082134E+04   0.3034281E+01
 452   0.2655138E+01  -0.9290227E+00  -0.3197366E-01   0.1076400E+04   0.3031974E+01
 452   0.2655138E+01  -0.2220487E+01   0.3464483E+00   0.4503516E+03   0.2653552E+01
 452   0.2655138E+01  -0.2664034E+01   0.4255398E+00   0.3753706E+03   0.2574460E+01
 452   0.2655138E+01  -0.2664052E+01   0.4255428E+00   0.3753680E+03   0.2574457E+01
 452   0.2655138E+01  -0.3329011E+01   0.5223153E+00   0.3003895E+03   0.2477685E+01
 452   0.2655138E+01  -0.3415570E+01   0.5334631E+00   0.2927769E+03   0.2466537E+01
 452   0.2655138E+01  -0.3415571E+01   0.5334633E+00   0.2927768E+03   0.2466537E+01
 452   0.2655138E+01  -0.3602931E+01   0.5566560E+00   0.2775518E+03   0.2443344E+01


 453   0.2656098E+01  -0.4471208E-03  -0.3349575E+01   0.2236532E+07   0.6349575E+01
 453   0.2656098E+01  -0.7331862E-03  -0.3134786E+01   0.1363910E+07   0.6134786E+01
 453   0.2656098E+01  -0.3643954E-02  -0.2438427E+01   0.2744272E+06   0.5438427E+01
 453   0.2656098E+01  -0.9241873E+00  -0.3424001E-01   0.1082032E+04   0.3034240E+01
 453   0.2656098E+01  -0.9290226E+00  -0.3197371E-01   0.1076400E+04   0.3031974E+01
 453   0.2656098E+01  -0.2220487E+01   0.3464483E+00   0.4503516E+03   0.2653552E+01
 453   0.2656098E+01  -0.2664034E+01   0.4255398E+00   0.3753706E+03   0.2574460E+01
 453   0.2656098E+01  -0.2664052E+01   0.4255428E+00   0.3753680E+03   0.2574457E+01
 453   0.2656098E+01  -0.3329011E+01   0.5223153E+00   0.3003895E+03   0.2477685E+01
 453   0.2656098E+01  -0.3415570E+01   0.5334631E+00   0.2927769E+03   0.2466537E+01
 453   0.2656098E+01  -0.3415571E+01   0.5334633E+00   0.2927768E+03   0.2466537E+01
 453   0.2656098E+01  -0.3602931E+01   0.5566560E+00   0.2775518E+03   0.2443344E+01


 454   0.2657056E+01  -0.4461374E-03  -0.3350531E+01   0.2241462E+07   0.6350531E+01
 454   0.2657056E+01  -0.7315743E-03  -0.3135742E+01   0.1366915E+07   0.6135742E+01
 454   0.2657056E+01  -0.3635958E-02  -0.2439381E+01   0.2750306E+06   0.5439381E+01
 454   0.2657056E+01  -0.9242728E+00  -0.3419981E-01   0.1081932E+04   0.3034200E+01
 454   0.2657056E+01  -0.9290225E+00  -0.3197377E-01   0.1076400E+04   0.3031974E+01
 454   0.2657056E+01  -0.2220487E+01   0.3464483E+00   0.4503516E+03   0.2653552E+01
 454   0.2657056E+01  -0.2664034E+01   0.4255398E+00   0.3753706E+03   0.2574460E+01
 454   0.2657056E+01  -0.2664052E+01   0.4255428E+00   0.3753680E+03   0.2574457E+01
 454   0.2657056E+01  -0.3329011E+01   0.5223153E+00   0.3003895E+03   0.2477685E+01
 454   0.2657056E+01  -0.3415570E+01   0.5334631E+00   0.2927769E+03   0.2466537E+01
 454   0.2657056E+01  -0.3415571E+01   0.5334633E+00   0.2927768E+03   0.2466537E+01
 454   0.2657056E+01  -0.3602931E+01   0.5566560E+00   0.2775518E+03   0.2443344E+01


 455   0.2658011E+01  -0.4451583E-03  -0.3351485E+01   0.2246392E+07   0.6351485E+01
 455   0.2658011E+01  -0.7299694E-03  -0.3136695E+01   0.1369920E+07   0.6136695E+01
 455   0.2658011E+01  -0.3627998E-02  -0.2440333E+01   0.2756341E+06   0.5440333E+01
 455   0.2658011E+01  -0.9243569E+00  -0.3416030E-01   0.1081833E+04   0.3034160E+01
 455   0.2658011E+01  -0.9290224E+00  -0.3197382E-01   0.1076400E+04   0.3031974E+01
 455   0.2658011E+01  -0.2220487E+01   0.3464483E+00   0.4503516E+03   0.2653552E+01
 455   0.2658011E+01  -0.2664034E+01   0.4255398E+00   0.3753706E+03   0.2574460E+01
 455   0.2658011E+01  -0.2664052E+01   0.4255428E+00   0.3753680E+03   0.2574457E+01
 455   0.2658011E+01  -0.3329011E+01   0.5223153E+00   0.3003895E+03   0.2477685E+01
 455   0.2658011E+01  -0.3415570E+01   0.5334631E+00   0.2927769E+03   0.2466537E+01
 455   0.2658011E+01  -0.3415571E+01   0.5334633E+00   0.2927768E+03   0.2466537E+01
 455   0.2658011E+01  -0.3602931E+01   0.5566560E+00   0.2775518E+03   0.2443344E+01


 456   0.2658965E+01  -0.4441836E-03  -0.3352438E+01   0.2251321E+07   0.6352438E+01
 456   0.2658965E+01  -0.7283716E-03  -0.3137647E+01   0.1372926E+07   0.6137647E+01
 456   0.2658965E+01  -0.3620073E-02  -0.2441283E+01   0.2762375E+06   0.5441283E+01
 456   0.2658965E+01  -0.9244396E+00  -0.3412148E-01   0.1081736E+04   0.3034121E+01
 456   0.2658965E+01  -0.9290223E+00  -0.3197387E-01   0.1076400E+04   0.3031974E+01
 456   0.2658965E+01  -0.2220487E+01   0.3464483E+00   0.4503516E+03   0.2653552E+01
 456   0.2658965E+01  -0.2664034E+01   0.4255398E+00   0.3753706E+03   0.2574460E+01
 456   0.2658965E+01  -0.2664052E+01   0.4255427E+00   0.3753680E+03   0.2574457E+01
 456   0.2658965E+01  -0.3329011E+01   0.5223153E+00   0.3003895E+03   0.2477685E+01
 456   0.2658965E+01  -0.3415570E+01   0.5334631E+00   0.2927769E+03   0.2466537E+01
 456   0.2658965E+01  -0.3415571E+01   0.5334633E+00   0.2927768E+03   0.2466537E+01
 456   0.2658965E+01  -0.3602931E+01   0.5566560E+00   0.2775518E+03   0.2443344E+01


 457   0.2659916E+01  -0.4432131E-03  -0.3353387E+01   0.2256251E+07   0.6353387E+01
 457   0.2659916E+01  -0.7267808E-03  -0.3138597E+01   0.1375931E+07   0.6138597E+01
 457   0.2659916E+01  -0.3612182E-02  -0.2442230E+01   0.2768410E+06   0.5442230E+01
 457   0.2659916E+01  -0.9245208E+00  -0.3408333E-01   0.1081641E+04   0.3034083E+01
 457   0.2659916E+01  -0.9290222E+00  -0.3197392E-01   0.1076401E+04   0.3031974E+01
 457   0.2659916E+01  -0.2220487E+01   0.3464483E+00   0.4503516E+03   0.2653552E+01
 457   0.2659916E+01  -0.2664034E+01   0.4255398E+00   0.3753706E+03   0.2574460E+01
 457   0.2659916E+01  -0.2664052E+01   0.4255427E+00   0.3753680E+03   0.2574457E+01
 457   0.2659916E+01  -0.3329011E+01   0.5223153E+00   0.3003895E+03   0.2477685E+01
 457   0.2659916E+01  -0.3415570E+01   0.5334631E+00   0.2927769E+03   0.2466537E+01
 457   0.2659916E+01  -0.3415571E+01   0.5334633E+00   0.2927768E+03   0.2466537E+01
 457   0.2659916E+01  -0.3602931E+01   0.5566560E+00   0.2775518E+03   0.2443344E+01


 458   0.2660865E+01  -0.4422468E-03  -0.3354335E+01   0.2261181E+07   0.6354335E+01
 458   0.2660865E+01  -0.7251969E-03  -0.3139544E+01   0.1378936E+07   0.6139544E+01
 458   0.2660865E+01  -0.3604325E-02  -0.2443176E+01   0.2774444E+06   0.5443176E+01
 458   0.2660865E+01  -0.9246006E+00  -0.3404583E-01   0.1081548E+04   0.3034046E+01
 458   0.2660865E+01  -0.9290221E+00  -0.3197397E-01   0.1076401E+04   0.3031974E+01
 458   0.2660865E+01  -0.2220487E+01   0.3464483E+00   0.4503516E+03   0.2653552E+01
 458   0.2660865E+01  -0.2664034E+01   0.4255398E+00   0.3753706E+03   0.2574460E+01
 458   0.2660865E+01  -0.2664052E+01   0.4255427E+00   0.3753680E+03   0.2574457E+01
 458   0.2660865E+01  -0.3329011E+01   0.5223153E+00   0.3003895E+03   0.2477685E+01
 458   0.2660865E+01  -0.3415570E+01   0.5334631E+00   0.2927769E+03   0.2466537E+01
 458   0.2660865E+01  -0.3415571E+01   0.5334633E+00   0.2927768E+03   0.2466537E+01
 458   0.2660865E+01  -0.3602931E+01   0.5566560E+00   0.2775518E+03   0.2443344E+01


 459   0.2661813E+01  -0.4412847E-03  -0.3355281E+01   0.2266111E+07   0.6355281E+01
 459   0.2661813E+01  -0.7236199E-03  -0.3140490E+01   0.1381941E+07   0.6140490E+01
 459   0.2661813E+01  -0.3596503E-02  -0.2444120E+01   0.2780479E+06   0.5444120E+01
 459   0.2661813E+01  -0.9246790E+00  -0.3400899E-01   0.1081456E+04   0.3034009E+01
 459   0.2661813E+01  -0.9290220E+00  -0.3197402E-01   0.1076401E+04   0.3031974E+01
 459   0.2661813E+01  -0.2220487E+01   0.3464483E+00   0.4503516E+03   0.2653552E+01
 459   0.2661813E+01  -0.2664034E+01   0.4255398E+00   0.3753706E+03   0.2574460E+01
 459   0.2661813E+01  -0.2664052E+01   0.4255427E+00   0.3753680E+03   0.2574457E+01
 459   0.2661813E+01  -0.3329011E+01   0.5223153E+00   0.3003895E+03   0.2477685E+01
 459   0.2661813E+01  -0.3415570E+01   0.5334631E+00   0.2927769E+03   0.2466537E+01
 459   0.2661813E+01  -0.3415571E+01   0.5334633E+00   0.2927768E+03   0.2466537E+01
 459   0.2661813E+01  -0.3602931E+01   0.5566560E+00   0.2775518E+03   0.2443344E+01


 460   0.2662758E+01  -0.4403268E-03  -0.3356225E+01   0.2271040E+07   0.6356225E+01
 460   0.2662758E+01  -0.7220497E-03  -0.3141433E+01   0.1384946E+07   0.6141433E+01
 460   0.2662758E+01  -0.3588714E-02  -0.2445061E+01   0.2786513E+06   0.5445061E+01
 460   0.2662758E+01  -0.9247561E+00  -0.3397278E-01   0.1081366E+04   0.3033973E+01
 460   0.2662758E+01  -0.9290219E+00  -0.3197407E-01   0.1076401E+04   0.3031974E+01
 460   0.2662758E+01  -0.2220487E+01   0.3464483E+00   0.4503516E+03   0.2653552E+01
 460   0.2662758E+01  -0.2664034E+01   0.4255398E+00   0.3753706E+03   0.2574460E+01
 460   0.2662758E+01  -0.2664052E+01   0.4255427E+00   0.3753680E+03   0.2574457E+01
 460   0.2662758E+01  -0.3329011E+01   0.5223153E+00   0.3003895E+03   0.2477685E+01
 460   0.2662758E+01  -0.3415570E+01   0.5334631E+00   0.2927769E+03   0.2466537E+01
 460   0.2662758E+01  -0.3415571E+01   0.5334633E+00   0.2927768E+03   0.2466537E+01
 460   0.2662758E+01  -0.3602931E+01   0.5566560E+00   0.2775518E+03   0.2443344E+01


 461   0.2663701E+01  -0.4393731E-03  -0.3357167E+01   0.2275970E+07   0.6357167E+01
 461   0.2663701E+01  -0.7204863E-03  -0.3142374E+01   0.1387951E+07   0.6142374E+01
 461   0.2663701E+01  -0.3580959E-02  -0.2446001E+01   0.2792548E+06   0.5446001E+01
 461   0.2663701E+01  -0.9248319E+00  -0.3393720E-01   0.1081278E+04   0.3033937E+01
 461   0.2663701E+01  -0.9290218E+00  -0.3197411E-01   0.1076401E+04   0.3031974E+01
 461   0.2663701E+01  -0.2220487E+01   0.3464483E+00   0.4503516E+03   0.2653552E+01
 461   0.2663701E+01  -0.2664034E+01   0.4255398E+00   0.3753706E+03   0.2574460E+01
 461   0.2663701E+01  -0.2664052E+01   0.4255427E+00   0.3753680E+03   0.2574457E+01
 461   0.2663701E+01  -0.3329011E+01   0.5223153E+00   0.3003895E+03   0.2477685E+01
 461   0.2663701E+01  -0.3415570E+01   0.5334631E+00   0.2927769E+03   0.2466537E+01
 461   0.2663701E+01  -0.3415571E+01   0.5334633E+00   0.2927768E+03   0.2466537E+01
 461   0.2663701E+01  -0.3602931E+01   0.5566560E+00   0.2775518E+03   0.2443344E+01


 462   0.2664642E+01  -0.4384234E-03  -0.3358106E+01   0.2280900E+07   0.6358106E+01
 462   0.2664642E+01  -0.7189297E-03  -0.3143314E+01   0.1390957E+07   0.6143314E+01
 462   0.2664642E+01  -0.3573238E-02  -0.2446938E+01   0.2798582E+06   0.5446938E+01
 462   0.2664642E+01  -0.9249064E+00  -0.3390224E-01   0.1081191E+04   0.3033902E+01
 462   0.2664642E+01  -0.9290217E+00  -0.3197416E-01   0.1076401E+04   0.3031974E+01
 462   0.2664642E+01  -0.2220487E+01   0.3464483E+00   0.4503516E+03   0.2653552E+01
 462   0.2664642E+01  -0.2664034E+01   0.4255398E+00   0.3753706E+03   0.2574460E+01
 462   0.2664642E+01  -0.2664052E+01   0.4255427E+00   0.3753680E+03   0.2574457E+01
 462   0.2664642E+01  -0.3329011E+01   0.5223153E+00   0.3003895E+03   0.2477685E+01
 462   0.2664642E+01  -0.3415570E+01   0.5334631E+00   0.2927769E+03   0.2466537E+01
 462   0.2664642E+01  -0.3415571E+01   0.5334633E+00   0.2927768E+03   0.2466537E+01
 462   0.2664642E+01  -0.3602931E+01   0.5566560E+00   0.2775518E+03   0.2443344E+01


 463   0.2665581E+01  -0.4374779E-03  -0.3359044E+01   0.2285830E+07   0.6359044E+01
 463   0.2665581E+01  -0.7173798E-03  -0.3144251E+01   0.1393962E+07   0.6144251E+01
 463   0.2665581E+01  -0.3565549E-02  -0.2447874E+01   0.2804617E+06   0.5447874E+01
 463   0.2665581E+01  -0.9249795E+00  -0.3386788E-01   0.1081105E+04   0.3033868E+01
 463   0.2665581E+01  -0.9290216E+00  -0.3197421E-01   0.1076401E+04   0.3031974E+01
 463   0.2665581E+01  -0.2220487E+01   0.3464483E+00   0.4503516E+03   0.2653552E+01
 463   0.2665581E+01  -0.2664034E+01   0.4255398E+00   0.3753706E+03   0.2574460E+01
 463   0.2665581E+01  -0.2664052E+01   0.4255427E+00   0.3753680E+03   0.2574457E+01
 463   0.2665581E+01  -0.3329011E+01   0.5223153E+00   0.3003895E+03   0.2477685E+01
 463   0.2665581E+01  -0.3415570E+01   0.5334631E+00   0.2927769E+03   0.2466537E+01
 463   0.2665581E+01  -0.3415571E+01   0.5334633E+00   0.2927768E+03   0.2466537E+01
 463   0.2665581E+01  -0.3602931E+01   0.5566560E+00   0.2775518E+03   0.2443344E+01


 464   0.2666518E+01  -0.4365365E-03  -0.3359979E+01   0.2290759E+07   0.6359979E+01
 464   0.2666518E+01  -0.7158366E-03  -0.3145186E+01   0.1396967E+07   0.6145186E+01
 464   0.2666518E+01  -0.3557894E-02  -0.2448807E+01   0.2810651E+06   0.5448807E+01
 464   0.2666518E+01  -0.9250514E+00  -0.3383412E-01   0.1081021E+04   0.3033834E+01
 464   0.2666518E+01  -0.9290215E+00  -0.3197426E-01   0.1076401E+04   0.3031974E+01
 464   0.2666518E+01  -0.2220487E+01   0.3464483E+00   0.4503516E+03   0.2653552E+01
 464   0.2666518E+01  -0.2664034E+01   0.4255398E+00   0.3753706E+03   0.2574460E+01
 464   0.2666518E+01  -0.2664052E+01   0.4255427E+00   0.3753681E+03   0.2574457E+01
 464   0.2666518E+01  -0.3329011E+01   0.5223153E+00   0.3003895E+03   0.2477685E+01
 464   0.2666518E+01  -0.3415570E+01   0.5334631E+00   0.2927769E+03   0.2466537E+01
 464   0.2666518E+01  -0.3415571E+01   0.5334633E+00   0.2927768E+03   0.2466537E+01
 464   0.2666518E+01  -0.3602931E+01   0.5566560E+00   0.2775518E+03   0.2443344E+01


 465   0.2667453E+01  -0.4355990E-03  -0.3360913E+01   0.2295689E+07   0.6360913E+01
 465   0.2667453E+01  -0.7143000E-03  -0.3146119E+01   0.1399972E+07   0.6146119E+01
 465   0.2667453E+01  -0.3550272E-02  -0.2449738E+01   0.2816686E+06   0.5449738E+01
 465   0.2667453E+01  -0.9251221E+00  -0.3380094E-01   0.1080938E+04   0.3033801E+01
 465   0.2667453E+01  -0.9290214E+00  -0.3197430E-01   0.1076402E+04   0.3031974E+01
 465   0.2667453E+01  -0.2220487E+01   0.3464483E+00   0.4503516E+03   0.2653552E+01
 465   0.2667453E+01  -0.2664034E+01   0.4255398E+00   0.3753706E+03   0.2574460E+01
 465   0.2667453E+01  -0.2664052E+01   0.4255427E+00   0.3753681E+03   0.2574457E+01
 465   0.2667453E+01  -0.3329011E+01   0.5223153E+00   0.3003895E+03   0.2477685E+01
 465   0.2667453E+01  -0.3415570E+01   0.5334631E+00   0.2927769E+03   0.2466537E+01
 465   0.2667453E+01  -0.3415571E+01   0.5334633E+00   0.2927768E+03   0.2466537E+01
 465   0.2667453E+01  -0.3602931E+01   0.5566560E+00   0.2775518E+03   0.2443344E+01


 466   0.2668386E+01  -0.4346656E-03  -0.3361845E+01   0.2300619E+07   0.6361845E+01
 466   0.2668386E+01  -0.7127700E-03  -0.3147051E+01   0.1402977E+07   0.6147051E+01
 466   0.2668386E+01  -0.3542682E-02  -0.2450668E+01   0.2822720E+06   0.5450668E+01
 466   0.2668386E+01  -0.9251915E+00  -0.3376835E-01   0.1080857E+04   0.3033768E+01
 466   0.2668386E+01  -0.9290213E+00  -0.3197435E-01   0.1076402E+04   0.3031974E+01
 466   0.2668386E+01  -0.2220487E+01   0.3464483E+00   0.4503516E+03   0.2653552E+01
 466   0.2668386E+01  -0.2664034E+01   0.4255398E+00   0.3753706E+03   0.2574460E+01
 466   0.2668386E+01  -0.2664052E+01   0.4255427E+00   0.3753681E+03   0.2574457E+01
 466   0.2668386E+01  -0.3329011E+01   0.5223153E+00   0.3003895E+03   0.2477685E+01
 466   0.2668386E+01  -0.3415570E+01   0.5334631E+00   0.2927769E+03   0.2466537E+01
 466   0.2668386E+01  -0.3415571E+01   0.5334633E+00   0.2927768E+03   0.2466537E+01
 466   0.2668386E+01  -0.3602931E+01   0.5566560E+00   0.2775518E+03   0.2443344E+01


 467   0.2669317E+01  -0.4337362E-03  -0.3362774E+01   0.2305549E+07   0.6362774E+01
 467   0.2669317E+01  -0.7112465E-03  -0.3147980E+01   0.1405982E+07   0.6147980E+01
 467   0.2669317E+01  -0.3535124E-02  -0.2451595E+01   0.2828755E+06   0.5451595E+01
 467   0.2669317E+01  -0.9252598E+00  -0.3373632E-01   0.1080778E+04   0.3033736E+01
 467   0.2669317E+01  -0.9290212E+00  -0.3197439E-01   0.1076402E+04   0.3031974E+01
 467   0.2669317E+01  -0.2220487E+01   0.3464483E+00   0.4503516E+03   0.2653552E+01
 467   0.2669317E+01  -0.2664034E+01   0.4255398E+00   0.3753706E+03   0.2574460E+01
 467   0.2669317E+01  -0.2664052E+01   0.4255427E+00   0.3753681E+03   0.2574457E+01
 467   0.2669317E+01  -0.3329011E+01   0.5223153E+00   0.3003895E+03   0.2477685E+01
 467   0.2669317E+01  -0.3415570E+01   0.5334631E+00   0.2927769E+03   0.2466537E+01
 467   0.2669317E+01  -0.3415571E+01   0.5334633E+00   0.2927768E+03   0.2466537E+01
 467   0.2669317E+01  -0.3602931E+01   0.5566560E+00   0.2775518E+03   0.2443344E+01


 468   0.2670246E+01  -0.4328108E-03  -0.3363702E+01   0.2310478E+07   0.6363702E+01
 468   0.2670246E+01  -0.7097295E-03  -0.3148907E+01   0.1408987E+07   0.6148907E+01
 468   0.2670246E+01  -0.3527599E-02  -0.2452521E+01   0.2834789E+06   0.5452521E+01
 468   0.2670246E+01  -0.9253268E+00  -0.3370485E-01   0.1080699E+04   0.3033705E+01
 468   0.2670246E+01  -0.9290211E+00  -0.3197444E-01   0.1076402E+04   0.3031974E+01
 468   0.2670246E+01  -0.2220487E+01   0.3464483E+00   0.4503516E+03   0.2653552E+01
 468   0.2670246E+01  -0.2664034E+01   0.4255398E+00   0.3753706E+03   0.2574460E+01
 468   0.2670246E+01  -0.2664052E+01   0.4255427E+00   0.3753681E+03   0.2574457E+01
 468   0.2670246E+01  -0.3329011E+01   0.5223153E+00   0.3003895E+03   0.2477685E+01
 468   0.2670246E+01  -0.3415570E+01   0.5334631E+00   0.2927769E+03   0.2466537E+01
 468   0.2670246E+01  -0.3415571E+01   0.5334633E+00   0.2927768E+03   0.2466537E+01
 468   0.2670246E+01  -0.3602931E+01   0.5566560E+00   0.2775518E+03   0.2443344E+01


 469   0.2671173E+01  -0.4318893E-03  -0.3364628E+01   0.2315408E+07   0.6364628E+01
 469   0.2671173E+01  -0.7082190E-03  -0.3149832E+01   0.1411993E+07   0.6149832E+01
 469   0.2671173E+01  -0.3520106E-02  -0.2453444E+01   0.2840824E+06   0.5453444E+01
 469   0.2671173E+01  -0.9253927E+00  -0.3367392E-01   0.1080622E+04   0.3033674E+01
 469   0.2671173E+01  -0.9290210E+00  -0.3197448E-01   0.1076402E+04   0.3031974E+01
 469   0.2671173E+01  -0.2220487E+01   0.3464483E+00   0.4503516E+03   0.2653552E+01
 469   0.2671173E+01  -0.2664034E+01   0.4255398E+00   0.3753706E+03   0.2574460E+01
 469   0.2671173E+01  -0.2664052E+01   0.4255427E+00   0.3753681E+03   0.2574457E+01
 469   0.2671173E+01  -0.3329011E+01   0.5223153E+00   0.3003895E+03   0.2477685E+01
 469   0.2671173E+01  -0.3415570E+01   0.5334631E+00   0.2927769E+03   0.2466537E+01
 469   0.2671173E+01  -0.3415571E+01   0.5334633E+00   0.2927768E+03   0.2466537E+01
 469   0.2671173E+01  -0.3602931E+01   0.5566560E+00   0.2775518E+03   0.2443344E+01


 470   0.2672098E+01  -0.4309717E-03  -0.3365551E+01   0.2320338E+07   0.6365551E+01
 470   0.2672098E+01  -0.7067149E-03  -0.3150756E+01   0.1414998E+07   0.6150756E+01
 470   0.2672098E+01  -0.3512644E-02  -0.2454366E+01   0.2846858E+06   0.5454366E+01
 470   0.2672098E+01  -0.9254575E+00  -0.3364354E-01   0.1080547E+04   0.3033644E+01
 470   0.2672098E+01  -0.9290209E+00  -0.3197452E-01   0.1076402E+04   0.3031975E+01
 470   0.2672098E+01  -0.2220487E+01   0.3464483E+00   0.4503516E+03   0.2653552E+01
 470   0.2672098E+01  -0.2664034E+01   0.4255398E+00   0.3753706E+03   0.2574460E+01
 470   0.2672098E+01  -0.2664052E+01   0.4255427E+00   0.3753681E+03   0.2574457E+01
 470   0.2672098E+01  -0.3329011E+01   0.5223153E+00   0.3003895E+03   0.2477685E+01
 470   0.2672098E+01  -0.3415570E+01   0.5334631E+00   0.2927769E+03   0.2466537E+01
 470   0.2672098E+01  -0.3415571E+01   0.5334633E+00   0.2927768E+03   0.2466537E+01
 470   0.2672098E+01  -0.3602931E+01   0.5566560E+00   0.2775518E+03   0.2443344E+01


 471   0.2673021E+01  -0.4300580E-03  -0.3366473E+01   0.2325268E+07   0.6366473E+01
 471   0.2673021E+01  -0.7052171E-03  -0.3151677E+01   0.1418003E+07   0.6151677E+01
 471   0.2673021E+01  -0.3505214E-02  -0.2455285E+01   0.2852893E+06   0.5455285E+01
 471   0.2673021E+01  -0.9255211E+00  -0.3361368E-01   0.1080472E+04   0.3033614E+01
 471   0.2673021E+01  -0.9290208E+00  -0.3197456E-01   0.1076402E+04   0.3031975E+01
 471   0.2673021E+01  -0.2220487E+01   0.3464483E+00   0.4503516E+03   0.2653552E+01
 471   0.2673021E+01  -0.2664034E+01   0.4255398E+00   0.3753706E+03   0.2574460E+01
 471   0.2673021E+01  -0.2664052E+01   0.4255427E+00   0.3753681E+03   0.2574457E+01
 471   0.2673021E+01  -0.3329011E+01   0.5223153E+00   0.3003895E+03   0.2477685E+01
 471   0.2673021E+01  -0.3415570E+01   0.5334631E+00   0.2927769E+03   0.2466537E+01
 471   0.2673021E+01  -0.3415571E+01   0.5334633E+00   0.2927768E+03   0.2466537E+01
 471   0.2673021E+01  -0.3602931E+01   0.5566560E+00   0.2775518E+03   0.2443344E+01


 472   0.2673942E+01  -0.4291482E-03  -0.3367393E+01   0.2330197E+07   0.6367393E+01
 472   0.2673942E+01  -0.7037257E-03  -0.3152597E+01   0.1421008E+07   0.6152597E+01
 472   0.2673942E+01  -0.3497816E-02  -0.2456203E+01   0.2858927E+06   0.5456203E+01
 472   0.2673942E+01  -0.9255836E+00  -0.3358435E-01   0.1080399E+04   0.3033584E+01
 472   0.2673942E+01  -0.9290207E+00  -0.3197461E-01   0.1076402E+04   0.3031975E+01
 472   0.2673942E+01  -0.2220487E+01   0.3464483E+00   0.4503516E+03   0.2653552E+01
 472   0.2673942E+01  -0.2664034E+01   0.4255398E+00   0.3753706E+03   0.2574460E+01
 472   0.2673942E+01  -0.2664052E+01   0.4255426E+00   0.3753681E+03   0.2574457E+01
 472   0.2673942E+01  -0.3329011E+01   0.5223153E+00   0.3003895E+03   0.2477685E+01
 472   0.2673942E+01  -0.3415570E+01   0.5334631E+00   0.2927769E+03   0.2466537E+01
 472   0.2673942E+01  -0.3415571E+01   0.5334633E+00   0.2927768E+03   0.2466537E+01
 472   0.2673942E+01  -0.3602931E+01   0.5566560E+00   0.2775518E+03   0.2443344E+01


 473   0.2674861E+01  -0.4282422E-03  -0.3368311E+01   0.2335127E+07   0.6368311E+01
 473   0.2674861E+01  -0.7022406E-03  -0.3153514E+01   0.1424013E+07   0.6153514E+01
 473   0.2674861E+01  -0.3490448E-02  -0.2457119E+01   0.2864962E+06   0.5457119E+01
 473   0.2674861E+01  -0.9256450E+00  -0.3355553E-01   0.1080328E+04   0.3033556E+01
 473   0.2674861E+01  -0.9290206E+00  -0.3197465E-01   0.1076402E+04   0.3031975E+01
 473   0.2674861E+01  -0.2220487E+01   0.3464483E+00   0.4503516E+03   0.2653552E+01
 473   0.2674861E+01  -0.2664034E+01   0.4255398E+00   0.3753706E+03   0.2574460E+01
 473   0.2674861E+01  -0.2664052E+01   0.4255426E+00   0.3753681E+03   0.2574457E+01
 473   0.2674861E+01  -0.3329011E+01   0.5223153E+00   0.3003895E+03   0.2477685E+01
 473   0.2674861E+01  -0.3415570E+01   0.5334631E+00   0.2927769E+03   0.2466537E+01
 473   0.2674861E+01  -0.3415571E+01   0.5334633E+00   0.2927768E+03   0.2466537E+01
 473   0.2674861E+01  -0.3602931E+01   0.5566560E+00   0.2775518E+03   0.2443344E+01


 474   0.2675778E+01  -0.4273400E-03  -0.3369226E+01   0.2340057E+07   0.6369226E+01
 474   0.2675778E+01  -0.7007618E-03  -0.3154430E+01   0.1427018E+07   0.6154430E+01
 474   0.2675778E+01  -0.3483112E-02  -0.2458033E+01   0.2870996E+06   0.5458033E+01
 474   0.2675778E+01  -0.9257054E+00  -0.3352721E-01   0.1080257E+04   0.3033527E+01
 474   0.2675778E+01  -0.9290205E+00  -0.3197469E-01   0.1076402E+04   0.3031975E+01
 474   0.2675778E+01  -0.2220487E+01   0.3464483E+00   0.4503516E+03   0.2653552E+01
 474   0.2675778E+01  -0.2664034E+01   0.4255398E+00   0.3753706E+03   0.2574460E+01
 474   0.2675778E+01  -0.2664052E+01   0.4255426E+00   0.3753681E+03   0.2574457E+01
 474   0.2675778E+01  -0.3329011E+01   0.5223153E+00   0.3003895E+03   0.2477685E+01
 474   0.2675778E+01  -0.3415570E+01   0.5334631E+00   0.2927769E+03   0.2466537E+01
 474   0.2675778E+01  -0.3415571E+01   0.5334633E+00   0.2927768E+03   0.2466537E+01
 474   0.2675778E+01  -0.3602931E+01   0.5566560E+00   0.2775518E+03   0.2443344E+01


 475   0.2676694E+01  -0.4264417E-03  -0.3370140E+01   0.2344987E+07   0.6370140E+01
 475   0.2676694E+01  -0.6992891E-03  -0.3155343E+01   0.1430024E+07   0.6155343E+01
 475   0.2676694E+01  -0.3475806E-02  -0.2458944E+01   0.2877031E+06   0.5458944E+01
 475   0.2676694E+01  -0.9257647E+00  -0.3349939E-01   0.1080188E+04   0.3033499E+01
 475   0.2676694E+01  -0.9290204E+00  -0.3197473E-01   0.1076403E+04   0.3031975E+01
 475   0.2676694E+01  -0.2220487E+01   0.3464483E+00   0.4503516E+03   0.2653552E+01
 475   0.2676694E+01  -0.2664034E+01   0.4255398E+00   0.3753706E+03   0.2574460E+01
 475   0.2676694E+01  -0.2664052E+01   0.4255426E+00   0.3753681E+03   0.2574457E+01
 475   0.2676694E+01  -0.3329011E+01   0.5223153E+00   0.3003895E+03   0.2477685E+01
 475   0.2676694E+01  -0.3415570E+01   0.5334631E+00   0.2927769E+03   0.2466537E+01
 475   0.2676694E+01  -0.3415571E+01   0.5334633E+00   0.2927768E+03   0.2466537E+01
 475   0.2676694E+01  -0.3602931E+01   0.5566560E+00   0.2775518E+03   0.2443344E+01


 476   0.2677607E+01  -0.4255471E-03  -0.3371052E+01   0.2349916E+07   0.6371052E+01
 476   0.2677607E+01  -0.6978227E-03  -0.3156255E+01   0.1433029E+07   0.6156255E+01
 476   0.2677607E+01  -0.3468531E-02  -0.2459854E+01   0.2883065E+06   0.5459854E+01
 476   0.2677607E+01  -0.9258230E+00  -0.3347205E-01   0.1080120E+04   0.3033472E+01
 476   0.2677607E+01  -0.9290204E+00  -0.3197476E-01   0.1076403E+04   0.3031975E+01
 476   0.2677607E+01  -0.2220487E+01   0.3464483E+00   0.4503516E+03   0.2653552E+01
 476   0.2677607E+01  -0.2664034E+01   0.4255398E+00   0.3753706E+03   0.2574460E+01
 476   0.2677607E+01  -0.2664052E+01   0.4255426E+00   0.3753681E+03   0.2574457E+01
 476   0.2677607E+01  -0.3329011E+01   0.5223153E+00   0.3003895E+03   0.2477685E+01
 476   0.2677607E+01  -0.3415570E+01   0.5334631E+00   0.2927769E+03   0.2466537E+01
 476   0.2677607E+01  -0.3415571E+01   0.5334633E+00   0.2927768E+03   0.2466537E+01
 476   0.2677607E+01  -0.3602931E+01   0.5566560E+00   0.2775518E+03   0.2443344E+01


 477   0.2678518E+01  -0.4246562E-03  -0.3371963E+01   0.2354846E+07   0.6371963E+01
 477   0.2678518E+01  -0.6963624E-03  -0.3157165E+01   0.1436034E+07   0.6157165E+01
 477   0.2678518E+01  -0.3461286E-02  -0.2460763E+01   0.2889100E+06   0.5460763E+01
 477   0.2678518E+01  -0.9258802E+00  -0.3344520E-01   0.1080053E+04   0.3033445E+01
 477   0.2678518E+01  -0.9290203E+00  -0.3197480E-01   0.1076403E+04   0.3031975E+01
 477   0.2678518E+01  -0.2220487E+01   0.3464483E+00   0.4503516E+03   0.2653552E+01
 477   0.2678518E+01  -0.2664034E+01   0.4255398E+00   0.3753706E+03   0.2574460E+01
 477   0.2678518E+01  -0.2664051E+01   0.4255426E+00   0.3753681E+03   0.2574457E+01
 477   0.2678518E+01  -0.3329011E+01   0.5223153E+00   0.3003895E+03   0.2477685E+01
 477   0.2678518E+01  -0.3415570E+01   0.5334631E+00   0.2927769E+03   0.2466537E+01
 477   0.2678518E+01  -0.3415571E+01   0.5334633E+00   0.2927768E+03   0.2466537E+01
 477   0.2678518E+01  -0.3602931E+01   0.5566560E+00   0.2775518E+03   0.2443344E+01


 478   0.2679428E+01  -0.4237691E-03  -0.3372871E+01   0.2359776E+07   0.6372871E+01
 478   0.2679428E+01  -0.6949081E-03  -0.3158073E+01   0.1439039E+07   0.6158073E+01
 478   0.2679428E+01  -0.3454071E-02  -0.2461669E+01   0.2895134E+06   0.5461669E+01
 478   0.2679428E+01  -0.9259365E+00  -0.3341881E-01   0.1079988E+04   0.3033419E+01
 478   0.2679428E+01  -0.9290202E+00  -0.3197484E-01   0.1076403E+04   0.3031975E+01
 478   0.2679428E+01  -0.2220487E+01   0.3464483E+00   0.4503516E+03   0.2653552E+01
 478   0.2679428E+01  -0.2664034E+01   0.4255398E+00   0.3753706E+03   0.2574460E+01
 478   0.2679428E+01  -0.2664051E+01   0.4255426E+00   0.3753681E+03   0.2574457E+01
 478   0.2679428E+01  -0.3329011E+01   0.5223153E+00   0.3003895E+03   0.2477685E+01
 478   0.2679428E+01  -0.3415570E+01   0.5334631E+00   0.2927769E+03   0.2466537E+01
 478   0.2679428E+01  -0.3415571E+01   0.5334633E+00   0.2927768E+03   0.2466537E+01
 478   0.2679428E+01  -0.3602931E+01   0.5566560E+00   0.2775518E+03   0.2443344E+01


 479   0.2680336E+01  -0.4228856E-03  -0.3373777E+01   0.2364706E+07   0.6373777E+01
 479   0.2680336E+01  -0.6934600E-03  -0.3158979E+01   0.1442044E+07   0.6158979E+01
 479   0.2680336E+01  -0.3446887E-02  -0.2462573E+01   0.2901169E+06   0.5462573E+01
 479   0.2680336E+01  -0.9259917E+00  -0.3339289E-01   0.1079923E+04   0.3033393E+01
 479   0.2680336E+01  -0.9290201E+00  -0.3197488E-01   0.1076403E+04   0.3031975E+01
 479   0.2680336E+01  -0.2220487E+01   0.3464483E+00   0.4503516E+03   0.2653552E+01
 479   0.2680336E+01  -0.2664034E+01   0.4255398E+00   0.3753706E+03   0.2574460E+01
 479   0.2680336E+01  -0.2664051E+01   0.4255426E+00   0.3753681E+03   0.2574457E+01
 479   0.2680336E+01  -0.3329011E+01   0.5223153E+00   0.3003895E+03   0.2477685E+01
 479   0.2680336E+01  -0.3415570E+01   0.5334631E+00   0.2927769E+03   0.2466537E+01
 479   0.2680336E+01  -0.3415571E+01   0.5334633E+00   0.2927768E+03   0.2466537E+01
 479   0.2680336E+01  -0.3602931E+01   0.5566560E+00   0.2775518E+03   0.2443344E+01


 480   0.2681241E+01  -0.4220059E-03  -0.3374682E+01   0.2369635E+07   0.6374682E+01
 480   0.2681241E+01  -0.6920179E-03  -0.3159883E+01   0.1445049E+07   0.6159883E+01
 480   0.2681241E+01  -0.3439732E-02  -0.2463475E+01   0.2907203E+06   0.5463475E+01
 480   0.2681241E+01  -0.9260460E+00  -0.3336743E-01   0.1079860E+04   0.3033367E+01
 480   0.2681241E+01  -0.9290201E+00  -0.3197491E-01   0.1076403E+04   0.3031975E+01
 480   0.2681241E+01  -0.2220487E+01   0.3464483E+00   0.4503516E+03   0.2653552E+01
 480   0.2681241E+01  -0.2664034E+01   0.4255398E+00   0.3753706E+03   0.2574460E+01
 480   0.2681241E+01  -0.2664051E+01   0.4255426E+00   0.3753681E+03   0.2574457E+01
 480   0.2681241E+01  -0.3329011E+01   0.5223153E+00   0.3003895E+03   0.2477685E+01
 480   0.2681241E+01  -0.3415570E+01   0.5334631E+00   0.2927769E+03   0.2466537E+01
 480   0.2681241E+01  -0.3415571E+01   0.5334633E+00   0.2927768E+03   0.2466537E+01
 480   0.2681241E+01  -0.3602931E+01   0.5566560E+00   0.2775518E+03   0.2443344E+01


 481   0.2682145E+01  -0.4211298E-03  -0.3375584E+01   0.2374565E+07   0.6375584E+01
 481   0.2682145E+01  -0.6905817E-03  -0.3160785E+01   0.1448055E+07   0.6160785E+01
 481   0.2682145E+01  -0.3432607E-02  -0.2464376E+01   0.2913238E+06   0.5464376E+01
 481   0.2682145E+01  -0.9260994E+00  -0.3334241E-01   0.1079798E+04   0.3033342E+01
 481   0.2682145E+01  -0.9290200E+00  -0.3197495E-01   0.1076403E+04   0.3031975E+01
 481   0.2682145E+01  -0.2220487E+01   0.3464483E+00   0.4503516E+03   0.2653552E+01
 481   0.2682145E+01  -0.2664034E+01   0.4255398E+00   0.3753706E+03   0.2574460E+01
 481   0.2682145E+01  -0.2664051E+01   0.4255426E+00   0.3753681E+03   0.2574457E+01
 481   0.2682145E+01  -0.3329011E+01   0.5223153E+00   0.3003895E+03   0.2477685E+01
 481   0.2682145E+01  -0.3415570E+01   0.5334631E+00   0.2927769E+03   0.2466537E+01
 481   0.2682145E+01  -0.3415571E+01   0.5334633E+00   0.2927768E+03   0.2466537E+01
 481   0.2682145E+01  -0.3602931E+01   0.5566560E+00   0.2775518E+03   0.2443344E+01


 482   0.2683047E+01  -0.4202573E-03  -0.3376485E+01   0.2379495E+07   0.6376485E+01
 482   0.2683047E+01  -0.6891515E-03  -0.3161685E+01   0.1451060E+07   0.6161685E+01
 482   0.2683047E+01  -0.3425512E-02  -0.2465275E+01   0.2919272E+06   0.5465275E+01
 482   0.2683047E+01  -0.9261518E+00  -0.3331783E-01   0.1079737E+04   0.3033318E+01
 482   0.2683047E+01  -0.9290199E+00  -0.3197498E-01   0.1076403E+04   0.3031975E+01
 482   0.2683047E+01  -0.2220487E+01   0.3464483E+00   0.4503516E+03   0.2653552E+01
 482   0.2683047E+01  -0.2664034E+01   0.4255398E+00   0.3753706E+03   0.2574460E+01
 482   0.2683047E+01  -0.2664051E+01   0.4255426E+00   0.3753681E+03   0.2574457E+01
 482   0.2683047E+01  -0.3329011E+01   0.5223153E+00   0.3003895E+03   0.2477685E+01
 482   0.2683047E+01  -0.3415570E+01   0.5334631E+00   0.2927769E+03   0.2466537E+01
 482   0.2683047E+01  -0.3415571E+01   0.5334633E+00   0.2927768E+03   0.2466537E+01
 482   0.2683047E+01  -0.3602931E+01   0.5566560E+00   0.2775518E+03   0.2443344E+01


 483   0.2683947E+01  -0.4193884E-03  -0.3377384E+01   0.2384425E+07   0.6377384E+01
 483   0.2683947E+01  -0.6877272E-03  -0.3162584E+01   0.1454065E+07   0.6162584E+01
 483   0.2683947E+01  -0.3418445E-02  -0.2466171E+01   0.2925307E+06   0.5466171E+01
 483   0.2683947E+01  -0.9262033E+00  -0.3329368E-01   0.1079677E+04   0.3033294E+01
 483   0.2683947E+01  -0.9290198E+00  -0.3197501E-01   0.1076403E+04   0.3031975E+01
 483   0.2683947E+01  -0.2220487E+01   0.3464483E+00   0.4503516E+03   0.2653552E+01
 483   0.2683947E+01  -0.2664034E+01   0.4255398E+00   0.3753706E+03   0.2574460E+01
 483   0.2683947E+01  -0.2664051E+01   0.4255426E+00   0.3753682E+03   0.2574457E+01
 483   0.2683947E+01  -0.3329011E+01   0.5223153E+00   0.3003895E+03   0.2477685E+01
 483   0.2683947E+01  -0.3415570E+01   0.5334631E+00   0.2927769E+03   0.2466537E+01
 483   0.2683947E+01  -0.3415571E+01   0.5334633E+00   0.2927768E+03   0.2466537E+01
 483   0.2683947E+01  -0.3602931E+01   0.5566560E+00   0.2775518E+03   0.2443344E+01


 484   0.2684845E+01  -0.4185231E-03  -0.3378281E+01   0.2389354E+07   0.6378281E+01
 484   0.2684845E+01  -0.6863088E-03  -0.3163480E+01   0.1457070E+07   0.6163480E+01
 484   0.2684845E+01  -0.3411408E-02  -0.2467066E+01   0.2931341E+06   0.5467066E+01
 484   0.2684845E+01  -0.9262539E+00  -0.3326996E-01   0.1079618E+04   0.3033270E+01
 484   0.2684845E+01  -0.9290198E+00  -0.3197505E-01   0.1076403E+04   0.3031975E+01
 484   0.2684845E+01  -0.2220487E+01   0.3464483E+00   0.4503516E+03   0.2653552E+01
 484   0.2684845E+01  -0.2664034E+01   0.4255398E+00   0.3753706E+03   0.2574460E+01
 484   0.2684845E+01  -0.2664051E+01   0.4255426E+00   0.3753682E+03   0.2574457E+01
 484   0.2684845E+01  -0.3329011E+01   0.5223153E+00   0.3003895E+03   0.2477685E+01
 484   0.2684845E+01  -0.3415570E+01   0.5334631E+00   0.2927769E+03   0.2466537E+01
 484   0.2684845E+01  -0.3415571E+01   0.5334633E+00   0.2927768E+03   0.2466537E+01
 484   0.2684845E+01  -0.3602931E+01   0.5566560E+00   0.2775518E+03   0.2443344E+01


 485   0.2685742E+01  -0.4176614E-03  -0.3379176E+01   0.2394284E+07   0.6379176E+01
 485   0.2685742E+01  -0.6848962E-03  -0.3164375E+01   0.1460075E+07   0.6164375E+01
 485   0.2685742E+01  -0.3404400E-02  -0.2467959E+01   0.2937375E+06   0.5467959E+01
 485   0.2685742E+01  -0.9263036E+00  -0.3324665E-01   0.1079560E+04   0.3033247E+01
 485   0.2685742E+01  -0.9290197E+00  -0.3197508E-01   0.1076403E+04   0.3031975E+01
 485   0.2685742E+01  -0.2220487E+01   0.3464483E+00   0.4503516E+03   0.2653552E+01
 485   0.2685742E+01  -0.2664034E+01   0.4255398E+00   0.3753706E+03   0.2574460E+01
 485   0.2685742E+01  -0.2664051E+01   0.4255426E+00   0.3753682E+03   0.2574457E+01
 485   0.2685742E+01  -0.3329011E+01   0.5223153E+00   0.3003895E+03   0.2477685E+01
 485   0.2685742E+01  -0.3415570E+01   0.5334631E+00   0.2927769E+03   0.2466537E+01
 485   0.2685742E+01  -0.3415571E+01   0.5334633E+00   0.2927768E+03   0.2466537E+01
 485   0.2685742E+01  -0.3602931E+01   0.5566560E+00   0.2775518E+03   0.2443344E+01


 486   0.2686636E+01  -0.4168032E-03  -0.3380069E+01   0.2399214E+07   0.6380069E+01
 486   0.2686636E+01  -0.6834894E-03  -0.3165268E+01   0.1463080E+07   0.6165268E+01
 486   0.2686636E+01  -0.3397420E-02  -0.2468851E+01   0.2943410E+06   0.5468851E+01
 486   0.2686636E+01  -0.9263524E+00  -0.3322376E-01   0.1079503E+04   0.3033224E+01
 486   0.2686636E+01  -0.9290196E+00  -0.3197511E-01   0.1076404E+04   0.3031975E+01
 486   0.2686636E+01  -0.2220487E+01   0.3464483E+00   0.4503516E+03   0.2653552E+01
 486   0.2686636E+01  -0.2664034E+01   0.4255398E+00   0.3753706E+03   0.2574460E+01
 486   0.2686636E+01  -0.2664051E+01   0.4255426E+00   0.3753682E+03   0.2574457E+01
 486   0.2686636E+01  -0.3329011E+01   0.5223153E+00   0.3003895E+03   0.2477685E+01
 486   0.2686636E+01  -0.3415570E+01   0.5334631E+00   0.2927769E+03   0.2466537E+01
 486   0.2686636E+01  -0.3415571E+01   0.5334633E+00   0.2927768E+03   0.2466537E+01
 486   0.2686636E+01  -0.3602931E+01   0.5566560E+00   0.2775518E+03   0.2443344E+01


 487   0.2687529E+01  -0.4159485E-03  -0.3380960E+01   0.2404144E+07   0.6380960E+01
 487   0.2687529E+01  -0.6820884E-03  -0.3166159E+01   0.1466086E+07   0.6166159E+01
 487   0.2687529E+01  -0.3390469E-02  -0.2469740E+01   0.2949444E+06   0.5469740E+01
 487   0.2687529E+01  -0.9264004E+00  -0.3320127E-01   0.1079447E+04   0.3033201E+01
 487   0.2687529E+01  -0.9290196E+00  -0.3197514E-01   0.1076404E+04   0.3031975E+01
 487   0.2687529E+01  -0.2220487E+01   0.3464483E+00   0.4503516E+03   0.2653552E+01
 487   0.2687529E+01  -0.2664034E+01   0.4255398E+00   0.3753706E+03   0.2574460E+01
 487   0.2687529E+01  -0.2664051E+01   0.4255426E+00   0.3753682E+03   0.2574457E+01
 487   0.2687529E+01  -0.3329011E+01   0.5223153E+00   0.3003895E+03   0.2477685E+01
 487   0.2687529E+01  -0.3415570E+01   0.5334631E+00   0.2927769E+03   0.2466537E+01
 487   0.2687529E+01  -0.3415571E+01   0.5334633E+00   0.2927768E+03   0.2466537E+01
 487   0.2687529E+01  -0.3602931E+01   0.5566560E+00   0.2775518E+03   0.2443344E+01


 488   0.2688420E+01  -0.4150974E-03  -0.3381850E+01   0.2409073E+07   0.6381850E+01
 488   0.2688420E+01  -0.6806932E-03  -0.3167049E+01   0.1469091E+07   0.6167049E+01
 488   0.2688420E+01  -0.3383546E-02  -0.2470628E+01   0.2955479E+06   0.5470628E+01
 488   0.2688420E+01  -0.9264475E+00  -0.3317918E-01   0.1079392E+04   0.3033179E+01
 488   0.2688420E+01  -0.9290195E+00  -0.3197517E-01   0.1076404E+04   0.3031975E+01
 488   0.2688420E+01  -0.2220487E+01   0.3464483E+00   0.4503516E+03   0.2653552E+01
 488   0.2688420E+01  -0.2664034E+01   0.4255398E+00   0.3753706E+03   0.2574460E+01
 488   0.2688420E+01  -0.2664051E+01   0.4255426E+00   0.3753682E+03   0.2574457E+01
 488   0.2688420E+01  -0.3329011E+01   0.5223153E+00   0.3003895E+03   0.2477685E+01
 488   0.2688420E+01  -0.3415570E+01   0.5334631E+00   0.2927769E+03   0.2466537E+01
 488   0.2688420E+01  -0.3415571E+01   0.5334633E+00   0.2927768E+03   0.2466537E+01
 488   0.2688420E+01  -0.3602931E+01   0.5566560E+00   0.2775518E+03   0.2443344E+01


 489   0.2689309E+01  -0.4142497E-03  -0.3382738E+01   0.2414003E+07   0.6382738E+01
 489   0.2689309E+01  -0.6793036E-03  -0.3167936E+01   0.1472096E+07   0.6167936E+01
 489   0.2689309E+01  -0.3376652E-02  -0.2471514E+01   0.2961513E+06   0.5471514E+01
 489   0.2689309E+01  -0.9264938E+00  -0.3315748E-01   0.1079338E+04   0.3033157E+01
 489   0.2689309E+01  -0.9290194E+00  -0.3197520E-01   0.1076404E+04   0.3031975E+01
 489   0.2689309E+01  -0.2220487E+01   0.3464483E+00   0.4503516E+03   0.2653552E+01
 489   0.2689309E+01  -0.2664034E+01   0.4255398E+00   0.3753706E+03   0.2574460E+01
 489   0.2689309E+01  -0.2664051E+01   0.4255425E+00   0.3753682E+03   0.2574457E+01
 489   0.2689309E+01  -0.3329011E+01   0.5223153E+00   0.3003895E+03   0.2477685E+01
 489   0.2689309E+01  -0.3415570E+01   0.5334631E+00   0.2927769E+03   0.2466537E+01
 489   0.2689309E+01  -0.3415571E+01   0.5334633E+00   0.2927768E+03   0.2466537E+01
 489   0.2689309E+01  -0.3602931E+01   0.5566560E+00   0.2775518E+03   0.2443344E+01


 490   0.2690196E+01  -0.4134055E-03  -0.3383624E+01   0.2418933E+07   0.6383624E+01
 490   0.2690196E+01  -0.6779197E-03  -0.3168822E+01   0.1475101E+07   0.6168822E+01
 490   0.2690196E+01  -0.3369786E-02  -0.2472398E+01   0.2967548E+06   0.5472398E+01
 490   0.2690196E+01  -0.9265393E+00  -0.3313616E-01   0.1079285E+04   0.3033136E+01
 490   0.2690196E+01  -0.9290194E+00  -0.3197522E-01   0.1076404E+04   0.3031975E+01
 490   0.2690196E+01  -0.2220487E+01   0.3464483E+00   0.4503516E+03   0.2653552E+01
 490   0.2690196E+01  -0.2664034E+01   0.4255398E+00   0.3753706E+03   0.2574460E+01
 490   0.2690196E+01  -0.2664051E+01   0.4255425E+00   0.3753682E+03   0.2574457E+01
 490   0.2690196E+01  -0.3329011E+01   0.5223153E+00   0.3003895E+03   0.2477685E+01
 490   0.2690196E+01  -0.3415570E+01   0.5334631E+00   0.2927769E+03   0.2466537E+01
 490   0.2690196E+01  -0.3415571E+01   0.5334633E+00   0.2927768E+03   0.2466537E+01
 490   0.2690196E+01  -0.3602931E+01   0.5566560E+00   0.2775518E+03   0.2443344E+01


 491   0.2691081E+01  -0.4125647E-03  -0.3384508E+01   0.2423862E+07   0.6384508E+01
 491   0.2691081E+01  -0.6765414E-03  -0.3169706E+01   0.1478106E+07   0.6169706E+01
 491   0.2691081E+01  -0.3362947E-02  -0.2473280E+01   0.2973582E+06   0.5473280E+01
 491   0.2691081E+01  -0.9265840E+00  -0.3311522E-01   0.1079233E+04   0.3033115E+01
 491   0.2691081E+01  -0.9290193E+00  -0.3197525E-01   0.1076404E+04   0.3031975E+01
 491   0.2691081E+01  -0.2220487E+01   0.3464483E+00   0.4503516E+03   0.2653552E+01
 491   0.2691081E+01  -0.2664034E+01   0.4255398E+00   0.3753706E+03   0.2574460E+01
 491   0.2691081E+01  -0.2664051E+01   0.4255425E+00   0.3753682E+03   0.2574457E+01
 491   0.2691081E+01  -0.3329011E+01   0.5223153E+00   0.3003895E+03   0.2477685E+01
 491   0.2691081E+01  -0.3415570E+01   0.5334631E+00   0.2927769E+03   0.2466537E+01
 491   0.2691081E+01  -0.3415571E+01   0.5334633E+00   0.2927768E+03   0.2466537E+01
 491   0.2691081E+01  -0.3602931E+01   0.5566560E+00   0.2775518E+03   0.2443344E+01


 492   0.2691965E+01  -0.4117273E-03  -0.3385390E+01   0.2428792E+07   0.6385390E+01
 492   0.2691965E+01  -0.6751687E-03  -0.3170588E+01   0.1481111E+07   0.6170588E+01
 492   0.2691965E+01  -0.3356136E-02  -0.2474160E+01   0.2979617E+06   0.5474160E+01
 492   0.2691965E+01  -0.9266278E+00  -0.3309465E-01   0.1079182E+04   0.3033095E+01
 492   0.2691965E+01  -0.9290193E+00  -0.3197527E-01   0.1076404E+04   0.3031975E+01
 492   0.2691965E+01  -0.2220487E+01   0.3464483E+00   0.4503516E+03   0.2653552E+01
 492   0.2691965E+01  -0.2664034E+01   0.4255398E+00   0.3753706E+03   0.2574460E+01
 492   0.2691965E+01  -0.2664051E+01   0.4255425E+00   0.3753682E+03   0.2574457E+01
 492   0.2691965E+01  -0.3329011E+01   0.5223153E+00   0.3003895E+03   0.2477685E+01
 492   0.2691965E+01  -0.3415570E+01   0.5334631E+00   0.2927769E+03   0.2466537E+01
 492   0.2691965E+01  -0.3415571E+01   0.5334633E+00   0.2927768E+03   0.2466537E+01
 492   0.2691965E+01  -0.3602931E+01   0.5566560E+00   0.2775518E+03   0.2443344E+01


 493   0.2692847E+01  -0.4108933E-03  -0.3386271E+01   0.2433722E+07   0.6386271E+01
 493   0.2692847E+01  -0.6738015E-03  -0.3171468E+01   0.1484117E+07   0.6171468E+01
 493   0.2692847E+01  -0.3349353E-02  -0.2475039E+01   0.2985651E+06   0.5475039E+01
 493   0.2692847E+01  -0.9266710E+00  -0.3307445E-01   0.1079132E+04   0.3033074E+01
 493   0.2692847E+01  -0.9290192E+00  -0.3197530E-01   0.1076404E+04   0.3031975E+01
 493   0.2692847E+01  -0.2220487E+01   0.3464483E+00   0.4503516E+03   0.2653552E+01
 493   0.2692847E+01  -0.2664034E+01   0.4255398E+00   0.3753706E+03   0.2574460E+01
 493   0.2692847E+01  -0.2664051E+01   0.4255425E+00   0.3753682E+03   0.2574457E+01
 493   0.2692847E+01  -0.3329011E+01   0.5223153E+00   0.3003895E+03   0.2477685E+01
 493   0.2692847E+01  -0.3415570E+01   0.5334631E+00   0.2927769E+03   0.2466537E+01
 493   0.2692847E+01  -0.3415571E+01   0.5334633E+00   0.2927768E+03   0.2466537E+01
 493   0.2692847E+01  -0.3602931E+01   0.5566560E+00   0.2775518E+03   0.2443344E+01


 494   0.2693727E+01  -0.4100627E-03  -0.3387150E+01   0.2438652E+07   0.6387150E+01
 494   0.2693727E+01  -0.6724399E-03  -0.3172347E+01   0.1487122E+07   0.6172347E+01
 494   0.2693727E+01  -0.3342597E-02  -0.2475916E+01   0.2991686E+06   0.5475916E+01
 494   0.2693727E+01  -0.9267133E+00  -0.3305460E-01   0.1079082E+04   0.3033055E+01
 494   0.2693727E+01  -0.9290192E+00  -0.3197532E-01   0.1076404E+04   0.3031975E+01
 494   0.2693727E+01  -0.2220487E+01   0.3464483E+00   0.4503516E+03   0.2653552E+01
 494   0.2693727E+01  -0.2664034E+01   0.4255398E+00   0.3753706E+03   0.2574460E+01
 494   0.2693727E+01  -0.2664051E+01   0.4255425E+00   0.3753682E+03   0.2574457E+01
 494   0.2693727E+01  -0.3329011E+01   0.5223153E+00   0.3003895E+03   0.2477685E+01
 494   0.2693727E+01  -0.3415570E+01   0.5334631E+00   0.2927769E+03   0.2466537E+01
 494   0.2693727E+01  -0.3415571E+01   0.5334633E+00   0.2927768E+03   0.2466537E+01
 494   0.2693727E+01  -0.3602931E+01   0.5566560E+00   0.2775518E+03   0.2443344E+01


 495   0.2694605E+01  -0.4092354E-03  -0.3388027E+01   0.2443581E+07   0.6388027E+01
 495   0.2694605E+01  -0.6710838E-03  -0.3173223E+01   0.1490127E+07   0.6173223E+01
 495   0.2694605E+01  -0.3335868E-02  -0.2476791E+01   0.2997720E+06   0.5476791E+01
 495   0.2694605E+01  -0.9267549E+00  -0.3303511E-01   0.1079034E+04   0.3033035E+01
 495   0.2694605E+01  -0.9290191E+00  -0.3197535E-01   0.1076404E+04   0.3031975E+01
 495   0.2694605E+01  -0.2220487E+01   0.3464483E+00   0.4503516E+03   0.2653552E+01
 495   0.2694605E+01  -0.2664034E+01   0.4255398E+00   0.3753706E+03   0.2574460E+01
 495   0.2694605E+01  -0.2664051E+01   0.4255425E+00   0.3753682E+03   0.2574457E+01
 495   0.2694605E+01  -0.3329011E+01   0.5223153E+00   0.3003895E+03   0.2477685E+01
 495   0.2694605E+01  -0.3415570E+01   0.5334631E+00   0.2927769E+03   0.2466537E+01
 495   0.2694605E+01  -0.3415571E+01   0.5334633E+00   0.2927768E+03   0.2466537E+01
 495   0.2694605E+01  -0.3602931E+01   0.5566560E+00   0.2775518E+03   0.2443344E+01


 496   0.2695482E+01  -0.4084114E-03  -0.3388902E+01   0.2448511E+07   0.6388902E+01
 496   0.2695482E+01  -0.6697332E-03  -0.3174098E+01   0.1493132E+07   0.6174098E+01
 496   0.2695482E+01  -0.3329167E-02  -0.2477664E+01   0.3003755E+06   0.5477664E+01
 496   0.2695482E+01  -0.9267958E+00  -0.3301596E-01   0.1078986E+04   0.3033016E+01
 496   0.2695482E+01  -0.9290191E+00  -0.3197537E-01   0.1076404E+04   0.3031975E+01
 496   0.2695482E+01  -0.2220487E+01   0.3464483E+00   0.4503516E+03   0.2653552E+01
 496   0.2695482E+01  -0.2664034E+01   0.4255398E+00   0.3753706E+03   0.2574460E+01
 496   0.2695482E+01  -0.2664051E+01   0.4255425E+00   0.3753682E+03   0.2574457E+01
 496   0.2695482E+01  -0.3329011E+01   0.5223153E+00   0.3003895E+03   0.2477685E+01
 496   0.2695482E+01  -0.3415570E+01   0.5334631E+00   0.2927769E+03   0.2466537E+01
 496   0.2695482E+01  -0.3415571E+01   0.5334633E+00   0.2927768E+03   0.2466537E+01
 496   0.2695482E+01  -0.3602931E+01   0.5566560E+00   0.2775518E+03   0.2443344E+01


 497   0.2696356E+01  -0.4075908E-03  -0.3389776E+01   0.2453441E+07   0.6389776E+01
 497   0.2696356E+01  -0.6683879E-03  -0.3174971E+01   0.1496137E+07   0.6174971E+01
 497   0.2696356E+01  -0.3322492E-02  -0.2478536E+01   0.3009789E+06   0.5478536E+01
 497   0.2696356E+01  -0.9268359E+00  -0.3299715E-01   0.1078940E+04   0.3032997E+01
 497   0.2696356E+01  -0.9290190E+00  -0.3197539E-01   0.1076404E+04   0.3031975E+01
 497   0.2696356E+01  -0.2220487E+01   0.3464483E+00   0.4503516E+03   0.2653552E+01
 497   0.2696356E+01  -0.2664034E+01   0.4255398E+00   0.3753706E+03   0.2574460E+01
 497   0.2696356E+01  -0.2664051E+01   0.4255425E+00   0.3753682E+03   0.2574458E+01
 497   0.2696356E+01  -0.3329011E+01   0.5223153E+00   0.3003895E+03   0.2477685E+01
 497   0.2696356E+01  -0.3415570E+01   0.5334631E+00   0.2927769E+03   0.2466537E+01
 497   0.2696356E+01  -0.3415571E+01   0.5334633E+00   0.2927768E+03   0.2466537E+01
 497   0.2696356E+01  -0.3602931E+01   0.5566560E+00   0.2775518E+03   0.2443344E+01


 498   0.2697229E+01  -0.4067735E-03  -0.3390647E+01   0.2458371E+07   0.6390647E+01
 498   0.2697229E+01  -0.6670481E-03  -0.3175843E+01   0.1499142E+07   0.6175843E+01
 498   0.2697229E+01  -0.3315844E-02  -0.2479406E+01   0.3015824E+06   0.5479406E+01
 498   0.2697229E+01  -0.9268753E+00  -0.3297868E-01   0.1078894E+04   0.3032979E+01
 498   0.2697229E+01  -0.9290190E+00  -0.3197541E-01   0.1076404E+04   0.3031975E+01
 498   0.2697229E+01  -0.2220487E+01   0.3464483E+00   0.4503516E+03   0.2653552E+01
 498   0.2697229E+01  -0.2664034E+01   0.4255398E+00   0.3753706E+03   0.2574460E+01
 498   0.2697229E+01  -0.2664051E+01   0.4255425E+00   0.3753682E+03   0.2574458E+01
 498   0.2697229E+01  -0.3329011E+01   0.5223153E+00   0.3003895E+03   0.2477685E+01
 498   0.2697229E+01  -0.3415570E+01   0.5334631E+00   0.2927769E+03   0.2466537E+01
 498   0.2697229E+01  -0.3415571E+01   0.5334633E+00   0.2927768E+03   0.2466537E+01
 498   0.2697229E+01  -0.3602931E+01   0.5566560E+00   0.2775518E+03   0.2443344E+01


 499   0.2698101E+01  -0.4059594E-03  -0.3391517E+01   0.2463300E+07   0.6391517E+01
 499   0.2698101E+01  -0.6657136E-03  -0.3176713E+01   0.1502147E+07   0.6176713E+01
 499   0.2698101E+01  -0.3309222E-02  -0.2480274E+01   0.3021858E+06   0.5480274E+01
 499   0.2698101E+01  -0.9269140E+00  -0.3296054E-01   0.1078849E+04   0.3032961E+01
 499   0.2698101E+01  -0.9290190E+00  -0.3197543E-01   0.1076404E+04   0.3031975E+01
 499   0.2698101E+01  -0.2220487E+01   0.3464483E+00   0.4503516E+03   0.2653552E+01
 499   0.2698101E+01  -0.2664034E+01   0.4255398E+00   0.3753706E+03   0.2574460E+01
 499   0.2698101E+01  -0.2664051E+01   0.4255425E+00   0.3753682E+03   0.2574458E+01
 499   0.2698101E+01  -0.3329011E+01   0.5223153E+00   0.3003895E+03   0.2477685E+01
 499   0.2698101E+01  -0.3415570E+01   0.5334631E+00   0.2927769E+03   0.2466537E+01
 499   0.2698101E+01  -0.3415571E+01   0.5334633E+00   0.2927768E+03   0.2466537E+01
 499   0.2698101E+01  -0.3602931E+01   0.5566560E+00   0.2775518E+03   0.2443344E+01


 500   0.2698970E+01  -0.4051486E-03  -0.3392386E+01   0.2468230E+07   0.6392386E+01
 500   0.2698970E+01  -0.6643845E-03  -0.3177581E+01   0.1505153E+07   0.6177581E+01
 500   0.2698970E+01  -0.3302627E-02  -0.2481140E+01   0.3027893E+06   0.5481140E+01
 500   0.2698970E+01  -0.9269521E+00  -0.3294272E-01   0.1078804E+04   0.3032943E+01
 500   0.2698970E+01  -0.9290189E+00  -0.3197544E-01   0.1076404E+04   0.3031975E+01
 500   0.2698970E+01  -0.2220487E+01   0.3464483E+00   0.4503516E+03   0.2653552E+01
 500   0.2698970E+01  -0.2664034E+01   0.4255398E+00   0.3753706E+03   0.2574460E+01
 500   0.2698970E+01  -0.2664051E+01   0.4255425E+00   0.3753682E+03   0.2574458E+01
 500   0.2698970E+01  -0.3329011E+01   0.5223153E+00   0.3003895E+03   0.2477685E+01
 500   0.2698970E+01  -0.3415570E+01   0.5334631E+00   0.2927769E+03   0.2466537E+01
 500   0.2698970E+01  -0.3415571E+01   0.5334633E+00   0.2927768E+03   0.2466537E+01
 500   0.2698970E+01  -0.3602931E+01   0.5566560E+00   0.2775518E+03   0.2443344E+01


 501   0.2699838E+01  -0.4043410E-03  -0.3393252E+01   0.2473160E+07   0.6393252E+01
 501   0.2699838E+01  -0.6630606E-03  -0.3178447E+01   0.1508158E+07   0.6178447E+01
 501   0.2699838E+01  -0.3296058E-02  -0.2482005E+01   0.3033927E+06   0.5482005E+01
 501   0.2699838E+01  -0.9269894E+00  -0.3292521E-01   0.1078761E+04   0.3032925E+01
 501   0.2699838E+01  -0.9290189E+00  -0.3197546E-01   0.1076404E+04   0.3031975E+01
 501   0.2699838E+01  -0.2220487E+01   0.3464483E+00   0.4503516E+03   0.2653552E+01
 501   0.2699838E+01  -0.2664034E+01   0.4255398E+00   0.3753706E+03   0.2574460E+01
 501   0.2699838E+01  -0.2664051E+01   0.4255425E+00   0.3753682E+03   0.2574458E+01
 501   0.2699838E+01  -0.3329011E+01   0.5223153E+00   0.3003895E+03   0.2477685E+01
 501   0.2699838E+01  -0.3415570E+01   0.5334631E+00   0.2927769E+03   0.2466537E+01
 501   0.2699838E+01  -0.3415571E+01   0.5334633E+00   0.2927768E+03   0.2466537E+01
 501   0.2699838E+01  -0.3602931E+01   0.5566560E+00   0.2775518E+03   0.2443344E+01


 502   0.2700704E+01  -0.4035367E-03  -0.3394117E+01   0.2478090E+07   0.6394117E+01
 502   0.2700704E+01  -0.6617420E-03  -0.3179311E+01   0.1511163E+07   0.6179311E+01
 502   0.2700704E+01  -0.3289515E-02  -0.2482868E+01   0.3039962E+06   0.5482868E+01
 502   0.2700704E+01  -0.9270261E+00  -0.3290802E-01   0.1078718E+04   0.3032908E+01
 502   0.2700704E+01  -0.9290188E+00  -0.3197548E-01   0.1076404E+04   0.3031975E+01
 502   0.2700704E+01  -0.2220487E+01   0.3464483E+00   0.4503516E+03   0.2653552E+01
 502   0.2700704E+01  -0.2664034E+01   0.4255398E+00   0.3753706E+03   0.2574460E+01
 502   0.2700704E+01  -0.2664051E+01   0.4255425E+00   0.3753682E+03   0.2574458E+01
 502   0.2700704E+01  -0.3329011E+01   0.5223153E+00   0.3003895E+03   0.2477685E+01
 502   0.2700704E+01  -0.3415570E+01   0.5334631E+00   0.2927769E+03   0.2466537E+01
 502   0.2700704E+01  -0.3415571E+01   0.5334633E+00   0.2927768E+03   0.2466537E+01
 502   0.2700704E+01  -0.3602931E+01   0.5566560E+00   0.2775518E+03   0.2443344E+01


 503   0.2701568E+01  -0.4027355E-03  -0.3394980E+01   0.2483019E+07   0.6394980E+01
 503   0.2701568E+01  -0.6604287E-03  -0.3180174E+01   0.1514168E+07   0.6180174E+01
 503   0.2701568E+01  -0.3282998E-02  -0.2483729E+01   0.3045996E+06   0.5483729E+01
 503   0.2701568E+01  -0.9270622E+00  -0.3289114E-01   0.1078676E+04   0.3032891E+01
 503   0.2701568E+01  -0.9290188E+00  -0.3197549E-01   0.1076404E+04   0.3031975E+01
 503   0.2701568E+01  -0.2220487E+01   0.3464483E+00   0.4503516E+03   0.2653552E+01
 503   0.2701568E+01  -0.2664034E+01   0.4255398E+00   0.3753706E+03   0.2574460E+01
 503   0.2701568E+01  -0.2664051E+01   0.4255425E+00   0.3753682E+03   0.2574458E+01
 503   0.2701568E+01  -0.3329011E+01   0.5223153E+00   0.3003895E+03   0.2477685E+01
 503   0.2701568E+01  -0.3415570E+01   0.5334631E+00   0.2927769E+03   0.2466537E+01
 503   0.2701568E+01  -0.3415571E+01   0.5334633E+00   0.2927768E+03   0.2466537E+01
 503   0.2701568E+01  -0.3602931E+01   0.5566560E+00   0.2775518E+03   0.2443344E+01


 504   0.2702431E+01  -0.4019375E-03  -0.3395841E+01   0.2487949E+07   0.6395841E+01
 504   0.2702431E+01  -0.6591205E-03  -0.3181035E+01   0.1517173E+07   0.6181035E+01
 504   0.2702431E+01  -0.3276507E-02  -0.2484589E+01   0.3052031E+06   0.5484589E+01
 504   0.2702431E+01  -0.9270976E+00  -0.3287456E-01   0.1078635E+04   0.3032875E+01
 504   0.2702431E+01  -0.9290188E+00  -0.3197550E-01   0.1076404E+04   0.3031976E+01
 504   0.2702431E+01  -0.2220487E+01   0.3464483E+00   0.4503516E+03   0.2653552E+01
 504   0.2702431E+01  -0.2664034E+01   0.4255398E+00   0.3753706E+03   0.2574460E+01
 504   0.2702431E+01  -0.2664051E+01   0.4255425E+00   0.3753683E+03   0.2574458E+01
 504   0.2702431E+01  -0.3329011E+01   0.5223153E+00   0.3003895E+03   0.2477685E+01
 504   0.2702431E+01  -0.3415570E+01   0.5334631E+00   0.2927769E+03   0.2466537E+01
 504   0.2702431E+01  -0.3415571E+01   0.5334633E+00   0.2927768E+03   0.2466537E+01
 504   0.2702431E+01  -0.3602931E+01   0.5566560E+00   0.2775518E+03   0.2443344E+01


 505   0.2703291E+01  -0.4011426E-03  -0.3396701E+01   0.2492879E+07   0.6396701E+01
 505   0.2703291E+01  -0.6578175E-03  -0.3181895E+01   0.1520178E+07   0.6181895E+01
 505   0.2703291E+01  -0.3270042E-02  -0.2485447E+01   0.3058065E+06   0.5485447E+01
 505   0.2703291E+01  -0.9271323E+00  -0.3285827E-01   0.1078595E+04   0.3032858E+01
 505   0.2703291E+01  -0.9290188E+00  -0.3197552E-01   0.1076405E+04   0.3031976E+01
 505   0.2703291E+01  -0.2220487E+01   0.3464483E+00   0.4503516E+03   0.2653552E+01
 505   0.2703291E+01  -0.2664034E+01   0.4255398E+00   0.3753706E+03   0.2574460E+01
 505   0.2703291E+01  -0.2664051E+01   0.4255425E+00   0.3753683E+03   0.2574458E+01
 505   0.2703291E+01  -0.3329011E+01   0.5223153E+00   0.3003895E+03   0.2477685E+01
 505   0.2703291E+01  -0.3415570E+01   0.5334631E+00   0.2927769E+03   0.2466537E+01
 505   0.2703291E+01  -0.3415571E+01   0.5334633E+00   0.2927768E+03   0.2466537E+01
 505   0.2703291E+01  -0.3602931E+01   0.5566560E+00   0.2775518E+03   0.2443344E+01


 506   0.2704151E+01  -0.4003509E-03  -0.3397559E+01   0.2497809E+07   0.6397559E+01
 506   0.2704151E+01  -0.6565197E-03  -0.3182752E+01   0.1523184E+07   0.6182752E+01
 506   0.2704151E+01  -0.3263601E-02  -0.2486303E+01   0.3064100E+06   0.5486303E+01
 506   0.2704151E+01  -0.9271665E+00  -0.3284228E-01   0.1078555E+04   0.3032842E+01
 506   0.2704151E+01  -0.9290187E+00  -0.3197553E-01   0.1076405E+04   0.3031976E+01
 506   0.2704151E+01  -0.2220487E+01   0.3464483E+00   0.4503516E+03   0.2653552E+01
 506   0.2704151E+01  -0.2664034E+01   0.4255398E+00   0.3753706E+03   0.2574460E+01
 506   0.2704151E+01  -0.2664050E+01   0.4255425E+00   0.3753683E+03   0.2574458E+01
 506   0.2704151E+01  -0.3329011E+01   0.5223153E+00   0.3003895E+03   0.2477685E+01
 506   0.2704151E+01  -0.3415570E+01   0.5334631E+00   0.2927769E+03   0.2466537E+01
 506   0.2704151E+01  -0.3415571E+01   0.5334633E+00   0.2927768E+03   0.2466537E+01
 506   0.2704151E+01  -0.3602931E+01   0.5566560E+00   0.2775518E+03   0.2443344E+01


 507   0.2705008E+01  -0.3995623E-03  -0.3398415E+01   0.2502738E+07   0.6398415E+01
 507   0.2705008E+01  -0.6552270E-03  -0.3183608E+01   0.1526189E+07   0.6183608E+01
 507   0.2705008E+01  -0.3257187E-02  -0.2487157E+01   0.3070134E+06   0.5487157E+01
 507   0.2705008E+01  -0.9272000E+00  -0.3282657E-01   0.1078516E+04   0.3032827E+01
 507   0.2705008E+01  -0.9290187E+00  -0.3197554E-01   0.1076405E+04   0.3031976E+01
 507   0.2705008E+01  -0.2220487E+01   0.3464483E+00   0.4503516E+03   0.2653552E+01
 507   0.2705008E+01  -0.2664034E+01   0.4255398E+00   0.3753706E+03   0.2574460E+01
 507   0.2705008E+01  -0.2664050E+01   0.4255424E+00   0.3753683E+03   0.2574458E+01
 507   0.2705008E+01  -0.3329011E+01   0.5223153E+00   0.3003895E+03   0.2477685E+01
 507   0.2705008E+01  -0.3415570E+01   0.5334631E+00   0.2927769E+03   0.2466537E+01
 507   0.2705008E+01  -0.3415571E+01   0.5334633E+00   0.2927768E+03   0.2466537E+01
 507   0.2705008E+01  -0.3602931E+01   0.5566560E+00   0.2775518E+03   0.2443344E+01


 508   0.2705864E+01  -0.3987769E-03  -0.3399270E+01   0.2507668E+07   0.6399270E+01
 508   0.2705864E+01  -0.6539393E-03  -0.3184463E+01   0.1529194E+07   0.6184463E+01
 508   0.2705864E+01  -0.3250797E-02  -0.2488010E+01   0.3076169E+06   0.5488010E+01
 508   0.2705864E+01  -0.9272329E+00  -0.3281115E-01   0.1078478E+04   0.3032811E+01
 508   0.2705864E+01  -0.9290187E+00  -0.3197555E-01   0.1076405E+04   0.3031976E+01
 508   0.2705864E+01  -0.2220487E+01   0.3464483E+00   0.4503516E+03   0.2653552E+01
 508   0.2705864E+01  -0.2664034E+01   0.4255398E+00   0.3753706E+03   0.2574460E+01
 508   0.2705864E+01  -0.2664050E+01   0.4255424E+00   0.3753683E+03   0.2574458E+01
 508   0.2705864E+01  -0.3329011E+01   0.5223153E+00   0.3003895E+03   0.2477685E+01
 508   0.2705864E+01  -0.3415570E+01   0.5334631E+00   0.2927769E+03   0.2466537E+01
 508   0.2705864E+01  -0.3415571E+01   0.5334633E+00   0.2927768E+03   0.2466537E+01
 508   0.2705864E+01  -0.3602931E+01   0.5566560E+00   0.2775518E+03   0.2443344E+01


 509   0.2706718E+01  -0.3979945E-03  -0.3400123E+01   0.2512598E+07   0.6400123E+01
 509   0.2706718E+01  -0.6526567E-03  -0.3185315E+01   0.1532199E+07   0.6185315E+01
 509   0.2706718E+01  -0.3244433E-02  -0.2488861E+01   0.3082203E+06   0.5488861E+01
 509   0.2706718E+01  -0.9272653E+00  -0.3279600E-01   0.1078440E+04   0.3032796E+01
 509   0.2706718E+01  -0.9290187E+00  -0.3197555E-01   0.1076405E+04   0.3031976E+01
 509   0.2706718E+01  -0.2220487E+01   0.3464483E+00   0.4503516E+03   0.2653552E+01
 509   0.2706718E+01  -0.2664034E+01   0.4255398E+00   0.3753706E+03   0.2574460E+01
 509   0.2706718E+01  -0.2664050E+01   0.4255424E+00   0.3753683E+03   0.2574458E+01
 509   0.2706718E+01  -0.3329011E+01   0.5223153E+00   0.3003895E+03   0.2477685E+01
 509   0.2706718E+01  -0.3415570E+01   0.5334631E+00   0.2927769E+03   0.2466537E+01
 509   0.2706718E+01  -0.3415571E+01   0.5334633E+00   0.2927768E+03   0.2466537E+01
 509   0.2706718E+01  -0.3602931E+01   0.5566560E+00   0.2775518E+03   0.2443344E+01


 510   0.2707570E+01  -0.3972151E-03  -0.3400974E+01   0.2517528E+07   0.6400974E+01
 510   0.2707570E+01  -0.6513791E-03  -0.3186166E+01   0.1535204E+07   0.6186166E+01
 510   0.2707570E+01  -0.3238093E-02  -0.2489711E+01   0.3088238E+06   0.5489711E+01
 510   0.2707570E+01  -0.9272970E+00  -0.3278113E-01   0.1078403E+04   0.3032781E+01
 510   0.2707570E+01  -0.9290187E+00  -0.3197556E-01   0.1076405E+04   0.3031976E+01
 510   0.2707570E+01  -0.2220487E+01   0.3464483E+00   0.4503516E+03   0.2653552E+01
 510   0.2707570E+01  -0.2664034E+01   0.4255398E+00   0.3753706E+03   0.2574460E+01
 510   0.2707570E+01  -0.2664050E+01   0.4255424E+00   0.3753683E+03   0.2574458E+01
 510   0.2707570E+01  -0.3329011E+01   0.5223153E+00   0.3003895E+03   0.2477685E+01
 510   0.2707570E+01  -0.3415570E+01   0.5334631E+00   0.2927769E+03   0.2466537E+01
 510   0.2707570E+01  -0.3415571E+01   0.5334633E+00   0.2927768E+03   0.2466537E+01
 510   0.2707570E+01  -0.3602931E+01   0.5566560E+00   0.2775518E+03   0.2443344E+01


 511   0.2708421E+01  -0.3964388E-03  -0.3401824E+01   0.2522457E+07   0.6401824E+01
 511   0.2708421E+01  -0.6501066E-03  -0.3187015E+01   0.1538209E+07   0.6187015E+01
 511   0.2708421E+01  -0.3231778E-02  -0.2490558E+01   0.3094272E+06   0.5490558E+01
 511   0.2708421E+01  -0.9273282E+00  -0.3276652E-01   0.1078367E+04   0.3032767E+01
 511   0.2708421E+01  -0.9290187E+00  -0.3197557E-01   0.1076405E+04   0.3031976E+01
 511   0.2708421E+01  -0.2220487E+01   0.3464483E+00   0.4503516E+03   0.2653552E+01
 511   0.2708421E+01  -0.2664034E+01   0.4255398E+00   0.3753706E+03   0.2574460E+01
 511   0.2708421E+01  -0.2664050E+01   0.4255424E+00   0.3753683E+03   0.2574458E+01
 511   0.2708421E+01  -0.3329011E+01   0.5223153E+00   0.3003895E+03   0.2477685E+01
 511   0.2708421E+01  -0.3415570E+01   0.5334631E+00   0.2927769E+03   0.2466537E+01
 511   0.2708421E+01  -0.3415571E+01   0.5334633E+00   0.2927768E+03   0.2466537E+01
 511   0.2708421E+01  -0.3602931E+01   0.5566560E+00   0.2775518E+03   0.2443344E+01


 512   0.2709270E+01  -0.3956656E-03  -0.3402672E+01   0.2527387E+07   0.6402672E+01
 512   0.2709270E+01  -0.6488389E-03  -0.3187863E+01   0.1541215E+07   0.6187863E+01
 512   0.2709270E+01  -0.3225487E-02  -0.2491405E+01   0.3100307E+06   0.5491405E+01
 512   0.2709270E+01  -0.9273589E+00  -0.3275217E-01   0.1078331E+04   0.3032752E+01
 512   0.2709270E+01  -0.9290186E+00  -0.3197557E-01   0.1076405E+04   0.3031976E+01
 512   0.2709270E+01  -0.2220487E+01   0.3464483E+00   0.4503516E+03   0.2653552E+01
 512   0.2709270E+01  -0.2664034E+01   0.4255398E+00   0.3753706E+03   0.2574460E+01
 512   0.2709270E+01  -0.2664050E+01   0.4255424E+00   0.3753683E+03   0.2574458E+01
 512   0.2709270E+01  -0.3329011E+01   0.5223153E+00   0.3003895E+03   0.2477685E+01
 512   0.2709270E+01  -0.3415570E+01   0.5334631E+00   0.2927769E+03   0.2466537E+01
 512   0.2709270E+01  -0.3415571E+01   0.5334633E+00   0.2927768E+03   0.2466537E+01
 512   0.2709270E+01  -0.3602931E+01   0.5566560E+00   0.2775518E+03   0.2443344E+01
