 # File h.dat, created by Task#1 of TABOO on 2025.03.09 time=16.06.51
 # These h numbers are of _tidal_ type
  2        0.54744782E+00       0.19509793E+01       0.13522226E-06       0.80691091E-04      -0.10175789E-03       0.11862784E+00       0.10724618E+01      -0.15652789E-29       0.25580502E-01       0.20212867E-01       0.31754238E-25       0.49973671E-03       0.22607761E-03      -0.92339643E-28
  3        0.25766837E+00       0.14642301E+01       0.32077254E-06       0.18156065E-03      -0.16199270E-04       0.11618601E+00       0.58033949E+00       0.16105177E-30       0.47976288E-02       0.18796551E-02      -0.37260471E-26       0.10840378E-03       0.22512612E-04       0.85415260E-29
  4        0.15957356E+00       0.13013143E+01       0.60178507E-06       0.31513449E-03       0.72311005E-03       0.10317543E+00       0.37318453E+00       0.67485241E-29       0.15914374E-02      -0.39278808E-04      -0.19145560E-24       0.36839938E-04      -0.16164126E-06       0.36629568E-27
  5        0.11921659E+00       0.12187981E+01       0.97914151E-06       0.46472119E-03       0.35036410E-02       0.75343897E-01       0.28758245E+00      -0.26403936E-30       0.83580219E-03       0.16452991E-03      -0.26343108E-25       0.17804173E-04       0.14396057E-04       0.64549672E-28
  6        0.99436022E-01       0.11686134E+01       0.14492186E-05       0.61218511E-03       0.10210639E-01       0.31338444E-01       0.26340017E+00      -0.99719417E-30       0.59679614E-03       0.43677308E-03       0.13482579E-25       0.11118960E-04       0.25001592E-04      -0.12886904E-28
  7        0.88064364E-01       0.11347185E+01       0.20064487E-05       0.74219261E-03       0.14008551E-01      -0.20853391E-03       0.25266825E+00      -0.75449099E-29       0.51652237E-03       0.58170657E-03       0.22132773E-24       0.82968078E-05       0.28876022E-04      -0.34402524E-27
  8        0.80668711E-01       0.11101663E+01       0.26440228E-05       0.84413297E-03       0.81537559E-02       0.82724878E-01       0.14894661E+00      -0.16057182E-29       0.50056972E-03       0.63563034E-03       0.67821458E-25       0.69683958E-05       0.28637478E-04      -0.12903697E-27
  9        0.75415348E-01       0.10914331E+01       0.33536845E-05       0.91253457E-03       0.30634732E-02       0.14849014E+00       0.68423400E-01      -0.23753385E-29       0.51618347E-03       0.63930072E-03       0.98718169E-25       0.63090401E-05       0.26403455E-04      -0.22233149E-27
 10        0.71441106E-01       0.10765309E+01       0.41254531E-05       0.94659668E-03       0.99282035E-03       0.16342595E+00       0.39997120E-01       0.10278025E-29       0.54917455E-03       0.61696216E-03      -0.12744319E-24       0.59770292E-05       0.23386797E-04       0.37934872E-27
 11        0.68288713E-01       0.10642472E+01       0.49475744E-05       0.94916417E-03       0.30833286E-03       0.16436517E+00       0.27084353E-01       0.42925866E-29       0.59213383E-03       0.58165518E-03      -0.18748989E-24       0.58106204E-05       0.20216040E-04       0.63187534E-27
 12        0.65691337E-01       0.10537967E+01       0.58066892E-05       0.92542814E-03       0.94775760E-04       0.16130557E+00       0.19763658E-01       0.18104588E-29       0.64052258E-03       0.54043000E-03      -0.96683019E-25       0.57256303E-05       0.17198303E-04       0.41065616E-27
 13        0.63481712E-01       0.10446441E+01       0.66881393E-05       0.88164230E-03       0.29108321E-04       0.15704877E+00       0.15009572E-01      -0.22106183E-29       0.69116659E-03       0.49723955E-03       0.83163935E-25       0.56754019E-05       0.14470329E-04      -0.41466141E-27
 14        0.61549656E-01       0.10364088E+01       0.75763473E-05       0.82408020E-03       0.89569899E-05       0.15248188E+00       0.11662378E-01      -0.46309734E-29       0.74161603E-03       0.45437187E-03       0.72409589E-25       0.56331058E-05       0.12079002E-04      -0.34881756E-27
 15        0.59820137E-01       0.10288096E+01       0.84552333E-05       0.75834055E-03       0.27634193E-05       0.14790109E+00       0.91917453E-02      -0.16657140E-29       0.78986348E-03       0.41316002E-03       0.35745516E-25       0.55831122E-05       0.10024354E-04      -0.25837793E-27
 16        0.58240933E-01       0.10216309E+01       0.93086495E-05       0.68899455E-03       0.85488808E-06       0.14340364E+00       0.73180172E-02      -0.60280349E-29       0.83422510E-03       0.37435512E-03       0.15332530E-24       0.55164617E-05       0.82831139E-05      -0.12357351E-26
 17        0.56775186E-01       0.10147028E+01       0.10120817E-04       0.61950024E-03       0.26514234E-06       0.13901801E+00       0.58750720E-02       0.14056324E-29       0.87329907E-03       0.33833928E-03       0.30912638E-25       0.54283491E-05       0.68218204E-05      -0.36907578E-27
 18        0.55396676E-01       0.10078869E+01       0.10876754E-04       0.55228700E-03       0.82419176E-07       0.13475008E+00       0.47543111E-02      -0.53713944E-29       0.90595906E-03       0.30525685E-03       0.12906355E-24       0.53166587E-05       0.56041126E-05      -0.13977116E-26
 19        0.54086692E-01       0.10010680E+01       0.11562676E-04       0.48892438E-03       0.25667951E-07       0.13059958E+00       0.38795360E-02      -0.94969832E-29       0.93136007E-03       0.27509979E-03       0.19286935E-24       0.51810752E-05       0.45946432E-05      -0.23724713E-26
 20        0.52831896E-01       0.99414805E+00       0.12166367E-04       0.43031423E-03       0.80052805E-08       0.12656561E+00       0.31946912E-02      -0.97611323E-29       0.94894378E-03       0.24776488E-03       0.23315201E-24       0.50225191E-05       0.37610187E-05      -0.33218536E-26
 21        0.51622829E-01       0.98704226E+00       0.12677492E-04       0.37687014E-03       0.24990596E-08       0.12264809E+00       0.26573376E-02       0.89248123E-29       0.95843660E-03       0.22309244E-03      -0.11636435E-24       0.48427718E-05       0.30745921E-05       0.16435561E-26
 22        0.50452844E-01       0.97967645E+00       0.13087857E-04       0.32866778E-03       0.78050403E-09       0.11884773E+00       0.22348345E-02      -0.21217622E-30       0.95983730E-03       0.20089265E-03       0.44030737E-26       0.46442121E-05       0.25106102E-05      -0.12890813E-27
 23        0.49317329E-01       0.97198519E+00       0.13391589E-04       0.28556206E-03       0.24375530E-09       0.11516561E+00       0.19018840E-02       0.60467385E-29       0.95339366E-03       0.18096308E-03      -0.77131219E-25       0.44296213E-05       0.20480184E-05       0.13767712E-26
 24        0.48213140E-01       0.96391072E+00       0.13585252E-04       0.24727351E-03       0.76084926E-10       0.11160279E+00       0.16388205E-02       0.37213523E-30       0.93956956E-03       0.16310029E-03      -0.29993664E-25       0.42020301E-05       0.16691035E-05       0.75666698E-27
 25        0.47138179E-01       0.95540219E+00       0.13667874E-04       0.21344932E-03       0.23724757E-10       0.10816000E+00       0.14303459E-02      -0.86613229E-29       0.91900500E-03       0.14710713E-03       0.14740287E-24       0.39645945E-05       0.13590775E-05      -0.34467022E-26
 26        0.46091082E-01       0.94641529E+00       0.13640897E-04       0.18370468E-03       0.73869887E-11       0.10483737E+00       0.12645613E-02      -0.24618365E-28       0.89247217E-03       0.13279720E-03       0.35776960E-24       0.37204906E-05       0.11056626E-05      -0.90059853E-26
 27        0.45070989E-01       0.93691201E+00       0.13508053E-04       0.15764961E-03       0.22956885E-11       0.10163444E+00       0.11322124E-02       0.93827092E-29       0.86083070E-03       0.11999728E-03      -0.18015853E-25       0.34728254E-05       0.89870453E-06      -0.12828686E-27
 28        0.44077369E-01       0.92686065E+00       0.13275167E-04       0.13490565E-03       0.71182136E-12       0.98550045E-01       0.10260985E-02       0.10681630E-28       0.82498492E-03       0.10854838E-03      -0.98937582E-25       0.32245611E-05       0.72982868E-06       0.27384896E-26
 29        0.43109896E-01       0.91623583E+00       0.12949905E-04       0.11511537E-03       0.22013595E-12       0.95582421E-01       0.94060937E-03      -0.12267650E-29       0.78584535E-03       0.98305952E-04      -0.41646659E-25       0.29784526E-05       0.59214181E-06       0.15120247E-26
 30        0.42168361E-01       0.90501860E+00       0.12541468E-04       0.97947392E-04       0.67879668E-13       0.92729234E-01       0.87136472E-03       0.15023192E-28       0.74429605E-03       0.89139483E-04      -0.15585711E-24       0.27369975E-05       0.47997807E-06       0.52179149E-26
 31        0.41252603E-01       0.89319655E+00       0.12060260E-04       0.83098253E-04       0.20864223E-13       0.89987672E-01       0.81493445E-03      -0.15423440E-28       0.70116856E-03       0.80931752E-04       0.17374608E-24       0.25023986E-05       0.38868533E-06      -0.66309081E-26
 32        0.40362469E-01       0.88076390E+00       0.11517529E-04       0.70292530E-04       0.63911902E-14       0.87354534E-01       0.76862324E-03       0.14584340E-28       0.65722270E-03       0.73577898E-04      -0.60131434E-25       0.22765398E-05       0.31444685E-06       0.15484132E-26
 33        0.39497782E-01       0.86772153E+00       0.10925007E-04       0.59281831E-04       0.19507414E-14       0.84826316E-01       0.73030509E-03       0.11753002E-28       0.61313390E-03       0.66984396E-04      -0.13370325E-24       0.20609732E-05       0.25413333E-06       0.52107356E-26
 34        0.38658325E-01       0.85407695E+00       0.10294561E-04       0.49843207E-04       0.59319214E-15       0.82399290E-01       0.69829670E-03       0.24749704E-28       0.56948636E-03       0.61068012E-04      -0.21738309E-24       0.18569173E-05       0.20518063E-06       0.88458397E-26
 35        0.37843832E-01       0.83984424E+00       0.96378602E-05       0.41777302E-04       0.17969057E-15       0.80069583E-01       0.67126065E-03      -0.26501544E-28       0.52677119E-03       0.55754787E-04       0.35799737E-24       0.16652668E-05       0.16548890E-06      -0.16918435E-25
 36        0.37053983E-01       0.82504382E+00       0.89660878E-05       0.34906424E-04       0.54220363E-16       0.77833235E-01       0.64813131E-03       0.10084403E-28       0.48538844E-03       0.50979068E-04      -0.22045617E-25       0.14866089E-05       0.13333961E-06       0.41502031E-27
 37        0.36288401E-01       0.80970215E+00       0.82896850E-05       0.29072648E-04       0.16296533E-16       0.75686260E-01       0.62805791E-03      -0.26533788E-28       0.44565217E-03       0.46682616E-04       0.16200563E-24       0.13212483E-05       0.10732720E-06      -0.73773425E-26
 38        0.35546664E-01       0.79385141E+00       0.76181500E-05       0.24136013E-04       0.48789523E-17       0.73624685E-01       0.61036067E-03       0.60915475E-29       0.40779759E-03       0.42813781E-04      -0.30054642E-25       0.11692362E-05       0.86302986E-07       0.12382504E-26
 39        0.34828300E-01       0.77752897E+00       0.69598870E-05       0.19972835E-04       0.14550315E-17       0.71644596E-01       0.59449668E-03      -0.58666353E-29       0.37198935E-03       0.39326759E-04      -0.66451221E-25       0.10304038E-05       0.69328959E-07       0.43488429E-26
 40        0.34132800E-01       0.76077684E+00       0.63221078E-05       0.16474149E-04       0.43227537E-18       0.69742160E-01       0.58003320E-03      -0.43200261E-28       0.33833055E-03       0.36180920E-04       0.34408470E-24       0.90439632E-06       0.55639865E-07      -0.19261633E-25
 41        0.33459619E-01       0.74364105E+00       0.57107842E-05       0.13544270E-04       0.12794665E-18       0.67913652E-01       0.56662657E-03      -0.48086619E-28       0.30687182E-03       0.33340211E-04       0.32850409E-24       0.79070813E-06       0.44612001E-07      -0.18696332E-25
 42        0.32808187E-01       0.72617095E+00       0.51306470E-05       0.11099464E-04       0.37733300E-19       0.66155473E-01       0.55400541E-03      -0.26277162E-28       0.27762000E-03       0.30772621E-04       0.10616238E-24       0.68871657E-06       0.35737578E-07      -0.50937251E-26
 43        0.32177910E-01       0.70841850E+00       0.45852252E-05       0.90667348E-05       0.11089263E-19       0.64464159E-01       0.54195708E-03      -0.13200395E-28       0.25054641E-03       0.28449709E-04      -0.98817254E-26       0.59771358E-06       0.28603646E-07       0.11352179E-26
 44        0.31568180E-01       0.69043745E+00       0.40769191E-05       0.73826949E-05       0.32480548E-20       0.62836391E-01       0.53031678E-03      -0.36354419E-28       0.22559421E-03       0.26346186E-04       0.21105518E-24       0.51693451E-06       0.22874780E-07      -0.12860622E-25
 45        0.30978380E-01       0.67228267E+00       0.36070995E-05       0.59925311E-05       0.94831434E-21       0.61269002E-01       0.51895855E-03       0.64741665E-28       0.20268508E-03       0.24439541E-04      -0.19845453E-24       0.44558357E-06       0.18278865E-07       0.10511045E-25
 46        0.30407886E-01       0.65400935E+00       0.31762249E-05       0.48490499E-05       0.27603153E-21       0.59758973E-01       0.50778797E-03      -0.12818273E-28       0.18172496E-03       0.22709717E-04       0.40568859E-25       0.38285568E-06       0.14595421E-07      -0.19449893E-26
 47        0.29856071E-01       0.63567227E+00       0.27839694E-05       0.39117995E-05       0.80115021E-22       0.58303439E-01       0.49673610E-03      -0.41997102E-28       0.16260894E-03       0.21138822E-04       0.63347716E-25       0.32795459E-06       0.11646033E-07      -0.20947496E-26
 48        0.29322314E-01       0.61732519E+00       0.24293552E-05       0.31462650E-05       0.23189476E-22       0.56899682E-01       0.48575449E-03      -0.25564756E-28       0.14522540E-03       0.19710871E-04       0.30752076E-24       0.28010736E-06       0.92865161E-08      -0.23873577E-25
 49        0.28805995E-01       0.59902022E+00       0.21108830E-05       0.25231334E-05       0.66951897E-23       0.55545132E-01       0.47481104E-03       0.13358765E-29       0.12945939E-03       0.18411562E-04       0.37982006E-25       0.23857554E-06       0.74004905E-08      -0.41716331E-26
 50        0.28306505E-01       0.58080726E+00       0.18266562E-05       0.20176258E-05       0.19284243E-23       0.54237357E-01       0.46388658E-03      -0.48487643E-28       0.11519535E-03       0.17228076E-04       0.33209028E-24       0.20266327E-06       0.58941432E-08      -0.25926942E-25
 51        0.27823245E-01       0.56273356E+00       0.15744950E-05       0.16088935E-05       0.55421944E-24       0.52974064E-01       0.45297200E-03      -0.82198833E-28       0.10231922E-03       0.16148898E-04       0.56659234E-24       0.17172267E-06       0.46919436E-08      -0.45120492E-25
 52        0.27355627E-01       0.54484335E+00       0.13520382E-05       0.12794760E-05       0.15895322E-24       0.51753086E-01       0.44206598E-03       0.14605481E-28       0.90720142E-04       0.15163659E-04       0.15689887E-25       0.14515693E-06       0.37331545E-08      -0.15120054E-26
 53        0.26903076E-01       0.52717751E+00       0.11568314E-05       0.10148172E-05       0.45502796E-25       0.50572385E-01       0.43117304E-03      -0.17702174E-28       0.80291631E-04       0.14262996E-04       0.41096802E-24       0.12242157E-06       0.29689917E-08      -0.38255003E-25
 54        0.26465033E-01       0.50977340E+00       0.98640088E-06       0.80283714E-06       0.13003120E-25       0.49430037E-01       0.42030194E-03       0.63262447E-28       0.70932462E-04       0.13438425E-04      -0.29170561E-24       0.10302412E-06       0.23603158E-08       0.24071507E-25
 55        0.26040955E-01       0.49266469E+00       0.83831296E-06       0.63355514E-06       0.37100508E-26       0.48324231E-01       0.40946449E-03      -0.11585683E-28       0.62547235E-04       0.12682232E-04       0.10497128E-24       0.86522593E-07       0.18757589E-08      -0.97781563E-26
 56        0.25630313E-01       0.47588127E+00       0.71022095E-06       0.49876039E-06       0.10567221E-26       0.47253262E-01       0.39867443E-03       0.27006978E-28       0.55046711E-04       0.11987368E-04      -0.21613470E-24       0.72523185E-07       0.14902074E-08       0.19593338E-25
 57        0.25232595E-01       0.45944931E+00       0.59989949E-06       0.39172654E-06       0.30034257E-27       0.46215523E-01       0.38794666E-03       0.67161528E-28       0.48347961E-04       0.11347362E-04      -0.17514719E-24       0.60677281E-07       0.11835741E-08       0.12727747E-25
 58        0.24847308E-01       0.44339126E+00       0.50526834E-06       0.30696578E-06       0.85669461E-28       0.45209504E-01       0.37729661E-03      -0.47538084E-29       0.42374363E-04       0.10756243E-04      -0.23466879E-25       0.50678125E-07       0.93980736E-09       0.21724849E-26
 59        0.24473973E-01       0.42772599E+00       0.42440720E-06       0.24001842E-06       0.24213715E-28       0.44233777E-01       0.36673966E-03      -0.41788149E-28       0.37055481E-04       0.10208471E-04       0.13006610E-24       0.42257281E-07       0.74609061E-09      -0.11539018E-25
 60        0.24112130E-01       0.41246889E+00       0.35556287E-06       0.18727407E-06       0.68836086E-29       0.43287003E-01       0.35629085E-03       0.47514256E-28       0.32326869E-04       0.96988829E-05      -0.46220003E-24       0.35181040E-07       0.59219890E-09       0.46941861E-25
 61        0.23761336E-01       0.39763210E+00       0.29715046E-06       0.14582066E-06       0.20935406E-29       0.42367915E-01       0.34596451E-03       0.14072952E-27       0.28129796E-04       0.92226451E-05      -0.48655358E-24       0.29246886E-07       0.46998071E-09       0.44178241E-25
 62        0.23421162E-01       0.38322469E+00       0.24774984E-06       0.11331763E-06       0.39484756E-30       0.41475321E-01       0.33577410E-03      -0.26474399E-28       0.24410927E-04       0.87752265E-05       0.17515965E-24       0.24280089E-07       0.37294190E-09      -0.19374966E-25
 63        0.23091198E-01       0.36925288E+00       0.20609867E-06       0.87890198E-07       0.15356228E-30       0.40608098E-01       0.32573203E-03      -0.10430570E-27       0.21121979E-04       0.83523832E-05       0.20197745E-24       0.20130508E-07       0.29591196E-09      -0.13202100E-25
 64        0.22771049E-01       0.35572026E+00       0.17108302E-06       0.68041530E-07       0.29197901E-30       0.39765183E-01       0.31584962E-03      -0.10378202E-27       0.18219333E-04       0.79501615E-05       0.19992791E-24       0.16669608E-07       0.23477656E-09      -0.12877933E-25
 65        0.22460336E-01       0.34262805E+00       0.14172639E-06       0.52580309E-07       0.28953265E-30       0.38945574E-01       0.30613700E-03      -0.10347070E-27       0.15663649E-04       0.75649192E-05       0.34565467E-24       0.13787738E-07       0.18626348E-09      -0.32177943E-25
 66        0.22158694E-01       0.32997532E+00       0.11717799E-06       0.40561212E-07       0.60130503E-31       0.38148327E-01       0.29660311E-03      -0.13350064E-27       0.13419457E-04       0.71933635E-05       0.27959885E-24       0.11391652E-07       0.14777148E-09      -0.22235926E-25
 67        0.21865775E-01       0.31775925E+00       0.96700618E-07       0.31236271E-07      -0.46725674E-30       0.37372545E-01       0.28725574E-03      -0.38101048E-28       0.11454755E-04       0.68326045E-05       0.22684652E-25       0.94022981E-08       0.11723353E-09       0.12312458E-26
 68        0.21581242E-01       0.30597530E+00       0.79658838E-07       0.24015300E-07      -0.14187257E-30       0.36617383E-01       0.27810150E-03      -0.20208297E-27       0.97406103E-05       0.64802165E-05       0.64873751E-24       0.77528438E-08       0.93007726E-10      -0.64024023E-25
 69        0.21304775E-01       0.29461750E+00       0.65507467E-07       0.18433843E-07      -0.45855288E-31       0.35882041E-01       0.26914592E-03       0.65256530E-28       0.82507827E-05       0.61343001E-05      -0.12181054E-24       0.63869335E-08       0.73790287E-10       0.10366268E-25
 70        0.21036066E-01       0.28367860E+00       0.53780828E-07       0.14127309E-07       0.67698142E-32       0.35165761E-01       0.26039347E-03       0.70878872E-28       0.69613757E-05       0.57935326E-05      -0.22999702E-24       0.52571620E-08       0.58546196E-10       0.22817797E-25
 71        0.20774820E-01       0.27315027E+00       0.44082756E-07       0.10810197E-07       0.25796415E-30       0.34467825E-01       0.25184764E-03       0.64364196E-28       0.58505325E-05       0.54571969E-05       0.10897260E-25       0.43237430E-08       0.46454008E-10      -0.41369360E-26
 72        0.20520754E-01       0.26302332E+00       0.36077490E-07       0.82594533E-08      -0.31483041E-30       0.33787551E-01       0.24351099E-03      -0.46018377E-28       0.48981851E-05       0.51251762E-05       0.10735470E-24       0.35533552E-08       0.36861910E-10      -0.78723166E-26
 73        0.20273597E-01       0.25328779E+00       0.29481456E-07       0.63012027E-08      -0.18675630E-31       0.33124294E-01       0.23538523E-03       0.67043606E-28       0.40858633E-05       0.47979104E-05      -0.13744695E-24       0.29181468E-08       0.29252782E-10       0.10504459E-25
 74        0.20033091E-01       0.24393317E+00       0.24055931E-07       0.48001950E-08      -0.18616912E-30       0.32477441E-01       0.22747129E-03      -0.37106739E-28       0.33965623E-05       0.44763128E-05       0.16458245E-24       0.23948799E-08       0.23216416E-10      -0.18590228E-25
 75        0.19798987E-01       0.23494848E+00       0.19600560E-07       0.36514399E-08      -0.71445443E-31       0.31846408E-01       0.21976936E-03       0.25270134E-29       0.28146618E-05       0.41616540E-05       0.20819814E-24       0.19642002E-08       0.18427456E-10      -0.27031129E-25
 76        0.19571046E-01       0.22632244E+00       0.15947662E-07       0.27735978E-08      -0.23687868E-30       0.31230642E-01       0.21227901E-03      -0.12182452E-27       0.23258830E-05       0.38554255E-05       0.59938957E-24       0.16100132E-08       0.14627859E-10      -0.71921348E-25
 77        0.19349043E-01       0.21804353E+00       0.12957272E-07       0.21037711E-08       0.66140166E-31       0.30629616E-01       0.20499920E-03       0.52635620E-28       0.19172683E-05       0.35591982E-05      -0.49911706E-25       0.13189552E-08       0.11612987E-10       0.25872003E-26
 78        0.19132757E-01       0.21010011E+00       0.10512845E-07       0.15934120E-08      -0.52102700E-31       0.30042828E-01       0.19792838E-03      -0.39789731E-27       0.15771646E-05       0.32744907E-05       0.80544242E-24       0.10799458E-08       0.92205530E-11      -0.79144658E-25
 79        0.18921982E-01       0.20248048E+00       0.85175676E-08       0.12051141E-08      -0.26225793E-31       0.29469800E-01       0.19106453E-03      -0.18693809E-27       0.12952000E-05       0.30026606E-05       0.74301187E-24       0.88380949E-09       0.73218632E-11      -0.86702016E-25
 80        0.18716516E-01       0.19517301E+00       0.68911857E-08       0.91010493E-09      -0.20392309E-30       0.28910077E-01       0.18440520E-03      -0.24772635E-27       0.10622429E-05       0.27448252E-05       0.22786522E-24       0.72295763E-09       0.58148590E-11      -0.12721342E-25
 81        0.18516169E-01       0.18816611E+00       0.55673114E-08       0.68628914E-09      -0.23053413E-30       0.28363226E-01       0.17794760E-03      -0.12796501E-28       0.87034128E-06       0.25018145E-05       0.19641772E-24       0.59112100E-09       0.46186034E-11      -0.24755685E-25
 82        0.18320757E-01       0.18144836E+00       0.44911312E-08       0.51672611E-09      -0.19163606E-30       0.27828830E-01       0.17168862E-03       0.24171277E-27       0.71264297E-06       0.22741539E-05      -0.64275952E-24       0.48312604E-09       0.36689068E-11       0.71262386E-25
 83        0.18130105E-01       0.17500853E+00       0.36174709E-08       0.38844740E-09      -0.48449185E-30       0.27306495E-01       0.16562488E-03       0.14298822E-28       0.58330138E-06       0.20620720E-05      -0.31845119E-24       0.39470758E-09       0.29148587E-11       0.38102789E-25
 84        0.17944044E-01       0.16883559E+00       0.29091639E-08       0.29154034E-09      -0.29987193E-31       0.26795843E-01       0.15975276E-03       0.34904852E-27       0.47737220E-06       0.18655259E-05      -0.40021441E-24       0.32235266E-09       0.23160777E-11       0.36546842E-25
 85        0.17762413E-01       0.16291879E+00       0.23356814E-08       0.21843908E-09      -0.32774170E-30       0.26296511E-01       0.15406846E-03      -0.22350902E-27       0.39070702E-06       0.16842382E-05       0.15124229E-24       0.26317038E-09       0.18405314E-11      -0.63550853E-26
 86        0.17585058E-01       0.15724761E+00       0.18719865E-08       0.16337728E-09      -0.20314453E-30       0.25808155E-01       0.14856802E-03      -0.20737704E-27       0.31984879E-06       0.15177391E-05       0.69639937E-24       0.21478370E-09       0.14628075E-11      -0.80696875E-25
 87        0.17411831E-01       0.15181188E+00       0.14975756E-08       0.12196634E-09       0.25848366E-30       0.25330442E-01       0.14324734E-03       0.27869216E-27       0.26193317E-06       0.13654099E-05      -0.77999625E-24       0.17523959E-09       0.11627440E-11       0.87443353E-25
 88        0.17242589E-01       0.14660169E+00       0.11956820E-08       0.90870806E-10      -0.22520061E-30       0.24863056E-01       0.13810224E-03       0.31141595E-27       0.21459819E-06       0.12265238E-05      -0.31224450E-24       0.14293458E-09       0.92434235E-12       0.27770721E-25
 89        0.17077198E-01       0.14160749E+00       0.95261330E-09       0.67559193E-10       0.12235957E-30       0.24405694E-01       0.13312844E-03      -0.42538186E-27       0.17590359E-06       0.11002822E-05       0.69167365E-24       0.11655303E-09       0.73490631E-12      -0.72011282E-25
 90        0.16915526E-01       0.13682001E+00       0.75720228E-09       0.50112784E-10       0.88192879E-31       0.23958063E-01       0.12832163E-03       0.90110048E-28       0.14426035E-06       0.98584620E-06       0.37999515E-24       0.95016191E-10       0.58435908E-12      -0.50193509E-25
 91        0.16757449E-01       0.13223034E+00       0.60035288E-09       0.37079308E-10      -0.13766095E-30       0.23519885E-01       0.12367746E-03      -0.32341690E-27       0.11837006E-06       0.88236201E-06       0.90228412E-24       0.77440048E-10       0.46470181E-12      -0.10430682E-24
 92        0.16602846E-01       0.12782988E+00       0.47466523E-09       0.27361047E-10      -0.17574171E-30       0.23090891E-01       0.11919156E-03       0.31261962E-27       0.97173548E-07       0.78898150E-06      -0.14070460E-23       0.63100576E-10       0.36958428E-12       0.17078939E-24
 93        0.16451603E-01       0.12361038E+00       0.37412668E-09       0.20129423E-10       0.17871400E-30       0.22670824E-01       0.11485956E-03       0.17994980E-27       0.79807705E-07       0.70487755E-06       0.45731330E-24       0.51405090E-10       0.29396438E-12      -0.68147163E-25
 94        0.16303609E-01       0.11956388E+00       0.29385759E-09       0.14759889E-10       0.13839501E-30       0.22259437E-01       0.11067712E-03      -0.26314878E-27       0.65569666E-07       0.62925534E-06       0.77895364E-24       0.41868657E-10       0.23383812E-12      -0.91212125E-25
 95        0.16158758E-01       0.11568276E+00       0.22990255E-09       0.10782361E-10      -0.73532237E-31       0.21856491E-01       0.10663992E-03      -0.81395670E-27       0.53887186E-07       0.56136020E-06       0.15686899E-23       0.34094689E-10       0.18602542E-12      -0.17095631E-24
 96        0.16016948E-01       0.11195972E+00       0.17905914E-09       0.78435356E-11       0.10046928E-30       0.21461759E-01       0.10274368E-03      -0.46223422E-27       0.44294331E-07       0.50048251E-06       0.79212916E-24       0.27758986E-10       0.14800024E-12      -0.85924953E-25
 97        0.15878082E-01       0.10838774E+00       0.13873767E-09       0.56782815E-11       0.19791051E-30       0.21075020E-01       0.98984162E-04      -0.27517137E-27       0.36411586E-07       0.44596037E-06       0.81357734E-24       0.22596631E-10       0.11775575E-12      -0.95077883E-25
 98        0.15742066E-01       0.10496013E+00       0.10684646E-09       0.40879499E-11      -0.36685528E-30       0.20696063E-01       0.95357201E-04      -0.11613939E-27       0.29929659E-07       0.39718062E-06       0.50407989E-24       0.18391233E-10       0.93697406E-13      -0.65297074E-25
 99        0.15608809E-01       0.10167046E+00       0.81698205E-10       0.29239492E-11      -0.31684004E-31       0.20324683E-01       0.91858684E-04       0.41641741E-27       0.24596298E-07       0.35357839E-06      -0.73297385E-24       0.14966097E-10       0.74558062E-13       0.77932255E-25
100        0.15478226E-01       0.98512594E-01       0.61933481E-10       0.20753247E-11       0.43698211E-30       0.19960684E-01       0.88484573E-04       0.70822267E-27       0.20205589E-07       0.31463587E-06      -0.99496889E-24       0.12176996E-10       0.59330605E-13       0.99522676E-25
101        0.15350232E-01       0.95480678E-01       0.46458492E-10       0.14593787E-11      -0.74884149E-31       0.19603877E-01       0.85230903E-04      -0.32788789E-27       0.16589287E-07       0.27988030E-06       0.78787722E-24       0.99062368E-11       0.47214482E-13      -0.88369800E-25
102        0.15224748E-01       0.92569103E-01       0.34394370E-10       0.10145956E-11      -0.24076217E-30       0.19254080E-01       0.82093790E-04       0.21217356E-28       0.13609776E-07       0.24888158E-06      -0.39193688E-24       0.80578104E-11       0.37573252E-13       0.54119525E-25
103        0.15101697E-01       0.89772522E-01       0.25035956E-10       0.69531372E-12       0.37692733E-31       0.18911115E-01       0.79069434E-04       0.10488335E-26       0.11154372E-07       0.22124958E-06      -0.10492119E-23       0.65534174E-11       0.29900870E-13       0.94834829E-25
104        0.14981005E-01       0.87085827E-01       0.17818336E-10       0.46771695E-12       0.20709426E-31       0.18574814E-01       0.76154119E-04      -0.59435505E-27       0.91307031E-08       0.19663138E-06       0.15155006E-23       0.53292185E-11       0.23794925E-13      -0.17918493E-24
105        0.14862600E-01       0.84504146E-01       0.12289678E-10       0.30682484E-12      -0.33547234E-30       0.18245012E-01       0.73344217E-04       0.91739693E-27       0.74629624E-08       0.17470845E-06      -0.12884458E-23       0.43331770E-11       0.18935372E-13       0.13667738E-24
106        0.14746414E-01       0.82022831E-01       0.80892298E-11       0.19423466E-12      -0.61740006E-30       0.17921552E-01       0.70636190E-04      -0.23471759E-28       0.60888666E-08       0.15519383E-06      -0.20997546E-24       0.35228866E-11       0.15067643E-13       0.29144229E-25
107        0.14632381E-01       0.79637448E-01       0.49295047E-11       0.11643079E-12       0.22996657E-30       0.17604278E-01       0.68026590E-04       0.66804378E-29       0.49571872E-08       0.13782946E-06       0.94438088E-25       0.28637968E-11       0.11989229E-13      -0.11864151E-25
108        0.14520438E-01       0.77343769E-01       0.25818698E-11       0.63520657E-13      -0.32996819E-31       0.17293045E-01       0.65512061E-04       0.62736576E-27       0.40257429E-08       0.12238363E-06      -0.45167835E-24       0.23277636E-11       0.95390149E-14       0.37872447E-25
109        0.14410523E-01       0.75137763E-01       0.86490837E-12       0.28291269E-13       0.14612328E-30       0.16987708E-01       0.63089337E-04       0.75060225E-28       0.32597655E-08       0.10864857E-06       0.27586110E-24       0.18918661E-11       0.75888038E-14      -0.34653984E-25
110        0.14302577E-01       0.73015586E-01      -0.36497311E-12       0.55063203E-14      -0.51163784E-31       0.16688130E-01       0.60755244E-04       0.36334669E-27       0.26305687E-08       0.96438168E-07      -0.14765318E-24       0.15374404E-11       0.60365827E-14       0.40101607E-26
111        0.14196545E-01       0.70973575E-01      -0.12211170E-11      -0.86165328E-14      -0.54257701E-31       0.16394176E-01       0.58506698E-04       0.23445084E-27       0.21144618E-08       0.85585900E-07      -0.46124315E-25       0.12492923E-11       0.48011663E-14      -0.58656825E-28
112        0.14092370E-01       0.69008238E-01      -0.17927107E-11      -0.16793557E-13      -0.46139231E-30       0.16105717E-01       0.56340707E-04       0.62442780E-27       0.16918626E-08       0.75942906E-07      -0.63324056E-24       0.10150537E-11       0.38179386E-14       0.57316993E-25
113        0.13990001E-01       0.67116248E-01      -0.21496896E-11      -0.20962141E-13       0.24461130E-30       0.15822628E-01       0.54254366E-04       0.10195358E-26       0.13465714E-08       0.67376221E-07      -0.17965913E-23       0.82465906E-12       0.30354678E-14       0.19835945E-24
114        0.13889386E-01       0.65294432E-01      -0.23466750E-11      -0.22492920E-13       0.13574120E-30       0.15544786E-01       0.52244859E-04      -0.86467819E-28       0.10651773E-08       0.59767162E-07       0.14916479E-24       0.66991768E-12       0.24128137E-14      -0.23573099E-25
115        0.13790477E-01       0.63539767E-01      -0.24261331E-11      -0.22346036E-13       0.74040415E-30       0.15272075E-01       0.50309457E-04       0.10120801E-27       0.83657023E-09       0.53009864E-07      -0.34664053E-24       0.54416563E-12       0.19173834E-14       0.40715152E-25
116        0.13693227E-01       0.61849370E-01      -0.24209056E-11      -0.21185885E-13      -0.31147468E-30       0.15004379E-01       0.48445517E-04       0.23137473E-27       0.65154120E-09       0.47009949E-07      -0.45720605E-24       0.44198183E-12       0.15232304E-14       0.53236599E-25
117        0.13597589E-01       0.60220497E-01      -0.23562331E-11      -0.19465123E-13       0.34418689E-30       0.14741589E-01       0.46650479E-04      -0.11025791E-27       0.50245318E-09       0.41683322E-07       0.95638155E-25       0.35895687E-12       0.12096975E-14      -0.12068634E-25
118        0.13503520E-01       0.58650527E-01      -0.22513717E-11      -0.17485910E-13      -0.50395258E-30       0.14483597E-01       0.44921865E-04       0.86448789E-27       0.38297027E-09       0.36955088E-07      -0.13976848E-23       0.29150466E-12       0.96033679E-15       0.15854029E-24
119        0.13410977E-01       0.57136966E-01      -0.21208814E-11      -0.15444394E-13      -0.76023357E-30       0.14230298E-01       0.43257279E-04      -0.63454378E-27       0.28783460E-09       0.32758570E-07       0.11083475E-23       0.23670906E-12       0.76205491E-15      -0.12493171E-24
120        0.13319919E-01       0.55677435E-01      -0.19756507E-11      -0.13462842E-13       0.27855988E-30       0.13981592E-01       0.41654404E-04      -0.50729477E-27       0.21268214E-09       0.29034432E-07       0.14198385E-23       0.19219900E-12       0.60442414E-15      -0.17058963E-24
121        0.13230307E-01       0.54269665E-01      -0.18237111E-11      -0.11612728E-13       0.16957600E-30       0.13737381E-01       0.40110999E-04       0.47379495E-27       0.15389057E-09       0.25729888E-07      -0.10672255E-23       0.15604680E-12       0.47914288E-15       0.12116267E-24
122        0.13142103E-01       0.52911493E-01      -0.16708813E-11      -0.99312161E-14       0.28116487E-30       0.13497569E-01       0.38624898E-04      -0.27976791E-28       0.10845358E-09       0.22797992E-07       0.61260445E-25       0.12668544E-12       0.37960365E-15      -0.62640101E-26
123        0.13055269E-01       0.51600857E-01      -0.15212768E-11      -0.84328189E-14      -0.84170216E-30       0.13262064E-01       0.37194008E-04       0.70325800E-27       0.73876718E-10       0.20197005E-07      -0.88974074E-24       0.10284122E-12       0.30054272E-15       0.96873283E-25
124        0.12969770E-01       0.50335789E-01      -0.13777113E-11      -0.71175839E-14       0.32607671E-31       0.13030776E-01       0.35816310E-04       0.87535094E-28       0.48091142E-10       0.17889826E-07      -0.10804769E-23       0.83478938E-13       0.23777172E-15       0.13820950E-24
125        0.12885572E-01       0.49114413E-01      -0.12420117E-11      -0.59767589E-14       0.40734592E-30       0.12803618E-01       0.34489852E-04      -0.11085520E-26       0.29382143E-10       0.15843485E-07       0.19126293E-23       0.67757322E-13       0.18795688E-15      -0.22386545E-24
126        0.12802641E-01       0.47934939E-01      -0.11152649E-11      -0.49966614E-14       0.27655005E-31       0.12580504E-01       0.33212750E-04       0.15907378E-26       0.16329789E-10       0.14028688E-07      -0.21392927E-23       0.54992775E-13       0.14843952E-15       0.23292605E-24
127        0.12720945E-01       0.46795658E-01      -0.99800947E-12      -0.41612670E-14      -0.19709433E-30       0.12361351E-01       0.31983186E-04      -0.39773723E-27       0.77596555E-11       0.12419412E-07       0.10141717E-23       0.44629855E-13       0.11711271E-15      -0.12507546E-24
128        0.12640452E-01       0.45694942E-01      -0.89038530E-12      -0.34538958E-14       0.48826899E-30       0.12146081E-01       0.30799406E-04       0.40095733E-27       0.27018965E-11       0.10992545E-07      -0.60360821E-24       0.36217308E-13       0.92289917E-16       0.73044519E-25
129        0.12561133E-01       0.44631233E-01      -0.79224787E-12      -0.28582694E-14      -0.32091151E-30       0.11934613E-01       0.29659717E-04       0.10576168E-26       0.35721405E-12       0.97275601E-08      -0.20482600E-23       0.29388541E-13       0.72635405E-16       0.23610862E-24
130        0.12482959E-01       0.43603047E-01      -0.70325643E-12      -0.23591335E-14       0.30215013E-30       0.11726873E-01       0.28562486E-04       0.29770638E-27       0.68564773E-13       0.86062335E-08       0.19045238E-24       0.23845768E-13       0.57086863E-16      -0.33472664E-25
131        0.12405900E-01       0.42608967E-01      -0.62294080E-12      -0.19425883E-14      -0.11358337E-30       0.11522786E-01       0.27506139E-04      -0.92183035E-27       0.12976209E-11       0.76123837E-08       0.10820652E-23       0.19347122E-13       0.44795019E-16      -0.10858212E-24
132        0.12329931E-01       0.41647638E-01      -0.55075160E-12      -0.15962234E-14      -0.53705669E-30       0.11322280E-01       0.26489158E-04       0.67868615E-27       0.36051824E-11       0.67316461E-08      -0.18853892E-23       0.15696163E-13       0.35084977E-16       0.22195610E-24
133        0.12255024E-01       0.40717767E-01      -0.48609756E-12      -0.13091296E-14       0.21240160E-30       0.11125284E-01       0.25510080E-04       0.73684334E-27       0.66348697E-11       0.59512692E-08      -0.14615038E-23       0.12733354E-13       0.27426094E-16       0.17156401E-24
134        0.12181155E-01       0.39818118E-01      -0.42837292E-12      -0.10718329E-14       0.15802829E-30       0.10931730E-01       0.24567493E-04       0.16305546E-27       0.10099543E-10       0.52599344E-08       0.57422176E-24       0.10329149E-13       0.21392262E-16      -0.89093914E-25
135        0.12108297E-01       0.38947512E-01      -0.37697694E-12      -0.87618622E-15      -0.11647876E-29       0.10741552E-01       0.23660038E-04      -0.16010974E-26       0.13769979E-10       0.46475955E-08       0.25081215E-23       0.83783582E-14       0.16644251E-16      -0.27660075E-24
136        0.12036428E-01       0.38104820E-01      -0.33132758E-12      -0.71523981E-15       0.12083969E-29       0.10554684E-01       0.22786405E-04      -0.30282441E-27       0.17465432E-10       0.41053354E-08       0.62414774E-24       0.67955765E-14       0.12910608E-16      -0.71495080E-25
137        0.11965524E-01       0.37288964E-01      -0.29087062E-12      -0.58310503E-15       0.53424600E-30       0.10371063E-01       0.21945331E-04       0.46424924E-27       0.21045733E-10       0.36252395E-08      -0.13234608E-23       0.55114614E-14       0.99810024E-17       0.16191000E-24
138        0.11895562E-01       0.36498914E-01      -0.25508536E-12      -0.47482065E-15      -0.47509580E-31       0.10190627E-01       0.21135600E-04      -0.16071086E-26       0.24404684E-10       0.32002832E-08       0.26953055E-23       0.44697154E-14       0.76927716E-17      -0.30418688E-24
139        0.11826521E-01       0.35733683E-01      -0.22348784E-12      -0.38622712E-15       0.18039277E-30       0.10013316E-01       0.20356040E-04      -0.50289074E-27       0.27464501E-10       0.28242308E-08       0.10756312E-23       0.36246557E-14       0.59002016E-17      -0.13316099E-24
140        0.11758379E-01       0.34992329E-01      -0.19563209E-12      -0.31385167E-15       0.93532764E-30       0.98390708E-02       0.19605523E-04      -0.97709879E-27       0.30171128E-10       0.24915475E-08       0.89596279E-24       0.29391849E-14       0.45040961E-17      -0.86166534E-25
141        0.11691116E-01       0.34273951E-01      -0.17111016E-12      -0.25480556E-15       0.22612554E-30       0.96678337E-02       0.18882961E-04      -0.72851732E-27       0.32490263E-10       0.21973197E-08       0.16253654E-23       0.23831988E-14       0.34203284E-17      -0.19381592E-24
142        0.11624713E-01       0.33577686E-01      -0.14955107E-12      -0.20669357E-15       0.17045102E-29       0.94995490E-02       0.18187308E-04       0.23336071E-26       0.34403965E-10       0.19371857E-08      -0.29499348E-23       0.19322742E-14       0.25735459E-17       0.30456126E-24
143        0.11559149E-01       0.32902707E-01      -0.13061921E-12      -0.16753539E-15      -0.87999967E-30       0.93341617E-02       0.17517554E-04       0.42405086E-27       0.35907745E-10       0.17072725E-08      -0.10036246E-23       0.15665670E-14       0.19273242E-17       0.11871297E-24
144        0.11494407E-01       0.32248225E-01      -0.11401233E-12      -0.13569784E-15      -0.44035612E-30       0.91716185E-02       0.16872731E-04       0.21141157E-29       0.37008046E-10       0.15041419E-08      -0.10773513E-23       0.12699992E-14       0.14284130E-17       0.14701751E-24
145        0.11430468E-01       0.31613482E-01      -0.99459228E-13      -0.10983710E-15       0.61884799E-30       0.90118671E-02       0.16251902E-04      -0.48907891E-27       0.37720048E-10       0.13247407E-08       0.12807950E-23       0.10295074E-14       0.10515564E-17      -0.16317389E-24
146        0.11367314E-01       0.30997755E-01      -0.86717402E-13      -0.88849666E-16      -0.72401322E-30       0.88548564E-02       0.15654168E-04       0.28229138E-26       0.38065750E-10       0.11663582E-08      -0.30346269E-23       0.83451582E-15       0.75370152E-18       0.29896181E-24
147        0.11304929E-01       0.30400349E-01      -0.75570632E-13      -0.71831065E-16       0.92552247E-30       0.87005366E-02       0.15078663E-04       0.10250593E-26       0.38072289E-10       0.10265872E-08      -0.21924106E-23       0.67640822E-15       0.53617856E-18       0.24971179E-24
148        0.11243296E-01       0.29820600E-01      -0.65826639E-13      -0.58041151E-16      -0.62327191E-30       0.85488590E-02       0.14524553E-04       0.26089526E-26       0.37770455E-10       0.90329052E-09      -0.31711922E-23       0.54822483E-15       0.37030428E-18       0.32979729E-24
149        0.11182398E-01       0.29257869E-01      -0.57314831E-13      -0.46875181E-16      -0.83408699E-30       0.83997758E-02       0.13991034E-04       0.22095547E-26       0.37193404E-10       0.79457089E-09      -0.13987252E-23       0.44429956E-15       0.25338579E-18       0.12982681E-24
150        0.11122221E-01       0.28711548E-01      -0.49884165E-13      -0.37839714E-16       0.92197107E-30       0.82532406E-02       0.13477334E-04       0.11386781E-26       0.36375527E-10       0.69874405E-09       0.31766453E-25       0.36005083E-15       0.16900666E-18      -0.29678044E-25
151        0.11062749E-01       0.28181049E-01      -0.43401160E-13      -0.30532629E-16      -0.11949295E-29       0.81092076E-02       0.12982710E-04      -0.93871299E-27       0.35351483E-10       0.61431533E-09       0.23167339E-23       0.29175358E-15       0.11298714E-18      -0.28600587E-24
152        0.11003967E-01       0.27665813E-01      -0.37748046E-13      -0.24626604E-16      -0.16431034E-30       0.79676324E-02       0.12506445E-04      -0.13891525E-26       0.34155387E-10       0.53995859E-09       0.12597717E-23       0.23640273E-15       0.65976791E-19      -0.11842595E-24
153        0.10945861E-01       0.27165301E-01      -0.32821077E-13      -0.19855477E-16      -0.10489662E-29       0.78284714E-02       0.12047850E-04       0.19047422E-26       0.32820130E-10       0.47449765E-09      -0.18094406E-23       0.19154696E-15       0.26612988E-19       0.17431066E-24
154        0.10888417E-01       0.26678997E-01      -0.28528983E-13      -0.16003032E-16      -0.62964852E-30       0.76916818E-02       0.11606263E-04      -0.14227135E-26       0.31376840E-10       0.41688975E-09       0.31364440E-23       0.15516526E-15       0.27005336E-19      -0.37370803E-24
155        0.10831622E-01       0.26206405E-01      -0.24791567E-13      -0.12893779E-16       0.73513769E-30       0.75572219E-02       0.11181045E-04      -0.98180751E-27       0.29854472E-10       0.36621080E-09       0.11137543E-24       0.12570764E-15       0.44832497E-20       0.90069147E-26
156        0.10775463E-01       0.25747049E-01      -0.21538448E-13      -0.10385403E-16      -0.57503354E-30       0.74250508E-02       0.10771582E-04      -0.40349343E-26       0.28279509E-10       0.32164235E-09       0.50399042E-23       0.10180188E-15       0.23686618E-19      -0.54841273E-24
157        0.10719927E-01       0.25300475E-01      -0.18707916E-13      -0.83625766E-17       0.92230326E-31       0.72951285E-02       0.10377283E-04       0.18944538E-26       0.26675777E-10       0.28245989E-09      -0.18750439E-23       0.82481374E-16      -0.88875994E-20       0.18524472E-24
158        0.10665001E-01       0.24866243E-01      -0.16245920E-13      -0.67319122E-17       0.45754593E-30       0.71674158E-02       0.99975796E-05      -0.13208008E-26       0.25064346E-10       0.24802246E-09       0.22120790E-23       0.66776768E-16       0.16682204E-19      -0.24759842E-24
159        0.10610673E-01       0.24443934E-01      -0.14105157E-13      -0.54178338E-17       0.10174988E-29       0.70418743E-02       0.96319242E-05       0.80464299E-27       0.23463525E-10       0.21776335E-09      -0.14162329E-23       0.54090800E-16       0.98010562E-21       0.16360433E-24
160        0.10556933E-01       0.24033143E-01      -0.12244260E-13      -0.43592190E-17       0.68420997E-30       0.69184664E-02       0.92797903E-05      -0.16957022E-27       0.21888913E-10       0.19118186E-09      -0.74808953E-24       0.43790484E-16       0.12249873E-19       0.93522060E-25
161        0.10503768E-01       0.23633482E-01      -0.10627083E-13      -0.35066613E-17       0.60690515E-30       0.67971552E-02       0.89406712E-05       0.54248465E-27       0.20353517E-10       0.16783588E-09      -0.10566770E-23       0.35449967E-16       0.18607145E-19       0.11423466E-24
162        0.10451167E-01       0.23244579E-01      -0.92220620E-14      -0.28202466E-17       0.20022308E-30       0.66779046E-02       0.86140793E-05       0.10229965E-26       0.18867905E-10       0.14733528E-09      -0.82109347E-24       0.28688389E-16       0.29916667E-19       0.86439475E-25
163        0.10399119E-01       0.22866074E-01      -0.80016493E-14      -0.22677441E-17      -0.11524238E-29       0.65606793E-02       0.82995455E-05      -0.41741698E-27       0.17440393E-10       0.12933602E-09      -0.69547372E-24       0.23210855E-16       0.40403756E-19       0.10572237E-24
164        0.10347615E-01       0.22497624E-01      -0.69418194E-14      -0.18231395E-17       0.13435523E-29       0.64454446E-02       0.79966182E-05       0.95541424E-27       0.16077259E-10       0.11353494E-09      -0.53860039E-24       0.18769349E-16       0.54424578E-19       0.51037089E-25
165        0.10296644E-01       0.22138898E-01      -0.60216278E-14      -0.14654449E-17      -0.16202307E-29       0.63321664E-02       0.77048633E-05      -0.15372487E-26       0.14782951E-10       0.99664994E-10       0.13290988E-23       0.15149344E-16       0.89058640E-19      -0.14723870E-24
166        0.10246195E-01       0.21789577E-01      -0.52228251E-14      -0.11777348E-17       0.34425902E-30       0.62208115E-02       0.74238626E-05      -0.12720303E-26       0.13560317E-10       0.87491126E-10       0.13540413E-23       0.12229563E-16       0.10559831E-18      -0.13805910E-24
167        0.10196260E-01       0.21449355E-01      -0.45295177E-14      -0.94636387E-18      -0.12983262E-29       0.61113471E-02       0.71532140E-05       0.37644852E-26       0.12410818E-10       0.76806533E-10      -0.58690559E-23       0.99729826E-17       0.11443040E-19       0.67647125E-24
168        0.10146829E-01       0.21117936E-01      -0.39278692E-14      -0.76033566E-18       0.26400284E-30       0.60037412E-02       0.68925306E-05       0.13671555E-26       0.11334737E-10       0.67429363E-10      -0.21485827E-23       0.79968479E-17       0.84309616E-19       0.23874706E-24
169        0.10097893E-01       0.20795039E-01      -0.34058387E-14      -0.61079171E-18      -0.82728509E-30       0.58979623E-02       0.66414401E-05      -0.25035260E-26       0.10331376E-10       0.59199771E-10       0.17433748E-23       0.63615594E-17       0.17872449E-18      -0.17405635E-24
170        0.10049443E-01       0.20480389E-01      -0.29529518E-14      -0.49059687E-18       0.71359701E-30       0.57939797E-02       0.63995841E-05       0.13291928E-26       0.93992349E-11       0.51977316E-10      -0.13136340E-23       0.51514513E-17       0.14143639E-18       0.12062130E-24
171        0.10001470E-01       0.20173725E-01      -0.25600998E-14      -0.39400701E-18       0.23780135E-29       0.56917629E-02       0.61666180E-05       0.93973429E-27       0.85361737E-11       0.45638646E-10      -0.13615032E-24       0.40808801E-17       0.20224879E-18      -0.25290570E-25
172        0.99539658E-02       0.19874793E-01      -0.22193640E-14      -0.31639775E-18       0.85182037E-30       0.55912823E-02       0.59422102E-05       0.26192315E-26       0.77395604E-11       0.40075455E-10      -0.35700715E-23       0.33364280E-17       0.12936603E-18       0.39227939E-24
173        0.99069222E-02       0.19583350E-01      -0.19238620E-14      -0.25404829E-18      -0.96561907E-30       0.54925088E-02       0.57260414E-05      -0.14784673E-26       0.70063977E-11       0.35192674E-10       0.30861153E-23       0.23991393E-17       0.40510528E-18      -0.34264567E-24
174        0.98603312E-02       0.19299161E-01      -0.16676141E-14      -0.20396484E-18       0.75433265E-30       0.53954138E-02       0.55178046E-05       0.34233811E-26       0.63334335E-11       0.30906869E-10      -0.37070880E-23       0.20759352E-17       0.19290353E-18       0.38877705E-24
175        0.98141849E-02       0.19022000E-01      -0.14454258E-14      -0.16373935E-18      -0.85925396E-30       0.52999691E-02       0.53172043E-05      -0.42263138E-27       0.57172556E-11       0.27144832E-10       0.34192749E-24       0.14092288E-17       0.42630513E-18      -0.39946417E-25
176        0.97684758E-02       0.18751651E-01      -0.12527859E-14      -0.13143543E-18       0.58749029E-30       0.52061472E-02       0.51239562E-05       0.12878641E-26       0.51543705E-11       0.23842337E-10      -0.56327903E-24       0.10446154E-17       0.44027680E-18       0.32148819E-25
177        0.97231964E-02       0.18487902E-01      -0.10857774E-14      -0.10549588E-18       0.10386077E-29       0.51139210E-02       0.49377867E-05       0.20902629E-26       0.46412693E-11       0.20943044E-10      -0.35950298E-23       0.89937758E-18       0.30178289E-18       0.40185431E-24
178        0.96783396E-02       0.18230552E-01      -0.94099995E-15      -0.84668784E-19       0.12833475E-29       0.50232639E-02       0.47584326E-05      -0.26906089E-26       0.41744798E-11       0.18397536E-10       0.30503359E-23       0.30033881E-18       0.67123705E-18      -0.33559502E-24
179        0.96338982E-02       0.17979405E-01      -0.81550207E-15      -0.67948676E-19       0.19504867E-29       0.49341498E-02       0.45856405E-05       0.22125036E-26       0.37506095E-11       0.16162470E-10      -0.25615321E-23       0.44214046E-18       0.34369224E-18       0.28049055E-24
180        0.95898654E-02       0.17734275E-01      -0.70672253E-15      -0.54526245E-19      -0.15690603E-29       0.48465531E-02       0.44191667E-05      -0.15729483E-26       0.33663770E-11       0.14199827E-10       0.31408472E-23       0.43136312E-19       0.59241544E-18      -0.36437046E-24
181        0.95462346E-02       0.17494979E-01      -0.61243900E-15      -0.43752642E-19       0.14784752E-29       0.47604486E-02       0.42587766E-05       0.28808223E-26       0.30186370E-11       0.12476266E-10      -0.19434810E-23       0.21908593E-18       0.29489997E-18       0.16476877E-24
182        0.95029991E-02       0.17261342E-01      -0.53072348E-15      -0.35105424E-19       0.10122445E-29       0.46758115E-02       0.41042446E-05       0.95802291E-27       0.27043970E-11       0.10962540E-10      -0.53955191E-24       0.11295854E-18       0.30268428E-18       0.40969490E-25
183        0.94601526E-02       0.17033197E-01      -0.45990356E-15      -0.28165802E-19      -0.53541563E-30       0.45926175E-02       0.39553533E-05       0.28997728E-26       0.24208284E-11       0.96329971E-11      -0.34424477E-23       0.20433575E-18       0.13176294E-18       0.38569885E-24
184        0.94176889E-02       0.16810379E-01      -0.39852869E-15      -0.22596923E-19      -0.26269559E-29       0.45108428E-02       0.38118938E-05       0.24727167E-26       0.21652737E-11       0.84651362E-11      -0.32997689E-23       0.17105565E-18       0.10070333E-18       0.36262087E-24
185        0.93756019E-02       0.16592733E-01      -0.34534092E-15      -0.18127699E-19      -0.19203901E-29       0.44304638E-02       0.36736648E-05      -0.12418581E-26       0.19352479E-11       0.74392173E-11      -0.23422229E-24       0.43557435E-19       0.17616240E-18       0.52270059E-25
186        0.93338857E-02       0.16380105E-01      -0.29924943E-15      -0.14542219E-19       0.13766051E-29       0.43514575E-02       0.35404730E-05       0.41906234E-26       0.17284387E-11       0.65379225E-11      -0.20025892E-23       0.84630383E-19       0.93007763E-19       0.14484073E-24
187        0.92925346E-02       0.16172351E-01      -0.25930839E-15      -0.11665234E-19      -0.15477909E-29       0.42738013E-02       0.34121318E-05       0.12302006E-26       0.15427029E-11       0.57460572E-11      -0.19822744E-23       0.81972314E-19       0.61633944E-19       0.21147057E-24
188        0.92515428E-02       0.15969328E-01      -0.22469781E-15      -0.93569702E-20       0.10682254E-29       0.41974728E-02       0.32884620E-05       0.21452239E-27       0.13760613E-11       0.50502882E-11      -0.13376776E-23       0.55389412E-19       0.60697224E-19       0.14821322E-24
189        0.92109049E-02       0.15770899E-01      -0.19470682E-15      -0.75049391E-20       0.17072816E-29       0.41224502E-02       0.31692912E-05      -0.14858695E-26       0.12266923E-11       0.44389148E-11       0.24184436E-23      -0.65380439E-19       0.15921252E-18      -0.27773814E-24
190        0.91706155E-02       0.15576934E-01      -0.16871917E-15      -0.60195684E-20      -0.24838453E-30       0.40487118E-02       0.30544531E-05       0.69369109E-27       0.10929243E-11       0.39016678E-11      -0.13281007E-23       0.47473061E-19       0.28371523E-19       0.15571072E-24
191        0.91306694E-02       0.15387303E-01      -0.14620074E-15      -0.48278917E-20      -0.12566252E-29       0.39762367E-02       0.29437880E-05       0.22397131E-26       0.97322752E-12       0.34295331E-11      -0.37554459E-23       0.11390007E-18      -0.52598476E-19       0.41484107E-24
192        0.90910613E-02       0.15201885E-01      -0.12668856E-15      -0.38720356E-20      -0.78807327E-31       0.39050038E-02       0.28371420E-05      -0.11153680E-26       0.86620564E-12       0.30145977E-11       0.12294735E-23      -0.28733680E-19       0.78272217E-19      -0.11550083E-24
193        0.90517864E-02       0.15020560E-01      -0.10978138E-15      -0.31055562E-20      -0.53093190E-30       0.38349929E-02       0.27343670E-05       0.16056946E-26       0.77058683E-12       0.26499143E-11      -0.18479030E-23       0.53623683E-19      -0.13587887E-19       0.19778090E-24
194        0.90128398E-02       0.14843212E-01      -0.95131475E-16      -0.24905039E-20       0.18577792E-29       0.37661837E-02       0.26353206E-05       0.12571823E-26       0.68521522E-12       0.23293830E-11      -0.74397393E-24       0.21564734E-19       0.10786568E-19       0.68980092E-25
195        0.89742166E-02       0.14669731E-01      -0.82437472E-16      -0.19973260E-20      -0.44898207E-30       0.36985566E-02       0.25398655E-05      -0.66892936E-27       0.60904230E-12       0.20476471E-11       0.59169161E-24      -0.13310546E-19       0.39450225E-19      -0.60396122E-25
196        0.89359122E-02       0.14500010E-01      -0.71438226E-16      -0.16017844E-20       0.69699409E-30       0.36320919E-02       0.24478697E-05      -0.93731135E-27       0.54111861E-12       0.18000021E-11       0.67566242E-24      -0.16041519E-19       0.37161664E-19      -0.75151249E-25
197        0.88979220E-02       0.14333943E-01      -0.61907439E-16      -0.12842899E-20      -0.15751539E-29       0.35667707E-02       0.23592061E-05       0.32351640E-27       0.48058583E-12       0.15823160E-11      -0.17156339E-23       0.47342647E-19      -0.30277064E-19       0.21271606E-24
198        0.88602415E-02       0.14171430E-01      -0.53649016E-16      -0.10300806E-20       0.94225629E-30       0.35025740E-02       0.22737524E-05       0.46341561E-27       0.42666920E-12       0.13909593E-11      -0.19817691E-23       0.53110383E-19      -0.39322863E-19       0.23791054E-24
199        0.88228665E-02       0.14012375E-01      -0.46493044E-16      -0.82568401E-21       0.15266723E-29       0.34394834E-02       0.21913907E-05       0.20926192E-26       0.37867032E-12       0.12227434E-11      -0.87159751E-24       0.20237162E-19      -0.90997159E-20       0.62898217E-25
200        0.87857926E-02       0.13856681E-01      -0.40292294E-16      -0.66206733E-21       0.43927830E-29       0.33774806E-02       0.21120078E-05       0.21846152E-26       0.33596048E-12       0.10748669E-11      -0.70581027E-24       0.16386891E-19      -0.73901970E-20       0.54212344E-25
201        0.87490156E-02       0.13704260E-01      -0.34919201E-16      -0.53106686E-21      -0.20695090E-29       0.33165479E-02       0.20354944E-05       0.10040139E-26       0.29797439E-12       0.94486850E-12      -0.12559401E-23       0.31533798E-19      -0.24266212E-19       0.13594565E-24
202        0.87125316E-02       0.13555021E-01      -0.30263232E-16      -0.42588509E-21      -0.21498673E-29       0.32566675E-02       0.19617455E-05       0.22713396E-26       0.26420431E-12       0.83058523E-12      -0.30494222E-23       0.76058638E-19      -0.70186879E-19       0.34086114E-24
203        0.86763364E-02       0.13408880E-01      -0.26228619E-16      -0.34133844E-21      -0.10085118E-30       0.31978220E-02       0.18906599E-05      -0.25481936E-26       0.23419471E-12       0.73011644E-12       0.19773468E-23      -0.47191697E-19       0.51930109E-19      -0.20225596E-24
204        0.86404262E-02       0.13265753E-01      -0.22732390E-16      -0.27381487E-21      -0.28922683E-29       0.31399946E-02       0.18221402E-05       0.12534230E-27       0.20753727E-12       0.64179174E-12      -0.77862126E-24       0.18670615E-19      -0.14841773E-19       0.74092141E-25
205        0.86047973E-02       0.13125562E-01      -0.19702650E-16      -0.21981965E-21      -0.28409511E-29       0.30831684E-02       0.17560927E-05       0.24414872E-26       0.18386635E-12       0.56414302E-12      -0.69350411E-24       0.15763285E-19      -0.12671233E-19       0.60685584E-25
206        0.85694457E-02       0.12988227E-01      -0.17077114E-16      -0.17576864E-21       0.25713532E-29       0.30273268E-02       0.16924271E-05      -0.48756252E-26       0.16285476E-12       0.49587989E-12       0.60141765E-23      -0.14518011E-18       0.14767118E-18      -0.64275875E-24
207        0.85343680E-02       0.12853675E-01      -0.14801809E-16      -0.14112802E-21      -0.41876707E-29       0.29724537E-02       0.16310564E-05       0.66943216E-27       0.14420999E-12       0.43586811E-12       0.14150739E-23      -0.38193111E-19       0.40207627E-19      -0.21093224E-24
208        0.84995605E-02       0.12721831E-01      -0.12829979E-16      -0.11317473E-21       0.61169666E-30       0.29185331E-02       0.15718970E-05      -0.60601939E-27       0.12767071E-12       0.38311060E-12       0.15132358E-24      -0.33861948E-20       0.50135800E-20      -0.16180407E-25
209        0.84650196E-02       0.12592626E-01      -0.11121111E-16      -0.90939608E-22      -0.13379861E-29       0.28655493E-02       0.15148684E-05       0.93650643E-26       0.11300360E-12       0.33673090E-12      -0.92812056E-23       0.22233471E-18      -0.22101254E-18       0.97381068E-24
210        0.84307421E-02       0.12465990E-01      -0.96401086E-17      -0.72905899E-22       0.50068820E-30       0.28134867E-02       0.14598928E-05      -0.13930580E-26       0.10000050E-12       0.29595846E-12      -0.11403317E-23       0.31540585E-19      -0.30478794E-19       0.17625519E-24
211        0.83967245E-02       0.12341859E-01      -0.83565516E-17      -0.58192144E-22      -0.32687325E-29       0.27623303E-02       0.14068956E-05       0.50958659E-26       0.88475819E-13       0.26011586E-12      -0.25321100E-23       0.57419875E-19      -0.56561228E-19       0.22039109E-24
212        0.83629635E-02       0.12220167E-01      -0.72440957E-17      -0.46848310E-22      -0.20441748E-29       0.27120649E-02       0.13558048E-05      -0.22604327E-27       0.78264146E-13       0.22860756E-12       0.52139278E-24      -0.14427059E-19       0.15117928E-19      -0.83056874E-25
213        0.83294559E-02       0.12100851E-01      -0.62799068E-17      -0.37915631E-22       0.18498509E-29       0.26626760E-02       0.13065512E-05      -0.19685695E-26       0.69218170E-13       0.20090992E-12       0.78824383E-24      -0.15477458E-19       0.16034739E-19      -0.32658178E-25
214        0.82961986E-02       0.11983853E-01      -0.54442097E-17      -0.30931333E-22      -0.28842558E-29       0.26141488E-02       0.12590680E-05      -0.34208967E-26       0.61206754E-13       0.17656258E-12       0.62900906E-23      -0.15707523E-18       0.15752015E-18      -0.73449702E-24
215        0.82631884E-02       0.11869112E-01      -0.47198508E-17      -0.24277558E-22       0.50476170E-29       0.25664693E-02       0.12132910E-05       0.48109205E-26       0.54113214E-13       0.15516078E-12      -0.20302184E-23       0.45155211E-19      -0.44789871E-19       0.16158355E-24
216        0.82304224E-02       0.11756573E-01      -0.40919896E-17      -0.19424993E-22      -0.52805166E-29       0.25196233E-02       0.11691582E-05      -0.36323668E-27       0.47833778E-13       0.13634860E-12       0.42682466E-24      -0.10372192E-19       0.10665194E-19      -0.44648218E-25
217        0.81978975E-02       0.11646179E-01      -0.35477528E-17      -0.15447913E-22      -0.67893275E-30       0.24735971E-02       0.11266101E-05       0.30092039E-26       0.42276193E-13       0.11981315E-12      -0.30163022E-24       0.46375134E-20      -0.44004654E-20      -0.16193933E-26
218        0.81656109E-02       0.11537878E-01      -0.30759933E-17      -0.12381493E-22      -0.20960307E-29       0.24283769E-02       0.10855894E-05       0.38125623E-26       0.37358481E-13       0.10527927E-12      -0.58423247E-23       0.14717757E-18      -0.14698142E-18       0.67342189E-24
219        0.81335597E-02       0.11431618E-01      -0.26670421E-17      -0.97635506E-23      -0.95075121E-31       0.23839496E-02       0.10460406E-05      -0.55503926E-27       0.33007823E-13       0.92505053E-13       0.35982738E-24      -0.78997474E-20       0.80535906E-20      -0.24768586E-25
220        0.81017411E-02       0.11327347E-01      -0.23125332E-17      -0.83060132E-23       0.43699595E-30       0.23403017E-02       0.10079105E-05       0.44487648E-26       0.29159557E-13       0.81277796E-13      -0.38141698E-23       0.95235318E-19      -0.95107586E-19       0.42115747E-24
221        0.80701524E-02       0.11225018E-01      -0.20052064E-17      -0.56421106E-23      -0.28856420E-30       0.22974205E-02       0.97114797E-06      -0.31856571E-26       0.25756289E-13       0.71410473E-13       0.40811016E-23      -0.10375419E-18       0.10385100E-18      -0.46707362E-24
222        0.80387908E-02       0.11124582E-01      -0.17387736E-17      -0.49976256E-23      -0.37310810E-29       0.22552931E-02       0.93570345E-06      -0.10545370E-26       0.22747086E-13       0.62738644E-13       0.24481716E-23      -0.62761231E-19       0.62840074E-19      -0.28256929E-24
223        0.80076537E-02       0.11025994E-01      -0.15077894E-17      -0.45276344E-23       0.44119525E-29       0.22139069E-02       0.90152940E-06       0.37082173E-26       0.20086770E-13       0.55117728E-13      -0.17113329E-23       0.39847156E-19      -0.39780296E-19       0.14280545E-24
224        0.79767386E-02       0.10929209E-01      -0.13075283E-17      -0.26996163E-23       0.14020203E-29       0.21732497E-02       0.86857999E-06       0.37350336E-26       0.17735275E-13       0.48420601E-13      -0.63233586E-24       0.11250430E-19      -0.11197127E-19       0.65176406E-26
225        0.79460429E-02       0.10834183E-01      -0.11339013E-17      -0.31524517E-23      -0.20204170E-29       0.21333092E-02       0.83681105E-06       0.46744446E-27       0.15657080E-13       0.42535498E-13      -0.11178682E-23       0.26747205E-19      -0.26703687E-19       0.94527146E-25
226        0.79155641E-02       0.10740874E-01      -0.98335761E-18      -0.13546959E-23      -0.33572071E-29       0.20940735E-02       0.80618005E-06      -0.11538991E-26       0.13820700E-13       0.37364151E-13       0.15963412E-23      -0.41126630E-19       0.41159525E-19      -0.17533077E-24
227        0.78852998E-02       0.10649241E-01      -0.85283028E-18      -0.15656695E-23       0.58311234E-30       0.20555308E-02       0.77664600E-06       0.17921276E-27       0.12198239E-13       0.32820169E-13       0.12725507E-23      -0.36648172E-19       0.36674758E-19      -0.19090554E-24
228        0.78552475E-02       0.10559243E-01      -0.73965592E-18      -0.95268028E-24      -0.19969826E-30       0.20176694E-02       0.74816942E-06       0.63927234E-26       0.10764983E-13       0.28827595E-13      -0.28713945E-23       0.67491987E-19      -0.67467093E-19       0.22272052E-24
229        0.78254049E-02       0.10470844E-01      -0.64151535E-18      -0.10700320E-23       0.30459174E-29       0.19804780E-02       0.72071229E-06       0.15156200E-26       0.94990453E-14       0.25319655E-13       0.16442109E-23      -0.49412558E-19       0.49429175E-19      -0.26538075E-24
230        0.77957698E-02       0.10384003E-01      -0.55641568E-18      -0.36171995E-24      -0.41724403E-29       0.19439454E-02       0.69423796E-06       0.53170146E-26       0.83810420E-14       0.22237645E-13      -0.58722659E-23       0.15222734E-18      -0.15220766E-18       0.61368959E-24
231        0.77663397E-02       0.10298686E-01      -0.48261776E-18       0.69318864E-25       0.56431352E-29       0.19080604E-02       0.66871112E-06      -0.22820126E-26       0.73938181E-14       0.19529958E-13       0.25309334E-23      -0.65404413E-19       0.65413879E-19      -0.25487223E-24
232        0.77371125E-02       0.10214857E-01      -0.41862704E-18      -0.42238111E-24       0.52225046E-29       0.18728122E-02       0.64409776E-06      -0.71478212E-26       0.65221856E-14       0.17151230E-13       0.59970570E-23      -0.15530858E-18       0.15531272E-18      -0.60514989E-24
233        0.77080860E-02       0.10132480E-01      -0.36312445E-18      -0.79448663E-24      -0.37092146E-29       0.18381901E-02       0.62036509E-06       0.66028953E-26       0.57527046E-14       0.15061583E-13      -0.66867909E-23       0.17681946E-18      -0.17680598E-18       0.70661046E-24
234        0.76792581E-02       0.10051523E-01      -0.31499610E-18      -0.43977021E-25      -0.32037587E-29       0.18041835E-02       0.59748155E-06      -0.85374427E-27       0.50734893E-14       0.13225960E-13       0.13293955E-24      -0.34481616E-20       0.34541821E-20      -0.14377505E-25
235        0.76506266E-02       0.99719516E-02      -0.27325255E-18      -0.69890788E-24      -0.79781298E-29       0.17707821E-02       0.57541669E-06      -0.74236683E-27       0.44740196E-14       0.11613551E-13       0.32498597E-23      -0.92385430E-19       0.92387572E-19      -0.41089726E-24
236        0.76221894E-02       0.98937354E-02      -0.23704609E-18       0.12846979E-24      -0.41634348E-29       0.17379757E-02       0.55414120E-06      -0.45752181E-26       0.39449945E-14       0.10197273E-13       0.49511794E-23      -0.13340908E-18       0.13340871E-18      -0.52316910E-24
237        0.75939445E-02       0.98168431E-02      -0.20564655E-18      -0.53928600E-24       0.21542594E-29       0.17057541E-02       0.53362681E-06      -0.44145178E-26       0.34781881E-14       0.89533228E-14       0.42951831E-23      -0.11497422E-18       0.11497365E-18      -0.43538359E-24
238        0.75658899E-02       0.97412444E-02      -0.17840999E-18       0.26400313E-24      -0.86208914E-29       0.16741076E-02       0.51384631E-06      -0.26816381E-26       0.30663284E-14       0.78607790E-14       0.36064784E-23      -0.10148508E-18       0.10148453E-18      -0.42047497E-24
239        0.75380237E-02       0.96669102E-02      -0.15478933E-18       0.14858834E-23      -0.13095865E-29       0.16430263E-02       0.49477344E-06       0.47596276E-26       0.27029864E-14       0.69012558E-14      -0.63328378E-23       0.17745743E-18      -0.17744981E-18       0.71469955E-24
240        0.75103438E-02       0.95938119E-02      -0.13430070E-18      -0.49517527E-24      -0.99165815E-30       0.16125007E-02       0.47638292E-06       0.69159700E-26       0.23824818E-14       0.60585927E-14      -0.32467363E-23       0.82898016E-19      -0.82893421E-19       0.26363944E-24
241        0.74828484E-02       0.95219218E-02      -0.11652017E-18       0.38179987E-25       0.36939422E-30       0.15825214E-02       0.45865038E-06       0.41766267E-27       0.20997931E-14       0.53185900E-14      -0.20429354E-23       0.59375746E-19      -0.59372614E-19       0.24640921E-24
242        0.74555356E-02       0.94512129E-02      -0.10110364E-18       0.72856676E-24       0.31717278E-29       0.15530791E-02       0.44155234E-06       0.23715923E-26       0.18504829E-14       0.46687701E-14      -0.27585821E-23       0.77685515E-19      -0.77682002E-19       0.29944578E-24
243        0.74284035E-02       0.93816590E-02      -0.87730206E-19      -0.48648594E-25       0.32572326E-29       0.15241647E-02       0.42506614E-06      -0.13824508E-26       0.16306327E-14       0.40981667E-14       0.74323748E-24      -0.19368538E-19       0.19368752E-19      -0.60138106E-25
244        0.74014503E-02       0.93132345E-02      -0.76123360E-19       0.89007763E-25       0.46594792E-29       0.14957691E-02       0.40916999E-06       0.38021872E-26       0.14367790E-14       0.35971464E-14      -0.38667357E-23       0.10863693E-18      -0.10863281E-18       0.39940644E-24
245        0.73746743E-02       0.92459145E-02      -0.66053882E-19       0.67826986E-25       0.56955154E-29       0.14678835E-02       0.39384283E-06       0.24741955E-26       0.12658655E-14       0.31572415E-14      -0.19124611E-23       0.52828367E-19      -0.52826099E-19       0.18175933E-24
246        0.73480737E-02       0.91796748E-02      -0.57321625E-19      -0.16107549E-24       0.96113049E-30       0.14404993E-02       0.37906442E-06      -0.22193632E-27       0.11151910E-14       0.27710148E-14      -0.11346822E-23       0.31917484E-19      -0.31916013E-19       0.10836308E-24
247        0.73216468E-02       0.91144917E-02      -0.49743447E-19       0.19083182E-24      -0.21204410E-29       0.14136078E-02       0.36481521E-06       0.83154077E-26       0.98237049E-15       0.24319320E-14      -0.50967396E-23       0.14178775E-18      -0.14178286E-18       0.48066108E-24
248        0.72953918E-02       0.90503422E-02      -0.43163164E-19       0.66679150E-24      -0.98108518E-30       0.13872007E-02       0.35107636E-06       0.14970005E-27       0.86530089E-15       0.21342497E-14       0.17609273E-24      -0.51087336E-20       0.51088740E-20      -0.15646881E-25
249        0.72693071E-02       0.89872041E-02      -0.37467138E-19      -0.12009707E-24       0.49715858E-29       0.13612696E-02       0.33782973E-06      -0.31751282E-26       0.76212203E-15       0.18729260E-14       0.18206356E-23      -0.50209181E-19       0.50207795E-19      -0.15789679E-24
250        0.72433910E-02       0.89250554E-02      -0.32517751E-19      -0.61632920E-24       0.13801670E-29       0.13358065E-02       0.32505782E-06      -0.12622992E-26       0.67119366E-15       0.16435303E-14       0.21029593E-23      -0.62639921E-19       0.62638270E-19      -0.22852267E-24
251        0.72176419E-02       0.88638749E-02      -0.28224397E-19       0.81206349E-24       0.36018329E-29       0.13108031E-02       0.31274375E-06      -0.73644851E-27       0.59106845E-15       0.14421702E-14       0.80968907E-24      -0.24190729E-19       0.24190175E-19      -0.86941774E-25
252        0.71920582E-02       0.88036420E-02      -0.24485887E-19       0.11927489E-23      -0.80419758E-29       0.12862518E-02       0.30087127E-06       0.33032434E-26       0.52046874E-15       0.12654272E-14       0.85731874E-24      -0.35617028E-19       0.35616487E-19      -0.20308597E-24
253        0.71666384E-02       0.87443364E-02      -0.21259242E-19       0.87613301E-24      -0.85353276E-29       0.12621446E-02       0.28942469E-06      -0.11114750E-26       0.45826796E-15       0.11102978E-14      -0.20225185E-24       0.87416590E-20      -0.87414006E-20       0.49274130E-25
254        0.71413808E-02       0.86859385E-02      -0.18453784E-19      -0.34660246E-24      -0.24708379E-29       0.12384740E-02       0.27838892E-06       0.70028095E-26       0.40346972E-15       0.97414661E-15      -0.10953999E-22       0.33810374E-18      -0.33809409E-18       0.12368289E-23
255        0.71162840E-02       0.86284291E-02      -0.16008931E-19       0.15255561E-23      -0.89872294E-29       0.12152324E-02       0.26774936E-06      -0.60395539E-26       0.35520076E-15       0.85465321E-15       0.71427108E-23      -0.21761582E-18       0.21760961E-18      -0.76083060E-24
256        0.70913464E-02       0.85717895E-02      -0.13900383E-19       0.13999576E-23      -0.99330467E-29       0.11924124E-02       0.25749199E-06       0.11042226E-26       0.31268154E-15       0.74978903E-15      -0.43349441E-23       0.13836318E-18      -0.13835936E-18       0.52041202E-24
257        0.70665666E-02       0.85160016E-02      -0.12066553E-19       0.46816609E-24       0.62445579E-29       0.11700067E-02       0.24760324E-06      -0.13473460E-26       0.27523397E-15       0.65776316E-15       0.50988286E-23      -0.16513496E-18       0.16513059E-18      -0.62611298E-24
258        0.70419431E-02       0.84610476E-02      -0.10475028E-19       0.44980560E-24      -0.89130705E-29       0.11480082E-02       0.23807007E-06      -0.65484096E-26       0.24225417E-15       0.57700879E-15       0.53604579E-23      -0.16044753E-18       0.16044280E-18      -0.50186407E-24
259        0.70174744E-02       0.84069102E-02      -0.90950652E-20      -0.71565857E-24       0.75052593E-29       0.11264098E-02       0.22887989E-06       0.35835824E-27       0.21321017E-15       0.50614952E-15      -0.32374822E-23       0.10668125E-18      -0.10667842E-18       0.40386107E-24
260        0.69931592E-02       0.83535724E-02      -0.78936601E-20      -0.16035750E-23       0.77479359E-29       0.11052045E-02       0.22002055E-06       0.69735141E-26       0.18763553E-15       0.44397419E-15      -0.67604916E-23       0.21096503E-18      -0.21095905E-18       0.70223095E-24
261        0.69689961E-02       0.83010179E-02      -0.68508231E-20       0.15936060E-24      -0.41896150E-29       0.10843856E-02       0.21148034E-06      -0.50859023E-26       0.16511915E-15       0.38941922E-15       0.37240213E-23      -0.11664825E-18       0.11664499E-18      -0.38695765E-24
262        0.69449836E-02       0.82492306E-02      -0.59475641E-20       0.22894781E-24      -0.24870195E-30       0.10639464E-02       0.20324799E-06      -0.10200030E-26       0.14529386E-15       0.34155556E-15       0.35428299E-23      -0.11558832E-18       0.11558524E-18      -0.40553221E-24
263        0.69211204E-02       0.81981948E-02      -0.51785074E-20      -0.26098197E-24      -0.15787101E-28       0.10438801E-02       0.19531261E-06       0.32193367E-26       0.12783990E-15       0.29956364E-15      -0.40143411E-23       0.12924689E-18      -0.12924335E-18       0.43607920E-24
264        0.68974052E-02       0.81478953E-02      -0.44843839E-20       0.12280976E-23      -0.70207708E-29       0.10241804E-02       0.18766369E-06      -0.32507953E-26       0.11247696E-15       0.26272247E-15       0.79171897E-23      -0.26357833E-18       0.26357144E-18      -0.92720291E-24
265        0.68738366E-02       0.80983171E-02      -0.39030641E-20       0.11334532E-23      -0.24848086E-29       0.10048408E-02       0.18029113E-06      -0.27514245E-26       0.98952855E-16       0.23040417E-15       0.53443874E-23      -0.17841484E-18       0.17841019E-18      -0.62181242E-24
266        0.68504133E-02       0.80494458E-02      -0.33799944E-20      -0.21667303E-25      -0.11476578E-28       0.98585513E-03       0.17318516E-06      -0.58714821E-26       0.87049590E-16       0.20205342E-15       0.44236994E-23      -0.14176597E-18       0.14176208E-18      -0.44609344E-24
267        0.68271341E-02       0.80012670E-02      -0.29320485E-20       0.40776935E-24       0.92072793E-30       0.96721708E-03       0.16633637E-06      -0.67144512E-26       0.76573290E-16       0.17718448E-15       0.34709785E-23      -0.10700948E-18       0.10700639E-18      -0.30119095E-24
268        0.68039977E-02       0.79537670E-02      -0.25411025E-20       0.13367873E-23      -0.54419083E-31       0.94892061E-03       0.15973568E-06      -0.15381018E-26       0.67353068E-16       0.15537107E-15       0.15254007E-24      -0.20501758E-20       0.20500232E-20       0.13883783E-25
269        0.67810028E-02       0.79069323E-02      -0.22114633E-20       0.12919881E-24       0.20468253E-29       0.93095974E-03       0.15337434E-06      -0.28145953E-26       0.59239897E-16       0.13623753E-15      -0.46102793E-24       0.24416986E-19      -0.24416649E-19       0.14139122E-24
270        0.67581481E-02       0.78607497E-02      -0.19149858E-20      -0.19512265E-23       0.14262113E-28       0.91332859E-03       0.14724391E-06       0.58041622E-26       0.52099963E-16       0.11945666E-15      -0.39632512E-23       0.12867012E-18      -0.12866662E-18       0.38669414E-24
271        0.67354326E-02       0.78152062E-02      -0.16871344E-20      -0.24378698E-23      -0.48733131E-29       0.89602136E-03       0.14133624E-06       0.51200925E-26       0.45818431E-16       0.10473825E-15      -0.45126720E-23       0.14958242E-18      -0.14957844E-18       0.45952540E-24
272        0.67128549E-02       0.77702894E-02      -0.14442438E-20       0.18664617E-23       0.60910608E-30       0.87903236E-03       0.13564349E-06      -0.61113131E-26       0.40293193E-16       0.91828595E-16       0.62608866E-23      -0.21249234E-18       0.21248685E-18      -0.67138826E-24
273        0.66904139E-02       0.77259869E-02      -0.12734717E-20       0.53365723E-24      -0.46601561E-29       0.86235599E-03       0.13015807E-06      -0.53658078E-27       0.35430668E-16       0.80508683E-16       0.41715067E-23      -0.14636337E-18       0.14635974E-18      -0.48138607E-24
274        0.66681084E-02       0.76822868E-02      -0.11160050E-20       0.82276227E-24      -0.70658698E-29       0.84598674E-03       0.12487269E-06      -0.14218710E-26       0.31153259E-16       0.70581522E-16       0.20086009E-24      -0.42645091E-20       0.42643149E-20       0.34401247E-26
275        0.66459373E-02       0.76391773E-02      -0.95990029E-21      -0.75319290E-24       0.80357596E-29       0.82991920E-03       0.11978030E-06      -0.96896759E-27       0.27390632E-16       0.61876252E-16      -0.23444717E-23       0.88265068E-19      -0.88263064E-19       0.32188965E-24
276        0.66238993E-02       0.75966470E-02      -0.81500731E-21      -0.10185636E-23      -0.62437349E-29       0.81414804E-03       0.11487410E-06      -0.10607471E-25       0.24082667E-16       0.54241137E-16       0.11319062E-22      -0.39144726E-18       0.39143731E-18      -0.11917043E-23
277        0.66019935E-02       0.75546849E-02      -0.71279824E-21      -0.65447716E-24       0.27151927E-29       0.79866802E-03       0.11014754E-06      -0.68014989E-26       0.21171280E-16       0.47548192E-16       0.55684801E-23      -0.19464204E-18       0.19463716E-18      -0.60082274E-24
278        0.65802185E-02       0.75132799E-02      -0.63329825E-21      -0.36233190E-24      -0.89020660E-29       0.78347399E-03       0.10559430E-06      -0.49516482E-26       0.18611229E-16       0.41679237E-16       0.55423208E-23      -0.19567417E-18       0.19566931E-18      -0.60038709E-24
279        0.65585735E-02       0.74724213E-02      -0.54518330E-21      -0.31163697E-24       0.14683380E-28       0.76856088E-03       0.10120827E-06       0.49454513E-26       0.16358564E-16       0.36534708E-16      -0.65471457E-23       0.23499913E-18      -0.23499341E-18       0.73340161E-24
280        0.65370572E-02       0.74320990E-02      -0.46237474E-21       0.33859203E-23       0.92862637E-29       0.75392371E-03       0.96983574E-07       0.10603747E-26       0.14379131E-16       0.32022722E-16      -0.41107792E-23       0.14948588E-18      -0.14948229E-18       0.46788336E-24
281        0.65156687E-02       0.73923025E-02      -0.42589403E-21      -0.55558918E-24       0.74970534E-30       0.73955758E-03       0.92914539E-07      -0.67772135E-27       0.12638486E-16       0.28067049E-16      -0.26707034E-23       0.10101509E-18      -0.10101278E-18       0.33481839E-24
282        0.64944068E-02       0.73530220E-02      -0.35096848E-21       0.20605358E-23      -0.14329840E-28       0.72545768E-03       0.88995688E-07       0.46652167E-26       0.11107428E-16       0.24599708E-16      -0.21693075E-23       0.69221617E-19      -0.69219648E-19       0.14978894E-24
283        0.64732704E-02       0.73142479E-02      -0.30851442E-21      -0.46230750E-24      -0.11096238E-28       0.71161927E-03       0.85221742E-07      -0.10963084E-25       0.97636017E-17       0.21557724E-16       0.12684069E-22      -0.45993640E-18       0.45992527E-18      -0.13627679E-23
284        0.64522587E-02       0.72759706E-02      -0.27568191E-21       0.21448344E-23      -0.90824195E-29       0.69803769E-03       0.81587605E-07       0.24507489E-26       0.85786075E-17       0.18894575E-16      -0.20828966E-23       0.75880744E-19      -0.75878916E-19       0.22311604E-24
285        0.64313704E-02       0.72381808E-02      -0.21493865E-21      -0.34773109E-23      -0.14504933E-29       0.68470836E-03       0.78088364E-07       0.17329026E-26       0.75386605E-17       0.16558267E-16       0.96064491E-24      -0.37282530E-19       0.37281695E-19      -0.11742890E-24
286        0.64106047E-02       0.72008694E-02      -0.20203110E-21      -0.93875384E-24      -0.95607147E-30       0.67162679E-03       0.74719278E-07       0.33403758E-26       0.66238335E-17       0.14510978E-16      -0.28065597E-23       0.99959429E-19      -0.99956938E-19       0.26777322E-24
287        0.63899605E-02       0.71640277E-02      -0.18789364E-21      -0.75497875E-24       0.17417386E-28       0.65878853E-03       0.71475772E-07       0.65943802E-26       0.58196278E-17       0.12716510E-16      -0.57035300E-23       0.20680860E-18      -0.20680356E-18       0.57026352E-24
288        0.63694369E-02       0.71276470E-02      -0.15753245E-21       0.36422519E-23      -0.33804743E-30       0.64618925E-03       0.68353435E-07       0.76565977E-26       0.51129929E-17       0.11143410E-16      -0.57824699E-23       0.20640268E-18      -0.20639754E-18       0.53506432E-24
289        0.63490328E-02       0.70917188E-02      -0.10920073E-21       0.24676151E-23       0.15314378E-30       0.63382466E-03       0.65348010E-07       0.64280891E-26       0.44918200E-17       0.97647188E-17      -0.10386202E-22       0.39233642E-18      -0.39232732E-18       0.11325997E-23
290        0.63287473E-02       0.70562347E-02      -0.11898477E-21      -0.12131164E-23       0.39737717E-29       0.62169056E-03       0.62455390E-07       0.63382615E-26       0.39464326E-17       0.85558226E-17      -0.50405311E-23       0.18645260E-18      -0.18644815E-18       0.50889853E-24
291        0.63085794E-02       0.70211868E-02      -0.11600632E-21       0.41509789E-23       0.41883835E-29       0.60978281E-03       0.59671613E-07      -0.46596751E-26       0.34680046E-17       0.74954487E-17       0.29555352E-23      -0.10962465E-18       0.10962204E-18      -0.29754764E-24
292        0.62885283E-02       0.69865671E-02      -0.85193815E-22       0.38513912E-23       0.60338113E-29       0.59809734E-03       0.56992856E-07      -0.12080541E-26       0.30461893E-17       0.65675266E-17       0.87733762E-24      -0.30640599E-19       0.30639810E-19      -0.68250226E-25
293        0.62685929E-02       0.69523679E-02      -0.86021482E-22      -0.46653815E-23      -0.16048402E-29       0.58663017E-03       0.54415430E-07       0.50745487E-26       0.26748245E-17       0.57550333E-17      -0.70875499E-23       0.27419119E-18      -0.27418498E-18       0.77819712E-24
294        0.62487724E-02       0.69185816E-02      -0.79099875E-22       0.19964597E-23       0.13127566E-29       0.57537735E-03       0.51935778E-07       0.63662227E-26       0.23495549E-17       0.50419759E-17      -0.24528319E-23       0.84885975E-19      -0.84883761E-19       0.18059078E-24
295        0.62290658E-02       0.68852007E-02      -0.47208680E-22      -0.10381163E-23      -0.11189816E-28       0.56433504E-03       0.49550467E-07       0.23385265E-26       0.20639646E-17       0.44169137E-17      -0.46097472E-24       0.10759920E-19      -0.10759465E-19      -0.12634580E-25
296        0.62094722E-02       0.68522181E-02      -0.49019176E-22       0.31666789E-24       0.35952467E-29       0.55349943E-03       0.47256183E-07      -0.42996476E-26       0.18132684E-17       0.38689617E-17       0.10183252E-23      -0.33674709E-19       0.33673783E-19      -0.61828090E-25
297        0.61899908E-02       0.68196267E-02      -0.35814733E-22       0.32672812E-23       0.25093685E-28       0.54286680E-03       0.45049731E-07      -0.12752764E-25       0.15938446E-17       0.33879906E-17       0.13129817E-22      -0.51581390E-18       0.51580238E-18      -0.14167297E-23
298        0.61706206E-02       0.67874195E-02      -0.52786753E-22      -0.14266179E-23       0.12440787E-28       0.53243347E-03       0.42928027E-07       0.12544292E-25       0.13966398E-17       0.29709889E-17      -0.10690396E-22       0.41235605E-18      -0.41234661E-18       0.10683458E-23
299        0.61513608E-02       0.67555897E-02      -0.22122979E-22      -0.33271654E-23       0.29822038E-29       0.52219584E-03       0.40888095E-07       0.10504757E-25       0.12263796E-17       0.26026429E-17      -0.11691519E-22       0.46503582E-18      -0.46502557E-18       0.12689463E-23
300        0.61322106E-02       0.67241307E-02      -0.41941146E-22      -0.57763198E-24      -0.40305924E-29       0.51215038E-03       0.38927065E-07      -0.83560529E-27       0.10783971E-17       0.22783308E-17       0.14163269E-23      -0.54712424E-19       0.54711163E-19      -0.13337054E-24
301        0.61131690E-02       0.66930361E-02      -0.25715254E-22      -0.38821763E-23      -0.13944474E-29       0.50229359E-03       0.37042167E-07       0.67411730E-26       0.94625954E-18       0.19963359E-17      -0.62770678E-24       0.13759736E-19      -0.13759126E-19      -0.18090886E-25
302        0.60942352E-02       0.66622993E-02      -0.29419260E-22       0.34422820E-23       0.75139000E-29       0.49262205E-03       0.35230728E-07      -0.32366208E-26       0.83144270E-18       0.17480320E-17      -0.11972897E-23       0.58317127E-19      -0.58316136E-19       0.20920139E-24
303        0.60754085E-02       0.66319144E-02      -0.25151227E-22       0.85105209E-24       0.96638081E-30       0.48313241E-03       0.33490168E-07       0.34217101E-27       0.72999618E-18       0.15310968E-17       0.17346480E-23      -0.72260644E-19       0.72259130E-19      -0.19916771E-24
304        0.60566879E-02       0.66018750E-02      -0.13935735E-22       0.64474844E-23       0.10464163E-28       0.47382135E-03       0.31818000E-07      -0.45041968E-26       0.64150545E-18       0.13404420E-17       0.44944035E-23      -0.17859258E-18       0.17858860E-18      -0.44359541E-24
305        0.60380726E-02       0.65721754E-02      -0.33781039E-22       0.17130562E-23      -0.16589718E-28       0.46468563E-03       0.30211821E-07      -0.20799708E-26       0.56293659E-18       0.11742745E-17       0.27858179E-23      -0.11366375E-18       0.11366130E-18      -0.29240829E-24
306        0.60195619E-02       0.65428096E-02      -0.20303796E-22      -0.26069478E-23       0.23414298E-28       0.45572205E-03       0.28669316E-07       0.31911909E-26       0.49350242E-18       0.10291469E-17      -0.24916140E-23       0.10199708E-18      -0.10199489E-18       0.26261478E-24
307        0.60011549E-02       0.65137719E-02      -0.20830371E-22      -0.44380064E-24       0.56718470E-29       0.44692749E-03       0.27188248E-07       0.13778036E-25       0.43173899E-18       0.90280899E-18      -0.12652574E-22       0.51981132E-18      -0.51980020E-18       0.13278160E-23
308        0.59828508E-02       0.64850568E-02      -0.99278705E-24       0.35172995E-23      -0.18417221E-29       0.43829885E-03       0.25766460E-07      -0.84701395E-27       0.38067069E-18       0.78897812E-18       0.93629410E-24      -0.41082887E-19       0.41082078E-19      -0.11660731E-24
309        0.59646489E-02       0.64566587E-02      -0.57278720E-23       0.54394652E-23       0.14330649E-28       0.42983310E-03       0.24401871E-07       0.42859663E-26       0.33363305E-18       0.69146191E-18      -0.20962902E-23       0.80927950E-19      -0.80926067E-19       0.17128692E-24
310        0.59465484E-02       0.64285724E-02       0.19687849E-22       0.61248891E-24      -0.37236057E-28       0.42152728E-03       0.23092471E-07       0.81076284E-26       0.29208444E-18       0.60629558E-18      -0.78437822E-23       0.32355629E-18      -0.32354936E-18       0.78598606E-24
311        0.59285485E-02       0.64007925E-02      -0.11659668E-22      -0.35385794E-23      -0.22137211E-29       0.41337845E-03       0.21836324E-07       0.45226203E-26       0.25691622E-18       0.53038967E-18      -0.23222478E-23       0.93692825E-19      -0.93690763E-19       0.21625442E-24
312        0.59106485E-02       0.63733139E-02       0.78150496E-24       0.64918989E-24       0.18578390E-29       0.40538375E-03       0.20631558E-07      -0.32618278E-26       0.22661187E-18       0.46333313E-18       0.79571651E-23      -0.35200744E-18       0.35200054E-18      -0.96299799E-24
313        0.58928475E-02       0.63461316E-02       0.15623243E-22       0.24245460E-23      -0.12454576E-28       0.39754034E-03       0.19476368E-07      -0.42389592E-26       0.19869496E-18       0.40591222E-18       0.24879554E-23      -0.10220249E-18       0.10220029E-18      -0.23498392E-24
314        0.58751449E-02       0.63192407E-02       0.89637157E-23       0.35032240E-23      -0.12348572E-28       0.38984546E-03       0.18369015E-07      -0.11264442E-25       0.17489091E-18       0.35491884E-18       0.20267703E-23      -0.66871840E-19       0.66869951E-19      -0.65343456E-25
315        0.58575399E-02       0.62926363E-02      -0.14956139E-23      -0.60911119E-24      -0.16760201E-28       0.38229637E-03       0.17307816E-07      -0.13403224E-25       0.15428849E-18       0.30996430E-18       0.80530643E-23      -0.32752726E-18       0.32752007E-18      -0.70660439E-24
316        0.58400317E-02       0.62663136E-02      -0.13502986E-22       0.27475989E-23       0.67636656E-29       0.37489040E-03       0.16291151E-07       0.82742564E-26       0.13312259E-18       0.27367420E-18      -0.52495313E-23       0.22698096E-18      -0.22697636E-18       0.56405066E-24
317        0.58226197E-02       0.62402682E-02       0.57138974E-22      -0.58227339E-23       0.89588582E-29       0.36762492E-03       0.15317456E-07       0.34803328E-26       0.11714830E-18       0.23929338E-18      -0.31397940E-23       0.13751667E-18      -0.13751392E-18       0.34416986E-24
318        0.58053032E-02       0.62144953E-02       0.91210453E-23       0.38163978E-23      -0.11386843E-28       0.36049734E-03       0.14385220E-07       0.19492741E-26       0.10319417E-18       0.20911719E-18       0.84628261E-24      -0.37489599E-19       0.37488851E-19      -0.89572539E-25
319        0.57880814E-02       0.61889906E-02      -0.21881063E-22      -0.55502149E-23      -0.27662555E-28       0.35350513E-03       0.13492988E-07       0.89030193E-26       0.89449626E-19       0.18418798E-18      -0.63959622E-23       0.27462941E-18      -0.27462375E-18       0.63649802E-24
320        0.57709535E-02       0.61637497E-02      -0.46620857E-22       0.59768104E-23      -0.17798119E-28       0.34664578E-03       0.12639353E-07      -0.94137618E-26       0.80704418E-19       0.15904183E-18       0.88002626E-23      -0.39006574E-18       0.39005802E-18      -0.95338464E-24
321        0.57539191E-02       0.61387683E-02       0.11503643E-22      -0.80100445E-25       0.94225283E-29       0.33991685E-03       0.11822959E-07      -0.77781639E-27       0.69778484E-19       0.14026885E-18       0.58406856E-24      -0.26764456E-19       0.26763951E-19      -0.69943277E-25
322        0.57369772E-02       0.61140423E-02      -0.46874666E-23      -0.21576372E-23      -0.30951759E-29       0.33331593E-03       0.11042497E-07      -0.16014338E-25       0.63404015E-19       0.12061836E-18       0.16261907E-22      -0.73001705E-18       0.73000280E-18      -0.17747185E-23
323        0.57201273E-02       0.60895675E-02      -0.19419615E-22      -0.13597100E-23       0.19048440E-28       0.32684066E-03       0.10296706E-07       0.12596762E-25       0.51986417E-19       0.10923193E-18      -0.98792945E-23       0.43442023E-18      -0.43441151E-18       0.99205240E-24
324        0.57033687E-02       0.60653400E-02       0.14670281E-22      -0.48113864E-24      -0.19819784E-28       0.32048870E-03       0.95843663E-08      -0.50524173E-26       0.47578556E-19       0.93657601E-19       0.26869617E-23      -0.11937434E-18       0.11937198E-18      -0.27985746E-24
325        0.56867007E-02       0.60413557E-02       0.63501293E-23      -0.10496292E-22       0.48124525E-29       0.31425779E-03       0.89043026E-08      -0.71203474E-26       0.42577000E-19       0.81150623E-19       0.10488777E-22      -0.48167043E-18       0.48166125E-18      -0.11673545E-23
326        0.56701226E-02       0.60176108E-02       0.19577985E-22      -0.34142600E-23       0.34377068E-28       0.30814567E-03       0.82553808E-08       0.11220877E-25       0.34502697E-19       0.73884566E-19      -0.11987488E-22       0.54603681E-18      -0.54602628E-18       0.12834973E-23
327        0.56536338E-02       0.59941016E-02       0.15567958E-23       0.31254092E-23       0.23947006E-29       0.30215014E-03       0.76365065E-08      -0.65202363E-26       0.32379238E-19       0.62566876E-19       0.19712608E-23      -0.82457718E-19       0.82455957E-19      -0.16095523E-24
328        0.56372336E-02       0.59708243E-02       0.30449994E-22      -0.12306854E-23       0.24216249E-28       0.29626904E-03       0.70466239E-08      -0.50721735E-26       0.28575257E-19       0.54594676E-19       0.44572492E-23      -0.20218339E-18       0.20217946E-18      -0.45763791E-24
329        0.56209214E-02       0.59477752E-02      -0.59116594E-22       0.32465641E-23       0.71092491E-29       0.29050026E-03       0.64847142E-08      -0.69845750E-26       0.25515433E-19       0.47337160E-19       0.73150406E-23      -0.33941135E-18       0.33940494E-18      -0.79638349E-24
330        0.56046965E-02       0.59249509E-02       0.28056812E-22      -0.91584355E-23       0.14639110E-28       0.28484169E-03       0.59497947E-08      -0.14338388E-26       0.21548425E-19       0.42265318E-19       0.62539717E-24      -0.29222290E-19       0.29221745E-19      -0.71878250E-25
331        0.55885584E-02       0.59023478E-02      -0.47337230E-22       0.19446048E-26      -0.52508806E-29       0.27929129E-03       0.54409172E-08      -0.57634929E-26       0.18834094E-19       0.37060914E-19      -0.49212845E-23       0.25294358E-18      -0.25293938E-18       0.68737736E-24
332        0.55725063E-02       0.58799625E-02      -0.15452332E-22       0.38684721E-23       0.28486388E-28       0.27384705E-03       0.49571668E-08       0.10742895E-25       0.15378783E-19       0.33579026E-19      -0.45778590E-23       0.19722948E-18      -0.19722537E-18       0.36542583E-24
333        0.55565397E-02       0.58577916E-02      -0.29940879E-22       0.26366033E-23      -0.14884786E-28       0.26850699E-03       0.44976612E-08      -0.22749111E-26       0.14262431E-19       0.28618090E-19      -0.43891356E-23       0.22046248E-18      -0.22045870E-18       0.56345970E-24
334        0.55406579E-02       0.58358318E-02       0.17827571E-22      -0.18289615E-23       0.67785967E-29       0.26326917E-03       0.40615488E-08      -0.14964426E-25       0.15064215E-19       0.22492327E-19       0.16147182E-22      -0.76306862E-18       0.76305444E-18      -0.17190218E-23
335        0.55248603E-02       0.58140799E-02      -0.53393998E-22      -0.36356134E-23      -0.19504421E-29       0.25813168E-03       0.36480086E-08      -0.13773335E-25       0.13112174E-19       0.19780908E-19       0.13783898E-22      -0.65832377E-18       0.65831169E-18      -0.14961167E-23
336        0.55091464E-02       0.57925327E-02       0.23222891E-22      -0.89395663E-23       0.98542980E-29       0.25309265E-03       0.32562481E-08      -0.57249604E-26       0.10667021E-19       0.18141096E-19       0.73720480E-23      -0.35869829E-18       0.35869185E-18      -0.83196394E-24
337        0.54935155E-02       0.57711871E-02       0.11553051E-22      -0.96069229E-23      -0.41765364E-28       0.24815024E-03       0.28855032E-08      -0.32714566E-27       0.85263665E-20       0.16703564E-19      -0.13661303E-24       0.38127238E-20      -0.38125862E-20      -0.67161566E-26
338        0.54779670E-02       0.57500401E-02       0.13041927E-22      -0.31768726E-23      -0.27377937E-28       0.24330265E-03       0.25350368E-08       0.20625709E-25       0.44765379E-20       0.17619363E-19      -0.19485653E-22       0.93470733E-18      -0.93469020E-18       0.20512543E-23
339        0.54625004E-02       0.57290886E-02       0.53736899E-22      -0.85678893E-23      -0.21327711E-28       0.23854809E-03       0.22041378E-08       0.16206883E-26       0.62510680E-20       0.13099232E-19      -0.22480245E-23       0.10996257E-18      -0.10996061E-18       0.25134350E-24
340        0.54471150E-02       0.57083298E-02       0.22072653E-22       0.11166934E-22      -0.54320566E-30       0.23388484E-03       0.18921204E-08      -0.10599267E-25       0.73598572E-20       0.95856611E-20       0.10257329E-22      -0.49789892E-18       0.49788991E-18      -0.10881163E-23
341        0.54318103E-02       0.56877607E-02       0.31689618E-22       0.17894030E-22      -0.88718001E-29       0.22931118E-03       0.15983231E-08       0.12846893E-25       0.31645376E-20       0.11675200E-19      -0.12253299E-22       0.59709316E-18      -0.59708239E-18       0.12946199E-23
342        0.54165857E-02       0.56673785E-02      -0.57010298E-23       0.13712048E-22      -0.83874032E-29       0.22482543E-03       0.13221082E-08      -0.12005829E-25       0.64648468E-20       0.65299021E-20       0.14890023E-22      -0.74107362E-18       0.74106060E-18      -0.16617801E-23
343        0.54014406E-02       0.56471804E-02       0.80944678E-23       0.16468728E-23      -0.31971623E-29       0.22042594E-03       0.10628603E-08      -0.16007504E-26       0.44958117E-20       0.68835001E-20       0.72625261E-23      -0.37734364E-18       0.37733736E-18      -0.90367090E-24
344        0.53863745E-02       0.56271638E-02       0.52584013E-23       0.85831200E-23      -0.56541761E-29       0.21611109E-03       0.81998619E-09      -0.48337356E-26       0.41133250E-20       0.58510877E-20       0.47538208E-23      -0.23863736E-18       0.23863320E-18      -0.53105230E-24
345        0.53713868E-02       0.56073259E-02       0.11823675E-22      -0.11530218E-22       0.23006529E-29       0.21187929E-03       0.59291383E-09       0.86833267E-26       0.18104779E-20       0.69149379E-20      -0.61259712E-23       0.29754019E-18      -0.29753478E-18       0.60948393E-24
346        0.53564769E-02       0.55876641E-02       0.23105225E-22       0.38473121E-25      -0.20519406E-28       0.20772899E-03       0.38109155E-09      -0.24732178E-25       0.62100443E-20       0.14297489E-20       0.21262933E-22      -0.10549430E-17       0.10549243E-17      -0.22200163E-23
347        0.53416444E-02       0.55681758E-02      -0.48863943E-22       0.12036474E-22      -0.20513172E-28       0.20365864E-03       0.18398748E-09       0.45015549E-27       0.25835070E-20       0.41061837E-20       0.48073246E-23      -0.25888333E-18       0.25887919E-18      -0.63069525E-24
348        0.53268886E-02       0.55488586E-02      -0.41477366E-23      -0.83148818E-23       0.34632129E-28       0.19966675E-03       0.10887958E-11       0.15038481E-25       0.32626725E-22       0.58250027E-20      -0.92715292E-23       0.44577564E-18      -0.44576739E-18       0.84330340E-24
349        0.53122090E-02       0.55297100E-02      -0.31771209E-22      -0.16711529E-22      -0.54341410E-29       0.19575184E-03      -0.16809888E-09       0.11643018E-25       0.24628696E-21       0.48824896E-20      -0.93061728E-23       0.47232356E-18      -0.47231540E-18       0.10035954E-23
350        0.52976051E-02       0.55107274E-02      -0.16405567E-22      -0.12213775E-23      -0.31804720E-28       0.19191245E-03      -0.32405215E-09       0.36431396E-26       0.73765494E-21       0.37528454E-20      -0.66691637E-23       0.35027196E-18      -0.35026616E-18       0.78695524E-24
351        0.52830764E-02       0.54919086E-02       0.42114852E-22       0.75691258E-24       0.28564788E-28       0.18814716E-03      -0.46723042E-09       0.43253785E-26       0.66198699E-21       0.32696142E-20      -0.42619000E-23       0.21986162E-18      -0.21985789E-18       0.47011402E-24
352        0.52686223E-02       0.54732512E-02       0.23612697E-23      -0.80077857E-23      -0.30064586E-28       0.18445458E-03      -0.59807651E-09      -0.91928072E-26       0.26770047E-20       0.76502362E-21       0.90817819E-23      -0.46568373E-18       0.46567576E-18      -0.97165348E-24
353        0.52542423E-02       0.54547529E-02      -0.19284251E-22       0.92186624E-23      -0.29991011E-29       0.18083333E-03      -0.71701721E-09      -0.25404280E-26       0.11274067E-20       0.18862453E-20      -0.27534779E-23       0.15874237E-18      -0.15874002E-18       0.39669222E-24
354        0.52399359E-02       0.54364114E-02       0.14415679E-22       0.78247140E-23       0.87735451E-29       0.17728206E-03      -0.82446382E-09      -0.20764490E-26       0.97785728E-21       0.16605646E-20      -0.17159200E-23       0.99583530E-19      -0.99582070E-19       0.24964661E-24
355        0.52257026E-02       0.54182245E-02      -0.45400268E-23       0.17314709E-22      -0.27711422E-28       0.17379945E-03      -0.92081270E-09      -0.36456353E-26       0.14020735E-20       0.90772833E-21       0.54686632E-23      -0.29604818E-18       0.29604344E-18      -0.66312195E-24
356        0.52115418E-02       0.54001900E-02      -0.88036702E-22       0.96259854E-23      -0.12249894E-28       0.17038420E-03      -0.10064457E-08       0.21499405E-26       0.72377044E-21       0.12984141E-20       0.14176030E-23      -0.83026279E-19       0.83025081E-19      -0.21404004E-24
357        0.51974531E-02       0.53823059E-02       0.65346683E-22       0.93606476E-23       0.87929303E-29       0.16703503E-03      -0.10817309E-08      -0.96010841E-26       0.21510367E-20      -0.38084761E-21       0.81581574E-23      -0.41702134E-18       0.41701412E-18      -0.79507687E-24
358        0.51834360E-02       0.53645699E-02       0.11434150E-22       0.83964325E-23       0.13754345E-29       0.16375071E-03      -0.11470226E-08      -0.18633640E-25       0.31028174E-20      -0.15532319E-20       0.12362359E-22      -0.63144644E-18       0.63143549E-18      -0.11970753E-23
359        0.51694900E-02       0.53469801E-02       0.13047380E-21       0.95081780E-23       0.37169218E-29       0.16052998E-03      -0.12026624E-08      -0.12481852E-26       0.78878187E-21       0.56789203E-21       0.26133938E-23      -0.14383425E-18       0.14383199E-18      -0.31739396E-24
360        0.51556145E-02       0.53295344E-02       0.10508689E-22       0.11776762E-22      -0.36735601E-29       0.15737166E-03      -0.12489790E-08       0.55458214E-26      -0.81578667E-21       0.20035617E-20      -0.91872156E-23       0.49828312E-18      -0.49827510E-18       0.10388282E-23
361        0.51418091E-02       0.53122308E-02      -0.99837851E-22      -0.62384376E-23       0.17342262E-28       0.15427455E-03      -0.12862892E-08      -0.12880068E-25       0.27021468E-20      -0.16627048E-20       0.16131098E-22      -0.87357537E-18       0.87356127E-18      -0.18011454E-23
362        0.51280734E-02       0.52950674E-02      -0.83404218E-22       0.23340543E-22      -0.36202749E-29       0.15123750E-03      -0.13148979E-08       0.39827471E-26      -0.30512501E-21       0.12152663E-20      -0.46127899E-23       0.25172358E-18      -0.25171954E-18       0.51595797E-24
363        0.51144067E-02       0.52780423E-02      -0.57540315E-22      -0.96765458E-23      -0.26873020E-28       0.14825936E-03      -0.13350987E-08      -0.79277779E-26       0.15563363E-20      -0.75979743E-21       0.65354366E-23      -0.34176739E-18       0.34176160E-18      -0.63262369E-24
364        0.51008087E-02       0.52611535E-02       0.56688447E-22      -0.54574612E-23      -0.31522758E-28       0.14533901E-03      -0.13471743E-08       0.11771697E-25      -0.14607150E-20       0.21581908E-20      -0.93167602E-23       0.49618068E-18      -0.49617247E-18       0.95333896E-24
365        0.50872790E-02       0.52443992E-02      -0.98893322E-22       0.68217612E-23       0.41315097E-29       0.14247536E-03      -0.13513968E-08       0.10042427E-26      -0.25476736E-21       0.86522246E-21      -0.57042367E-23       0.32436132E-18      -0.32435637E-18       0.69036678E-24
366        0.50738169E-02       0.52277777E-02      -0.28110596E-22      -0.53122422E-23       0.32303922E-29       0.13966732E-03      -0.13480278E-08      -0.91908078E-26       0.11710473E-20      -0.63682484E-21       0.31007797E-23      -0.15555328E-18       0.15555051E-18      -0.25330006E-24
367        0.50604221E-02       0.52112871E-02      -0.31763152E-22       0.12233603E-22      -0.15225696E-28       0.13691384E-03      -0.13373194E-08       0.97904034E-26      -0.11183119E-20       0.15860594E-20      -0.44234168E-23       0.22087281E-18      -0.22086883E-18       0.34333538E-24
368        0.50470940E-02       0.51949256E-02       0.86090231E-22       0.67835567E-23       0.17963372E-28       0.13421387E-03      -0.13195138E-08      -0.59599723E-26       0.72191024E-21      -0.31260502E-21       0.17775541E-26       0.22417094E-19      -0.22417195E-19       0.13418455E-24
369        0.50338323E-02       0.51786916E-02       0.75573316E-22       0.16891917E-22      -0.31655331E-28       0.13156641E-03      -0.12948442E-08      -0.21032866E-25       0.29253621E-20      -0.25672835E-20       0.10871437E-22      -0.56583048E-18       0.56582079E-18      -0.96259980E-24
370        0.50206365E-02       0.51625833E-02       0.87108320E-22       0.57254804E-23      -0.35995294E-28       0.12897043E-03      -0.12635347E-08       0.77535471E-26      -0.11910494E-20       0.15047394E-20      -0.67895748E-23       0.36762539E-18      -0.36761938E-18       0.66831444E-24
371        0.50075062E-02       0.51465991E-02      -0.61934287E-22      -0.60511044E-23      -0.33456358E-28       0.12642497E-03      -0.12258009E-08       0.81084508E-26      -0.11857357E-20       0.14603103E-20      -0.85757876E-23       0.48551311E-18      -0.48550562E-18       0.96893133E-24
372        0.49944408E-02       0.51307374E-02       0.17618405E-22      -0.68770824E-23      -0.15689286E-28       0.12392906E-03      -0.11818498E-08      -0.64973595E-26       0.12323220E-20      -0.99220024E-21       0.65021149E-23      -0.36077957E-18       0.36077385E-18      -0.67804065E-24
373        0.49814400E-02       0.51149965E-02       0.20666644E-22      -0.91285826E-23      -0.12317565E-28       0.12148175E-03      -0.11318808E-08       0.58214926E-26      -0.99325601E-21       0.12035897E-20      -0.68570801E-23       0.39059261E-18      -0.39058662E-18       0.76661781E-24
374        0.49685033E-02       0.50993749E-02       0.33129727E-23       0.91127186E-23      -0.26108809E-28       0.11908212E-03      -0.10760850E-08       0.98694477E-27      -0.25240098E-21       0.43644023E-21      -0.30926957E-23       0.18245673E-18      -0.18245405E-18       0.38037655E-24
375        0.49556303E-02       0.50838710E-02       0.28219151E-22      -0.26918090E-23      -0.85232751E-29       0.11672924E-03      -0.10146462E-08      -0.52000063E-26       0.58180668E-21      -0.42079390E-21       0.70354929E-24      -0.26665249E-19       0.26664576E-19       0.21180240E-26
376        0.49428206E-02       0.50684832E-02      -0.21643443E-22       0.10738635E-22      -0.99069703E-29       0.11442224E-03      -0.94774091E-09      -0.10744391E-26       0.62847016E-22       0.78100460E-22      -0.16770176E-23       0.10679207E-18      -0.10679065E-18       0.24851546E-24
377        0.49300736E-02       0.50532102E-02      -0.53936771E-22      -0.78931016E-23      -0.93087317E-29       0.11216022E-03      -0.87553853E-09       0.31820351E-26      -0.65047090E-21       0.77388049E-21      -0.51422706E-23       0.29897080E-18      -0.29896630E-18       0.58062508E-24
378        0.49173891E-02       0.50380504E-02       0.15265015E-22       0.13845391E-22       0.18499268E-28       0.10994233E-03      -0.79820167E-09       0.35284423E-26      -0.17125914E-21       0.27920466E-21       0.11166141E-23      -0.77222440E-19       0.77221512E-19      -0.19235869E-24
379        0.49047666E-02       0.50230023E-02       0.16177993E-21      -0.15910394E-23       0.97244982E-28       0.10776772E-03      -0.71588632E-09      -0.60778632E-26       0.71021665E-21      -0.61579830E-21       0.32896844E-23      -0.18937834E-18       0.18937546E-18      -0.35912645E-24
380        0.48922056E-02       0.50080646E-02      -0.11427845E-21      -0.12479842E-22      -0.53598243E-28       0.10563556E-03      -0.62874212E-09       0.47451784E-26      -0.66837219E-21       0.75109866E-21      -0.40970689E-23       0.23869076E-18      -0.23868717E-18       0.45199126E-24
381        0.48797058E-02       0.49932358E-02      -0.12194277E-21       0.18080941E-22       0.30136859E-28       0.10354505E-03      -0.53691251E-09      -0.87673171E-26       0.16092754E-20      -0.15370515E-20       0.75051825E-23      -0.42075054E-18       0.42074389E-18      -0.71320849E-24
382        0.48672667E-02       0.49785146E-02      -0.54223841E-22      -0.15071596E-22       0.45333552E-28       0.10149537E-03      -0.44053498E-09      -0.70677024E-26       0.15319512E-20      -0.14687771E-20       0.10559063E-22      -0.62585299E-18       0.62584376E-18      -0.11929474E-23
383        0.48548880E-02       0.49638996E-02      -0.15441912E-22      -0.67082007E-23       0.77131157E-28       0.99485742E-04      -0.33974125E-09      -0.10395982E-25       0.18297368E-20      -0.17744864E-20       0.11394565E-22      -0.67465880E-18       0.67464884E-18      -0.12689948E-23
384        0.48425692E-02       0.49493895E-02       0.25778516E-22       0.16640217E-22      -0.21224394E-28       0.97515403E-04      -0.23465744E-09       0.38319082E-26      -0.47110443E-21       0.51962976E-21      -0.36663086E-23       0.22240172E-18      -0.22239854E-18       0.43148645E-24
385        0.48303099E-02       0.49349829E-02      -0.11755877E-21      -0.69314763E-23      -0.17288813E-28       0.95583594E-04      -0.12540425E-09       0.12590999E-25      -0.22288597E-20       0.22714697E-20      -0.13679982E-22       0.81384593E-18      -0.81383396E-18       0.15059858E-23
386        0.48181098E-02       0.49206787E-02       0.14126601E-21       0.56378883E-23       0.10812379E-28       0.93689574E-04      -0.12097191E-10       0.54723613E-26      -0.64198983E-21       0.67915257E-21      -0.17922979E-23       0.96414536E-19      -0.96412932E-19       0.13833888E-24
387        0.48059684E-02       0.49064754E-02       0.75858066E-23       0.17201673E-22      -0.31591730E-28       0.91832617E-04       0.10515333E-09       0.39548140E-27      -0.24814318E-21       0.28066895E-21      -0.41315317E-23       0.26114943E-18      -0.26114586E-18       0.52826148E-24
388        0.47938854E-02       0.48923720E-02       0.34432179E-22      -0.12187963E-22      -0.50625334E-29       0.90012010E-04       0.22624180E-09      -0.16517012E-26       0.25374377E-21      -0.22533694E-21       0.12000354E-23      -0.69736969E-19       0.69735909E-19      -0.11836367E-24
389        0.47818604E-02       0.48783671E-02       0.84903799E-22      -0.76068989E-24       0.69690050E-28       0.88227052E-04       0.35106744E-09      -0.53034627E-27      -0.28370074E-21       0.30860682E-21      -0.26770070E-23       0.16375025E-18      -0.16374791E-18       0.30091116E-24
390        0.47698929E-02       0.48644596E-02      -0.15431097E-21      -0.15134270E-22      -0.72467992E-28       0.86477056E-04       0.47953406E-09       0.33989207E-26      -0.79500594E-21       0.81684097E-21      -0.55362549E-23       0.33957502E-18      -0.33957019E-18       0.63081606E-24
391        0.47579826E-02       0.48506482E-02      -0.30134306E-22      -0.38461274E-23      -0.19529784E-28       0.84761349E-04       0.61154994E-09       0.98082325E-26      -0.11698275E-20       0.11889320E-20      -0.17082894E-23       0.71111291E-19      -0.71109664E-19       0.72777181E-26
392        0.47461292E-02       0.48369319E-02       0.15224705E-22       0.21389919E-22      -0.15361766E-29       0.83079270E-04       0.74702766E-09       0.17867567E-26      -0.62488031E-22       0.79144115E-22       0.13184673E-23      -0.90106989E-19       0.90105870E-19      -0.19414270E-24
393        0.47343322E-02       0.48233094E-02       0.81318791E-22      -0.24762062E-23       0.45406053E-28       0.81430171E-04       0.88588396E-09       0.28905946E-26      -0.36489371E-21       0.37949525E-21      -0.92222114E-24       0.48396621E-19      -0.48395781E-19       0.63062238E-25
394        0.47225913E-02       0.48097796E-02      -0.12296967E-21       0.37699334E-22       0.13324420E-29       0.79813413E-04       0.10280396E-08      -0.41122122E-27      -0.25534710E-21       0.26813858E-21      -0.32938305E-23       0.21125921E-18      -0.21125636E-18       0.40502319E-24
395        0.47109061E-02       0.47963415E-02      -0.39279590E-22       0.11607001E-22       0.27521068E-28       0.78228374E-04       0.11734194E-08      -0.39605326E-26       0.45506619E-21      -0.44393088E-21       0.10872004E-23      -0.56243830E-19       0.56242832E-19      -0.61293056E-25
396        0.46992763E-02       0.47829939E-02       0.11135983E-21       0.95736393E-23       0.35222928E-28       0.76674440E-04       0.13219517E-08      -0.26857921E-26      -0.40684269E-21       0.41666327E-21      -0.52494945E-23       0.34045202E-18      -0.34044748E-18       0.65240171E-24
397        0.46877014E-02       0.47697358E-02      -0.59265139E-22      -0.15672697E-22       0.15778211E-28       0.75151011E-04       0.14735689E-08       0.24571770E-25      -0.36440996E-20       0.36529012E-20      -0.15598549E-22       0.92974227E-18      -0.92972844E-18       0.14895579E-23
398        0.46761811E-02       0.47565661E-02      -0.70608169E-22      -0.26947834E-22       0.12078486E-28       0.73657496E-04       0.16282065E-08       0.92520280E-26      -0.12326000E-20       0.12401482E-20      -0.31760852E-23       0.17250843E-18      -0.17250555E-18       0.21584078E-24
399        0.46647151E-02       0.47434838E-02       0.56097527E-22       0.11637772E-22      -0.59782565E-29       0.72193318E-04       0.17858039E-08      -0.64678432E-26       0.12140303E-20      -0.12075886E-20       0.75692908E-23      -0.47846319E-18       0.47845658E-18      -0.84939993E-24
400        0.46533031E-02       0.47304878E-02       0.17467663E-21       0.10938931E-22       0.49953706E-28       0.70757908E-04       0.19463036E-08       0.21026871E-25      -0.38521993E-20       0.38582285E-20      -0.22769028E-22       0.14379308E-17      -0.14379109E-17       0.25366593E-23
401        0.46419445E-02       0.47175772E-02       0.27145054E-21      -0.74052109E-23      -0.72238995E-29       0.69350710E-04       0.21096514E-08      -0.19509906E-25       0.31561251E-20      -0.31513534E-20       0.15245699E-22      -0.93680785E-18       0.93679438E-18      -0.15290332E-23
402        0.46306392E-02       0.47047509E-02      -0.12623260E-21       0.28441018E-22      -0.18692586E-29       0.67971177E-04       0.22757962E-08       0.16133246E-26      -0.47365784E-21       0.47807865E-21      -0.35765392E-23       0.23507315E-18      -0.23507005E-18       0.43664334E-24
403        0.46193868E-02       0.46920080E-02       0.19803541E-21      -0.11699778E-22      -0.32870802E-28       0.66618773E-04       0.24446902E-08       0.25230100E-25      -0.40950723E-20       0.40992033E-20      -0.19297844E-22       0.11945426E-17      -0.11945256E-17       0.19435740E-23
404        0.46081868E-02       0.46793476E-02      -0.65734134E-22       0.19419477E-22      -0.55028965E-28       0.65292972E-04       0.26162883E-08      -0.54704759E-26       0.10185137E-20      -0.10152480E-20       0.69254865E-23      -0.44887019E-18       0.44886415E-18      -0.79396630E-24
405        0.45970391E-02       0.46667686E-02      -0.40788508E-22       0.20987840E-24       0.45674850E-28       0.63993260E-04       0.27905483E-08      -0.18468906E-26       0.34308850E-21      -0.34018273E-21       0.18184160E-23      -0.11354863E-18       0.11354702E-18      -0.17899178E-24
406        0.45859431E-02       0.46542702E-02      -0.14502504E-21      -0.16084717E-22       0.20365929E-28       0.62719129E-04       0.29674310E-08      -0.15522005E-25       0.31774420E-20      -0.31751357E-20       0.19757715E-22      -0.12803561E-17       0.12803388E-17      -0.22128156E-23
407        0.45748987E-02       0.46418515E-02       0.35914520E-22       0.15171364E-22       0.38402597E-28       0.61470083E-04       0.31468999E-08       0.20065089E-26      -0.64558729E-22       0.66799772E-22       0.89209679E-24      -0.63990056E-19       0.63989295E-19      -0.12578582E-24
408        0.45639054E-02       0.46295115E-02       0.54371785E-22      -0.79618511E-23      -0.36688861E-28       0.60245636E-04       0.33289208E-08      -0.40930116E-26       0.78161797E-21      -0.77971233E-21       0.34895832E-23      -0.21439378E-18       0.21439067E-18      -0.31885778E-24
409        0.45529630E-02       0.46172494E-02       0.12782097E-21       0.75250460E-23      -0.16014431E-28       0.59045309E-04       0.35134625E-08      -0.15621208E-25       0.22228686E-20      -0.22212981E-20       0.81356231E-23      -0.49375869E-18       0.49375143E-18      -0.70905010E-24
410        0.45420711E-02       0.46050642E-02       0.13850930E-21       0.61640397E-23       0.19959057E-28       0.57868634E-04       0.37004961E-08      -0.36540509E-26       0.11109768E-20      -0.11095622E-20       0.63931137E-23      -0.41658324E-18       0.41657764E-18      -0.69824275E-24
411        0.45312294E-02       0.45929552E-02      -0.12894018E-21       0.31450006E-23      -0.38735874E-28       0.56715152E-04       0.38899952E-08       0.39732622E-26      -0.18401936E-21       0.18533512E-21       0.63137632E-24      -0.50245353E-19       0.50244828E-19      -0.11352997E-24
412        0.45204375E-02       0.45809215E-02      -0.16046154E-21       0.10767169E-23       0.29685366E-28       0.55584411E-04       0.40819355E-08       0.11463416E-26      -0.10356080E-20       0.10368629E-20      -0.94260822E-23       0.64159118E-18      -0.64158301E-18       0.11428754E-23
413        0.45096952E-02       0.45689622E-02      -0.14926718E-21      -0.13071218E-22       0.15232609E-28       0.54475968E-04       0.42762954E-08      -0.26154500E-26       0.11651622E-21      -0.11550860E-21      -0.92017301E-24       0.71567401E-19      -0.71566636E-19       0.15872897E-24
414        0.44990021E-02       0.45570766E-02      -0.23058945E-22      -0.13290945E-22      -0.12703537E-29       0.53389391E-04       0.44730553E-08      -0.12859318E-26       0.70375841E-21      -0.70295834E-21       0.77376853E-23      -0.53544601E-18       0.53543932E-18      -0.95903793E-24
415        0.44883579E-02       0.45452638E-02       0.15328315E-21      -0.15680583E-22       0.59069013E-28       0.52324253E-04       0.46721979E-08       0.10980456E-25      -0.14899669E-20       0.14908308E-20      -0.50958009E-23       0.31535622E-18      -0.31535166E-18       0.44283699E-24
416        0.44777623E-02       0.45335231E-02       0.17989701E-21      -0.22793890E-22      -0.25244962E-28       0.51280137E-04       0.48737078E-08      -0.10269076E-25       0.15246489E-20      -0.15240837E-20       0.70728373E-23      -0.45900776E-18       0.45900152E-18      -0.71092472E-24
417        0.44672150E-02       0.45218536E-02      -0.24413616E-23      -0.22968293E-22      -0.78364478E-28       0.50256634E-04       0.50775719E-08       0.15363263E-25      -0.31614889E-20       0.31623196E-20      -0.16950577E-22       0.11220777E-17      -0.11220628E-17       0.17926280E-23
418        0.44567157E-02       0.45102547E-02      -0.32188118E-21       0.52500834E-22      -0.15581175E-28       0.49253342E-04       0.52837790E-08       0.16575127E-25      -0.29103938E-20       0.29111076E-20      -0.11841880E-22       0.75801873E-18      -0.75800821E-18       0.11115997E-23
419        0.44462640E-02       0.44987254E-02       0.12895304E-21       0.23913061E-22      -0.15748037E-28       0.48269866E-04       0.54923200E-08       0.33158119E-26       0.11252048E-21      -0.11209684E-21       0.32282269E-23      -0.23447397E-18       0.23447120E-18      -0.43919428E-24
420        0.44358597E-02       0.44872652E-02      -0.16181044E-21      -0.21746200E-23      -0.45686980E-28       0.47305820E-04       0.57031875E-08       0.61508052E-26      -0.15298060E-20       0.15303307E-20      -0.10730385E-22       0.74192265E-18      -0.74191331E-18       0.12620119E-23
421        0.44255025E-02       0.44758732E-02       0.31908304E-21      -0.16686678E-22      -0.37362557E-29       0.46360826E-04       0.59163761E-08      -0.10663327E-25       0.18803447E-20      -0.18801361E-20       0.98943921E-23      -0.67078316E-18       0.67077449E-18      -0.10851583E-23
422        0.44151920E-02       0.44645487E-02      -0.28981128E-21      -0.12086604E-22       0.71303819E-28       0.45434511E-04       0.61318823E-08      -0.17292846E-25       0.32487110E-20      -0.32486555E-20       0.17565149E-22      -0.11883292E-17       0.11883138E-17      -0.18884688E-23
423        0.44049280E-02       0.44532911E-02      -0.23137266E-21      -0.23896121E-22       0.41815385E-28       0.44526511E-04       0.63497042E-08      -0.65040671E-26       0.60940444E-21      -0.60916393E-21      -0.23899347E-25       0.25749059E-19      -0.25749124E-19       0.12325963E-24
424        0.43947102E-02       0.44420996E-02       0.37125308E-22      -0.33007790E-22      -0.38313632E-28       0.43636468E-04       0.65698419E-08      -0.18792754E-25       0.36503800E-20      -0.36504078E-20       0.17831342E-22      -0.12083679E-17       0.12083523E-17      -0.18904360E-23
425        0.43845383E-02       0.44309734E-02       0.11191620E-21      -0.52645448E-22       0.95853281E-29       0.42764032E-04       0.67922969E-08      -0.44880432E-26       0.58949871E-21      -0.58933597E-21       0.21008650E-23      -0.13272320E-18       0.13272131E-18      -0.16944026E-24
426        0.43744119E-02       0.44199121E-02       0.25576988E-21       0.35339323E-22      -0.10404027E-28       0.41908857E-04       0.70170725E-08      -0.18369525E-25       0.32673014E-20      -0.32673598E-20       0.16873833E-22      -0.11609126E-17       0.11608978E-17      -0.18341629E-23
427        0.43643309E-02       0.44089148E-02      -0.89187790E-22      -0.26585153E-23      -0.29521743E-28       0.41070607E-04       0.72441738E-08      -0.87406395E-26       0.13462824E-20      -0.13462335E-20       0.84238587E-23      -0.59218461E-18       0.59217726E-18      -0.96101867E-24
428        0.43542949E-02       0.43979809E-02       0.95768783E-22       0.36685348E-22      -0.14016607E-28       0.40248951E-04       0.74736073E-08       0.19693258E-26      -0.32419133E-21       0.32434480E-21      -0.10415840E-23       0.67850941E-19      -0.67850010E-19       0.91546536E-25
429        0.43443036E-02       0.43871098E-02      -0.78795853E-22      -0.18015775E-22      -0.42554705E-28       0.39443564E-04       0.77053811E-08       0.60640522E-27       0.13581951E-21      -0.13572164E-21       0.19911862E-23      -0.14500718E-18       0.14500545E-18      -0.24753408E-24
430        0.43343568E-02       0.43763008E-02       0.12185352E-21       0.49477206E-22      -0.14129142E-28       0.38654128E-04       0.79395048E-08       0.16912387E-25      -0.31041575E-20       0.31044866E-20      -0.15484629E-22       0.10691428E-17      -0.10691292E-17       0.16295883E-23
431        0.43244541E-02       0.43655533E-02       0.45074278E-21      -0.24547637E-23       0.58146748E-28       0.37880330E-04       0.81759896E-08      -0.17953760E-25       0.35834552E-20      -0.35836185E-20       0.17191138E-22      -0.11875456E-17       0.11875304E-17      -0.17907541E-23
432        0.43145954E-02       0.43548666E-02      -0.10210504E-22       0.37535350E-22       0.34544143E-28       0.37121864E-04       0.84148482E-08       0.94794977E-26      -0.28116246E-20       0.28119269E-20      -0.16976850E-22       0.12029778E-17      -0.12029630E-17       0.18842382E-23
433        0.43047803E-02       0.43442402E-02      -0.42971899E-21       0.46222940E-22      -0.10188783E-27       0.36378430E-04       0.86560947E-08      -0.18452556E-26       0.11583139E-21      -0.11576697E-21       0.32710482E-24      -0.24604606E-19       0.24604334E-19      -0.52171669E-25
434        0.42950085E-02       0.43336734E-02      -0.58353220E-21      -0.53255476E-23       0.19300628E-27       0.35649733E-04       0.88997445E-08       0.61888315E-26      -0.12339302E-20       0.12340705E-20      -0.45562416E-23       0.30504322E-18      -0.30503917E-18       0.42098921E-24
435        0.42852799E-02       0.43231656E-02      -0.21492884E-21       0.30567781E-22       0.30611645E-29       0.34935484E-04       0.91458146E-08      -0.67972179E-26       0.18116029E-20      -0.18116868E-20       0.10007862E-22      -0.71118420E-18       0.71117542E-18      -0.10924835E-23
436        0.42755940E-02       0.43127164E-02      -0.25444223E-21       0.30751924E-22       0.93419250E-28       0.34235401E-04       0.93943232E-08       0.14939736E-25      -0.28797907E-20       0.28800431E-20      -0.13329197E-22       0.92391651E-18      -0.92390472E-18       0.13197578E-23
437        0.42659507E-02       0.43023250E-02       0.27183992E-21       0.13007079E-22      -0.94018151E-28       0.33549204E-04       0.96452900E-08      -0.13345951E-25       0.16307612E-20      -0.16308084E-20       0.40445740E-23      -0.25651176E-18       0.25650811E-18      -0.29242238E-24
438        0.42563497E-02       0.42919908E-02      -0.13476567E-21       0.47779958E-24      -0.28496469E-28       0.32876622E-04       0.98987360E-08       0.30313442E-25      -0.54001002E-20       0.54004954E-20      -0.22996330E-22       0.16030980E-17      -0.16030777E-17       0.22873028E-23
439        0.42467907E-02       0.42817135E-02       0.32423543E-21      -0.86358298E-22      -0.17087184E-28       0.32217388E-04       0.10154683E-07      -0.48216805E-26       0.53307085E-21      -0.53307102E-21       0.15032906E-23      -0.97427515E-19       0.97426160E-19      -0.11111123E-24
440        0.42372735E-02       0.42714923E-02       0.17758706E-21      -0.62436748E-22      -0.17275040E-27       0.31571238E-04       0.10413156E-07       0.14937220E-25      -0.29022720E-20       0.29025114E-20      -0.15814559E-22       0.11487126E-17      -0.11486988E-17       0.17581297E-23
441        0.42277977E-02       0.42613268E-02      -0.12197006E-21      -0.38806800E-22       0.58307129E-28       0.30937917E-04       0.10674178E-07      -0.15543708E-25       0.25166876E-20      -0.25168297E-20       0.11683828E-22      -0.84499526E-18       0.84498503E-18      -0.12731111E-23
442        0.42183632E-02       0.42512163E-02      -0.37276224E-21       0.54384577E-22       0.12259288E-27       0.30317173E-04       0.10937777E-07       0.17935608E-25      -0.35764345E-20       0.35766961E-20      -0.16075098E-22       0.11484067E-17      -0.11483925E-17       0.16614037E-23
443        0.42089698E-02       0.42411604E-02       0.18020535E-21      -0.24669460E-22      -0.13019302E-28       0.29708757E-04       0.11203979E-07      -0.42959411E-26       0.32157903E-21      -0.32157019E-21       0.52412194E-24      -0.38347082E-19       0.38346637E-19      -0.67564420E-25
444        0.41996170E-02       0.42311586E-02       0.38725030E-22       0.63895522E-22       0.45741570E-28       0.29112428E-04       0.11472812E-07      -0.32355714E-26       0.13629345E-20      -0.13630319E-20       0.94768029E-23      -0.71183287E-18       0.71182463E-18      -0.11131544E-23
445        0.41903047E-02       0.42212103E-02       0.29882116E-22      -0.25662828E-22      -0.25567287E-28       0.28527948E-04       0.11744308E-07      -0.87755708E-26       0.12146942E-20      -0.12147371E-20       0.16705735E-23      -0.87226470E-19       0.87224889E-19      -0.19921448E-25
446        0.41810327E-02       0.42113150E-02      -0.29451933E-22       0.40556808E-22      -0.13083117E-29       0.27955084E-04       0.12018496E-07      -0.12509616E-26       0.45623140E-21      -0.45626464E-21       0.50259191E-23      -0.39691101E-18       0.39690670E-18      -0.66919678E-24
447        0.41718007E-02       0.42014722E-02       0.55375074E-21      -0.20508276E-23       0.12331912E-28       0.27393607E-04       0.12295409E-07       0.34507827E-27      -0.28089290E-21       0.28092718E-21      -0.24615626E-23       0.19324006E-18      -0.19323794E-18       0.31730194E-24
448        0.41626084E-02       0.41916814E-02      -0.45093523E-21      -0.44152070E-22       0.61968309E-28       0.26843293E-04       0.12575081E-07       0.90597211E-26      -0.17835051E-20       0.17836285E-20      -0.78465588E-23       0.57705040E-18      -0.57704352E-18       0.84444174E-24
449        0.41534556E-02       0.41819422E-02      -0.31733745E-21       0.27583582E-22      -0.10490726E-28       0.26303923E-04       0.12857545E-07       0.39996968E-26      -0.75979914E-21       0.75985919E-21      -0.37668717E-23       0.27979365E-18      -0.27979035E-18       0.40606426E-24
450        0.41443421E-02       0.41722540E-02      -0.73504293E-21      -0.44733257E-22       0.11879653E-28       0.25775281E-04       0.13142838E-07       0.17889938E-25      -0.34864146E-20       0.34866441E-20      -0.13666646E-22       0.98219968E-18      -0.98218758E-18       0.13215128E-23
451        0.41352676E-02       0.41626163E-02      -0.13529043E-20      -0.25503287E-22      -0.14072495E-27       0.25257154E-04       0.13430996E-07      -0.20776320E-25       0.45417215E-20      -0.45420195E-20       0.20480970E-22      -0.15070466E-17       0.15070286E-17      -0.21082722E-23
452        0.41262319E-02       0.41530288E-02      -0.13596566E-21       0.15636778E-22      -0.48742236E-28       0.24749338E-04       0.13722057E-07       0.95689438E-26      -0.20091088E-20       0.20092322E-20      -0.62262243E-23       0.43062778E-18      -0.43062220E-18       0.51143515E-24
453        0.41172348E-02       0.41434909E-02      -0.40719128E-22      -0.10701900E-21      -0.89620120E-28       0.24251627E-04       0.14016061E-07      -0.59880841E-26       0.14974350E-20      -0.14975430E-20       0.85951156E-23      -0.65165024E-18       0.65164271E-18      -0.94485318E-24
454        0.41082759E-02       0.41340022E-02      -0.36193613E-21       0.44409576E-22      -0.10358164E-27       0.23763823E-04       0.14313047E-07       0.79977664E-26      -0.19762081E-20       0.19763521E-20      -0.10334051E-22       0.78361373E-18      -0.78360468E-18       0.11389252E-23
455        0.40993552E-02       0.41245622E-02      -0.58901815E-22      -0.34309892E-22      -0.45955722E-28       0.23285730E-04       0.14613057E-07       0.17741362E-25      -0.31503687E-20       0.31505637E-20      -0.11602781E-22       0.84577464E-18      -0.84576437E-18       0.11200933E-23
456        0.40904723E-02       0.41151705E-02      -0.10521462E-22      -0.51392634E-22      -0.11864642E-27       0.22817156E-04       0.14916133E-07       0.33773624E-27      -0.55821365E-21       0.55827229E-21      -0.49906139E-23       0.39249643E-18      -0.39249210E-18       0.59252842E-24
457        0.40816270E-02       0.41058266E-02       0.54806102E-21       0.11918551E-21      -0.17893983E-27       0.22357915E-04       0.15222319E-07      -0.89507612E-26       0.20740756E-20      -0.20742153E-20       0.10002172E-22      -0.75750478E-18       0.75749600E-18      -0.10655535E-23
458        0.40728191E-02       0.40965302E-02       0.44907789E-21      -0.15337898E-21       0.13027374E-27       0.21907821E-04       0.15531658E-07      -0.69134689E-26       0.10898985E-20      -0.10899352E-20      -0.61113404E-24       0.10085824E-18      -0.10085788E-18       0.30529207E-24
459        0.40640484E-02       0.40872807E-02       0.51515898E-21       0.21505346E-23       0.51348966E-28       0.21466693E-04       0.15844198E-07       0.51462716E-26      -0.63329280E-21       0.63332850E-21      -0.17844293E-23       0.12712526E-18      -0.12712366E-18       0.15531447E-24
460        0.40553146E-02       0.40780778E-02      -0.11548972E-21      -0.32705796E-22       0.12630913E-27       0.21034356E-04       0.16159984E-07      -0.58080258E-26       0.22248166E-20      -0.22249847E-20       0.13130983E-22      -0.10224388E-17       0.10224273E-17      -0.14804072E-23
461        0.40466175E-02       0.40689211E-02      -0.21768014E-22      -0.17776200E-22      -0.12692206E-27       0.20610634E-04       0.16479065E-07      -0.15139896E-25       0.27716591E-20      -0.27718217E-20       0.92121859E-23      -0.66815591E-18       0.66814770E-18      -0.81953693E-24
462        0.40379570E-02       0.40598101E-02      -0.43438210E-21      -0.26570949E-22      -0.24354349E-28       0.20195359E-04       0.16801489E-07       0.11369214E-26       0.13844030E-21      -0.13845890E-21       0.25078844E-23      -0.21124462E-18       0.21124248E-18      -0.34716522E-24
463        0.40293327E-02       0.40507445E-02      -0.72833815E-21      -0.50055423E-23      -0.77747576E-28       0.19788362E-04       0.17127306E-07       0.25107834E-26       0.23086695E-21      -0.23092132E-21       0.76122017E-23      -0.64799852E-18       0.64799203E-18      -0.10686381E-23
464        0.40207445E-02       0.40417238E-02       0.27756606E-21       0.71448478E-22      -0.12776401E-27       0.19389480E-04       0.17456567E-07       0.31090282E-25      -0.64431497E-20       0.64435738E-20      -0.28663141E-22       0.22001956E-17      -0.22001704E-17       0.29771870E-23
465        0.40121922E-02       0.40327476E-02      -0.67002283E-21      -0.60581275E-22       0.92874116E-28       0.18998552E-04       0.17789324E-07      -0.84531568E-26       0.32072903E-20      -0.32075470E-20       0.21676751E-22      -0.17403084E-17       0.17402896E-17      -0.25576174E-23
466        0.40036755E-02       0.40238156E-02       0.34477535E-22       0.81875174E-22      -0.38824462E-28       0.18615422E-04       0.18125630E-07       0.86206690E-26      -0.13142001E-20       0.13142789E-20      -0.52586283E-23       0.40697526E-18      -0.40697064E-18       0.55276728E-24
467        0.39951942E-02       0.40149273E-02       0.10426611E-21      -0.12894201E-22       0.75866590E-29       0.18239934E-04       0.18465540E-07       0.95500307E-26      -0.10380754E-20       0.10381249E-20      -0.15883373E-23       0.94588108E-19      -0.94586623E-19       0.46128231E-25
468        0.39867481E-02       0.40060825E-02      -0.54163595E-21      -0.52580012E-22      -0.60343684E-28       0.17871938E-04       0.18809108E-07       0.14772314E-25      -0.29802906E-20       0.29804758E-20      -0.11095691E-22       0.83621439E-18      -0.83620453E-18       0.10354409E-23
469        0.39783370E-02       0.39972807E-02       0.31558273E-21       0.90327351E-22       0.22373423E-27       0.17511284E-04       0.19156390E-07      -0.28517352E-25       0.62589982E-20      -0.62594365E-20       0.33214332E-22      -0.26486637E-17       0.26486346E-17      -0.37056267E-23
470        0.39699607E-02       0.39885215E-02      -0.48935736E-21      -0.45168219E-22       0.12307337E-27       0.17157829E-04       0.19507444E-07      -0.22166457E-25       0.41299192E-20      -0.41301688E-20       0.16133989E-22      -0.12483276E-17       0.12483133E-17      -0.16259178E-23
471        0.39616190E-02       0.39798047E-02       0.59412831E-21      -0.15236985E-21       0.17377487E-27       0.16811428E-04       0.19862329E-07      -0.15771241E-25       0.33478070E-20      -0.33480162E-20       0.13712239E-22      -0.10666661E-17       0.10666540E-17      -0.13916486E-23
472        0.39533117E-02       0.39711297E-02      -0.10068577E-23       0.97031252E-22       0.44125210E-28       0.16471942E-04       0.20221102E-07       0.12582999E-26       0.40103105E-23      -0.40080659E-23      -0.56254015E-24       0.53980975E-19      -0.53980519E-19       0.10490949E-24
473        0.39450385E-02       0.39624964E-02       0.21497784E-21       0.14820183E-21       0.16160691E-27       0.16139235E-04       0.20583825E-07       0.41993114E-25      -0.93403629E-20       0.93409759E-20      -0.42880814E-22       0.34067767E-17      -0.34067390E-17       0.45594429E-23
474        0.39367994E-02       0.39539042E-02      -0.89150257E-22      -0.10018587E-22       0.10072095E-27       0.15813170E-04       0.20950559E-07       0.12181585E-25      -0.21470028E-20       0.21471212E-20      -0.63519729E-23       0.47415578E-18      -0.47415010E-18       0.54649072E-24
475        0.39285940E-02       0.39453529E-02      -0.18207864E-21       0.74071046E-22      -0.99231243E-28       0.15493618E-04       0.21321366E-07      -0.59493219E-26       0.82856953E-21      -0.82859533E-21      -0.11017279E-23       0.13895122E-18      -0.13895041E-18       0.33268727E-24
476        0.39204222E-02       0.39368422E-02       0.61690996E-21      -0.91583295E-24      -0.27349829E-28       0.15180448E-04       0.21696309E-07      -0.13492299E-25       0.32958677E-20      -0.32960887E-20       0.15914677E-22      -0.12822364E-17       0.12822225E-17      -0.17152219E-23
477        0.39122837E-02       0.39283717E-02      -0.82803278E-22      -0.94714836E-22      -0.25302290E-28       0.14873534E-04       0.22075453E-07      -0.31380466E-26       0.68529443E-21      -0.68536273E-21       0.64321927E-23      -0.54363898E-18       0.54363341E-18      -0.78871147E-24
478        0.39041785E-02       0.39199410E-02       0.29930864E-21       0.77387384E-22      -0.34601792E-28       0.14572752E-04       0.22458863E-07       0.10605883E-25      -0.17574796E-20       0.17575765E-20      -0.58947468E-23       0.46330944E-18      -0.46330423E-18       0.57975804E-24
479        0.38961062E-02       0.39115499E-02       0.47808649E-21      -0.73962523E-22      -0.55420312E-28       0.14277979E-04       0.22846604E-07      -0.30788700E-25       0.65195736E-20      -0.65199713E-20       0.25445570E-22      -0.20158655E-17       0.20158430E-17      -0.25321052E-23
480        0.38880667E-02       0.39031980E-02       0.47253579E-21      -0.13170502E-21       0.56645319E-29       0.13989097E-04       0.23238746E-07       0.29314728E-25      -0.67697982E-20       0.67702388E-20      -0.32573660E-22       0.26747795E-17      -0.26747510E-17       0.36081313E-23
481        0.38800598E-02       0.38948850E-02       0.78334540E-21      -0.19750862E-24      -0.20160300E-28       0.13705988E-04       0.23635354E-07       0.20718315E-25      -0.30130962E-20       0.30132592E-20      -0.87022405E-23       0.66224323E-18      -0.66223545E-18       0.74486266E-24
482        0.38720854E-02       0.38866105E-02      -0.38112948E-21      -0.29027081E-22       0.34617498E-28       0.13428538E-04       0.24036500E-07       0.76043969E-26      -0.23601578E-20       0.23603395E-20      -0.15654528E-22       0.13280649E-17      -0.13280514E-17       0.18722125E-23
483        0.38641431E-02       0.38783744E-02       0.78933580E-21      -0.41342499E-23      -0.65007737E-29       0.13156634E-04       0.24442252E-07       0.27006847E-25      -0.56965452E-20       0.56968935E-20      -0.24368413E-22       0.19971681E-17      -0.19971468E-17       0.26167488E-23
484        0.38562329E-02       0.38701761E-02      -0.94886414E-21      -0.10585741E-21       0.18095424E-27       0.12890166E-04       0.24852682E-07       0.60782238E-26      -0.61798509E-21       0.61801831E-21      -0.16378839E-23       0.11969846E-18      -0.11969697E-18       0.11739921E-24
485        0.38483546E-02       0.38620156E-02       0.26392039E-21      -0.47877250E-22      -0.11819322E-27       0.12629025E-04       0.25267862E-07      -0.20821190E-25       0.34909324E-20      -0.34911258E-20       0.11216424E-22      -0.88238757E-18       0.88237761E-18      -0.10282847E-23
486        0.38405079E-02       0.38538923E-02      -0.92268544E-22       0.13208522E-21      -0.41655580E-28       0.12373107E-04       0.25687865E-07       0.98920220E-26      -0.20158733E-20       0.20159963E-20      -0.87311252E-23       0.72369934E-18      -0.72369169E-18       0.94225948E-24
487        0.38326927E-02       0.38458062E-02      -0.53410586E-21       0.10138278E-21       0.12002540E-27       0.12122305E-04       0.26112764E-07       0.27560313E-26      -0.13026479E-20       0.13027590E-20      -0.99151644E-23       0.85657746E-18      -0.85656886E-18       0.11925296E-23
488        0.38249088E-02       0.38377567E-02       0.13404317E-21       0.14465774E-23      -0.26321268E-27       0.11876520E-04       0.26542635E-07      -0.75107231E-26       0.16002036E-20      -0.16003054E-20       0.72200427E-23      -0.60137056E-18       0.60136423E-18      -0.77422879E-24
489        0.38171560E-02       0.38297438E-02       0.49445114E-21      -0.26150464E-21       0.37555827E-27       0.11635651E-04       0.26977552E-07      -0.18862198E-25       0.38362683E-20      -0.38365111E-20       0.18066235E-22      -0.15261780E-17       0.15261623E-17      -0.20198376E-23
490        0.38094341E-02       0.38217670E-02       0.40329474E-21      -0.10549166E-22       0.16591923E-27       0.11399599E-04       0.27417593E-07      -0.69444249E-26       0.18586771E-20      -0.18587935E-20       0.79466673E-23      -0.66101858E-18       0.66101159E-18      -0.83727327E-24
491        0.38017430E-02       0.38138261E-02       0.30724865E-22      -0.80269478E-22       0.93872887E-28       0.11168270E-04       0.27862834E-07      -0.12212193E-26       0.62390961E-21      -0.62394673E-21       0.30303885E-23      -0.26354164E-18       0.26353901E-18      -0.37069747E-24
492        0.37940824E-02       0.38059209E-02       0.32058679E-21       0.53971200E-22      -0.13416558E-28       0.10941568E-04       0.28313353E-07       0.34095382E-27      -0.54689395E-21       0.54694248E-21      -0.43065771E-23       0.37636658E-18      -0.37636284E-18       0.51650972E-24
493        0.37864523E-02       0.37980509E-02      -0.63965273E-21      -0.63213575E-22      -0.98025214E-28       0.10719402E-04       0.28769231E-07       0.12177050E-25      -0.23325158E-20       0.23326471E-20      -0.82592956E-23       0.68037653E-18      -0.68036924E-18       0.82352564E-24
494        0.37788524E-02       0.37902161E-02       0.99219901E-21      -0.52798597E-22       0.89380326E-28       0.10501682E-04       0.29230545E-07       0.29244825E-25      -0.59415078E-20       0.59418734E-20      -0.24861204E-22       0.20856000E-17      -0.20855781E-17       0.25858245E-23
495        0.37712826E-02       0.37824160E-02      -0.42647564E-21      -0.15280185E-22       0.59153263E-28       0.10288317E-04       0.29697377E-07      -0.29569340E-26       0.10530607E-20      -0.10531449E-20       0.78883804E-23      -0.70629961E-18       0.70629281E-18      -0.98959772E-24
496        0.37637426E-02       0.37746504E-02      -0.15865890E-21      -0.17893114E-21       0.25025260E-27       0.10079222E-04       0.30169808E-07      -0.21612847E-25       0.49687391E-20      -0.49690655E-20       0.24151119E-22      -0.20728974E-17       0.20728762E-17      -0.26568818E-23
497        0.37562324E-02       0.37669192E-02      -0.34645261E-21      -0.19084682E-21       0.15752876E-27       0.98743117E-05       0.30647920E-07       0.13676410E-25      -0.26430795E-20       0.26432079E-20      -0.66370910E-23       0.52522396E-18      -0.52521803E-18       0.56571727E-24
498        0.37487517E-02       0.37592219E-02       0.54892172E-22       0.13538321E-21       0.74233529E-28       0.96735018E-05       0.31131794E-07      -0.11578645E-26       0.11000459E-20      -0.11001305E-20       0.69890845E-23      -0.61396836E-18       0.61396227E-18      -0.80451697E-24
499        0.37413004E-02       0.37515583E-02       0.15009722E-20      -0.95514420E-22       0.70207617E-28       0.94767108E-05       0.31621515E-07      -0.37481090E-26       0.10274347E-20      -0.10275133E-20       0.77173678E-23      -0.70168332E-18       0.70167667E-18      -0.98020571E-24
500        0.37338782E-02       0.37439283E-02      -0.30545961E-21       0.11641992E-21      -0.12634158E-27       0.92838583E-05       0.32117167E-07      -0.11050415E-25       0.21175883E-20      -0.21177073E-20       0.81027855E-23      -0.69390283E-18       0.69389571E-18      -0.85175091E-24
501        0.37264852E-02       0.37363315E-02      -0.61001842E-21      -0.22611928E-21      -0.70856726E-28       0.90948656E-05       0.32618832E-07      -0.46011982E-26       0.99518727E-21      -0.99523796E-21       0.17260996E-23      -0.11321159E-18       0.11320996E-18      -0.32894910E-25
502        0.37191210E-02       0.37287676E-02       0.14805192E-21       0.19633794E-21      -0.10302722E-27       0.89096557E-05       0.33126597E-07      -0.57151476E-26       0.11522032E-20      -0.11522658E-20       0.28755089E-23      -0.21834212E-18       0.21833950E-18      -0.18373841E-24
503        0.37117855E-02       0.37212365E-02       0.55130364E-21       0.14215402E-22      -0.11420315E-27       0.87281527E-05       0.33640547E-07       0.13314425E-25      -0.31614748E-20       0.31616754E-20      -0.15419302E-22       0.13619387E-17      -0.13619252E-17       0.17482000E-23
504        0.37044785E-02       0.37137379E-02       0.10976660E-20      -0.31340306E-21      -0.80540448E-28       0.85502827E-05       0.34160766E-07      -0.15306735E-25       0.42578268E-20      -0.42581087E-20       0.21377420E-22      -0.18852231E-17       0.18852044E-17      -0.23804835E-23
505        0.36972000E-02       0.37062716E-02       0.48617274E-21      -0.64721094E-22      -0.65473520E-28       0.83759729E-05       0.34687343E-07      -0.22596981E-26      -0.58525994E-21       0.58531704E-21      -0.68410331E-23       0.65145206E-18      -0.65144623E-18       0.94905050E-24
506        0.36899496E-02       0.36988373E-02      -0.31990078E-21       0.76770499E-22       0.32634704E-30       0.82051520E-05       0.35220362E-07      -0.15762026E-25       0.29206072E-20      -0.29207561E-20       0.84543382E-23      -0.70273712E-18       0.70272961E-18      -0.76725779E-24
507        0.36827274E-02       0.36914347E-02      -0.18417529E-21       0.11583692E-21       0.14075487E-28       0.80377503E-05       0.35759910E-07       0.72724792E-26      -0.51366442E-21       0.51365843E-21       0.39870870E-23      -0.41526346E-18       0.41526015E-18      -0.67363626E-24
508        0.36755330E-02       0.36840637E-02      -0.11331777E-20       0.13408784E-21      -0.16903003E-27       0.78736992E-05       0.36306075E-07      -0.22475902E-25       0.56765597E-20      -0.56769125E-20       0.25674318E-22      -0.22730618E-17       0.22730393E-17      -0.28031495E-23
509        0.36683665E-02       0.36767241E-02       0.12810764E-20       0.14003423E-21       0.51388021E-28       0.77129317E-05       0.36858944E-07       0.12361952E-25      -0.28792437E-20       0.28794130E-20      -0.11157129E-22       0.96821674E-18      -0.96820689E-18       0.11268084E-23
510        0.36612275E-02       0.36694155E-02      -0.39001560E-21      -0.55142203E-22       0.34581128E-28       0.75553820E-05       0.37418602E-07       0.90472545E-26      -0.31550850E-20       0.31552977E-20      -0.16915242E-22       0.15305123E-17      -0.15304975E-17       0.19338912E-23
511        0.36541159E-02       0.36621378E-02       0.45130825E-21       0.15713293E-22      -0.44036547E-27       0.74009855E-05       0.37985138E-07      -0.25670633E-25       0.54231141E-20      -0.54234406E-20       0.22130948E-22      -0.19420035E-17       0.19419840E-17      -0.22825852E-23
512        0.36470316E-02       0.36548907E-02       0.58272481E-21      -0.12266952E-21      -0.58514874E-28       0.72496790E-05       0.38558639E-07       0.43616025E-26      -0.12368069E-20       0.12369160E-20      -0.10715111E-22       0.10077986E-17      -0.10077893E-17       0.13536763E-23
