 # File k.dat, created by Task#1 of TABOO on 2025.03.09 time=16.06.51
 # These k numbers are of _tidal_ type
  2        0.30346466E+00       0.96672389E+00       0.57971461E-08       0.79688295E-05       0.17876381E-03       0.42794312E-01       0.60736763E+00      -0.15477466E-24       0.13814812E-01       0.12939904E-01       0.51955916E-22       0.27132870E-03       0.15894258E-03      -0.91560075E-25
  3        0.93869509E-01       0.48000403E+00       0.12312574E-07       0.15463145E-04       0.30469192E-03       0.31835611E-01       0.21931813E+00       0.84258517E-26       0.17290721E-02       0.10222143E-02      -0.31708163E-23       0.39456972E-04       0.15394295E-04       0.45030733E-26
  4        0.42187811E-01       0.31773418E+00       0.21557664E-07       0.23952586E-04       0.58957535E-03       0.22239889E-01       0.10330050E+00       0.20089998E-24       0.42428830E-03       0.27936035E-04      -0.10277009E-21       0.99959509E-05       0.13702311E-08       0.12297398E-24
  5        0.24486955E-01       0.23611153E+00       0.33365943E-07       0.32025316E-04       0.11953872E-02       0.12921739E-01       0.61673929E-01      -0.52827507E-26       0.17604663E-03       0.14166362E-04      -0.10001757E-22       0.38441849E-05       0.18823006E-05       0.15614411E-25
  6        0.16637026E-01       0.18696524E+00       0.47470366E-07       0.38619372E-04       0.21574953E-02       0.40678912E-02       0.45396187E-01      -0.14386706E-25       0.10367941E-03       0.46123422E-04       0.39087077E-23       0.19933648E-05       0.32168526E-05      -0.24401720E-26
  7        0.12402391E-01       0.15421925E+00       0.63581460E-07       0.43158535E-04       0.21986094E-02       0.21987087E-03       0.35668655E-01      -0.80710981E-25       0.76208949E-04       0.57965541E-04       0.51752805E-22       0.12711795E-05       0.33571279E-05      -0.53301181E-25
  8        0.97917502E-02       0.13091849E+00       0.81399091E-07       0.45496800E-04       0.10456079E-02       0.11384144E-01       0.17174262E-01      -0.13348911E-25       0.64057223E-04       0.57748980E-04       0.13325424E-22       0.93136272E-06       0.29804003E-05      -0.17125228E-25
  9        0.80331055E-02       0.11354464E+00       0.10059813E-06       0.45800496E-04       0.33545521E-03       0.16929610E-01       0.65914059E-02      -0.15944703E-25       0.58216327E-04       0.52847715E-04       0.16818832E-22       0.74697463E-06       0.24713755E-05      -0.26065022E-25
 10        0.67739794E-02       0.10012292E+00       0.12081776E-06       0.44426252E-04       0.95013498E-04       0.16317803E-01       0.33310446E-02       0.56608830E-26       0.55286465E-04       0.46649076E-04      -0.19298708E-22       0.63443788E-06       0.19838939E-05       0.40195394E-25
 11        0.58314917E-02       0.89459602E-01       0.14166190E-06       0.41813812E-04       0.26189397E-04       0.14657538E-01       0.19964969E-02       0.19785508E-25       0.53769999E-04       0.40495268E-04      -0.25736481E-22       0.55833045E-06       0.15663893E-05       0.61693083E-25
 12        0.51013304E-02       0.80791678E-01       0.16270800E-06       0.38402774E-04       0.72294128E-05       0.13007689E-01       0.13103001E-02       0.69457742E-26       0.52927913E-04       0.34867208E-04      -0.12222954E-22       0.50204405E-06       0.12258485E-05       0.37467948E-25
 13        0.45197498E-02       0.73609618E-01       0.18351998E-06       0.34577971E-04       0.20132379E-05       0.11560688E-01       0.90527936E-03      -0.75537335E-26       0.52362987E-04       0.29900614E-04       0.98093825E-23       0.45720610E-06       0.95478185E-06      -0.35807445E-25
 14        0.40457497E-02       0.67560863E-01       0.20366265E-06       0.30642568E-04       0.56629533E-06       0.10325517E-01       0.64535979E-03      -0.13914012E-25       0.51847965E-04       0.25595049E-04       0.80540023E-23       0.41936625E-06       0.74184553E-06      -0.28812322E-25
 15        0.36518954E-02       0.62394176E-01       0.22271602E-06       0.26813070E-04       0.16083515E-06       0.92732657E-02       0.46974825E-03      -0.41743373E-26       0.51248001E-04       0.21898379E-04       0.37824640E-23       0.38606382E-06       0.57580756E-06      -0.20485819E-25
 16        0.33192323E-02       0.57925991E-01       0.24028854E-06       0.23228287E-04       0.46085668E-07       0.83717246E-02       0.34721131E-03      -0.13920608E-25       0.50483102E-04       0.18741758E-04       0.15549856E-22       0.35589772E-06       0.44686960E-06      -0.95030231E-25
 17        0.30343073E-02       0.54019286E-01       0.25602897E-06       0.19964874E-04       0.13311066E-07       0.75932455E-02       0.25991456E-03       0.28863767E-26       0.49508714E-04       0.16054486E-04       0.30235075E-23       0.32805323E-06       0.34695094E-06      -0.27634515E-25
 18        0.27873457E-02       0.50569853E-01       0.26963636E-06       0.17054094E-04       0.38719294E-08       0.69156762E-02       0.19684650E-03      -0.99420451E-26       0.48304930E-04       0.13770290E-04       0.12238776E-22       0.30205021E-06       0.26958165E-06      -0.10247778E-24
 19        0.25710971E-02       0.47497138E-01       0.28086781E-06       0.14496720E-04       0.11332201E-08       0.63215998E-02       0.15081880E-03      -0.15901513E-25       0.46869897E-04       0.11829732E-04       0.17812398E-22       0.27760406E-06       0.20966914E-06      -0.17089643E-24
 20        0.23800814E-02       0.44737961E-01       0.28954403E-06       0.12274836E-04       0.33341217E-09       0.57973268E-02       0.11695613E-03      -0.14877589E-25       0.45215302E-04       0.10180819E-04       0.21053100E-22       0.25454628E-06       0.16324579E-06      -0.23584491E-24
 21        0.22100853E-02       0.42242138E-01       0.29555233E-06       0.10360409E-04       0.98524617E-10       0.53320148E-02       0.91866729E-04       0.12554604E-25       0.43362906E-04       0.87787515E-05      -0.10308067E-22       0.23277781E-06       0.12723938E-06       0.11534562E-24
 22        0.20578178E-02       0.39969349E-01       0.29884726E-06       0.87210925E-05       0.29216756E-10       0.49169815E-02       0.73151383E-04      -0.44004874E-27       0.41341641E-04       0.75853042E-05       0.38372749E-24       0.21224080E-06       0.99279368E-07      -0.89746246E-26
 23        0.19206701E-02       0.37886878E-01       0.29944893E-06       0.73238899E-05       0.86873378E-11       0.45451894E-02       0.59094361E-04       0.74902637E-26       0.39185063E-04       0.65680684E-05      -0.66316778E-23       0.19290111E-06       0.77539699E-07       0.95094043E-25
 24        0.17965459E-02       0.35967940E-01       0.29743914E-06       0.61372937E-05       0.25880423E-11       0.42108650E-02       0.48459606E-04       0.48094735E-27       0.36929117E-04       0.56996786E-05      -0.25497381E-23       0.17473726E-06       0.60614420E-07       0.52004708E-25
 25        0.16837387E-02       0.34190436E-01       0.29295570E-06       0.51323967E-05       0.77191547E-12       0.39092169E-02       0.40351798E-04      -0.89398295E-26       0.34610183E-04       0.49570878E-05       0.12414384E-22       0.15773322E-06       0.47420595E-07      -0.23605718E-24
 26        0.15808426E-02       0.32536016E-01       0.28618516E-06       0.42833502E-05       0.23035019E-12       0.36362274E-02       0.34119514E-04      -0.24065730E-25       0.32263461E-04       0.43209147E-05       0.29905612E-22       0.14187379E-06       0.37123270E-07      -0.61594311E-24
 27        0.14866865E-02       0.30989354E-01       0.27735440E-06       0.35674311E-05       0.68731966E-13       0.33884959E-02       0.29286789E-04       0.83083405E-26       0.29921694E-04       0.37748713E-05      -0.14970550E-23       0.12714158E-06       0.29077794E-07      -0.87828313E-26
 28        0.14002843E-02       0.29537588E-01       0.26672145E-06       0.29648893E-05       0.20494437E-13       0.31631198E-02       0.25504334E-04       0.92158694E-26       0.27614226E-04       0.33052701E-05      -0.81843392E-23       0.11351513E-06       0.22785639E-07       0.18728543E-24
 29        0.13207982E-02       0.28169891E-01       0.25456595E-06       0.24586900E-05       0.61038097E-14       0.29576044E-02       0.22514601E-04      -0.89366280E-27       0.25366406E-04       0.29006045E-05      -0.34342589E-23       0.10096787E-06       0.17860598E-07       0.10361580E-24
 30        0.12475097E-02       0.26877113E-01       0.24117963E-06       0.20342129E-05       0.18149280E-14       0.27697916E-02       0.20126693E-04       0.11628082E-25       0.23199279E-04       0.25511935E-05      -0.12826547E-22       0.89467690E-07       0.14002942E-07       0.35860305E-24
 31        0.11797982E-02       0.25651516E-01       0.22685714E-06       0.16789515E-05       0.53856920E-15       0.25978044E-02       0.18198327E-04      -0.11218726E-25       0.21129533E-04       0.22488837E-05       0.14285348E-22       0.78976894E-07       0.10979646E-07      -0.45742575E-24
 32        0.11171231E-02       0.24486540E-01       0.21188769E-06       0.13822292E-05       0.15944161E-15       0.24400027E-02       0.16622819E-04       0.10116362E-25       0.19169655E-04       0.19867993E-05      -0.49442790E-23       0.69452608E-07       0.86092322E-08       0.10732113E-24
 33        0.10590112E-02       0.23376626E-01       0.19654752E-06       0.11349441E-05       0.47077941E-16       0.22949475E-02       0.15319706E-04       0.77408827E-26       0.17328227E-04       0.17591337E-05      -0.11003053E-22       0.60847359E-07       0.67501484E-08       0.36285620E-24
 34        0.10050453E-02       0.22317058E-01       0.18109364E-06       0.92934353E-06       0.13860815E-16       0.21613715E-02       0.14227943E-04       0.15845427E-25       0.15610337E-04       0.15609753E-05      -0.17918885E-22       0.53109875E-07       0.52918233E-08       0.61955138E-24
 35        0.95485603E-03       0.21303843E-01       0.16575878E-06       0.75882946E-06       0.40685221E-17       0.20381551E-02       0.13300965E-04      -0.16033210E-25       0.14018037E-04       0.13881626E-05       0.29580206E-22       0.46185980E-07       0.41477762E-08      -0.11924786E-23
 36        0.90811484E-03       0.20333597E-01       0.15074781E-06       0.61779056E-06       0.11904255E-17       0.19243067E-02       0.12503077E-04       0.56021750E-26       0.12550826E-04       0.12371633E-05      -0.18272696E-23       0.40019547E-07       0.32502933E-08       0.29487872E-25
 37        0.86452817E-03       0.19403456E-01       0.13623533E-06       0.50145917E-06       0.34717219E-18       0.18189453E-02       0.11806802E-04      -0.14671048E-25       0.11206128E-04       0.11049738E-05       0.13474597E-22       0.34553453E-07       0.25463062E-08      -0.52727309E-24
 38        0.82383285E-03       0.18510995E-01       0.12236473E-06       0.40578911E-06       0.10091167E-18       0.17212868E-02       0.11190921E-04       0.29378225E-26       0.99797412E-05       0.98903505E-06      -0.25097877E-23       0.29730489E-07       0.19941931E-08       0.89115066E-25
 39        0.78579226E-03       0.17654160E-01       0.10924825E-06       0.32735151E-06       0.29233692E-19       0.16306316E-02       0.10639008E-04      -0.30332606E-26       0.88662443E-05       0.88716302E-06      -0.55747079E-23       0.25494203E-07       0.15612904E-08       0.31569102E-24
 40        0.75019296E-03       0.16831210E-01       0.96968174E-07       0.26324580E-06       0.84406843E-20       0.15463543E-02       0.10138328E-04      -0.20968646E-25       0.78593589E-05       0.79748983E-06       0.29009504E-22       0.21789640E-07       0.12219543E-08      -0.14092415E-23
 41        0.71684200E-03       0.16040659E-01       0.85578760E-07       0.21102357E-06       0.24290780E-20       0.14678950E-02       0.96790036E-05      -0.22837305E-25       0.69522564E-05       0.71841507E-06       0.27842445E-22       0.18563967E-07       0.95604674E-09      -0.13793127E-23
 42        0.68556452E-03       0.15281235E-01       0.75108886E-07       0.16862316E-06       0.69679293E-21       0.13947513E-02       0.92533779E-05      -0.12012891E-25       0.61378152E-05       0.64856483E-06       0.90481289E-23       0.15766984E-07       0.74775104E-09      -0.37893207E-24
 43        0.65620174E-03       0.14551835E-01       0.65565078E-07       0.13431339E-06       0.19925171E-21       0.13264715E-02       0.88555212E-05      -0.63877210E-26       0.54088292E-05       0.58675743E-06      -0.84716320E-24       0.13351503E-07       0.58464475E-09       0.85145989E-25
 44        0.62860920E-03       0.13851495E-01       0.56934817E-07       0.10664507E-06       0.56804329E-22       0.12626493E-02       0.84808509E-05      -0.15731209E-25       0.47581727E-05       0.53197454E-06       0.18204205E-22       0.11273614E-07       0.45697215E-09      -0.97363849E-24
 45        0.60265527E-03       0.13179354E-01       0.49189925E-07       0.84409093E-07       0.16147032E-22       0.12029184E-02       0.81258341E-05       0.26888758E-25       0.41789255E-05       0.48333694E-06      -0.17224683E-22       0.94928409E-08       0.35707335E-09       0.80284083E-24
 46        0.57821978E-03       0.12534633E-01       0.42289887E-07       0.66600273E-07       0.45771097E-23       0.11469480E-02       0.77877552E-05      -0.54038753E-26       0.36644647E-05       0.44008406E-06       0.35437153E-23       0.79722031E-08       0.27893569E-09      -0.14989272E-24
 47        0.55519291E-03       0.11916609E-01       0.36184990E-07       0.52386050E-07       0.12940047E-23       0.10944389E-02       0.74645326E-05      -0.16567858E-25       0.32085288E-05       0.40155669E-06       0.55693384E-23       0.66781904E-08       0.21784110E-09      -0.16286505E-24
 48        0.53347412E-03       0.11324597E-01       0.30819200E-07       0.41079535E-07       0.36491111E-24       0.10451204E-02       0.71545754E-05      -0.95539690E-26       0.28052572E-05       0.36718239E-06       0.27216353E-22       0.55806728E-08       0.17008883E-09      -0.18726703E-23
 49        0.51297126E-03       0.10757938E-01       0.26132704E-07       0.32116289E-07       0.10266134E-24       0.99874670E-03       0.68566694E-05       0.67392253E-27       0.24492126E-05       0.33646302E-06       0.33837012E-23       0.46527556E-08       0.13277731E-09      -0.33001452E-24
 50        0.49359979E-03       0.10215985E-01       0.22064084E-07       0.25034382E-07       0.28817708E-25       0.95509483E-03       0.65698888E-05      -0.17543313E-25       0.21353876E-05       0.30896425E-06       0.29785603E-22       0.38705953E-08       0.10363261E-09      -0.20699247E-23
 51        0.47528203E-03       0.96980939E-02       0.18552121E-07       0.19457333E-07       0.80722941E-26       0.91396191E-03       0.62935255E-05      -0.28999382E-25       0.18592006E-05       0.28430654E-06       0.51159977E-22       0.32131887E-08       0.80873485E-10      -0.36338450E-23
 52        0.45794653E-03       0.92036170E-02       0.15537237E-07       0.15079574E-07       0.22565475E-26       0.87516321E-03       0.60270345E-05       0.51868102E-26       0.16164835E-05       0.26215748E-06       0.14260360E-23       0.26621448E-08       0.63105309E-10      -0.12280656E-24
 53        0.44152754E-03       0.87318987E-02       0.12962580E-07       0.11654114E-07       0.63004994E-27       0.83853024E-03       0.57699912E-05      -0.58818129E-26       0.14034628E-05       0.24222525E-06       0.37605862E-22       0.22014507E-08       0.49236645E-10      -0.31344234E-23
 54        0.42596441E-03       0.82822731E-02       0.10774813E-07       0.89821336E-08       0.17547233E-27       0.80390919E-03       0.55220583E-05       0.20858406E-25       0.12167380E-05       0.22425293E-06      -0.26870130E-22       0.18172374E-08       0.38413730E-10       0.19890451E-23
 55        0.41120124E-03       0.78540624E-02       0.89246234E-08       0.69042335E-08       0.48645775E-28       0.77115939E-03       0.52829603E-05      -0.39126892E-26       0.10532561E-05       0.20801376E-06       0.97327572E-23       0.14975523E-08       0.29969006E-10      -0.81507127E-24
 56        0.39718639E-03       0.74465773E-02       0.73670045E-08       0.52931308E-08       0.13639765E-28       0.74015207E-03       0.50524643E-05       0.83365313E-26       0.91028644E-06       0.19330693E-06      -0.20169678E-22       0.12321417E-08       0.23380730E-10       0.16457695E-23
 57        0.38387212E-03       0.70591181E-02       0.60613511E-08       0.40475853E-08       0.35061990E-29       0.71076918E-03       0.48303651E-05       0.20717080E-25       0.78539390E-06       0.17995405E-06      -0.16448995E-22       0.10122478E-08       0.18241276E-10       0.10776159E-23
 58        0.37121428E-03       0.66909767E-02       0.49714083E-08       0.30873790E-08       0.12274521E-29       0.68290236E-03       0.46164748E-05      -0.14579418E-26       0.67641340E-06       0.16779608E-06      -0.22176320E-23       0.83042092E-09       0.14232293E-10       0.18526152E-24
 59        0.35917199E-03       0.63414389E-02       0.40651086E-08       0.23491883E-08       0.41217631E-30       0.65645203E-03       0.44106145E-05      -0.12463991E-25       0.58142493E-06       0.15669080E-06       0.12368791E-22       0.68034787E-09       0.11105230E-10      -0.99275297E-24
 60        0.34770736E-03       0.60097872E-02       0.33143316E-08       0.17832079E-08      -0.17781438E-30       0.63132655E-03       0.42126093E-05       0.13043277E-25       0.49872973E-06       0.14651060E-06      -0.44221048E-22       0.55669795E-09       0.86660894E-11       0.40687031E-23
 61        0.33678525E-03       0.56953038E-02       0.26946116E-08       0.13504031E-08       0.17530496E-30       0.60744150E-03       0.40222842E-05       0.40738872E-25       0.42682797E-06       0.13714070E-06      -0.46829749E-22       0.45498494E-09       0.67634926E-11       0.38571772E-23
 62        0.32637305E-03       0.53972737E-02       0.21848167E-08       0.10202855E-08      -0.10632550E-30       0.58471901E-03       0.38394617E-05      -0.71411530E-26       0.36439783E-06       0.12847775E-06       0.16957557E-22       0.37144511E-09       0.52793419E-11      -0.17041192E-23
 63        0.31644044E-03       0.51149874E-02       0.17668165E-08       0.76912142E-09       0.48980531E-30       0.56308717E-03       0.36639606E-05      -0.28856538E-25       0.31027608E-06       0.12042878E-06       0.19665912E-22       0.30293005E-09       0.41215210E-11      -0.11695620E-23
 64        0.30695926E-03       0.48477441E-02       0.14251519E-08       0.57849452E-09       0.25263229E-30       0.54247949E-03       0.34955953E-05      -0.28477035E-25       0.26344018E-06       0.11291048E-06       0.19575275E-22       0.24681331E-09       0.32181893E-11      -0.11487559E-23
 65        0.29790328E-03       0.45948542E-02       0.11467175E-08       0.43415938E-09       0.26463619E-30       0.52283445E-03       0.33341756E-05      -0.28013771E-25       0.22299174E-06       0.10584878E-06       0.34028861E-22       0.20090938E-09       0.25133258E-11      -0.28899487E-23
 66        0.28924810E-03       0.43556414E-02       0.92046256E-09       0.32513013E-09       0.75172113E-32       0.50409502E-03       0.31795072E-05      -0.35256194E-25       0.18814147E-06       0.99178731E-07       0.27673055E-22       0.16340404E-09       0.19632485E-11      -0.20103511E-23
 67        0.28097096E-03       0.41294453E-02       0.73711550E-09       0.24295940E-09      -0.63437615E-30       0.48620832E-03       0.30313921E-05      -0.99903544E-26       0.15819534E-06       0.92844578E-07       0.22570305E-23       0.13279461E-09       0.15338982E-11       0.11194608E-24
 68        0.27305064E-03       0.39156229E-02       0.58893370E-09       0.18117023E-09      -0.20143043E-30       0.46912523E-03       0.28896297E-05      -0.51813320E-25       0.13254218E-06       0.86799955E-07       0.64871441E-22       0.10783904E-09       0.11987195E-11      -0.58621033E-23
 69        0.26546736E-03       0.37135500E-02       0.46947961E-09       0.13481010E-09       0.39371139E-30       0.45280010E-03       0.27540170E-05       0.16269296E-25       0.11064254E-06       0.81008040E-07      -0.12241222E-22       0.87512693E-10       0.93700685E-12       0.95445321E-24
 70        0.25820261E-03       0.35226230E-02       0.37342275E-09       0.10010223E-09      -0.17115011E-30       0.43719046E-03       0.26243502E-05       0.17545830E-25       0.92018998E-07       0.75441570E-07      -0.23224559E-22       0.70971808E-10       0.73261521E-12       0.21142698E-23
 71        0.25123912E-03       0.33422591E-02       0.29636634E-09       0.74173970E-10       0.34700247E-30       0.42225673E-03       0.25004248E-05       0.14835986E-25       0.76247741E-07       0.70082548E-07       0.11060405E-23       0.57522749E-10       0.57295483E-12      -0.38647564E-24
 72        0.24456071E-03       0.31718978E-02       0.23469691E-09       0.54845814E-10      -0.65319924E-30       0.40796204E-03       0.23820371E-05      -0.11153386E-25       0.62951643E-07       0.64921556E-07       0.10940911E-22       0.46596186E-10       0.44820731E-12      -0.73855295E-24
 73        0.23815227E-03       0.30110006E-02       0.18545494E-09       0.40468249E-10      -0.31930136E-30       0.39427196E-03       0.22689847E-05       0.15825411E-25       0.51794608E-07       0.59956626E-07      -0.14070952E-22       0.37725505E-10       0.35071468E-12       0.99136008E-24
 74        0.23199963E-03       0.28590519E-02       0.14622436E-09       0.29795852E-10      -0.14456102E-30       0.38115433E-03       0.21610672E-05      -0.98673335E-26       0.42477127E-07       0.55191714E-07       0.16921093E-22       0.30528793E-10       0.27450311E-12      -0.17617966E-23
 75        0.22608950E-03       0.27155586E-02       0.11503885E-09       0.21890496E-10      -0.63113651E-31       0.36857910E-03       0.20580867E-05       0.31817689E-27       0.34732819E-07       0.50634890E-07       0.21495839E-22       0.24693866E-10       0.21491186E-12      -0.25771421E-23
 76        0.22040945E-03       0.25800503E-02       0.90302787E-10       0.16047150E-10       0.15766418E-30       0.35651813E-03       0.19598486E-05      -0.27956599E-25       0.28325715E-07       0.46296423E-07       0.62138570E-22       0.19965834E-10       0.16830396E-12      -0.68911376E-23
 77        0.21494778E-03       0.24520789E-02       0.70724955E-10       0.11737151E-10       0.21904854E-30       0.34494509E-03       0.18661623E-05       0.11053739E-25       0.23048017E-07       0.42186951E-07      -0.51948393E-23       0.16136820E-10       0.13184079E-12       0.24905505E-24
 78        0.20969354E-03       0.23312181E-02       0.55263283E-10       0.85649592E-11       0.39836341E-30       0.33383527E-03       0.17768410E-05      -0.90609125E-25       0.18718083E-07       0.38315913E-07       0.84158318E-22       0.13037457E-10       0.10330637E-12      -0.76579815E-23
 79        0.20463641E-03       0.22170632E-02       0.43078907E-10       0.62352812E-11      -0.41361607E-30       0.32316552E-03       0.16917026E-05      -0.41673168E-25       0.15178491E-07       0.34690358E-07       0.77927247E-22       0.10529891E-10       0.80970376E-13      -0.84288995E-23
 80        0.19976670E-03       0.21092304E-02       0.33498212E-10       0.45281381E-11       0.84261794E-30       0.31291408E-03       0.16105697E-05      -0.54865210E-25       0.12294034E-07       0.31314188E-07       0.23987131E-22       0.85020124E-11       0.63481420E-13      -0.12438428E-23
 81        0.19507530E-03       0.20073560E-02       0.25981562E-10       0.32800065E-11      -0.49732872E-30       0.30306053E-03       0.15332702E-05      -0.25455892E-26       0.99496603E-08       0.28187818E-07       0.20749466E-22       0.68627245E-11       0.49783780E-13      -0.24275435E-23
 82        0.19055363E-03       0.19110958E-02       0.20097651E-10       0.23695874E-11      -0.23560449E-30       0.29358564E-03       0.14596368E-05       0.51679368E-25       0.80483334E-08       0.25308204E-07      -0.68137682E-22       0.55380624E-11       0.39052504E-13       0.70243895E-23
 83        0.18619362E-03       0.18201247E-02       0.15502527E-10       0.17070942E-11      -0.11914560E-30       0.28447134E-03       0.13895078E-05       0.16562489E-26       0.65088983E-08       0.22669131E-07      -0.33871669E-22       0.44680128E-11       0.30642803E-13       0.37737891E-23
 84        0.18198763E-03       0.17341355E-02       0.11922507E-10       0.12262072E-11      -0.43602691E-30       0.27570059E-03       0.13227268E-05       0.72960960E-25       0.52639961E-08       0.20261688E-07      -0.42708304E-22       0.36039147E-11       0.24050557E-13       0.36318858E-23
 85        0.17792850E-03       0.16528381E-02       0.91402865E-11       0.87804475E-12       0.18925295E-30       0.26725736E-03       0.12591431E-05      -0.47873540E-25       0.42580946E-08       0.18074825E-07       0.16192019E-22       0.29063359E-11       0.18881527E-13      -0.63654248E-24
 86        0.17400946E-03       0.15759594E-02       0.69836954E-11       0.62665566E-12      -0.14679555E-30       0.25912651E-03       0.11986111E-05      -0.43500104E-25       0.34456772E-08       0.16095936E-07       0.74789114E-22       0.23433411E-11       0.14827312E-13      -0.80903656E-23
 87        0.17022409E-03       0.15032415E-02       0.53166129E-11       0.44565682E-12       0.86271692E-30       0.25129375E-03       0.11409908E-05       0.58026119E-25       0.27896185E-08       0.14311402E-07      -0.84022307E-22       0.18890796E-11       0.11646586E-13       0.87999479E-23
 88        0.16656638E-03       0.14344418E-02       0.40316460E-11       0.31572975E-12       0.29895797E-31       0.24374562E-03       0.10861478E-05       0.62992375E-25       0.22597589E-08       0.12707084E-07      -0.33735542E-22       0.15226367E-11       0.91504743E-14       0.28067870E-23
 89        0.16303060E-03       0.13693319E-02       0.30442473E-11       0.22276120E-12       0.46412996E-30       0.23646936E-03       0.10339526E-05      -0.86914426E-25       0.18316756E-08       0.11268727E-07       0.74943399E-22       0.12270983E-11       0.71910885E-14      -0.73001395E-23
 90        0.15961135E-03       0.13076968E-02       0.22879974E-11       0.15646480E-12      -0.22191338E-30       0.22945294E-03       0.98428138E-06       0.18936119E-25       0.14856402E-08       0.99822867E-08       0.41289174E-22       0.98879167E-12       0.56526024E-14      -0.51103680E-23
 91        0.15630354E-03       0.12493343E-02       0.17108324E-11       0.10936159E-12      -0.25554611E-30       0.22268495E-03       0.93701508E-06      -0.64368061E-25       0.12057445E-08       0.88341825E-08       0.98309449E-22       0.79666848E-12       0.44442896E-14      -0.10653993E-22
 92        0.15310233E-03       0.11940541E-02       0.12720322E-11       0.76027487E-13       0.48274034E-30       0.21615460E-03       0.89203984E-06       0.61665213E-25       0.97917733E-09       0.78114723E-08      -0.15371984E-21       0.64180408E-12       0.34950336E-14       0.17507728E-22
 93        0.15000314E-03       0.11416776E-02       0.93982236E-12       0.52539088E-13       0.39571548E-30       0.20985169E-03       0.84924661E-06       0.34837905E-25       0.79562847E-09       0.69019746E-08       0.50092303E-22       0.51699169E-12       0.27491315E-14      -0.70097222E-23
 94        0.14700163E-03       0.10920367E-02       0.68946770E-12       0.36066309E-13       0.36772925E-30       0.20376651E-03       0.80853112E-06      -0.51271352E-25       0.64680349E-09       0.60943383E-08       0.85541047E-22       0.41641358E-12       0.21628578E-14      -0.94148171E-23
 95        0.14409370E-03       0.10449735E-02       0.50176115E-12       0.24573691E-13      -0.72288991E-31       0.19788990E-03       0.76979366E-06      -0.15908534E-24       0.52602932E-09       0.53780751E-08       0.17270140E-21       0.33537454E-12       0.17019480E-14      -0.17702969E-22
 96        0.14127544E-03       0.10003397E-02       0.36182720E-12       0.16601838E-13       0.27332088E-30       0.19221314E-03       0.73293900E-06      -0.89185230E-25       0.42793560E-09       0.47435628E-08       0.87419599E-22       0.27008631E-12       0.13395018E-14      -0.89276384E-23
 97        0.13854314E-03       0.95799582E-03       0.25817700E-12       0.11107860E-13       0.69441189E-30       0.18672794E-03       0.69787618E-06      -0.53232462E-25       0.34819793E-09       0.41820261E-08       0.90004026E-22       0.21749307E-12       0.10544297E-14      -0.99090401E-23
 98        0.13589331E-03       0.91781095E-03       0.18196355E-12       0.73491721E-14      -0.13099978E-29       0.18142647E-03       0.66451843E-06      -0.20963620E-25       0.28333161E-09       0.36855027E-08       0.55895064E-22       0.17513039E-12       0.83016087E-15      -0.68255428E-23
 99        0.13332259E-03       0.87966209E-03       0.12639585E-12       0.47990694E-14      -0.49233222E-30       0.17630125E-03       0.63278293E-06       0.78484144E-25       0.23052607E-09       0.32467992E-08      -0.81463116E-22       0.14101118E-12       0.65368430E-15       0.81692246E-23
100        0.13082782E-03       0.84343367E-03       0.86278934E-13       0.30855475E-14       0.10012213E-29       0.17134518E-03       0.60259075E-06       0.13275912E-24       0.18751216E-09       0.28594408E-08      -0.11083411E-21       0.11353346E-12       0.51479799E-15       0.10468174E-22
101        0.12840598E-03       0.80901714E-03       0.57653670E-13       0.19470864E-14       0.27320778E-30       0.16655151E-03       0.57386661E-06      -0.62216163E-25       0.15245587E-09       0.25176179E-08       0.87956728E-22       0.91405997E-13       0.40548608E-15      -0.93247744E-23
102        0.12605421E-03       0.77631050E-03       0.37515118E-13       0.12007838E-14      -0.95068114E-31       0.16191382E-03       0.54653881E-06       0.58361614E-26       0.12387321E-09       0.22161320E-08      -0.43850278E-22       0.73588202E-13       0.31940310E-15       0.57257189E-23
103        0.12376977E-03       0.74521793E-03       0.23592950E-13       0.71945768E-15       0.69433581E-30       0.15742598E-03       0.52053905E-06       0.19489954E-24       0.10056197E-09       0.19503425E-08      -0.11763807E-21       0.59241513E-13       0.25162010E-15       0.10064477E-22
104        0.12155007E-03       0.71564939E-03       0.14180570E-13       0.41524546E-15       0.53013609E-30       0.15308217E-03       0.49580226E-06      -0.10826932E-24       0.81547098E-10       0.17161149E-08       0.17027450E-21       0.47690292E-13       0.19826519E-15      -0.19063524E-22
105        0.11939263E-03       0.68752025E-03       0.80024954E-14       0.22789791E-15       0.51677333E-30       0.14887683E-03       0.47226652E-06       0.16443581E-24       0.66036780E-10       0.15097721E-08      -0.14506412E-21       0.38390346E-13       0.15619075E-15       0.14587436E-22
106        0.11729509E-03       0.66075099E-03       0.41116867E-14       0.11645412E-15       0.47962560E-32       0.14480467E-03       0.44987288E-06      -0.16831250E-26       0.53387296E-10       0.13280493E-08      -0.23688855E-22       0.30903150E-13       0.12307874E-15       0.31156677E-23
107        0.11525520E-03       0.63526685E-03       0.18102834E-14       0.53345369E-16      -0.18560655E-30       0.14086063E-03       0.42856524E-06      -0.17512298E-26       0.43074705E-10       0.11680508E-08       0.10676097E-22       0.24875620E-13       0.96985817E-16      -0.12734536E-23
108        0.11327083E-03       0.61099753E-03       0.58859072E-15       0.20237862E-16      -0.55854073E-30       0.13703989E-03       0.40829022E-06       0.11044977E-24       0.34672090E-10       0.10272119E-08      -0.51159377E-22       0.20023353E-13       0.76416076E-16       0.40732202E-23
109        0.11133993E-03       0.58787694E-03       0.78263219E-16       0.51159230E-17       0.81242882E-30       0.13333785E-03       0.38899706E-06       0.11547861E-25       0.27831218E-10       0.90326315E-09       0.31306735E-22       0.16117285E-13       0.60221339E-16      -0.37366513E-23
110        0.10946053E-03       0.56584292E-03       0.16507371E-16       0.24690761E-18       0.78970421E-30       0.12975011E-03       0.37063745E-06       0.64419433E-25       0.22267759E-10       0.79419791E-09      -0.16786927E-22       0.12973013E-13       0.47445265E-16       0.43855523E-24
111        0.10763079E-03       0.54483697E-03       0.21881314E-15       0.77014818E-18      -0.41017734E-30       0.12627248E-03       0.35316549E-06       0.42161114E-25       0.17749339E-10       0.69824356E-09      -0.52554583E-23       0.10442005E-13       0.37381864E-16      -0.60821179E-26
112        0.10584892E-03       0.52480407E-03       0.55827010E-15       0.37255908E-17      -0.24730938E-30       0.12290093E-03       0.33653750E-06       0.10883946E-24       0.14085880E-10       0.61383513E-09      -0.72265468E-22       0.84047075E-14       0.29439477E-16       0.62287045E-23
113        0.10411322E-03       0.50569243E-03       0.94995185E-15       0.73906456E-17       0.47789453E-30       0.11963164E-03       0.32071196E-06       0.17709219E-24       0.11121781E-10       0.53959178E-09      -0.20541125E-21       0.67648490E-14       0.23164125E-16       0.21610011E-22
114        0.10242205E-03       0.48745328E-03       0.13391894E-14       0.10831860E-16       0.80339175E-30       0.11646092E-03       0.30564940E-06      -0.15345427E-25       0.87295746E-11       0.47429582E-09       0.17083639E-22       0.54448488E-14       0.18273433E-16      -0.25785330E-23
115        0.10077388E-03       0.47004073E-03       0.16928182E-14       0.13605352E-16       0.97583934E-30       0.11338527E-03       0.29131230E-06       0.14946505E-25       0.68047741E-11       0.41687387E-09      -0.39778246E-22       0.43824180E-14       0.14378666E-16       0.44519964E-23
116        0.99167206E-04       0.45341153E-03       0.19926904E-14       0.15559486E-16       0.19520019E-30       0.11040132E-03       0.27766501E-06       0.39811577E-25       0.52616883E-11       0.36638012E-09      -0.52557089E-22       0.35272686E-14       0.11314747E-16       0.58477379E-23
117        0.97600608E-04       0.43752494E-03       0.22309058E-14       0.16707211E-16      -0.34177458E-30       0.10750584E-03       0.26467362E-06      -0.15442189E-25       0.40300114E-11       0.32198152E-09       0.11014360E-22       0.28389553E-14       0.89160269E-17      -0.13287649E-23
118        0.96072723E-04       0.42234258E-03       0.24063392E-14       0.17145383E-16      -0.21677846E-32       0.10469577E-03       0.25230593E-06       0.14751388E-24       0.30520436E-11       0.28294449E-09      -0.16122843E-21       0.22849980E-14       0.69751035E-17       0.17476249E-22
119        0.94582245E-04       0.40782825E-03       0.25221429E-14       0.17005364E-16       0.34437985E-30       0.10196813E-03       0.24053131E-06      -0.11096990E-24       0.22804229E-11       0.24862324E-09       0.12806965E-21       0.18390298E-14       0.55479081E-17      -0.13801749E-22
120        0.93127924E-04       0.39394784E-03       0.25839756E-14       0.16424148E-16       0.51259607E-30       0.99320086E-04       0.22932067E-06      -0.86498465E-25       0.16762723E-11       0.21844941E-09       0.16434579E-21       0.14801279E-14       0.43815771E-17      -0.18886785E-22
121        0.91708561E-04       0.38066916E-03       0.25987706E-14       0.15528666E-16       0.85485801E-30       0.96748931E-04       0.21864636E-06       0.78112997E-25       0.12076833E-11       0.19192285E-09      -0.12374088E-21       0.11913533E-14       0.33711242E-17       0.13453458E-22
122        0.90323008E-04       0.36796186E-03       0.25738993E-14       0.14428370E-16       0.33865577E-31       0.94252051E-04       0.20848212E-06      -0.44831094E-26       0.84847467E-12       0.16860356E-09       0.71126662E-23       0.95882603E-15       0.26780267E-17      -0.69926447E-24
123        0.88970163E-04       0.35579729E-03       0.25166237E-14       0.13212804E-16      -0.18390711E-31       0.91826946E-04       0.19880297E-06       0.11483062E-24       0.57717510E-12       0.14810445E-09      -0.10351230E-21       0.77174246E-15       0.20658094E-17       0.10798386E-22
124        0.87648969E-04       0.34414841E-03       0.24337553E-14       0.11952029E-16      -0.48301755E-31       0.89471212E-04       0.18958519E-06       0.18706389E-25       0.37618820E-12       0.13008507E-09      -0.12590800E-21       0.62115122E-15       0.15996684E-17       0.15433416E-22
125        0.86358410E-04       0.33298966E-03       0.23314612E-14       0.10698546E-16       0.41835374E-30       0.87182545E-04       0.18080624E-06      -0.18290019E-24       0.23110720E-12       0.11424603E-09       0.22324624E-21       0.49980155E-15       0.13785458E-17      -0.25066254E-22
126        0.85097515E-04       0.32229694E-03       0.22151712E-14       0.94898599E-17      -0.11821056E-29       0.84958729E-04       0.17244469E-06       0.26463856E-24       0.13015165E-12       0.10032401E-09      -0.25011301E-21       0.40243382E-15       0.90741399E-18       0.26129221E-22
127        0.83865346E-04       0.31204746E-03       0.20895547E-14       0.83511769E-17       0.89779973E-31       0.82797635E-04       0.16448019E-06      -0.63085119E-25       0.63704341E-13       0.88087512E-10       0.11876268E-21       0.32375500E-15       0.84554958E-18      -0.14057309E-22
128        0.82661008E-04       0.30221967E-03       0.19585420E-14       0.72979623E-17       0.39517478E-30       0.80697219E-04       0.15689339E-06       0.66421639E-25       0.23930193E-13       0.77332960E-10      -0.70801404E-22       0.26064838E-15       0.58278716E-18       0.82210222E-23
129        0.81483635E-04       0.29279321E-03       0.18253732E-14       0.63382063E-17       0.14267019E-29       0.78655515E-04       0.14966591E-06       0.17458877E-24       0.44626324E-14       0.67881379E-10      -0.24064579E-21       0.20987652E-15       0.35565877E-18       0.26671824E-22
130        0.80332400E-04       0.28374882E-03       0.16926624E-14       0.54743505E-17       0.14962722E-29       0.76670631E-04       0.14278029E-06       0.48095799E-25       0.14523720E-15       0.59575412E-10       0.22415066E-22       0.16879795E-15       0.39053397E-18      -0.37851532E-23
131        0.79206503E-04       0.27506829E-03       0.15624695E-14       0.47048693E-17       0.90118394E-30       0.74740749E-04       0.13621991E-06      -0.15385124E-24       0.68188952E-14       0.52276715E-10       0.12754135E-21       0.13579051E-15       0.36669573E-18      -0.12313821E-22
132        0.78105180E-04       0.26673437E-03       0.14363727E-14       0.40255325E-17      -0.15978961E-29       0.72864120E-04       0.12996901E-06       0.10751573E-24       0.21146405E-13       0.45863660E-10      -0.22257763E-21       0.10949499E-15       0.79582675E-19       0.25232153E-22
133        0.77027690E-04       0.25873076E-03       0.13155385E-14       0.34303873E-17      -0.18821708E-31       0.71039058E-04       0.12401259E-06       0.11908055E-24       0.40467883E-13       0.40229311E-10      -0.17281494E-21       0.88128208E-16       0.52887798E-19       0.19536222E-22
134        0.75973326E-04       0.25104200E-03       0.12007877E-14       0.29125031E-17       0.14844708E-29       0.69263943E-04       0.11833639E-06       0.20075194E-25       0.62681436E-13       0.35279653E-10       0.68009616E-22       0.70770167E-16       0.19375112E-18      -0.10180010E-22
135        0.74941402E-04       0.24365345E-03       0.10926542E-14       0.24645211E-17      -0.82342016E-30       0.67537214E-04       0.11292688E-06      -0.25702222E-24       0.86144728E-13       0.30932023E-10       0.29752254E-21       0.56761254E-16       0.34667339E-18      -0.31627945E-22
136        0.73931262E-04       0.23655126E-03       0.99143849E-15       0.20790471E-17       0.30339135E-30       0.65857366E-04       0.10777118E-06      -0.47111783E-25       0.10959365E-12       0.27113737E-10       0.74160473E-22       0.45810852E-16       0.14652783E-18      -0.81959708E-23
137        0.72942271E-04       0.22972229E-03       0.89725377E-15       0.17489213E-17       0.10375706E-29       0.64222952E-04       0.10285705E-06       0.73014435E-25       0.13207510E-12       0.23760882E-10      -0.15749477E-21       0.37076118E-16      -0.92297753E-19       0.18577453E-22
138        0.71973819E-04       0.22315407E-03       0.81006582E-15       0.14673943E-17      -0.58630016E-30       0.62632574E-04       0.98172862E-07      -0.26003268E-24       0.15289127E-12       0.20817251E-10       0.32126472E-21       0.29383470E-16       0.37817195E-18      -0.35004077E-22
139        0.71025318E-04       0.21683479E-03       0.72972708E-15       0.12282311E-17       0.13455069E-29       0.61084886E-04       0.93707550E-07      -0.78102348E-25       0.17155336E-12       0.18233413E-10       0.12840946E-21       0.23766753E-16       0.18328091E-18      -0.15373782E-22
140        0.70096200E-04       0.21075326E-03       0.65600516E-15       0.10257633E-17      -0.14124549E-29       0.59578593E-04       0.89450606E-07      -0.15620017E-24       0.18774316E-12       0.15965889E-10       0.10713198E-21       0.19123122E-16       0.14987369E-18      -0.99644526E-23
141        0.69185919E-04       0.20489883E-03       0.58860658E-15       0.85490402E-18       0.14682895E-29       0.58112441E-04       0.85392035E-07      -0.10972689E-24       0.20128081E-12       0.13976435E-10       0.19466041E-21       0.15230436E-16       0.27862927E-18      -0.22439586E-22
142        0.68293947E-04       0.19926142E-03       0.52719622E-15       0.71113703E-18      -0.55138048E-32       0.56685223E-04       0.81522333E-07       0.36803771E-24       0.21209786E-12       0.12231405E-10      -0.35385939E-21       0.12951259E-16      -0.47064878E-18       0.35337874E-22
143        0.67419776E-04       0.19383144E-03       0.47141301E-15       0.59048871E-18      -0.13781608E-29       0.55295776E-04       0.77832465E-07       0.65370584E-25       0.22021458E-12       0.10701194E-10      -0.12058597E-21       0.10218972E-16      -0.17606739E-18       0.13794806E-22
144        0.66562915E-04       0.18859979E-03       0.42088262E-15       0.48948988E-18      -0.40278299E-30       0.53942974E-04       0.74313840E-07       0.19913109E-26       0.22572059E-12       0.93597580E-11      -0.12965067E-21       0.83021463E-17      -0.22076466E-18       0.17112932E-22
145        0.65722890E-04       0.18355782E-03       0.37522722E-15       0.40513193E-18      -0.18388957E-29       0.52625732E-04       0.70958287E-07      -0.76780844E-25       0.22875865E-12       0.81841748E-11       0.15437714E-21       0.62083416E-17       0.29430770E-18      -0.19029187E-22
146        0.64899245E-04       0.17869733E-03       0.33407319E-15       0.33482096E-18      -0.92365274E-30       0.51343004E-04       0.67758036E-07       0.44719866E-24       0.22951066E-12       0.71542747E-11      -0.36635990E-21       0.59140690E-17      -0.68119428E-18       0.34955251E-22
147        0.64091536E-04       0.17401049E-03       0.29705681E-15       0.27633210E-18       0.50198151E-30       0.50093776E-04       0.64705698E-07       0.16669979E-24       0.22818588E-12       0.62523077E-11      -0.26510373E-21       0.47715863E-17      -0.56097012E-18       0.29258926E-22
148        0.63299339E-04       0.16948989E-03       0.26382849E-15       0.22776577E-18      -0.99043695E-30       0.48877072E-04       0.61794245E-07       0.41004914E-24       0.22501072E-12       0.54626541E-11      -0.38408232E-21       0.42481869E-17      -0.85999898E-18       0.38709016E-22
149        0.62522241E-04       0.16512845E-03       0.23405565E-15       0.18750680E-18       0.64035444E-30       0.47691947E-04       0.59016992E-07       0.34913748E-24       0.22022032E-12       0.47715693E-11      -0.16968572E-21       0.31236313E-17      -0.39751683E-18       0.15280296E-22
150        0.61759844E-04       0.16091946E-03       0.20742466E-15       0.15418688E-18      -0.31142625E-30       0.46537489E-04       0.56367581E-07       0.17545305E-24       0.21405133E-12       0.41669604E-11       0.38613153E-23       0.21559827E-17       0.37374141E-19      -0.34915302E-23
151        0.61011763E-04       0.15685652E-03       0.18364194E-15       0.12665074E-18       0.20217285E-29       0.45412815E-04       0.53839961E-07      -0.14403427E-24       0.20673605E-12       0.36381895E-11       0.28196302E-21       0.89942746E-18       0.86511436E-18      -0.33790691E-22
152        0.60277626E-04       0.15293354E-03       0.16243439E-15       0.10392593E-18      -0.17648031E-29       0.44317073E-04       0.51428378E-07      -0.21565686E-24       0.19849764E-12       0.31759008E-11       0.15357419E-21       0.94639388E-18       0.47340225E-18      -0.14041122E-22
153        0.59557073E-04       0.14914472E-03       0.14354940E-15       0.85196154E-19      -0.67863391E-30       0.43249438E-04       0.49127357E-07       0.29297434E-24       0.18954644E-12       0.27718681E-11      -0.22094206E-21       0.18909177E-17      -0.74827423E-18       0.20655344E-22
154        0.58849757E-04       0.14548454E-03       0.12675441E-15       0.69777965E-19       0.11274692E-30       0.42209112E-04       0.46931688E-07      -0.22158517E-24       0.18007728E-12       0.24188614E-11       0.38360169E-21      -0.60009503E-18       0.15189330E-17      -0.44405454E-22
155        0.58155340E-04       0.14194774E-03       0.11183625E-15       0.57100456E-19      -0.15500281E-29       0.41195325E-04       0.44836414E-07      -0.15165290E-24       0.17026730E-12       0.21105286E-11       0.13647176E-22       0.71519264E-18       0.24313400E-19       0.10714272E-23
156        0.57473498E-04       0.13852929E-03       0.98600287E-16       0.46687771E-19      -0.11650925E-29       0.40207329E-04       0.42836818E-07      -0.62388248E-24       0.16027512E-12       0.18412909E-11       0.61843348E-21      -0.22663737E-17       0.28607998E-17      -0.65426892E-22
157        0.56803914E-04       0.13522442E-03       0.86869387E-16       0.38144065E-19       0.23926380E-29       0.39244403E-04       0.40928411E-07       0.28675870E-24       0.15024004E-12       0.16062517E-11      -0.23045030E-21       0.16181142E-17      -0.11392452E-17       0.22157561E-22
158        0.56146284E-04       0.13202856E-03       0.76482873E-16       0.31140667E-19      -0.54814380E-30       0.38305847E-04       0.39106919E-07      -0.20513802E-24       0.14028246E-12       0.14011149E-11       0.27234220E-21      -0.11568250E-17       0.15416738E-17      -0.29642057E-22
159        0.55500313E-04       0.12893737E-03       0.67295388E-16       0.25405143E-19       0.13701777E-29       0.37390984E-04       0.37368277E-07       0.13138552E-24       0.13050396E-12       0.12221136E-11      -0.17465091E-21       0.14117536E-17      -0.11018027E-17       0.19645561E-22
160        0.54865713E-04       0.12594670E-03       0.59175776E-16       0.20712041E-19      -0.82060284E-30       0.36499158E-04       0.35708614E-07      -0.30851126E-25       0.12098865E-12       0.10659464E-11      -0.92403355E-22       0.91663146E-18      -0.66732740E-18       0.11249050E-22
161        0.54242209E-04       0.12305259E-03       0.52005965E-16       0.16875064E-19       0.15887017E-29       0.35629736E-04       0.34124243E-07       0.80522715E-25       0.11180398E-12       0.92972185E-12      -0.13075180E-21       0.11971407E-17      -0.99653642E-18       0.13755705E-22
162        0.53629530E-04       0.12025125E-03       0.45679896E-16       0.13740488E-19       0.19106453E-29       0.34782103E-04       0.32611658E-07       0.15110257E-24       0.10300236E-12       0.81090873E-12      -0.10177124E-21       0.10112588E-17      -0.84988836E-18       0.10434907E-22
163        0.53027418E-04       0.11753907E-03       0.40102482E-16       0.11181634E-19      -0.57008018E-30       0.33955662E-04       0.31167519E-07      -0.68099187E-25       0.94622539E-13       0.70729241E-12      -0.86355415E-22       0.10511040E-17      -0.92129348E-18       0.12796292E-22
164        0.52435620E-04       0.11491261E-03       0.35188630E-16       0.90942349E-20       0.37905376E-29       0.33149837E-04       0.29788646E-07       0.15009591E-24       0.86691151E-13       0.61693633E-12      -0.66987717E-22       0.78069440E-18      -0.67627408E-18       0.62007332E-23
165        0.51853891E-04       0.11236857E-03       0.30862321E-16       0.73925724E-20       0.11124260E-29       0.32364068E-04       0.28472010E-07      -0.23535747E-24       0.79224356E-13       0.53814786E-12       0.16558606E-21      -0.18961247E-17       0.19799258E-17      -0.17887414E-22
166        0.51281994E-04       0.10990380E-03       0.27055742E-16       0.60062537E-20       0.15750473E-29       0.31597814E-04       0.27214728E-07      -0.18756744E-24       0.72229209E-13       0.46944836E-12       0.16898709E-21      -0.21694281E-17       0.22368020E-17      -0.16814963E-22
167        0.50719699E-04       0.10751529E-03       0.23708494E-16       0.48775302E-20      -0.10055270E-29       0.30850548E-04       0.26014054E-07       0.57760425E-24       0.65705183E-13       0.40954665E-12      -0.73373676E-21       0.11507502E-16      -0.11452549E-16       0.82535029E-22
168        0.50166783E-04       0.10520017E-03       0.20766851E-16       0.39590726E-20       0.46807140E-30       0.30121762E-04       0.24867372E-07       0.20563448E-24       0.59645652E-13       0.35731555E-12      -0.26907458E-21       0.47874601E-17      -0.47435397E-17       0.29179547E-22
169        0.49623030E-04       0.10295567E-03       0.18183082E-16       0.32121272E-20      -0.12369131E-29       0.29410962E-04       0.23772192E-07      -0.37950253E-24       0.54038769E-13       0.31177167E-12       0.21871571E-21      -0.42334932E-17       0.42684355E-17      -0.21343252E-22
170        0.49088229E-04       0.10077917E-03       0.15914833E-16       0.26049883E-20      -0.18393039E-30       0.28717667E-04       0.22726141E-07       0.20720300E-24       0.48868737E-13       0.27205724E-12      -0.16509041E-21       0.36804122E-17      -0.36520059E-17       0.14836151E-22
171        0.48562177E-04       0.98668148E-04       0.13924565E-16       0.21117391E-20       0.74216979E-30       0.28041413E-04       0.21726958E-07       0.15415455E-24       0.44116967E-13       0.23742407E-12      -0.17128953E-22       0.97184652E-19      -0.74437965E-19      -0.31028091E-23
172        0.48044676E-04       0.96620190E-04       0.12179036E-16       0.17112102E-20      -0.18206670E-29       0.27381750E-04       0.20772490E-07       0.39919663E-24       0.39762575E-13       0.20722003E-12      -0.45025906E-21       0.14168558E-16      -0.14149884E-16       0.48349407E-22
173        0.47535534E-04       0.94632988E-04       0.10648841E-16       0.13861236E-20       0.37260719E-29       0.26738240E-04       0.19860686E-07      -0.22931252E-24       0.35783436E-13       0.18087648E-12       0.38991059E-21      -0.14308377E-16       0.14322735E-16      -0.42354997E-22
174        0.47034563E-04       0.92704331E-04       0.93079931E-17       0.11223867E-20       0.11897444E-29       0.26110457E-04       0.18989589E-07       0.52862159E-24       0.32156349E-13       0.15789814E-12      -0.46921618E-21       0.19495775E-16      -0.19483539E-16       0.48112513E-22
175        0.46541584E-04       0.90832101E-04       0.81335439E-17       0.90851316E-21      -0.21422110E-29       0.25497990E-04       0.18157339E-07      -0.62472694E-25       0.28858199E-13       0.13785300E-12       0.43358884E-22      -0.20895698E-17       0.20990389E-17      -0.49219303E-23
176        0.46056419E-04       0.89014269E-04       0.71052461E-17       0.73514674E-21      -0.10425609E-29       0.24900438E-04       0.17362159E-07       0.18868850E-24       0.25865644E-13       0.12036497E-12      -0.71551532E-22       0.31573356E-17      -0.31496248E-17       0.39721618E-23
177        0.45578897E-04       0.87248892E-04       0.62052490E-17       0.59467044E-21       0.21711563E-29       0.24317414E-04       0.16602358E-07       0.32442076E-24       0.23155974E-13       0.10510617E-12      -0.45751211E-21       0.25071990E-16      -0.25065441E-16       0.50071109E-22
178        0.45108853E-04       0.85534104E-04       0.54178258E-17       0.48088702E-21       0.48588005E-29       0.23748539E-04       0.15876323E-07      -0.39435300E-24       0.20707201E-13       0.91790889E-13       0.38888479E-21      -0.21142565E-16       0.21147167E-16      -0.41899552E-22
179        0.44646124E-04       0.83868119E-04       0.47291307E-17       0.38875893E-21       0.18431322E-29       0.23193448E-04       0.15182518E-07       0.33729113E-24       0.18497975E-13       0.80170425E-13      -0.32719227E-21       0.17106061E-16      -0.17101799E-16       0.35072598E-22
180        0.44190554E-04       0.82249224E-04       0.41269817E-17       0.31418961E-21      -0.15350126E-29       0.22651784E-04       0.14519478E-07      -0.23999464E-24       0.16508339E-13       0.70027719E-13       0.40191516E-21      -0.20244237E-16       0.20247083E-16      -0.45692274E-22
181        0.43741990E-04       0.80675775E-04       0.36006674E-17       0.25385330E-21       0.38328482E-29       0.22123203E-04       0.13885807E-07       0.42948659E-24       0.14719058E-13       0.61173998E-13      -0.24915810E-21       0.10693490E-16      -0.10690696E-16       0.20699774E-22
182        0.43300283E-04       0.79146194E-04       0.31407746E-17       0.20504877E-21       0.19316746E-29       0.21607367E-04       0.13280172E-07       0.14387634E-24       0.13112412E-13       0.53444431E-13      -0.69289016E-22       0.27028115E-17      -0.27006828E-17       0.51890762E-23
183        0.42865289E-04       0.77658970E-04       0.27390359E-17       0.16558460E-21       0.27322308E-31       0.21103951E-04       0.12701306E-07       0.44472292E-24       0.11671602E-13       0.46695612E-13      -0.44299291E-21       0.17998981E-16      -0.17996932E-16       0.48686972E-22
184        0.42436867E-04       0.76212648E-04       0.23881938E-17       0.13368239E-21       0.64137960E-30       0.20612639E-04       0.12147997E-07       0.38716337E-24       0.10381186E-13       0.40802392E-13      -0.42542271E-21       0.16174196E-16      -0.16172487E-16       0.45811951E-22
185        0.42014880E-04       0.74805835E-04       0.20818807E-17       0.10790033E-21       0.27362786E-29       0.20133121E-04       0.11619093E-07      -0.18964634E-24       0.92268338E-14       0.35655723E-13      -0.30258321E-22       0.14740189E-17      -0.14729210E-17       0.66441716E-23
186        0.41599196E-04       0.73437192E-04       0.18145124E-17       0.87070908E-22       0.23649344E-30       0.19665098E-04       0.11113491E-07       0.64011812E-24       0.81952221E-14       0.31160662E-13      -0.25915811E-21       0.78854028E-17      -0.78843051E-17       0.18377597E-22
187        0.41189684E-04       0.72105431E-04       0.15811936E-17       0.70246220E-22       0.23906184E-29       0.19208279E-04       0.10630143E-07       0.18965674E-24       0.72743673E-14       0.27234186E-13      -0.25701628E-21       0.83517319E-17      -0.83508117E-17       0.26905499E-22
188        0.40786218E-04       0.70809318E-04       0.13776354E-17       0.56660745E-22      -0.73490435E-30       0.18762380E-04       0.10168048E-07       0.34272995E-25       0.64531073E-14       0.23804091E-13      -0.17378313E-21       0.55034175E-17      -0.55027071E-17       0.18858027E-22
189        0.40388677E-04       0.69547665E-04       0.12000811E-17       0.45692744E-22      -0.18342556E-29       0.18327128E-04       0.97262504E-08      -0.22583354E-24       0.57213556E-14       0.20807311E-13       0.31478091E-21      -0.96979347E-17       0.96981082E-17      -0.35496520E-22
190        0.39996940E-04       0.68319330E-04       0.10452418E-17       0.36840648E-22      -0.42822466E-30       0.17902253E-04       0.93038405E-08       0.10559383E-24       0.50698279E-14       0.18188944E-13      -0.17321419E-21       0.52126957E-17      -0.52121842E-17       0.19939148E-22
191        0.39610890E-04       0.67123217E-04       0.91023911E-18       0.29697538E-22       0.10563201E-29       0.17487496E-04       0.88999494E-08       0.35121301E-24       0.44902393E-14       0.15900956E-13      -0.49073774E-21       0.14075156E-16      -0.14074436E-16       0.53304935E-22
192        0.39230415E-04       0.65958270E-04       0.79255497E-18       0.23935077E-22      -0.53750222E-29       0.17082603E-04       0.85137481E-08      -0.17348125E-24       0.39750961E-14       0.13901425E-13       0.16095892E-21      -0.42933019E-17       0.42933916E-17      -0.14840017E-22
193        0.38855403E-04       0.64823475E-04       0.68998701E-18       0.19287283E-22       0.16386043E-29       0.16687329E-04       0.81444459E-08       0.25227276E-24       0.35174072E-14       0.12153989E-13      -0.24242914E-21       0.65656401E-17      -0.65652398E-17       0.25489653E-22
194        0.38485748E-04       0.63717856E-04       0.60060983E-18       0.15538974E-22       0.30419835E-30       0.16301432E-04       0.77912886E-08       0.18291081E-24       0.31111390E-14       0.10626643E-13      -0.97794175E-22       0.24854852E-17      -0.24852477E-17       0.89179359E-23
195        0.38121344E-04       0.62640474E-04       0.52274058E-18       0.12517004E-22       0.29186856E-29       0.15924681E-04       0.74535561E-08      -0.96510835E-25       0.27507105E-14       0.92915971E-14       0.77920499E-22      -0.20031087E-17       0.20031608E-17      -0.77843206E-23
196        0.37762089E-04       0.61590424E-04       0.45490891E-18       0.10081141E-22      -0.20332079E-29       0.15556849E-04       0.71305616E-08      -0.14067706E-24       0.24311086E-14       0.81245886E-14       0.89168790E-22      -0.23089664E-17       0.23089855E-17      -0.97281096E-23
197        0.37407883E-04       0.60566838E-04       0.39583044E-18       0.81180966E-23      -0.37379148E-29       0.15197714E-04       0.68216494E-08       0.21724134E-25       0.21478555E-14       0.71044115E-14      -0.22688622E-21       0.60657327E-17      -0.60654579E-17       0.27673187E-22
198        0.37058629E-04       0.59568878E-04       0.34438360E-18       0.65362386E-23       0.28865107E-29       0.14847062E-04       0.65261941E-08       0.50414523E-25       0.18969757E-14       0.62125109E-14      -0.26259433E-21       0.68726969E-17      -0.68724056E-17       0.31025820E-22
199        0.36714233E-04       0.58595737E-04       0.29958922E-18       0.52613555E-23       0.15282267E-29       0.14504684E-04       0.62435983E-08       0.31466699E-24       0.16748603E-14       0.54327314E-14      -0.11573566E-21       0.25725029E-17      -0.25723477E-17       0.81947708E-23
200        0.36374601E-04       0.57646640E-04       0.26059267E-18       0.42351639E-23      -0.47042770E-29       0.14170376E-04       0.59732922E-08       0.32678658E-24       0.14783105E-14       0.47509348E-14      -0.93873334E-22       0.20892892E-17      -0.20891642E-17       0.71019733E-23
201        0.36039645E-04       0.56720837E-04       0.22664821E-18       0.34080149E-23       0.84035287E-29       0.13843940E-04       0.57147317E-08       0.16485385E-24       0.13044525E-14       0.41547878E-14      -0.16743640E-21       0.41189882E-17      -0.41188085E-17       0.17852275E-22
202        0.35709275E-04       0.55817608E-04       0.19710523E-18       0.27428314E-23       0.46937082E-31       0.13525183E-04       0.54673974E-08       0.35452546E-24       0.11507064E-14       0.36335313E-14      -0.40738369E-21       0.10058332E-16      -0.10057949E-16       0.44832536E-22
203        0.35383406E-04       0.54936258E-04       0.17139628E-18       0.22066640E-23      -0.11691820E-29       0.13213917E-04       0.52307933E-08      -0.37347540E-24       0.10148907E-14       0.31776473E-14       0.26471681E-21      -0.63255933E-17       0.63253808E-17      -0.26725314E-22
204        0.35061954E-04       0.54076118E-04       0.14902654E-18       0.17751671E-23      -0.11034781E-30       0.12909959E-04       0.50044462E-08       0.27917978E-25       0.89480414E-15       0.27790759E-14      -0.10444937E-21       0.24599930E-17      -0.24598831E-17       0.98248445E-23
205        0.34744838E-04       0.53236543E-04       0.12956460E-18       0.14282162E-23      -0.86740192E-30       0.12613131E-04       0.47879041E-08       0.38881454E-24       0.78875783E-15       0.24305063E-14      -0.93230383E-22       0.20828661E-17      -0.20827697E-17       0.80916032E-23
206        0.34431977E-04       0.52416910E-04       0.11263439E-18       0.11480661E-23       0.29341607E-29       0.12323260E-04       0.45807352E-08      -0.73892718E-24       0.69521942E-15       0.21255779E-14       0.81012185E-21      -0.19482512E-16       0.19481810E-16      -0.85314668E-22
207        0.34123295E-04       0.51616618E-04       0.97908191E-19       0.92325453E-24       0.20161610E-30       0.12040176E-04       0.43825274E-08       0.11918623E-24       0.61250827E-15       0.18590496E-14       0.19101749E-21      -0.51475907E-17       0.51474376E-17      -0.28019958E-22
208        0.33818714E-04       0.50835089E-04       0.85100422E-19       0.74268266E-24       0.57635727E-30       0.11763716E-04       0.41928872E-08      -0.95344198E-25       0.53958416E-15       0.16258915E-14       0.20501499E-22      -0.46920495E-18       0.46919418E-18      -0.21324798E-23
209        0.33518162E-04       0.50071765E-04       0.73962297E-19       0.59759794E-24      -0.12472612E-30       0.11493718E-04       0.40114386E-08       0.14261286E-23       0.47512218E-15       0.14221054E-14      -0.12582190E-20       0.29989571E-16      -0.29988458E-16       0.13023338E-21
210        0.33221564E-04       0.49326106E-04       0.64277107E-19       0.48053637E-24      -0.60598542E-29       0.11230026E-04       0.38378227E-08      -0.22090383E-24       0.41850308E-15       0.12436429E-14      -0.15492125E-21       0.42566031E-17      -0.42564678E-17       0.23613656E-22
211        0.32928852E-04       0.48597592E-04       0.55856108E-19       0.38582431E-24      -0.30157307E-29       0.10972488E-04       0.36716964E-08       0.73148459E-24       0.36841618E-15       0.10877217E-14      -0.34473188E-21       0.77750499E-17      -0.77747383E-17       0.29590839E-22
212        0.32639954E-04       0.47885721E-04       0.48534954E-19       0.31011878E-24      -0.11815063E-29       0.10720956E-04       0.35127323E-08      -0.49374406E-25       0.32436040E-15       0.95125403E-15       0.71164221E-22      -0.19652013E-17       0.19651447E-17      -0.11242556E-22
213        0.32354804E-04       0.47190009E-04       0.42170552E-19       0.24894654E-24       0.85151888E-29       0.10475285E-04       0.33606173E-08      -0.28794663E-24       0.28550619E-15       0.83192288E-15       0.10776539E-21      -0.21114678E-17       0.21113699E-17      -0.43903424E-23
214        0.32073337E-04       0.46509986E-04       0.36638340E-19       0.20060474E-24       0.59776148E-29       0.10235335E-04       0.32150527E-08      -0.51470226E-24       0.25129149E-15       0.72753143E-15       0.86192594E-21      -0.21433981E-16       0.21433231E-16      -0.99286620E-22
215        0.31795486E-04       0.45845202E-04       0.31829881E-19       0.16119712E-24       0.13158066E-30       0.10000968E-04       0.30757527E-08       0.74300684E-24       0.22100552E-15       0.63637170E-15      -0.27879773E-21       0.61715205E-17      -0.61712685E-17       0.21802136E-22
216        0.31521190E-04       0.45195219E-04       0.27650827E-19       0.12970220E-24       0.13285938E-29       0.97720506E-05       0.29424445E-08      -0.55894198E-25       0.19447793E-15       0.55649347E-15       0.58743480E-22      -0.14238570E-17       0.14238065E-17      -0.60771586E-23
217        0.31250386E-04       0.44559614E-04       0.24019061E-19       0.10363063E-24      -0.63980684E-30       0.95484520E-05       0.28148674E-08       0.44324813E-24       0.17104350E-15       0.48670300E-15      -0.41592182E-22       0.63505199E-18      -0.63501139E-18      -0.25216195E-24
218        0.30983015E-04       0.43937982E-04       0.20863140E-19       0.83867624E-25      -0.74824799E-29       0.93300454E-05       0.26927723E-08       0.56236493E-24       0.15039231E-15       0.42568054E-15      -0.80760840E-21       0.20259721E-16      -0.20259016E-16       0.92008271E-22
219        0.30719017E-04       0.43329927E-04       0.18120907E-19       0.66524754E-25       0.34382529E-29       0.91167067E-05       0.25759211E-08      -0.86166355E-25       0.13231761E-15       0.37220425E-15       0.49859727E-22      -0.10912590E-17       0.10912144E-17      -0.33934484E-23
220        0.30458336E-04       0.42735069E-04       0.15738296E-19       0.54299022E-25       0.18759454E-29       0.89083152E-05       0.24640863E-08       0.67774024E-24       0.11628534E-15       0.32555600E-15      -0.52959081E-21       0.13169267E-16      -0.13168803E-16       0.57852995E-22
221        0.30200914E-04       0.42153038E-04       0.13668279E-19       0.42279962E-25      -0.13254468E-29       0.87047532E-05       0.23570504E-08      -0.50856037E-24       0.10233184E-15       0.28460182E-15       0.56792269E-21      -0.14381995E-16       0.14381500E-16      -0.64266291E-22
222        0.29946696E-04       0.41583480E-04       0.11869953E-19       0.35166651E-25      -0.12271487E-28       0.85059059E-05       0.22546056E-08      -0.14749991E-24       0.89940497E-16       0.24889626E-15       0.34143585E-21      -0.87198203E-17       0.87195225E-17      -0.38850770E-22
223        0.29695629E-04       0.41026050E-04       0.10307757E-19       0.28466552E-25      -0.42983198E-29       0.83116611E-05       0.21565533E-08       0.57586934E-24       0.78995519E-16       0.21771192E-15      -0.23921526E-21       0.55479709E-17      -0.55477565E-17       0.19736210E-22
224        0.29447661E-04       0.40480415E-04       0.89507625E-20       0.21047860E-25       0.53014855E-29       0.81219099E-05       0.20627037E-08       0.54585959E-24       0.69431642E-16       0.19037501E-15      -0.88564563E-22       0.15697349E-17      -0.15696506E-17       0.89286952E-24
225        0.29202739E-04       0.39946252E-04       0.77720779E-20       0.18735059E-25      -0.40300871E-30       0.79365458E-05       0.19728752E-08       0.70485763E-25       0.61028798E-16       0.16645794E-15      -0.15694914E-21       0.37412793E-17      -0.37411380E-17       0.13000160E-22
226        0.28960812E-04       0.39423249E-04       0.67483326E-20       0.12838251E-25       0.14407340E-28       0.77554648E-05       0.18868943E-08      -0.17984060E-24       0.53660034E-16       0.14552006E-15       0.22464097E-21      -0.57668052E-17       0.57666084E-17      -0.24484182E-22
227        0.28721833E-04       0.38911105E-04       0.58592032E-20       0.10710624E-25       0.46165717E-29       0.75785658E-05       0.18045952E-08      -0.21779721E-26       0.47133743E-16       0.12725557E-15       0.17952246E-21      -0.51507685E-17       0.51506169E-17      -0.26619491E-22
228        0.28485752E-04       0.38409528E-04       0.50870311E-20       0.83020170E-26       0.29881794E-29       0.74057500E-05       0.17258193E-08       0.96497253E-24       0.41334505E-16       0.11134403E-15      -0.40593617E-21       0.95072654E-17      -0.95068997E-17       0.31115183E-22
229        0.28252521E-04       0.37918235E-04       0.44164562E-20       0.69956582E-26       0.37652787E-30       0.72369211E-05       0.16504149E-08       0.21743093E-24       0.36367987E-16       0.97297794E-16       0.23297161E-21      -0.69770974E-17       0.69769022E-17      -0.37098338E-22
230        0.28022096E-04       0.37436952E-04       0.38341429E-20       0.53963565E-26       0.31314704E-29       0.70719850E-05       0.15782371E-08       0.77596801E-24       0.31865301E-16       0.85151129E-16      -0.83397331E-21       0.21544488E-16      -0.21543753E-16       0.86214921E-22
231        0.27794430E-04       0.36965415E-04       0.33284924E-20       0.45685164E-26      -0.17577050E-29       0.69108503E-05       0.15091472E-08      -0.32113905E-24       0.28096909E-16       0.74340282E-16       0.36025432E-21      -0.92785311E-17       0.92782126E-17      -0.35976931E-22
232        0.27569479E-04       0.36503365E-04       0.28894405E-20       0.42120081E-26      -0.10012602E-28       0.67534274E-05       0.14430127E-08      -0.11145884E-23       0.24743993E-16       0.64927190E-16       0.85564552E-21      -0.22084548E-16       0.22083793E-16      -0.85475305E-22
233        0.27347199E-04       0.36050556E-04       0.25082163E-20       0.40256393E-26      -0.85434497E-30       0.65996292E-05       0.13797068E-08       0.10326916E-23       0.21539085E-16       0.56954251E-16      -0.95626486E-21       0.25202706E-16      -0.25201865E-16       0.10019689E-21
234        0.27127549E-04       0.35606745E-04       0.21772313E-20       0.23939949E-26      -0.17008222E-29       0.64493705E-05       0.13191082E-08      -0.13060011E-24       0.19007721E-16       0.49698647E-16       0.19059817E-22      -0.49270206E-18       0.49268567E-18      -0.21241474E-23
235        0.26910485E-04       0.35171699E-04       0.18898660E-20       0.21083269E-26       0.59897284E-29       0.63025683E-05       0.12611011E-08      -0.10825407E-24       0.16709463E-16       0.43428103E-16       0.46694836E-21      -0.13230772E-16       0.13230368E-16      -0.58476527E-22
236        0.26695969E-04       0.34745192E-04       0.16403804E-20       0.15589807E-26      -0.31362039E-29       0.61591416E-05       0.12055744E-08      -0.71211270E-24       0.14721577E-16       0.37913999E-16       0.71304506E-21      -0.19151439E-16       0.19150811E-16      -0.74721694E-22
237        0.26483958E-04       0.34327006E-04       0.14237968E-20       0.11089979E-26       0.40848153E-29       0.60190114E-05       0.11524221E-08      -0.70361691E-24       0.12928670E-16       0.33139156E-16       0.61999068E-21      -0.16544516E-16       0.16543968E-16      -0.62259086E-22
238        0.26274415E-04       0.33916926E-04       0.12357742E-20       0.11920367E-26       0.24925834E-29       0.58821006E-05       0.11015427E-08      -0.37267663E-24       0.11330262E-16       0.28987918E-16       0.52181421E-21      -0.14638477E-16       0.14638022E-16      -0.60206068E-22
239        0.26067301E-04       0.33514748E-04       0.10725583E-20      -0.10826757E-27      -0.85184962E-29       0.57483339E-05       0.10528392E-08       0.74123418E-24       0.98229636E-17       0.25461964E-16      -0.91843822E-21       0.25658399E-16      -0.25657597E-16       0.10280812E-21
240        0.25862578E-04       0.33120271E-04       0.93087995E-21       0.12169542E-26      -0.24989612E-29       0.56176378E-05       0.10062187E-08       0.10855775E-23       0.86101289E-17       0.22268807E-16      -0.47198756E-21       0.12015020E-16      -0.12014597E-16       0.38087718E-22
241        0.25660209E-04       0.32733301E-04       0.80788967E-21       0.16123642E-26      -0.10962055E-28       0.54899407E-05       0.96159241E-09       0.38357463E-25       0.76128437E-17       0.19409340E-16      -0.29773770E-21       0.86265480E-17      -0.86262892E-17       0.35540724E-22
242        0.25460159E-04       0.32353652E-04       0.70114429E-21      -0.10363764E-26       0.11540078E-28       0.53651727E-05       0.91887524E-09       0.38059335E-24       0.66543332E-17       0.16992003E-16      -0.40291780E-21       0.11314057E-16      -0.11313703E-16       0.43302777E-22
243        0.25262391E-04       0.31981139E-04       0.60848699E-21       0.56557470E-27       0.34350598E-29       0.52432656E-05       0.87798593E-09      -0.25968096E-24       0.58955460E-17       0.14795971E-16       0.10884854E-21      -0.28276739E-17       0.28275761E-17      -0.87293246E-23
244        0.25066871E-04       0.31615587E-04       0.52806231E-21      -0.53425297E-28       0.37441126E-29       0.51241525E-05       0.83884667E-09       0.60746397E-24       0.50901839E-17       0.13015151E-16      -0.56751476E-21       0.15898760E-16      -0.15898260E-16       0.58068315E-22
245        0.24873565E-04       0.31256824E-04       0.45825919E-21      -0.49334245E-28       0.33448026E-29       0.50077687E-05       0.80138302E-09       0.41314117E-24       0.44851115E-17       0.11356739E-16      -0.28131922E-21       0.77501465E-17      -0.77498969E-17       0.26643856E-22
246        0.24682439E-04       0.30904683E-04       0.39767522E-21       0.98563797E-27      -0.79954219E-29       0.48940506E-05       0.76552372E-09      -0.19759887E-25       0.39554561E-17       0.99054241E-17      -0.16731937E-21       0.46938649E-17      -0.46937159E-17       0.15839449E-22
247        0.24493462E-04       0.30559003E-04       0.34509914E-21      -0.95835249E-27       0.11408180E-28       0.47829362E-05       0.73120063E-09       0.13274328E-23       0.33677961E-17       0.87594384E-17      -0.75341700E-21       0.20902706E-16      -0.20902037E-16       0.70422712E-22
248        0.24306599E-04       0.30219626E-04       0.29946065E-21      -0.52514153E-27      -0.54544290E-30       0.46743650E-05       0.69834849E-09       0.54867681E-25       0.30532860E-17       0.75567682E-17       0.26150294E-22      -0.75499236E-18       0.75496874E-18      -0.23309834E-23
249        0.24121821E-04       0.29886401E-04       0.25986354E-21       0.78729232E-27      -0.53619443E-29       0.45682782E-05       0.66690488E-09      -0.49289246E-24       0.27222839E-17       0.65600992E-17       0.27041218E-21      -0.74383499E-17       0.74381081E-17      -0.23196696E-22
250        0.23939096E-04       0.29559179E-04       0.22549807E-21       0.76985853E-28       0.72532868E-29       0.44646179E-05       0.63681005E-09      -0.20278796E-24       0.23785172E-17       0.57420716E-17       0.31311077E-21      -0.93027739E-17       0.93024990E-17      -0.33807465E-22
251        0.23758394E-04       0.29237816E-04       0.19567415E-21      -0.13906881E-26      -0.44053652E-31       0.43633281E-05       0.60800681E-09      -0.10295149E-24       0.20725573E-17       0.50314219E-17       0.12082240E-21      -0.36014733E-17       0.36013672E-17      -0.12916129E-22
252        0.23579685E-04       0.28922174E-04       0.16977629E-21       0.10227353E-26      -0.86540434E-29       0.42643537E-05       0.58044042E-09       0.54445879E-24       0.17775550E-17       0.44368853E-17       0.12827588E-21      -0.53157027E-17       0.53156027E-17      -0.30246253E-22
253        0.23402940E-04       0.28612116E-04       0.14732733E-21      -0.16921661E-26       0.97334451E-29       0.41676413E-05       0.55405850E-09      -0.18448102E-24       0.15948191E-17       0.38412908E-17      -0.30314220E-22       0.13078869E-17      -0.13078633E-17       0.74546320E-23
254        0.23228130E-04       0.28307511E-04       0.12783389E-21       0.79242182E-27      -0.55255202E-29       0.40731383E-05       0.52881089E-09       0.11089373E-23       0.12376880E-17       0.35174474E-17      -0.16469533E-20       0.50711019E-16      -0.50709579E-16       0.18472330E-21
255        0.23055227E-04       0.28008231E-04       0.11091337E-21      -0.13267345E-26       0.95658150E-29       0.39807938E-05       0.50464959E-09      -0.10079579E-23       0.13370451E-17       0.28222371E-17       0.10765450E-20      -0.32720534E-16       0.32719587E-16      -0.11373208E-21
256        0.22884204E-04       0.27714152E-04       0.96240681E-22      -0.12550347E-26      -0.77698070E-29       0.38905578E-05       0.48152865E-09       0.19743429E-24       0.10215902E-17       0.26164415E-17      -0.65496992E-21       0.20855939E-16      -0.20855370E-16       0.78086022E-22
257        0.22715034E-04       0.27425152E-04       0.83507681E-22      -0.15796192E-26       0.16989050E-28       0.38023816E-05       0.45940407E-09      -0.18175157E-24       0.98625518E-18       0.21957187E-17       0.77227556E-21      -0.24953380E-16       0.24952711E-16      -0.94136917E-22
258        0.22547689E-04       0.27141115E-04       0.72453637E-22      -0.10626205E-27       0.17322338E-29       0.37162177E-05       0.43823375E-09      -0.10451981E-23       0.93415688E-18       0.18488518E-17       0.81388719E-21      -0.24305592E-16       0.24304868E-16      -0.75893668E-22
259        0.22382144E-04       0.26861926E-04       0.62865573E-22       0.11262169E-26      -0.94540179E-29       0.36320197E-05       0.41797735E-09       0.24779430E-25       0.69145643E-18       0.17425590E-17      -0.49275740E-21       0.16201146E-16      -0.16200720E-16       0.60941585E-22
260        0.22218373E-04       0.26587474E-04       0.54547006E-22       0.69984867E-27       0.72130429E-29       0.35497421E-05       0.39859628E-09       0.10515176E-23       0.50746571E-18       0.16212526E-17      -0.10314915E-20       0.32118425E-16      -0.32117517E-16       0.10656235E-21
261        0.22056352E-04       0.26317651E-04       0.47322237E-22       0.78649807E-27      -0.15461397E-28       0.34693408E-05       0.38005357E-09      -0.82700560E-24       0.63055401E-18       0.12310732E-17       0.56966200E-21      -0.17803678E-16       0.17803177E-16      -0.58774153E-22
262        0.21896054E-04       0.26052352E-04       0.41057273E-22       0.69446841E-27      -0.10569069E-28       0.33907724E-05       0.36231384E-09      -0.20824659E-24       0.53094972E-18       0.10970703E-17       0.54330291E-21      -0.17686207E-16       0.17685733E-16      -0.61775670E-22
263        0.21737457E-04       0.25791476E-04       0.35638641E-22      -0.98943702E-27       0.87233210E-29       0.33139947E-05       0.34534319E-09       0.56702403E-24       0.35625290E-18       0.10674465E-17      -0.61710774E-21       0.19825841E-16      -0.19825299E-16       0.66298400E-22
264        0.21580536E-04       0.25534922E-04       0.30907005E-22       0.10917723E-27      -0.77453160E-29       0.32389666E-05       0.32910918E-09      -0.54200770E-24       0.47227696E-18       0.77267316E-18       0.12200844E-20      -0.40533439E-16       0.40532376E-16      -0.14195578E-21
265        0.21425268E-04       0.25282594E-04       0.26825300E-22      -0.61158881E-27      -0.96162838E-29       0.31656478E-05       0.31358075E-09      -0.47969567E-24       0.40064166E-18       0.68799228E-18       0.82568499E-21      -0.27506059E-16       0.27505340E-16      -0.95410567E-22
266        0.21271630E-04       0.25034399E-04       0.23267589E-22      -0.21595698E-27      -0.28404320E-29       0.30939989E-05       0.29872812E-09      -0.93036916E-24       0.38167305E-18       0.57024051E-18       0.68509572E-21      -0.21911112E-16       0.21910508E-16      -0.68654685E-22
267        0.21119599E-04       0.24790245E-04       0.20186359E-22      -0.10172530E-26       0.55254672E-29       0.30239815E-05       0.28452282E-09      -0.10971138E-23       0.34967679E-18       0.48266428E-18       0.53895257E-21      -0.16581012E-16       0.16580531E-16      -0.46297989E-22
268        0.20969154E-04       0.24550042E-04       0.17509025E-22      -0.86120483E-27      -0.74918113E-29       0.29555582E-05       0.27093755E-09      -0.20867383E-24       0.23576276E-18       0.49201315E-18       0.23710830E-22      -0.31847664E-18       0.31845230E-18       0.21292526E-23
269        0.20820271E-04       0.24313704E-04       0.15193613E-22      -0.16352406E-27      -0.83694830E-29       0.28886922E-05       0.25794618E-09      -0.47706641E-24       0.22288215E-18       0.41344002E-18      -0.71936638E-22       0.38025711E-17      -0.38025189E-17       0.21980189E-22
270        0.20672931E-04       0.24081148E-04       0.13181299E-22      -0.16895553E-28       0.12807675E-28       0.28233480E-05       0.24552368E-09       0.10151789E-23       0.69962739E-19       0.48639497E-18      -0.61997511E-21       0.20089222E-16      -0.20088674E-16       0.60169399E-22
271        0.20527111E-04       0.23852289E-04       0.11452598E-22       0.12082601E-26       0.29503460E-29       0.27594904E-05       0.23364609E-09       0.90286248E-24       0.49717176E-19       0.43670317E-18      -0.70767458E-21       0.23413548E-16      -0.23412923E-16       0.71597409E-22
272        0.20382792E-04       0.23627050E-04       0.99191825E-23      -0.26182394E-27      -0.56721013E-29       0.26970854E-05       0.22229043E-09      -0.10757935E-23       0.25051168E-18       0.17472604E-18       0.98434968E-21      -0.33345123E-16       0.33344259E-16      -0.10521276E-21
273        0.20239953E-04       0.23405352E-04       0.86162855E-23       0.16785799E-26      -0.13842444E-28       0.26360997E-05       0.21143472E-09      -0.13524498E-24       0.16449090E-18       0.20727475E-18       0.65745048E-21      -0.23026341E-16       0.23025767E-16      -0.75555276E-22
274        0.20098574E-04       0.23187119E-04       0.74868164E-23      -0.11136148E-26       0.76669681E-29       0.25765007E-05       0.20105791E-09      -0.26038467E-24       0.11686963E-18       0.20814114E-18       0.31763509E-22      -0.67261427E-18       0.67258344E-18       0.58864898E-24
275        0.19958635E-04       0.22972277E-04       0.64857140E-23       0.19855635E-26      -0.87681492E-29       0.25182566E-05       0.19113980E-09      -0.62054987E-25       0.73348458E-19       0.21077926E-18      -0.37139786E-21       0.13956978E-16      -0.13956661E-16       0.50837293E-22
276        0.19820117E-04       0.22760754E-04       0.56146161E-23       0.11385842E-26      -0.48303648E-30       0.24613364E-05       0.18166108E-09      -0.17269592E-23       0.29702665E-18      -0.48678231E-19       0.17974796E-20      -0.62055783E-16       0.62054202E-16      -0.18836214E-21
277        0.19683001E-04       0.22552482E-04       0.48727166E-23       0.18305636E-26      -0.80454230E-29       0.24057098E-05       0.17260324E-09      -0.11566204E-23       0.18617063E-18       0.30933543E-19       0.88659162E-21      -0.30935207E-16       0.30934430E-16      -0.95204340E-22
278        0.19547269E-04       0.22347390E-04       0.42372096E-23       0.14107036E-26      -0.96431210E-29       0.23513470E-05       0.16394853E-09      -0.85427536E-24       0.16526216E-18       0.24513768E-19       0.88465558E-21      -0.31178711E-16       0.31177935E-16      -0.95620927E-22
279        0.19412902E-04       0.22145413E-04       0.36707857E-23       0.18959138E-26      -0.16352494E-28       0.22982192E-05       0.15567999E-09       0.80126184E-24      -0.60738476E-19       0.22664763E-18      -0.10476154E-20       0.37540498E-16      -0.37539582E-16       0.11662789E-21
280        0.19279881E-04       0.21946485E-04       0.31834718E-23      -0.41780068E-26       0.16002781E-28       0.22462982E-05       0.14778132E-09       0.21642280E-24      -0.12788052E-19       0.15780299E-18      -0.65948288E-21       0.23941087E-16      -0.23940510E-16       0.74499276E-22
281        0.19148190E-04       0.21750545E-04       0.27770718E-23       0.71871041E-28      -0.66314072E-29       0.21955562E-05       0.14023694E-09      -0.10862991E-24       0.17528428E-19       0.10922103E-18      -0.42953481E-21       0.16219617E-16      -0.16219245E-16       0.53503659E-22
282        0.19017811E-04       0.21557529E-04       0.23995355E-23      -0.33328980E-26       0.21023320E-28       0.21459664E-05       0.13303192E-09       0.78975728E-24      -0.45940102E-19       0.15672823E-18      -0.34972696E-21       0.11143137E-16      -0.11142820E-16       0.23941712E-22
283        0.18888727E-04       0.21367379E-04       0.20850793E-23      -0.12727537E-26       0.14273746E-28       0.20975023E-05       0.12615194E-09      -0.18799684E-23       0.27939243E-18      -0.18259688E-18       0.20502633E-20      -0.74229342E-16       0.74227542E-16      -0.21930194E-21
284        0.18760921E-04       0.21180036E-04       0.18125062E-23      -0.27891531E-26       0.50222158E-29       0.20501383E-05       0.11958331E-09       0.31701496E-24      -0.15836009E-19       0.10046536E-18      -0.33760382E-21       0.12277845E-16      -0.12277548E-16       0.36020821E-22
285        0.18634376E-04       0.20995442E-04       0.15506767E-23       0.44190630E-26      -0.15327820E-28       0.20038491E-05       0.11331288E-09       0.24580798E-24       0.22666903E-19       0.51291693E-19       0.15606140E-21      -0.60479648E-17       0.60478291E-17      -0.19103407E-22
286        0.18509076E-04       0.20813542E-04       0.13594019E-23       0.73333737E-27       0.65299324E-29       0.19586103E-05       0.10732807E-09       0.53857376E-24      -0.48334915E-19       0.11298034E-18      -0.45720805E-21       0.16257043E-16      -0.16256637E-16       0.43357662E-22
287        0.18385005E-04       0.20634281E-04       0.11837440E-23       0.19965643E-26      -0.13707867E-28       0.19143979E-05       0.10161683E-09       0.11307960E-23      -0.11895258E-18       0.17545672E-18      -0.93135101E-21       0.33721028E-16      -0.33720205E-16       0.92579829E-22
288        0.18262147E-04       0.20457608E-04       0.10218607E-23      -0.11125349E-26      -0.10815208E-28       0.18711883E-05       0.96167602E-10       0.13403571E-23      -0.14054800E-18       0.18993126E-18      -0.94677336E-21       0.33741352E-16      -0.33740510E-16       0.87215300E-22
289        0.18140487E-04       0.20283470E-04       0.86276293E-24       0.16052683E-26      -0.24473302E-28       0.18289587E-05       0.90969327E-10       0.11061466E-23      -0.17453592E-18       0.21770088E-18      -0.17046901E-20       0.64301507E-16      -0.64300012E-16       0.18525835E-21
290        0.18020009E-04       0.20111817E-04       0.77487436E-24      -0.45128897E-27       0.11410731E-28       0.17876868E-05       0.86011398E-10       0.10834873E-23      -0.11240988E-18       0.15012343E-18      -0.82943523E-21       0.30637038E-16      -0.30636306E-16       0.83384669E-22
291        0.17900699E-04       0.19942600E-04       0.67094335E-24       0.62000100E-27      -0.35916317E-28       0.17473506E-05       0.81283654E-10      -0.78370827E-24       0.89585589E-19      -0.56648170E-19       0.48754991E-21      -0.18059376E-16       0.18058946E-16      -0.48778632E-22
292        0.17782541E-04       0.19775771E-04       0.58305526E-24      -0.42589839E-26       0.54200638E-29       0.17079289E-05       0.76776362E-10      -0.17612464E-24       0.36824204E-19      -0.80384380E-20       0.14505805E-21      -0.50606735E-17       0.50605430E-17      -0.11399388E-22
293        0.17665521E-04       0.19611282E-04       0.50993281E-24       0.37159286E-26       0.16811985E-29       0.16694007E-05       0.72480192E-10       0.87399605E-24      -0.12694424E-18       0.15211620E-18      -0.11751084E-20       0.45402673E-16      -0.45401644E-16       0.12855988E-21
294        0.17549624E-04       0.19449090E-04       0.44707343E-24      -0.27461589E-26       0.13365511E-29       0.16317457E-05       0.68386208E-10       0.10708682E-23      -0.94688694E-19       0.11667881E-18      -0.40770978E-21       0.14092272E-16      -0.14091904E-16       0.29957723E-22
295        0.17434838E-04       0.19289148E-04       0.36873488E-24       0.18578306E-26       0.23155212E-29       0.15949440E-05       0.64485845E-10       0.36098194E-24      -0.30813281E-19       0.50023310E-19      -0.76810507E-22       0.17909006E-17      -0.17908249E-17      -0.23130866E-23
296        0.17321146E-04       0.19131415E-04       0.32246512E-24       0.25405706E-26      -0.15231510E-28       0.15589761E-05       0.60770897E-10      -0.69938239E-24       0.63943584E-19      -0.47165606E-19       0.17013932E-21      -0.56193218E-17       0.56191669E-17      -0.10250199E-22
297        0.17208537E-04       0.18975846E-04       0.28188448E-24      -0.29437389E-26      -0.14902618E-28       0.15238231E-05       0.57233500E-10      -0.20865842E-23       0.28850143E-18      -0.27386883E-18       0.21993951E-20      -0.86296038E-16       0.86294108E-16      -0.23639724E-21
298        0.17096996E-04       0.18822401E-04       0.26019906E-24      -0.68110898E-27       0.23764245E-29       0.14894663E-05       0.53866121E-10       0.21675116E-23      -0.26827001E-18       0.28110985E-18      -0.17952978E-20       0.69165274E-16      -0.69163687E-16       0.17852751E-21
299        0.16986511E-04       0.18671039E-04       0.20619868E-24       0.31166288E-26      -0.22975051E-29       0.14558876E-05       0.50661539E-10       0.18513676E-23      -0.25124185E-18       0.26246328E-18      -0.19685631E-20       0.78202413E-16      -0.78200687E-16       0.21277593E-21
300        0.16877067E-04       0.18521721E-04       0.19749049E-24      -0.91460883E-27      -0.13042702E-29       0.14230693E-05       0.47612835E-10      -0.15187369E-24       0.34009160E-19      -0.24232869E-19       0.23912567E-21      -0.92243930E-17       0.92241801E-17      -0.22451910E-22
301        0.16768653E-04       0.18374408E-04       0.16027275E-24       0.30894683E-26      -0.10294440E-28       0.13909941E-05       0.44713381E-10       0.11682392E-23      -0.82837726E-19       0.91387397E-19      -0.10620005E-21       0.23258414E-17      -0.23257382E-17      -0.32876139E-23
302        0.16661256E-04       0.18229063E-04       0.14593342E-24      -0.32610105E-26       0.41132915E-29       0.13596450E-05       0.41956824E-10      -0.57193493E-24       0.28243270E-19      -0.20778299E-19      -0.20322865E-21       0.98828967E-17      -0.98827284E-17       0.35524541E-22
303        0.16554863E-04       0.18085648E-04       0.12369275E-24       0.17927483E-27      -0.40579633E-29       0.13290056E-05       0.39337077E-10       0.50682015E-25       0.22701798E-19      -0.16183564E-19       0.29493536E-21      -0.12277448E-16       0.12277190E-16      -0.33772392E-22
304        0.16449462E-04       0.17944129E-04       0.10332104E-24      -0.39988936E-26      -0.88978959E-30       0.12990596E-05       0.36848307E-10      -0.93974043E-24       0.12259867E-18      -0.11691326E-18       0.76650746E-21      -0.30421998E-16       0.30421320E-16      -0.75587930E-22
305        0.16345041E-04       0.17804469E-04       0.11205221E-24      -0.33975546E-26       0.23806115E-28       0.12697914E-05       0.34484925E-10      -0.37586988E-24       0.63094005E-19      -0.58123451E-19       0.47627776E-21      -0.19411734E-16       0.19411315E-16      -0.50160287E-22
306        0.16241588E-04       0.17666634E-04       0.81444067E-25       0.29572221E-26      -0.26790586E-29       0.12411854E-05       0.32241575E-10       0.58159903E-24      -0.64952024E-19       0.69306507E-19      -0.42721583E-21       0.17464169E-16      -0.17463794E-16       0.45184359E-22
307        0.16139092E-04       0.17530592E-04       0.80612999E-25      -0.20160267E-26       0.24233945E-28       0.12132266E-05       0.30113125E-10       0.24414024E-23      -0.31523775E-18       0.31906806E-18      -0.21743974E-20       0.89232626E-16      -0.89230713E-16       0.22746260E-21
308        0.16037540E-04       0.17396309E-04       0.52434474E-25      -0.15942658E-26      -0.85860621E-29       0.11859003E-05       0.28094657E-10      -0.12637532E-24       0.15777863E-19      -0.12461359E-19       0.16136975E-21      -0.70706028E-17       0.70704635E-17      -0.20192586E-22
309        0.15936922E-04       0.17263752E-04       0.48784284E-25      -0.16862920E-26      -0.11799127E-28       0.11591922E-05       0.26181461E-10       0.64097067E-24      -0.75773375E-19       0.78678875E-19      -0.36201212E-21       0.13964049E-16      -0.13963724E-16       0.29284732E-22
310        0.15837226E-04       0.17132892E-04       0.27827984E-25      -0.30604660E-27      -0.11101247E-28       0.11330881E-05       0.24369019E-10       0.13833022E-23      -0.19996230E-18       0.20251491E-18      -0.13583946E-20       0.55973157E-16      -0.55971956E-16       0.13584778E-21
311        0.15738442E-04       0.17003697E-04       0.38960912E-25       0.33841794E-26       0.11369284E-28       0.11075743E-05       0.22653007E-10       0.70496849E-24      -0.79403239E-19       0.81621986E-19      -0.40313245E-21       0.16249991E-16      -0.16249633E-16       0.37401313E-22
312        0.15640558E-04       0.16876138E-04       0.23940064E-25       0.22331630E-26      -0.18574250E-28       0.10826374E-05       0.21029278E-10      -0.56642864E-24       0.12755829E-18      -0.12564218E-18       0.13850543E-20      -0.61208989E-16       0.61207787E-16      -0.16731879E-21
313        0.15543563E-04       0.16750184E-04       0.13242121E-25      -0.29004432E-27       0.88187535E-29       0.10582643E-05       0.19493861E-10      -0.64533268E-24       0.78774256E-19      -0.77094008E-19       0.43409404E-21      -0.17817267E-16       0.17816881E-16      -0.40926560E-22
314        0.15447448E-04       0.16625809E-04       0.18164138E-25      -0.24375794E-26      -0.37485817E-29       0.10344423E-05       0.18042949E-10      -0.18564905E-23       0.16018854E-18      -0.15872538E-18       0.35460178E-21      -0.11687961E-16       0.11687630E-16      -0.11611756E-22
315        0.15352201E-04       0.16502983E-04       0.22823881E-25      -0.53954150E-27      -0.95155542E-29       0.10111586E-05       0.16672897E-10      -0.23964707E-23       0.28413874E-18      -0.28287658E-18       0.14125796E-20      -0.57392934E-16       0.57391672E-16      -0.12373821E-21
316        0.15257813E-04       0.16381679E-04       0.28639369E-25      -0.35656650E-26       0.10042977E-28       0.98840128E-06       0.15380210E-10       0.14427442E-23      -0.15367891E-18       0.15481690E-18      -0.92313529E-21       0.39876360E-16      -0.39875551E-16       0.99075311E-22
317        0.15164274E-04       0.16261871E-04      -0.15438090E-25       0.15728938E-26       0.10345008E-28       0.96615819E-06       0.14161540E-10       0.54234363E-24      -0.76105856E-19       0.77095679E-19      -0.55348104E-21       0.24221224E-16      -0.24220739E-16       0.60346613E-22
318        0.15071573E-04       0.16143533E-04      -0.35275354E-26       0.26967413E-26      -0.57814458E-28       0.94441772E-06       0.13013682E-10       0.23185816E-24       0.42784616E-20      -0.34224805E-20       0.14956762E-21      -0.66201183E-17       0.66199862E-17      -0.15806438E-22
319        0.14979701E-04       0.16026639E-04       0.18906946E-25       0.53671195E-26      -0.95767358E-29       0.92316845E-06       0.11933561E-10       0.15223170E-23      -0.19262260E-18       0.19338965E-18      -0.11333678E-20       0.48620085E-16      -0.48619083E-16       0.11191171E-21
320        0.14888648E-04       0.15911164E-04       0.40089175E-25      -0.58249809E-26       0.12264564E-28       0.90239923E-06       0.10918234E-10      -0.16804601E-23       0.22870086E-18      -0.22806865E-18       0.15633399E-20      -0.69234044E-16       0.69232673E-16      -0.16898542E-21
321        0.14798405E-04       0.15797083E-04       0.11206652E-25      -0.40819558E-26       0.35658846E-29       0.88209916E-06       0.99648810E-11      -0.14607879E-24       0.15947169E-19      -0.15377069E-19       0.10405125E-21      -0.47626974E-17       0.47626075E-17      -0.12555959E-22
322        0.14708961E-04       0.15684373E-04       0.64375985E-26       0.33234195E-26      -0.41388787E-29       0.86225759E-06       0.90708003E-11      -0.28372384E-23       0.40751335E-18      -0.40705453E-18       0.29034900E-20      -0.13023859E-15       0.13023605E-15      -0.31583846E-21
323        0.14620309E-04       0.15573010E-04       0.25909824E-25      -0.23998338E-26       0.16173139E-28       0.84286413E-06       0.82334036E-11       0.23045412E-23      -0.29896275E-18       0.29942610E-18      -0.17684708E-20       0.77701297E-16      -0.77699735E-16       0.17711183E-21
324        0.14532439E-04       0.15462972E-04      -0.94481992E-26       0.37161472E-26      -0.32489788E-28       0.82390860E-06       0.74502116E-11      -0.90387319E-24       0.94022478E-19      -0.93649392E-19       0.48208766E-21      -0.21406227E-16       0.21405804E-16      -0.50107330E-22
325        0.14445341E-04       0.15354235E-04       0.12281824E-26       0.62517456E-26       0.16827684E-28       0.80538108E-06       0.67188496E-11      -0.12815260E-23       0.23480932E-18      -0.23450192E-18       0.18871458E-20      -0.86594321E-16       0.86592669E-16      -0.20958928E-21
326        0.14359008E-04       0.15246779E-04       0.41793697E-27      -0.16265611E-26       0.52512260E-28       0.78727184E-06       0.60370426E-11       0.21122723E-23      -0.31150246E-18       0.31182328E-18      -0.21623121E-20       0.98417192E-16      -0.98415293E-16       0.23079744E-21
327        0.14273430E-04       0.15140581E-04       0.18480173E-26      -0.49125875E-27       0.58440323E-29       0.76957141E-06       0.54026118E-11      -0.12376842E-23       0.11151150E-18      -0.11126546E-18       0.35642282E-21      -0.14900104E-16       0.14899786E-16      -0.29212566E-22
328        0.14188598E-04       0.15035620E-04      -0.15956350E-25       0.63290576E-27      -0.13628102E-28       0.75227052E-06       0.48134704E-11      -0.91723652E-24       0.12969365E-18      -0.12948439E-18       0.80816120E-21      -0.36627873E-16       0.36627160E-16      -0.82480182E-22
329        0.14104505E-04       0.14931876E-04       0.31622928E-25      -0.13311396E-27      -0.77445316E-29       0.73536011E-06       0.42676197E-11      -0.13600318E-23       0.19664889E-18      -0.19647424E-18       0.13296425E-20      -0.61645319E-16       0.61644154E-16      -0.14437888E-21
330        0.14021142E-04       0.14829329E-04      -0.45505714E-26       0.13069233E-26       0.50873372E-28       0.71883131E-06       0.37631455E-11      -0.14469203E-24       0.20159885E-19      -0.19992789E-19       0.11396761E-21      -0.53210182E-17       0.53209189E-17      -0.12792576E-22
331        0.13938500E-04       0.14727959E-04       0.19980688E-25       0.40661788E-26      -0.38660254E-28       0.70267550E-06       0.32982147E-11      -0.99853369E-24       0.56228711E-20      -0.54691442E-20      -0.89900684E-21       0.46175346E-16      -0.46174577E-16       0.12510084E-21
332        0.13856572E-04       0.14627747E-04       0.17504723E-25      -0.54043940E-26       0.22902602E-29       0.68688420E-06       0.28710721E-11       0.17514651E-23      -0.20543036E-18       0.20557550E-18      -0.83843808E-21       0.36096369E-16      -0.36095616E-16       0.66837655E-22
333        0.13775350E-04       0.14528674E-04       0.25242485E-25      -0.41111493E-26       0.37833777E-28       0.67144916E-06       0.24800369E-11      -0.30514723E-24      -0.37257750E-19       0.37377721E-19      -0.80583796E-21       0.40451140E-16      -0.40450444E-16       0.10292797E-21
334        0.13694825E-04       0.14430721E-04      -0.15299447E-25       0.48189340E-26      -0.98571234E-29       0.65636232E-06       0.21234996E-11      -0.28269958E-23       0.44128504E-18      -0.44122920E-18       0.29726307E-20      -0.14036641E-15       0.14036380E-15      -0.31556760E-21
335        0.13614989E-04       0.14333870E-04       0.35993006E-25       0.60706072E-27       0.99224488E-29       0.64161576E-06       0.17999195E-11      -0.24101092E-23       0.36956567E-18      -0.36951526E-18       0.25435833E-20      -0.12140647E-15       0.12140424E-15      -0.27565518E-21
336        0.13535836E-04       0.14238103E-04      -0.21926988E-25       0.99578160E-26      -0.33210774E-28       0.62720180E-06       0.15078214E-11      -0.94912931E-24       0.16988433E-18      -0.16982697E-18       0.13638583E-20      -0.66318303E-16       0.66317112E-16      -0.15374785E-21
337        0.13457358E-04       0.14143404E-04       0.15590200E-26       0.25912424E-26       0.47701817E-29       0.61311290E-06       0.12457932E-11      -0.13267689E-24      -0.52960576E-20       0.53624752E-20      -0.25261266E-22       0.70670855E-18      -0.70668305E-18      -0.11799656E-23
338        0.13379546E-04       0.14049754E-04      -0.39698743E-26      -0.20145891E-27       0.17416476E-28       0.59934169E-06       0.10124830E-11       0.36999017E-23      -0.56644505E-18       0.56655477E-18      -0.36232427E-20       0.17369233E-15      -0.17368915E-15       0.38072557E-21
339        0.13302394E-04       0.13957138E-04      -0.27991677E-25       0.36039825E-26       0.26291408E-29       0.58588097E-06       0.80659721E-12       0.38337286E-24      -0.61349739E-19       0.61405341E-19      -0.41919911E-21       0.20485612E-16      -0.20485246E-16       0.46346756E-22
340        0.13225895E-04       0.13865538E-04      -0.25377367E-25      -0.13749291E-26      -0.26411065E-28       0.57272373E-06       0.62689736E-12      -0.19707402E-23       0.29955117E-18      -0.29953524E-18       0.19168102E-20      -0.92991518E-16       0.92989834E-16      -0.20327893E-21
341        0.13150040E-04       0.13774939E-04      -0.22732990E-25      -0.87834209E-26      -0.69819124E-29       0.55986308E-06       0.47219844E-12       0.23364617E-23      -0.35698890E-18       0.35705982E-18      -0.22956715E-20       0.11179989E-15      -0.11179787E-15       0.24239759E-21
342        0.13074824E-04       0.13685326E-04      -0.47834402E-26      -0.37736567E-26      -0.48942066E-28       0.54729232E-06       0.34136648E-12      -0.22931899E-23       0.38391219E-18      -0.38391618E-18       0.27965422E-20      -0.13910949E-15       0.13910705E-15      -0.31125450E-21
343        0.13000239E-04       0.13596682E-04       0.93199127E-26      -0.56274213E-26       0.15514894E-28       0.53500488E-06       0.23331645E-12      -0.25811966E-24       0.11523263E-18      -0.11521816E-18       0.13675523E-20      -0.71011317E-16       0.71010134E-16      -0.17005521E-21
344        0.12926278E-04       0.13508993E-04      -0.46024924E-26      -0.52524977E-26      -0.26953243E-28       0.52299435E-06       0.14701027E-12      -0.91448491E-24       0.13388183E-18      -0.13386867E-18       0.89751746E-21      -0.45021821E-16       0.45021037E-16      -0.10017630E-21
345        0.12852935E-04       0.13422243E-04      -0.14016495E-25       0.10545714E-25      -0.93143255E-29       0.51125446E-06       0.81454918E-13       0.17384681E-23      -0.22430086E-18       0.22434137E-18      -0.11592684E-20       0.56276011E-16      -0.56274987E-16       0.11477161E-21
346        0.12780202E-04       0.13336419E-04      -0.26531152E-25       0.69073589E-26      -0.24119232E-28       0.49977909E-06       0.35700505E-13      -0.48011869E-23       0.68531003E-18      -0.68535038E-18       0.40340044E-20      -0.20003161E-15       0.20002806E-15      -0.42103483E-21
347        0.12708074E-04       0.13251506E-04       0.22517022E-25      -0.59951785E-26       0.51468377E-29       0.48856225E-06       0.88385647E-14       0.11194759E-24       0.54866259E-19      -0.54857996E-19       0.91424342E-21      -0.49211278E-16       0.49210491E-16      -0.11946520E-21
348        0.12636543E-04       0.13167490E-04       0.61496117E-26       0.44212305E-26      -0.23544365E-28       0.47759810E-06       0.32917243E-18       0.28253929E-23      -0.37992897E-18       0.37997436E-18      -0.17676099E-20       0.84950649E-16      -0.84949076E-16       0.16100376E-21
349        0.12565603E-04       0.13084358E-04       0.10091388E-25       0.13813480E-25      -0.46564549E-28       0.46688091E-06       0.83551008E-14       0.20518193E-23      -0.29200084E-18       0.29203896E-18      -0.17789639E-20       0.90235759E-16      -0.90234199E-16       0.19147322E-21
350        0.12495248E-04       0.13002096E-04       0.21844785E-25      -0.45463499E-26       0.21969387E-28       0.45640511E-06       0.33108691E-13       0.82524384E-24      -0.15602557E-18       0.15605232E-18      -0.12780740E-20       0.67086017E-16      -0.67084905E-16       0.15028063E-21
351        0.12425472E-04       0.12920690E-04      -0.18693228E-25      -0.36176524E-26       0.17307986E-28       0.44616524E-06       0.73501923E-13       0.10063814E-23      -0.13412589E-18       0.13414695E-18      -0.81872531E-21       0.42214580E-16      -0.42213864E-16       0.90471626E-22
352        0.12356268E-04       0.12840129E-04      -0.80852953E-26       0.82394425E-26      -0.25440340E-28       0.43615595E-06       0.12880919E-12      -0.19036981E-23       0.28818626E-18      -0.28820291E-18       0.17488866E-20      -0.89637426E-16       0.89635891E-16      -0.18631751E-21
353        0.12287630E-04       0.12760400E-04       0.28996250E-26      -0.13947090E-26      -0.66423141E-28       0.42637203E-06       0.19833709E-12      -0.76510490E-24       0.16568855E-19      -0.16558254E-19      -0.53148895E-21       0.30631993E-16      -0.30631540E-16       0.76688236E-22
354        0.12219553E-04       0.12681489E-04      -0.13130991E-25      -0.20511611E-26      -0.11134410E-28       0.41680840E-06       0.28142309E-12      -0.49414834E-24       0.12548789E-19      -0.12540420E-19      -0.33200640E-21       0.19264281E-16      -0.19263999E-16       0.48087041E-22
355        0.12152029E-04       0.12603385E-04       0.88682439E-26      -0.11166117E-25      -0.27067093E-29       0.40746006E-06       0.37743426E-12      -0.48017834E-24       0.11732497E-18      -0.11733164E-18       0.10608474E-20      -0.57412888E-16       0.57411968E-16      -0.12792688E-21
356        0.12085054E-04       0.12526077E-04       0.44165314E-25      -0.43355313E-26      -0.33027557E-28       0.39832216E-06       0.48576608E-12       0.16956256E-24       0.43238200E-20      -0.43207336E-20       0.27570983E-21      -0.16141468E-16       0.16141235E-16      -0.40895719E-22
357        0.12018622E-04       0.12449552E-04      -0.20538217E-25      -0.11157709E-25       0.49178958E-28       0.38938993E-06       0.60584125E-12      -0.19841923E-23       0.30104329E-18      -0.30106418E-18       0.15907424E-20      -0.81276500E-16       0.81275092E-16      -0.15533532E-21
358        0.11952726E-04       0.12373798E-04       0.34723174E-26      -0.98250735E-26       0.41341228E-28       0.38065873E-06       0.73710859E-12      -0.37295149E-23       0.50367064E-18      -0.50370641E-18       0.24163707E-20      -0.12337331E-15       0.12337117E-15      -0.23358904E-21
359        0.11887362E-04       0.12298805E-04      -0.70590028E-25      -0.29418675E-26      -0.19816420E-28       0.37212402E-06       0.87904196E-12      -0.30470881E-24       0.62312287E-19      -0.62315077E-19       0.51189956E-21      -0.28172395E-16       0.28171952E-16      -0.61929425E-22
360        0.11822523E-04       0.12224562E-04      -0.55794017E-26      -0.77411994E-26       0.14103168E-28       0.36378135E-06       0.10311392E-11       0.12384689E-23      -0.24273940E-18       0.24276545E-18      -0.18048222E-20       0.97839245E-16      -0.97837669E-16       0.20439356E-21
361        0.11758205E-04       0.12151057E-04       0.57294919E-25       0.21765264E-26      -0.10537793E-28       0.35562640E-06       0.11929213E-11      -0.26250918E-23       0.46287252E-18      -0.46291219E-18       0.31765584E-20      -0.17195368E-15       0.17195091E-15      -0.35421499E-21
362        0.11694401E-04       0.12078281E-04       0.59593100E-25      -0.20102181E-25       0.53108496E-28       0.34765490E-06       0.13639312E-11       0.65144247E-24      -0.12356908E-18       0.12358298E-18      -0.91073928E-21       0.49671569E-16      -0.49670773E-16       0.10208715E-21
363        0.11631106E-04       0.12006222E-04       0.34056592E-25       0.22638470E-26       0.32979755E-28       0.33986273E-06       0.15437331E-11      -0.16270391E-23       0.25402415E-18      -0.25404309E-18       0.12933012E-20      -0.67606147E-16       0.67605001E-16      -0.12530191E-21
364        0.11568316E-04       0.11934870E-04      -0.48518848E-25       0.14570770E-25      -0.11071580E-27       0.33224584E-06       0.17319115E-11       0.21896465E-23      -0.33974131E-18       0.33977112E-18      -0.18480584E-20       0.98393333E-16      -0.98391703E-16       0.18783602E-21
365        0.11506024E-04       0.11864216E-04       0.44593334E-25       0.13678109E-26      -0.15620925E-28       0.32480026E-06       0.19280703E-11       0.34856421E-25      -0.93623121E-19       0.93636691E-19      -0.11343656E-20       0.64479818E-16      -0.64478834E-16       0.13750329E-21
366        0.11444226E-04       0.11794249E-04       0.20186033E-25       0.21366539E-27       0.69906029E-29       0.31752212E-06       0.21318323E-11      -0.18234851E-23       0.19694505E-18      -0.19695625E-18       0.61820180E-21      -0.30998559E-16       0.30998006E-16      -0.50830857E-22
367        0.11382917E-04       0.11724960E-04       0.33740529E-25      -0.14189107E-25       0.30645873E-28       0.31040765E-06       0.23428380E-11       0.20608046E-23      -0.25741790E-18       0.25743690E-18      -0.88401788E-21       0.44123586E-16      -0.44122791E-16       0.68665660E-22
368        0.11322091E-04       0.11656339E-04      -0.19767079E-25      -0.14423386E-25       0.55304555E-28       0.30345314E-06       0.25607453E-11      -0.12030559E-23       0.11628130E-18      -0.11628597E-18       0.19342282E-24       0.44892388E-17      -0.44892590E-17       0.26843667E-22
369        0.11261744E-04       0.11588378E-04      -0.35231567E-25      -0.84927513E-26      -0.55449502E-29       0.29665500E-06       0.27852282E-11      -0.44323782E-23       0.56449811E-18      -0.56453718E-18       0.21832042E-20      -0.11359081E-15       0.11358887E-15      -0.19275485E-21
370        0.11201870E-04       0.11521066E-04      -0.57434227E-25       0.18252887E-26      -0.12028978E-28       0.29000969E-06       0.30159770E-11       0.16839850E-23      -0.26309036E-18       0.26311243E-18      -0.13668900E-20       0.73981727E-16      -0.73980517E-16       0.13442082E-21
371        0.11142465E-04       0.11454394E-04       0.21988545E-25       0.82332384E-26      -0.64873552E-28       0.28351375E-06       0.32526968E-11       0.15121201E-23      -0.25986470E-18       0.25988805E-18      -0.17306145E-20       0.97944627E-16      -0.97943115E-16       0.19465625E-21
372        0.11083525E-04       0.11388355E-04      -0.10526640E-25       0.66669429E-26      -0.58332626E-28       0.27716383E-06       0.34951075E-11      -0.13856892E-23       0.23305475E-18      -0.23307358E-18       0.13154391E-20      -0.72959337E-16       0.72958179E-16      -0.13698109E-21
373        0.11025043E-04       0.11322938E-04       0.28448719E-28       0.17153797E-26      -0.13885053E-28       0.27095662E-06       0.37429427E-11       0.12687430E-23      -0.21733170E-18       0.21735077E-18      -0.13904665E-20       0.79180973E-16      -0.79179758E-16       0.15573921E-21
374        0.10967016E-04       0.11258137E-04       0.95251448E-26      -0.90969798E-26       0.41814000E-29       0.26488890E-06       0.39959495E-11       0.15909236E-24      -0.64789133E-19       0.64796618E-19      -0.62881612E-21       0.37077729E-16      -0.37077185E-16       0.76909131E-22
375        0.10909440E-04       0.11193942E-04      -0.17059252E-25       0.50075655E-26      -0.37228264E-28       0.25895753E-06       0.42538880E-11      -0.11607931E-23       0.10733670E-18      -0.10734168E-18       0.14366932E-21      -0.54319265E-17       0.54317895E-17      -0.14385983E-24
376        0.10852308E-04       0.11130344E-04       0.16045769E-25      -0.90599658E-26       0.76335664E-30       0.25315942E-06       0.45165302E-11      -0.28194928E-24       0.26406712E-20      -0.26383402E-20      -0.34244130E-21       0.21807246E-16      -0.21806955E-16       0.50111287E-22
377        0.10795618E-04       0.11067337E-04       0.11417475E-25       0.12632479E-25      -0.46022906E-28       0.24749159E-06       0.47836602E-11       0.60098528E-24      -0.14267114E-18       0.14268494E-18      -0.10530577E-20       0.61198767E-16      -0.61197847E-16       0.11847797E-21
378        0.10739365E-04       0.11004912E-04       0.83206381E-26      -0.12846875E-25       0.95265233E-28       0.24195108E-06       0.50550735E-11       0.70661007E-24      -0.43176690E-19       0.43177132E-19       0.22904534E-21      -0.15845577E-16       0.15845387E-16      -0.39417196E-22
379        0.10683543E-04       0.10943061E-04      -0.62404075E-25      -0.70261003E-26       0.52230822E-28       0.23653502E-06       0.53305763E-11      -0.10765964E-23       0.13970529E-18      -0.13971503E-18       0.67681566E-21      -0.38953278E-16       0.38952686E-16      -0.73710801E-22
380        0.10628150E-04       0.10881777E-04       0.42495517E-25       0.12302622E-25      -0.20463794E-28       0.23124061E-06       0.56099851E-11       0.92130848E-24      -0.14441595E-18       0.14442773E-18      -0.84487213E-21       0.49214945E-16      -0.49214206E-16       0.93099850E-22
381        0.10573180E-04       0.10821052E-04       0.73090140E-25      -0.16369349E-25       0.68606588E-28       0.22606511E-06       0.58931267E-11      -0.20604354E-23       0.32848873E-18      -0.32851388E-18       0.15516598E-20      -0.86962555E-16       0.86961178E-16      -0.14784428E-21
382        0.10518629E-04       0.10760878E-04       0.32229517E-25       0.77542468E-26      -0.77963788E-30       0.22100583E-06       0.61798372E-11      -0.14744926E-23       0.31384579E-18      -0.31387393E-18       0.21882614E-20      -0.12966556E-15       0.12966365E-15      -0.24627734E-21
383        0.10464493E-04       0.10701249E-04       0.20438436E-25      -0.49482211E-26       0.38649220E-28       0.21606015E-06       0.64699622E-11      -0.21238002E-23       0.37722887E-18      -0.37726039E-18       0.23673674E-20      -0.14011341E-15       0.14011134E-15      -0.26321690E-21
384        0.10410769E-04       0.10642157E-04      -0.16481609E-25      -0.75769911E-26       0.17777501E-28       0.21122552E-06       0.67633558E-11       0.52148865E-24      -0.10203602E-18       0.10204526E-18      -0.76337775E-21       0.46299399E-16      -0.46298736E-16       0.90262902E-22
385        0.10357452E-04       0.10583596E-04       0.53091078E-25       0.60911099E-26       0.26594249E-29       0.20649943E-06       0.70598809E-11       0.26840767E-23      -0.46988916E-18       0.46992799E-18      -0.28554935E-20       0.16983202E-15      -0.16982952E-15       0.31456623E-21
386        0.10304537E-04       0.10525557E-04      -0.79781745E-25       0.86040057E-27      -0.38694202E-28       0.20187943E-06       0.73594081E-11       0.11746857E-23      -0.13753295E-18       0.13754112E-18      -0.37504396E-21       0.20167801E-16      -0.20167466E-16       0.30145045E-22
387        0.10252022E-04       0.10468036E-04       0.21029988E-25      -0.18624422E-25       0.12259195E-28       0.19736313E-06       0.76618164E-11      -0.29392967E-24      -0.54651968E-19       0.54660575E-19      -0.86664512E-21       0.54757326E-16      -0.54756579E-16       0.11062593E-21
388        0.10199902E-04       0.10411024E-04       0.84846704E-26      -0.47594658E-26       0.37826627E-28       0.19294820E-06       0.79669916E-11      -0.30379674E-24       0.51355106E-19      -0.51359005E-19       0.25191964E-21      -0.14657227E-16       0.14657004E-16      -0.24846423E-22
389        0.10148172E-04       0.10354515E-04      -0.44342659E-25       0.18410935E-26       0.33986019E-28       0.18863235E-06       0.82748272E-11       0.34946477E-25      -0.61848964E-19       0.61855970E-19      -0.56422578E-21       0.34498861E-16      -0.34498367E-16       0.63497366E-22
390        0.10096831E-04       0.10298503E-04       0.63025975E-25       0.14654737E-25      -0.96534866E-28       0.18441335E-06       0.85852233E-11       0.78941847E-24      -0.17007567E-18       0.17009068E-18      -0.11693671E-20       0.71711865E-16      -0.71710844E-16       0.13308281E-21
391        0.10045873E-04       0.10242982E-04      -0.18261902E-25       0.16879117E-25      -0.91234284E-28       0.18028902E-06       0.88980869E-11       0.23782962E-23      -0.24985307E-18       0.24986596E-18      -0.36188791E-21       0.15053060E-16      -0.15052715E-16       0.21923578E-23
392        0.99952943E-05       0.10187945E-04       0.16059165E-25      -0.20479961E-25       0.86414824E-28       0.17625723E-06       0.92133309E-11       0.46397290E-24      -0.14576325E-19       0.14574865E-19       0.27994531E-21      -0.19119391E-16       0.19119154E-16      -0.41466616E-22
393        0.99450921E-05       0.10133387E-04      -0.52929572E-25       0.59322152E-26       0.27607766E-28       0.17231588E-06       0.95308748E-11       0.66475547E-24      -0.78961262E-19       0.78965909E-19      -0.19614735E-21       0.10293390E-16      -0.10293212E-16       0.12223874E-22
394        0.98952625E-05       0.10079300E-04       0.55135720E-25      -0.15630875E-25      -0.73388953E-28       0.16846296E-06       0.98506435E-11      -0.11242251E-24      -0.55581453E-19       0.55588848E-19      -0.70226869E-21       0.45038642E-16      -0.45038033E-16       0.86360635E-22
395        0.98458018E-05       0.10025680E-04      -0.96137322E-27       0.20855775E-26      -0.61283853E-28       0.16469645E-06       0.10172568E-10      -0.80927006E-24       0.96661985E-19      -0.96667624E-19       0.23246125E-21      -0.12019023E-16       0.12018810E-16      -0.12775610E-22
396        0.97967063E-05       0.99725196E-05      -0.65635327E-25       0.78625377E-27      -0.60745906E-28       0.16101442E-06       0.10496584E-10      -0.20933748E-24      -0.88150269E-19       0.88161998E-19      -0.11249061E-20       0.72924471E-16      -0.72923497E-16       0.13993743E-21
397        0.97479727E-05       0.99198143E-05       0.58196483E-25      -0.80823180E-26       0.15637076E-27       0.15741496E-06       0.10822633E-10       0.52143437E-23      -0.78524358E-18       0.78529885E-18      -0.33502315E-20       0.19961880E-15      -0.19961583E-15       0.32018543E-21
398        0.96995974E-05       0.98675580E-05       0.47161360E-25       0.70095198E-26       0.16311562E-28       0.15389623E-06       0.11150662E-10       0.21910611E-23      -0.26657507E-18       0.26659065E-18      -0.68369431E-21       0.37125224E-16      -0.37124604E-16       0.45862358E-22
399        0.96515770E-05       0.98157452E-05      -0.14852523E-25      -0.12607207E-25       0.68080553E-28       0.15045639E-06       0.11480620E-10      -0.13672285E-23       0.26207360E-18      -0.26209499E-18       0.16332366E-20      -0.10321090E-15       0.10320948E-15      -0.18383424E-21
400        0.96039081E-05       0.97643704E-05      -0.11905928E-24       0.12614707E-25      -0.23152747E-27       0.14709367E-06       0.11812465E-10       0.45209094E-23      -0.83556773E-18       0.83563412E-18      -0.49242751E-20       0.31090789E-15      -0.31090358E-15       0.54732368E-21
401        0.95565873E-05       0.97134283E-05      -0.15317504E-24       0.15733764E-25      -0.70953780E-28       0.14380634E-06       0.12146156E-10      -0.40065863E-23       0.68539058E-18      -0.68544156E-18       0.33050028E-20      -0.20302961E-15       0.20302669E-15      -0.33176454E-21
402        0.95096113E-05       0.96629135E-05       0.67514574E-25      -0.16743183E-25       0.20534345E-28       0.14059270E-06       0.12481657E-10       0.53009405E-24      -0.10350218E-18       0.10351100E-18      -0.77707024E-21       0.51065238E-16      -0.51064566E-16       0.95392386E-22
403        0.94629769E-05       0.96128210E-05      -0.73994135E-25      -0.28298644E-26       0.39566636E-28       0.13745110E-06       0.12818937E-10       0.53694224E-23      -0.89419029E-18       0.89425541E-18      -0.42026133E-20       0.26009731E-15      -0.26009360E-15       0.42278571E-21
404        0.94166807E-05       0.95631455E-05       0.38085669E-25      -0.15631066E-25       0.70780280E-28       0.13437990E-06       0.13157968E-10      -0.99872710E-24       0.22256562E-18      -0.22258464E-18       0.15117458E-20      -0.97963712E-16       0.97962393E-16      -0.17316470E-21
405        0.93707195E-05       0.95138820E-05      -0.45593675E-25       0.28936678E-25      -0.23936210E-27       0.13137754E-06       0.13498725E-10      -0.35799583E-24       0.74998679E-19      -0.75004669E-19       0.39777472E-21      -0.24839051E-16       0.24838699E-16      -0.39804911E-22
406        0.93250903E-05       0.94650257E-05       0.86149151E-25      -0.17840480E-27       0.71103075E-28       0.12844245E-06       0.13841190E-10      -0.33484676E-23       0.69813648E-18      -0.69819349E-18       0.43329141E-20      -0.28073133E-15       0.28072755E-15      -0.48579478E-21
407        0.92797899E-05       0.94165716E-05      -0.59223110E-25       0.14156314E-25      -0.14066309E-27       0.12557313E-06       0.14185344E-10       0.32039489E-24      -0.14401558E-19       0.14400705E-19       0.19587385E-21      -0.14063001E-16       0.14062833E-16      -0.27958783E-22
408        0.92348151E-05       0.93685149E-05      -0.28147687E-25       0.43453697E-26      -0.72716162E-28       0.12276809E-06       0.14531175E-10      -0.90327597E-24       0.17240896E-18      -0.17242182E-18       0.76857332E-21      -0.47226030E-16       0.47225346E-16      -0.69904588E-22
409        0.91901629E-05       0.93208509E-05      -0.14092752E-25      -0.21822537E-25       0.11611216E-27       0.12002590E-06       0.14878671E-10      -0.32023804E-23       0.49174484E-18      -0.49177745E-18       0.17965743E-20      -0.10901497E-15       0.10901337E-15      -0.15657150E-21
410        0.91458303E-05       0.92735750E-05      -0.16322251E-25      -0.23363076E-25       0.19759735E-27       0.11734513E-06       0.15227827E-10      -0.11500486E-23       0.24627602E-18      -0.24629562E-18       0.14151931E-20      -0.92187850E-16       0.92186610E-16      -0.15443368E-21
411        0.91018143E-05       0.92266826E-05       0.11366233E-25       0.16859324E-25      -0.86824447E-28       0.11472441E-06       0.15578637E-10       0.67330362E-24      -0.41012162E-19       0.41012370E-19       0.14025863E-21      -0.11144655E-16       0.11144539E-16      -0.24775413E-22
412        0.90581119E-05       0.91801693E-05       0.68623322E-25       0.79100422E-27      -0.39650507E-29       0.11216238E-06       0.15931101E-10       0.45071515E-24      -0.23081660E-18       0.23083990E-18      -0.20956485E-20       0.14263508E-15      -0.14263326E-15       0.25372610E-21
413        0.90147203E-05       0.91340305E-05       0.87462530E-25      -0.28506869E-26       0.81404999E-28       0.10965773E-06       0.16285219E-10      -0.45054329E-24       0.25934780E-19      -0.25934462E-19      -0.20488935E-21       0.15946992E-16      -0.15946821E-16       0.34721553E-22
414        0.89716364E-05       0.90882619E-05      -0.53925451E-26       0.11734365E-25      -0.56862854E-28       0.10720917E-06       0.16640997E-10      -0.41749780E-25       0.15742594E-18      -0.15744386E-18       0.17282934E-20      -0.11958402E-15       0.11958252E-15      -0.21446682E-21
415        0.89288576E-05       0.90428592E-05      -0.85470571E-25       0.11416326E-25      -0.13232681E-28       0.10481543E-06       0.16998440E-10       0.22848993E-23      -0.33426256E-18       0.33428360E-18      -0.11413502E-20       0.70591289E-16      -0.70590270E-16       0.99167139E-22
416        0.88863808E-05       0.89978182E-05      -0.68270367E-25       0.61309326E-26      -0.65829116E-29       0.10247529E-06       0.17357559E-10      -0.19988105E-23       0.34269134E-18      -0.34271568E-18       0.15871328E-20      -0.10298178E-15       0.10298037E-15      -0.15930422E-21
417        0.88442035E-05       0.89531348E-05      -0.58894220E-25       0.35843350E-25      -0.21928709E-27       0.10018753E-06       0.17718363E-10       0.35311331E-23      -0.71235917E-18       0.71241355E-18      -0.38123193E-20       0.25232034E-15      -0.25231699E-15       0.40273315E-21
418        0.88023227E-05       0.89088048E-05       0.10136638E-24      -0.46319517E-26      -0.10955401E-27       0.97950989E-07       0.18080869E-10       0.39009675E-23      -0.65724925E-18       0.65729401E-18      -0.26693898E-20       0.17084276E-15      -0.17084039E-15       0.25018874E-21
419        0.87607358E-05       0.88648242E-05      -0.53362677E-25      -0.13539999E-25       0.46748522E-28       0.95764506E-07       0.18445091E-10       0.48041230E-24       0.25427894E-19      -0.25434044E-19       0.72957493E-21      -0.52965972E-16       0.52965346E-16      -0.98609198E-22
420        0.87194400E-05       0.88211890E-05       0.88473933E-25      -0.72051318E-26       0.31421914E-28       0.93626958E-07       0.18811049E-10       0.13215421E-23      -0.34703105E-18       0.34706060E-18      -0.24296230E-20       0.16797512E-15      -0.16797300E-15       0.28483739E-21
421        0.86784327E-05       0.87778954E-05      -0.16628274E-24       0.17655606E-25      -0.21857789E-28       0.91537247E-07       0.19178762E-10      -0.23870068E-23       0.42743186E-18      -0.42746284E-18       0.22454191E-20      -0.15221268E-15       0.15221071E-15      -0.24631234E-21
422        0.86377113E-05       0.87349394E-05       0.13328629E-24       0.47953268E-26      -0.47885632E-28       0.89494298E-07       0.19548252E-10      -0.36135747E-23       0.74015335E-18      -0.74020938E-18       0.39953183E-20      -0.27026272E-15       0.27025921E-15      -0.42835041E-21
423        0.85972731E-05       0.86923173E-05       0.11105096E-24       0.48112725E-26       0.55181455E-28       0.87497060E-07       0.19919546E-10      -0.13988533E-23       0.13913200E-18      -0.13913734E-18      -0.56534244E-23       0.58693468E-17      -0.58693617E-17       0.27273725E-22
424        0.85571156E-05       0.86500253E-05      -0.40670186E-25       0.26333913E-25      -0.76507800E-28       0.85544507E-07       0.20292668E-10      -0.46520237E-23       0.83537741E-18      -0.83543653E-18       0.40742365E-20      -0.27606095E-15       0.27605737E-15      -0.43166361E-21
425        0.85172362E-05       0.86080597E-05      -0.59158757E-25       0.29395621E-25      -0.23326793E-28       0.83635635E-07       0.20667647E-10      -0.76929450E-24       0.13519019E-18      -0.13519917E-18       0.48067713E-21      -0.30389834E-16       0.30389402E-16      -0.38889231E-22
426        0.84776324E-05       0.85664169E-05      -0.16000568E-24       0.28031078E-27      -0.10918648E-27       0.81769462E-07       0.21044512E-10      -0.40858497E-23       0.75103266E-18      -0.75108661E-18       0.38724505E-20      -0.26641279E-15       0.26640939E-15      -0.42094490E-21
427        0.84383017E-05       0.85250934E-05       0.85151400E-25      -0.18685247E-25       0.98993151E-28       0.79945031E-07       0.21423296E-10      -0.14688537E-23       0.31013844E-18      -0.31016275E-18       0.19377348E-20      -0.13620249E-15       0.13620080E-15      -0.22167509E-21
428        0.83992416E-05       0.84840855E-05      -0.62989805E-25      -0.53495175E-26      -0.10419964E-27       0.78161404E-07       0.21804032E-10       0.59749024E-24      -0.74862601E-19       0.74866819E-19      -0.24057336E-21       0.15640641E-16      -0.15640426E-16       0.21126430E-22
429        0.83604497E-05       0.84433900E-05       0.52880938E-25      -0.28190293E-26       0.85631749E-28       0.76417665E-07       0.22186754E-10       0.19240781E-24       0.31417689E-19      -0.31422370E-19       0.46011274E-21      -0.33500958E-16       0.33500559E-16      -0.56391574E-22
430        0.83219236E-05       0.84030032E-05      -0.82036630E-25      -0.10313649E-25      -0.85651635E-28       0.74712919E-07       0.22571500E-10       0.35133749E-23      -0.71987519E-18       0.71992750E-18      -0.35862045E-20       0.24755451E-15      -0.24755135E-15       0.37651656E-21
431        0.82836609E-05       0.83629218E-05      -0.20892463E-24       0.36781148E-26       0.86517545E-28       0.73046289E-07       0.22958307E-10      -0.43117865E-23       0.83283670E-18      -0.83289562E-18       0.39898331E-20      -0.27558218E-15       0.27557867E-15      -0.41547430E-21
432        0.82456592E-05       0.83231426E-05       0.12744785E-25      -0.24692797E-25       0.18845623E-31       0.71416921E-07       0.23347214E-10       0.26230707E-23      -0.65490168E-18       0.65495365E-18      -0.39487881E-20       0.27978378E-15      -0.27978033E-15       0.43877120E-21
433        0.82079162E-05       0.82836623E-05       0.22868061E-24      -0.39115165E-25       0.13007051E-27       0.69823978E-07       0.23738264E-10      -0.25736707E-24       0.27033070E-19      -0.27034172E-19       0.75961099E-22      -0.57351360E-17       0.57350727E-17      -0.11226745E-22
434        0.81704296E-05       0.82444775E-05       0.18624568E-24       0.31044543E-25      -0.22108504E-27       0.68266642E-07       0.24131498E-10       0.16388095E-23      -0.28867748E-18       0.28869614E-18      -0.10645844E-20       0.71260592E-16      -0.71259644E-16       0.96539023E-22
435        0.81331970E-05       0.82055853E-05       0.25704295E-25       0.11947660E-25      -0.17861252E-27       0.66744116E-07       0.24526959E-10      -0.18639241E-23       0.42473766E-18      -0.42476974E-18       0.23432807E-20      -0.16650574E-15       0.16650369E-15      -0.25498421E-21
436        0.80962163E-05       0.81669823E-05       0.17482622E-24      -0.41500890E-25       0.19892192E-27       0.65255617E-07       0.24924694E-10       0.31656178E-23      -0.67666311E-18       0.67671150E-18      -0.31280490E-20       0.21678900E-15      -0.21678624E-15       0.30982804E-21
437        0.80594853E-05       0.81286655E-05      -0.87630811E-25      -0.20710994E-25       0.12762444E-27       0.63800382E-07       0.25324749E-10      -0.28259445E-23       0.38400812E-18      -0.38402876E-18       0.95099185E-21      -0.60320862E-16       0.60320004E-16      -0.68798575E-22
438        0.80230016E-05       0.80906320E-05       0.94832986E-25      -0.17518638E-25       0.10995049E-27       0.62377665E-07       0.25727171E-10       0.70308725E-23      -0.12743841E-17       0.12744690E-17      -0.54202776E-20       0.37781083E-15      -0.37780604E-15       0.53860756E-21
439        0.79867631E-05       0.80528786E-05      -0.13289528E-24       0.31549886E-25       0.85632374E-28       0.60986736E-07       0.26132010E-10      -0.78903027E-24       0.12607094E-18      -0.12607830E-18       0.35516388E-21      -0.23011682E-16       0.23011362E-16      -0.26931609E-22
440        0.79507677E-05       0.80154024E-05      -0.86094811E-25       0.33656038E-25      -0.25399816E-28       0.59626883E-07       0.26539315E-10       0.32292718E-23      -0.68789110E-18       0.68794139E-18      -0.37439693E-20       0.27191232E-15      -0.27190905E-15       0.41558772E-21
441        0.79150132E-05       0.79782005E-05       0.10493001E-24      -0.94567343E-26       0.18064464E-27       0.58297408E-07       0.26949138E-10      -0.34455735E-23       0.59778768E-18      -0.59782702E-18       0.27724200E-20      -0.20045682E-15       0.20045440E-15      -0.30277844E-21
442        0.78794975E-05       0.79412701E-05       0.20049362E-24      -0.43022632E-25       0.17392046E-27       0.56997630E-07       0.27361533E-10       0.45045660E-23      -0.85134953E-18       0.85140684E-18      -0.38223597E-20       0.27302958E-15      -0.27302621E-15       0.39476931E-21
443        0.78442185E-05       0.79046082E-05      -0.11793095E-24       0.28594657E-25      -0.47686815E-28       0.55726883E-07       0.27776552E-10      -0.94703412E-24       0.76713356E-19      -0.76715570E-19       0.12483357E-21      -0.91367569E-17       0.91366510E-17      -0.15821396E-22
444        0.78091742E-05       0.78682121E-05       0.26025395E-26      -0.36297387E-25       0.50532255E-28       0.54484516E-07       0.28194251E-10      -0.10398292E-23       0.32583713E-18      -0.32586417E-18       0.22626281E-20      -0.16997376E-15       0.16997180E-15      -0.26657364E-21
445        0.77743624E-05       0.78320791E-05      -0.16755586E-25       0.13788702E-25      -0.24507979E-28       0.53269893E-07       0.28614685E-10      -0.23004224E-23       0.29102178E-18      -0.29103535E-18       0.39991052E-21      -0.20873467E-16       0.20873089E-16      -0.58125317E-23
446        0.77397811E-05       0.77962064E-05       0.82994025E-25      -0.48188096E-25       0.19553618E-27       0.52082391E-07       0.29037912E-10      -0.24231523E-24       0.10954003E-18      -0.10955091E-18       0.12057269E-20      -0.95187566E-16       0.95186533E-16      -0.16118147E-21
447        0.77054285E-05       0.77605913E-05      -0.23609396E-24      -0.62599290E-27       0.21028034E-28       0.50921403E-07       0.29463991E-10       0.28928924E-24      -0.67587879E-19       0.67593565E-19      -0.59125643E-21       0.46443331E-16      -0.46442823E-16       0.77397551E-22
448        0.76713023E-05       0.77252312E-05       0.18293590E-24       0.22722075E-25      -0.68590388E-28       0.49786334E-07       0.29892979E-10       0.24637286E-23      -0.43005707E-18       0.43008458E-18      -0.18907903E-20       0.13898804E-15      -0.13898638E-15       0.20232656E-21
449        0.76374008E-05       0.76901235E-05       0.49149427E-25       0.22908200E-25      -0.25511831E-27       0.48676604E-07       0.30324939E-10       0.94875259E-24      -0.18360239E-18       0.18361492E-18      -0.90954034E-21       0.67536311E-16      -0.67535514E-16       0.98603758E-22
450        0.76037220E-05       0.76552656E-05       0.28337633E-24       0.33200216E-25      -0.58780161E-28       0.47591644E-07       0.30759931E-10       0.45597800E-23      -0.84427292E-18       0.84432673E-18      -0.33063756E-20       0.23759289E-15      -0.23758996E-15       0.31978396E-21
451        0.75702639E-05       0.76206550E-05       0.64063118E-24      -0.22964675E-25       0.30234710E-27       0.46530899E-07       0.31198018E-10      -0.55748329E-23       0.11021682E-17      -0.11022420E-17       0.49654438E-20      -0.36533632E-15       0.36533194E-15      -0.51262742E-21
452        0.75370247E-05       0.75862891E-05       0.23463978E-25       0.97751762E-26      -0.28282300E-28       0.45493826E-07       0.31639263E-10       0.29415017E-23      -0.48860082E-18       0.48862949E-18      -0.15124347E-20       0.10461623E-15      -0.10461487E-15       0.12456107E-21
453        0.75040024E-05       0.75521656E-05      -0.25478634E-25       0.63400851E-25      -0.14373130E-27       0.44479896E-07       0.32083730E-10      -0.14379588E-23       0.36493772E-18      -0.36496518E-18       0.20923439E-20      -0.15865025E-15       0.15864842E-15      -0.23169028E-21
454        0.74711952E-05       0.75182819E-05       0.20014066E-24      -0.40716177E-25       0.10804209E-27       0.43488589E-07       0.32531486E-10       0.21873663E-23      -0.48264062E-18       0.48267477E-18      -0.25219988E-20       0.19118588E-15      -0.19118367E-15       0.27781563E-21
455        0.74386013E-05       0.74846357E-05       0.26724830E-25       0.17592396E-25      -0.18936609E-27       0.42519398E-07       0.32982596E-10       0.44291141E-23      -0.77102858E-18       0.77107538E-18      -0.28376751E-20       0.20679229E-15      -0.20678978E-15       0.27392923E-21
456        0.74062188E-05       0.74512245E-05      -0.38530770E-25       0.39028891E-25      -0.30316179E-28       0.41571829E-07       0.33437128E-10       0.42394757E-25      -0.13690747E-18       0.13692109E-18      -0.12225064E-20       0.96170012E-16      -0.96168950E-16       0.14623220E-21
457        0.73740459E-05       0.74180461E-05      -0.22919185E-24      -0.52636524E-25       0.11952217E-28       0.40645397E-07       0.33895151E-10      -0.23570174E-23       0.50975902E-18      -0.50979399E-18       0.24567407E-20      -0.18599958E-15       0.18599742E-15      -0.26154675E-21
458        0.73420809E-05       0.73850982E-05      -0.15523120E-24       0.57491690E-25       0.18218377E-27       0.39739628E-07       0.34356733E-10      -0.22952186E-23       0.26843536E-18      -0.26844500E-18      -0.15081935E-21       0.24817552E-16      -0.24817464E-16       0.74606254E-22
459        0.73103220E-05       0.73523784E-05      -0.22156060E-24       0.31385229E-26      -0.12330720E-28       0.38854059E-07       0.34821945E-10       0.10725139E-23      -0.15630434E-18       0.15631264E-18      -0.44036438E-21       0.31347200E-16      -0.31346807E-16       0.37731494E-22
460        0.72787674E-05       0.73198846E-05       0.84210621E-26       0.32898378E-25      -0.40531823E-28       0.37988238E-07       0.35290857E-10      -0.18586180E-23       0.55026363E-18      -0.55030563E-18       0.32449362E-20      -0.25265154E-15       0.25264870E-15      -0.36514895E-21
461        0.72474154E-05       0.72876144E-05      -0.11146924E-25       0.20424628E-25      -0.88172481E-28       0.37141723E-07       0.35763543E-10      -0.38747663E-23       0.68695041E-18      -0.68699107E-18       0.22811484E-20      -0.16545447E-15       0.16545244E-15      -0.20188337E-21
462        0.72162644E-05       0.72555658E-05       0.17140644E-24       0.13784311E-25      -0.14345424E-27       0.36314082E-07       0.36240075E-10       0.15539398E-24       0.34383744E-19      -0.34388706E-19       0.62215446E-21      -0.52420456E-16       0.52419924E-16      -0.86314675E-22
463        0.71853125E-05       0.72237365E-05       0.25605605E-24       0.23685472E-25      -0.15750420E-27       0.35504891E-07       0.36720528E-10       0.97165240E-24       0.57459337E-19      -0.57473196E-19       0.18934050E-20      -0.16113948E-15       0.16113786E-15      -0.26673167E-21
464        0.71545582E-05       0.71921245E-05      -0.22261050E-24       0.15270266E-25      -0.24950957E-27       0.34713738E-07       0.37204975E-10       0.77080906E-23      -0.16069485E-17       0.16070539E-17      -0.71430154E-20       0.54827748E-15      -0.54827119E-15       0.74195587E-21
465        0.71239997E-05       0.71607276E-05       0.28146988E-24       0.20994828E-25      -0.32229268E-28       0.33940219E-07       0.37693492E-10      -0.23113661E-23       0.80157648E-18      -0.80164086E-18       0.54132874E-20      -0.43458516E-15       0.43458045E-15      -0.63782826E-21
466        0.70936355E-05       0.71295437E-05       0.36553212E-25      -0.61467786E-25       0.18458410E-27       0.33183938E-07       0.38186157E-10       0.19473595E-23      -0.32913176E-18       0.32915127E-18      -0.13157384E-20       0.10184146E-15      -0.10184030E-15       0.13894951E-21
467        0.70634638E-05       0.70985708E-05      -0.10916005E-24       0.33586355E-25      -0.99268271E-28       0.32444511E-07       0.38683046E-10       0.18265004E-23      -0.26051764E-18       0.26052985E-18      -0.39804078E-21       0.23719167E-16      -0.23718795E-16       0.11673142E-22
468        0.70334832E-05       0.70678069E-05       0.20778996E-24       0.32067242E-25      -0.13153027E-27       0.31721560E-07       0.39184239E-10       0.37722688E-23      -0.74948890E-18       0.74953528E-18      -0.27882308E-20       0.21012863E-15      -0.21012615E-15       0.26075514E-21
469        0.70036920E-05       0.70372499E-05      -0.10794240E-24      -0.47610500E-25       0.73655562E-28       0.31014715E-07       0.39689813E-10      -0.65563157E-23       0.15772784E-17      -0.15773889E-17       0.83637995E-20      -0.66695643E-15       0.66694912E-15      -0.93309012E-21
470        0.69740886E-05       0.70068980E-05       0.16714213E-24       0.31217685E-25      -0.32004904E-28       0.30323618E-07       0.40199850E-10      -0.56401295E-23       0.10428949E-17      -0.10429580E-17       0.40714304E-20      -0.31499283E-15       0.31498923E-15      -0.41035699E-21
471        0.69446715E-05       0.69767491E-05      -0.15944665E-24       0.25555025E-25       0.22223187E-27       0.29647914E-07       0.40714430E-10      -0.42476698E-23       0.84713635E-18      -0.84718935E-18       0.34670210E-20      -0.26971210E-15       0.26970904E-15      -0.35148785E-21
472        0.69154391E-05       0.69468013E-05       0.46327158E-25      -0.57940146E-25       0.87394853E-29       0.28987260E-07       0.41233635E-10      -0.72414819E-25       0.10167778E-20      -0.10162984E-20      -0.14228661E-21       0.13677631E-16      -0.13677516E-16       0.26541982E-22
473        0.68863899E-05       0.69170528E-05       0.29414596E-25      -0.11125955E-24       0.20066234E-27       0.28341319E-07       0.41757548E-10       0.10818683E-22      -0.23732312E-17       0.23733868E-17      -0.10887835E-19       0.86498876E-15      -0.86497920E-15       0.11574884E-20
474        0.68575224E-05       0.68875016E-05       0.28686119E-25       0.14795376E-25      -0.11147125E-27       0.27709761E-07       0.42286251E-10       0.32100280E-23      -0.54663604E-18       0.54666610E-18      -0.16162739E-20       0.12063765E-15      -0.12063620E-15       0.13821071E-21
475        0.68288351E-05       0.68581460E-05       0.42879948E-26      -0.38657403E-26      -0.58463746E-28       0.27092265E-07       0.42819830E-10      -0.17980215E-23       0.21138909E-18      -0.21139572E-18      -0.28129948E-21       0.35425631E-16      -0.35425425E-16       0.84384112E-22
476        0.68003265E-05       0.68289840E-05      -0.25749930E-24       0.64969592E-26      -0.22017763E-27       0.26488517E-07       0.43358369E-10      -0.36164777E-23       0.84257733E-18      -0.84263387E-18       0.40667310E-20      -0.32757832E-15       0.32757475E-15      -0.43835004E-21
477        0.67719952E-05       0.68000139E-05       0.70550591E-25       0.23415914E-25       0.12795004E-28       0.25898208E-07       0.43901954E-10       0.59939727E-25       0.17555037E-18      -0.17556791E-18       0.16460251E-20      -0.13917071E-15       0.13916928E-15      -0.20211013E-21
478        0.67438397E-05       0.67712339E-05      -0.15514149E-24      -0.10340156E-25      -0.20051560E-27       0.25321037E-07       0.44450671E-10       0.26741778E-23      -0.45112684E-18       0.45115168E-18      -0.15123841E-20       0.11884941E-15      -0.11884807E-15       0.15013561E-21
479        0.67158585E-05       0.67426423E-05      -0.12310264E-24       0.55133841E-26       0.14050595E-27       0.24756712E-07       0.45004609E-10      -0.83094132E-23       0.16769088E-17      -0.16770111E-17       0.65417243E-20      -0.51817263E-15       0.51816685E-15      -0.65051134E-21
480        0.66880502E-05       0.67142372E-05      -0.15790562E-24       0.47715909E-25       0.86722617E-28       0.24204945E-07       0.45563854E-10       0.80258994E-23      -0.17448030E-17       0.17449165E-17      -0.83909283E-20       0.68894782E-15      -0.68894048E-15       0.92896128E-21
481        0.66604135E-05       0.66860170E-05      -0.25180548E-24      -0.32704876E-25       0.25457940E-27       0.23665454E-07       0.46128496E-10       0.45055094E-23      -0.77814871E-18       0.77819075E-18      -0.22460070E-20       0.17092270E-15      -0.17092069E-15       0.19151838E-21
482        0.66329469E-05       0.66579801E-05       0.12591165E-24       0.22237449E-25       0.16595648E-28       0.23137965E-07       0.46698625E-10       0.18348791E-23      -0.61075651E-18       0.61080346E-18      -0.40486562E-20       0.34346603E-15      -0.34346252E-15       0.48407998E-21
483        0.66056491E-05       0.66301246E-05      -0.20573652E-24      -0.48103022E-25       0.30287381E-27       0.22622210E-07       0.47274330E-10       0.74439431E-23      -0.14771156E-17       0.14772059E-17      -0.63151455E-20       0.51755892E-15      -0.51755338E-15       0.67806766E-21
484        0.65785186E-05       0.66024490E-05       0.38713989E-24       0.35358254E-25      -0.52304301E-28       0.22117927E-07       0.47855703E-10       0.96865584E-24      -0.16056660E-18       0.16057522E-18      -0.42470824E-21       0.31082279E-16      -0.31081893E-16       0.28689458E-22
485        0.65515542E-05       0.65749517E-05      -0.19852240E-24       0.56959134E-25      -0.15782511E-27       0.21624858E-07       0.48442834E-10      -0.50889532E-23       0.90884910E-18      -0.90889944E-18       0.29179070E-20      -0.22959436E-15       0.22959176E-15      -0.26834783E-21
486        0.65247545E-05       0.65476309E-05       0.65727040E-26      -0.52737872E-25       0.29089791E-28       0.21142753E-07       0.49035818E-10       0.26474964E-23      -0.52587809E-18       0.52591014E-18      -0.22762018E-20       0.18868439E-15      -0.18868240E-15       0.24642229E-21
487        0.64981181E-05       0.65204852E-05       0.29749011E-24      -0.83677789E-25       0.33244527E-27       0.20671367E-07       0.49634745E-10       0.53377708E-24      -0.34050135E-18       0.34053035E-18      -0.25898137E-20       0.22377875E-15      -0.22377650E-15       0.31194445E-21
488        0.64716438E-05       0.64935129E-05      -0.10296961E-24       0.14711608E-25      -0.22636992E-27       0.20210461E-07       0.50239710E-10      -0.18355480E-23       0.41911710E-18      -0.41914377E-18       0.18895513E-20      -0.15742264E-15       0.15742099E-15      -0.20361165E-21
489        0.64453303E-05       0.64667125E-05      -0.22005556E-24       0.10693482E-24      -0.31378310E-28       0.19759799E-07       0.50850806E-10      -0.46286086E-23       0.10067839E-17      -0.10068476E-17       0.47383200E-20      -0.40031468E-15       0.40031054E-15      -0.52999114E-21
490        0.64191762E-05       0.64400824E-05      -0.11550744E-24      -0.20247545E-25       0.23467455E-27       0.19319153E-07       0.51468129E-10      -0.21262835E-23       0.48876118E-18      -0.48879180E-18       0.20892022E-20      -0.17373195E-15       0.17373011E-15      -0.21985588E-21
491        0.63931803E-05       0.64136212E-05      -0.40410411E-25       0.47979157E-25      -0.15087033E-28       0.18888299E-07       0.52091773E-10      -0.89534150E-24       0.16439109E-18      -0.16440087E-18       0.79823473E-21      -0.69403828E-16       0.69403137E-16      -0.96686610E-22
492        0.63673413E-05       0.63873273E-05      -0.12562963E-24      -0.28128470E-25      -0.11997715E-27       0.18467017E-07       0.52721833E-10       0.12258651E-24      -0.14438516E-18       0.14439796E-18      -0.11366229E-20       0.99314315E-16      -0.99313327E-16       0.13518659E-21
493        0.63416580E-05       0.63611993E-05       0.32822112E-24      -0.15026210E-25       0.19303359E-27       0.18055095E-07       0.53358406E-10       0.32766568E-23      -0.61702823E-18       0.61706297E-18      -0.21838524E-20       0.17989338E-15      -0.17989145E-15       0.21782196E-21
494        0.63161292E-05       0.63352356E-05      -0.52914257E-24       0.80830254E-25      -0.30018241E-27       0.17652323E-07       0.54001588E-10       0.70828494E-23      -0.15748409E-17       0.15749378E-17      -0.65864266E-20       0.55253574E-15      -0.55252994E-15       0.68619508E-21
495        0.62907536E-05       0.63094349E-05       0.65441535E-25       0.51831425E-25      -0.32639271E-27       0.17258495E-07       0.54651475E-10      -0.61086333E-24       0.27967372E-18      -0.27969608E-18       0.20941458E-20      -0.18749095E-15       0.18748914E-15      -0.26402519E-21
496        0.62655300E-05       0.62837957E-05       0.82282387E-25       0.61164277E-25       0.46160476E-28       0.16873413E-07       0.55308165E-10      -0.51688269E-23       0.13222116E-17      -0.13222984E-17       0.64237567E-20      -0.55135278E-15       0.55134716E-15      -0.70554185E-21
497        0.62404572E-05       0.62583166E-05       0.72632081E-25       0.96137560E-25      -0.11894297E-27       0.16496881E-07       0.55971755E-10       0.44181307E-23      -0.70472581E-18       0.70476003E-18      -0.17685619E-20       0.13997652E-15      -0.13997494E-15       0.14900111E-21
498        0.62155340E-05       0.62329961E-05      -0.59235360E-25      -0.38429622E-25      -0.62427483E-28       0.16128708E-07       0.56642341E-10      -0.67809666E-24       0.29388314E-18      -0.29390573E-18       0.18662475E-20      -0.16395098E-15       0.16394935E-15      -0.21496262E-21
499        0.61907592E-05       0.62078330E-05      -0.63699812E-24       0.66306115E-25      -0.50227753E-28       0.15768706E-07       0.57320023E-10      -0.88788443E-24       0.27502370E-18      -0.27504472E-18       0.20651893E-20      -0.18774354E-15       0.18774176E-15      -0.26281756E-21
500        0.61661317E-05       0.61828257E-05       0.40551436E-25      -0.15344377E-25      -0.53531773E-28       0.15416693E-07       0.58004896E-10      -0.30253136E-23       0.56794765E-18      -0.56797956E-18       0.21733434E-20      -0.18602735E-15       0.18602545E-15      -0.23076048E-21
501        0.61416503E-05       0.61579731E-05       0.37113156E-24       0.21176473E-25       0.26700166E-27       0.15072492E-07       0.58697060E-10      -0.13555441E-23       0.26743656E-18      -0.26745018E-18       0.46374758E-21      -0.30410379E-16       0.30409941E-16      -0.10942144E-22
502        0.61173139E-05       0.61332738E-05      -0.14689946E-24      -0.39769136E-25      -0.11239607E-27       0.14735926E-07       0.59396611E-10      -0.14822221E-23       0.31023666E-18      -0.31025355E-18       0.77421169E-21      -0.58765132E-16       0.58764426E-16      -0.49608280E-22
503        0.60931213E-05       0.61087263E-05      -0.28852158E-24       0.16525036E-25      -0.24600451E-31       0.14406826E-07       0.60103648E-10       0.35870384E-23      -0.85290384E-18       0.85295797E-18      -0.41581663E-20       0.36727341E-15      -0.36726978E-15       0.47172573E-21
504        0.60690715E-05       0.60843295E-05      -0.38305161E-24       0.11799448E-24      -0.30577896E-28       0.14085024E-07       0.60818267E-10      -0.41996183E-23       0.11509152E-17      -0.11509914E-17       0.57767171E-20      -0.50938122E-15       0.50937617E-15      -0.64379837E-21
505        0.60451632E-05       0.60600821E-05      -0.18130264E-24       0.19062128E-25       0.15863480E-27       0.13770358E-07       0.61540565E-10       0.94603119E-25      -0.15850672E-18       0.15852220E-18      -0.18522518E-20       0.17636376E-15      -0.17636218E-15       0.25700166E-21
506        0.60213954E-05       0.60359827E-05       0.18408625E-24      -0.52108216E-25       0.14733160E-27       0.13462668E-07       0.62270640E-10      -0.45283285E-23       0.79252721E-18      -0.79256759E-18       0.22930079E-20      -0.19061848E-15       0.19061644E-15      -0.20906814E-21
507        0.59977671E-05       0.60120301E-05       0.95951453E-25      -0.58635904E-25       0.25218457E-27       0.13161798E-07       0.63008588E-10       0.18253236E-23      -0.13965634E-18       0.13965470E-18       0.10839316E-20      -0.11285987E-15       0.11285897E-15      -0.18336366E-21
508        0.59742771E-05       0.59882231E-05       0.55758410E-24      -0.11871786E-24       0.41742352E-27       0.12867596E-07       0.63754503E-10      -0.63509543E-23       0.15463433E-17      -0.15464394E-17       0.69918848E-20      -0.61896953E-15       0.61896341E-15      -0.76491613E-21
509        0.59509243E-05       0.59645604E-05      -0.42841506E-24      -0.76453114E-25       0.42273141E-27       0.12579913E-07       0.64508482E-10       0.35079096E-23      -0.78584490E-18       0.78589110E-18      -0.30453111E-20       0.26416260E-15      -0.26415992E-15       0.30886405E-21
510        0.59277077E-05       0.59410408E-05       0.17923644E-24       0.13536250E-25       0.14116640E-27       0.12298603E-07       0.65270619E-10       0.29460986E-23      -0.86279134E-18       0.86284949E-18      -0.46246028E-20       0.41838374E-15      -0.41837970E-15       0.53056234E-21
511        0.59046263E-05       0.59176632E-05      -0.88867490E-27      -0.77544082E-25       0.28022398E-27       0.12023524E-07       0.66041007E-10      -0.62377710E-23       0.14858615E-17      -0.14859510E-17       0.60618048E-20      -0.53189477E-15       0.53188943E-15      -0.62644874E-21
512        0.58816790E-05       0.58944262E-05      -0.22843913E-24       0.55727946E-25      -0.11390634E-27       0.11754536E-07       0.66819738E-10       0.24610710E-24      -0.33951967E-18       0.33954961E-18      -0.29399018E-20       0.27655767E-15      -0.27655513E-15       0.37110817E-21
