 # File l.dat, created by Task#1 of TABOO on 2025.03.09 time=16.06.51
 # These l numbers are of _tidal_ type
  2        0.11029682E+00       0.52693831E+00      -0.50520404E-07      -0.78250629E-04      -0.70880470E-02       0.11460397E+00       0.16813732E+00      -0.35798500E-28       0.72555070E-02      -0.56764344E-02       0.13082020E-24       0.12230070E-03      -0.12213341E-03      -0.31875839E-27
  3        0.22788734E-01       0.18524377E+00      -0.58206136E-07      -0.82180565E-04      -0.68747176E-02       0.63383178E-01       0.11309074E-01       0.19444208E-29       0.50081768E-03      -0.20862758E-02      -0.76633956E-26       0.71369504E-05      -0.40139022E-04       0.14873881E-28
  4        0.12562200E-01       0.94259590E-01      -0.65492513E-07      -0.81473729E-04      -0.72975707E-02       0.40089461E-01      -0.36809192E-03       0.46305649E-28       0.68457413E-04      -0.27956703E-03      -0.23575489E-24       0.72261730E-07      -0.28807314E-06       0.37771785E-27
  5        0.93177606E-02       0.56137959E-01      -0.71827347E-07      -0.76678439E-04      -0.77780276E-02       0.26182527E-01       0.25024792E-02      -0.12101123E-29       0.12142999E-04       0.15437082E-03      -0.21568728E-25      -0.48058730E-06       0.76408038E-05       0.44220988E-28
  6        0.72994385E-02       0.36437926E-01      -0.77310454E-07      -0.69336056E-04      -0.69091072E-02       0.13865494E-01       0.77987365E-02      -0.32903662E-29      -0.65994844E-06       0.21680149E-03       0.78603320E-26      -0.46534165E-06       0.70896859E-05      -0.62611245E-29
  7        0.58379801E-02       0.24906575E-01      -0.82159907E-07      -0.60834802E-04      -0.34388505E-02      -0.28537776E-02       0.17081119E-01      -0.18439838E-28      -0.54831233E-05       0.19082051E-03       0.96426837E-25      -0.41393582E-06       0.51385429E-05      -0.12518090E-27
  8        0.47430749E-02       0.17568023E-01      -0.86562806E-07      -0.52161611E-04      -0.92698351E-03      -0.11654179E-01       0.20640950E-01      -0.30351081E-29      -0.84125278E-05       0.15050144E-03       0.22888822E-25      -0.37779181E-06       0.34207277E-05      -0.36319575E-28
  9        0.39037826E-02       0.12607379E-01      -0.90641016E-07      -0.43936011E-04      -0.20141248E-03      -0.67493304E-02       0.13064269E-01      -0.36149354E-29      -0.10854454E-04       0.11417407E-03       0.26533939E-25      -0.35549964E-06       0.21753315E-05      -0.49821228E-28
 10        0.32464521E-02       0.90975380E-02      -0.94458378E-07      -0.36503114E-04      -0.43559094E-04      -0.37502060E-02       0.84792688E-02       0.12717435E-29      -0.13181982E-04       0.85176410E-04      -0.27891260E-25      -0.34141207E-06       0.13322742E-05       0.69079002E-28
 11        0.27219539E-02       0.65239047E-02      -0.98037167E-07      -0.30016519E-04      -0.98734194E-05      -0.23001387E-02       0.59230309E-02       0.44510882E-29      -0.15481643E-04       0.62978415E-04      -0.34017202E-25      -0.33135245E-06       0.78110393E-06       0.95341871E-28
 12        0.22971237E-02       0.45819381E-02      -0.10137236E-06      -0.24502024E-04      -0.23526595E-05      -0.15460938E-02       0.43408737E-02       0.15580986E-29      -0.17747672E-04       0.46269605E-04      -0.14761884E-25      -0.32274799E-06       0.42969078E-06       0.52004499E-28
 13        0.19489854E-02       0.30819569E-02      -0.10444168E-06      -0.19905934E-04      -0.58521917E-06      -0.11250243E-02       0.32811253E-02      -0.16844137E-29      -0.19942248E-04       0.33786378E-04       0.10821793E-25      -0.31414796E-06       0.21107058E-06      -0.44746434E-28
 14        0.16611085E-02       0.19007829E-02      -0.10721230E-06      -0.16131217E-04      -0.15085680E-06      -0.87690195E-03       0.25329118E-02      -0.30542091E-29      -0.22017161E-04       0.24494715E-04       0.81180943E-26      -0.30481347E-06       0.79031726E-07      -0.32398668E-28
 15        0.14213753E-02       0.95559653E-03      -0.10964555E-06      -0.13063250E-04      -0.40059681E-07      -0.72488262E-03       0.19857464E-02      -0.92084361E-30      -0.23923047E-04       0.17594082E-04       0.34854629E-26      -0.29443768E-06       0.25042062E-08      -0.20759443E-28
 16        0.12206063E-02       0.18905534E-03      -0.11170025E-06      -0.10586663E-04      -0.10906890E-07      -0.62906527E-03       0.15758704E-02      -0.30093637E-29      -0.25614209E-04       0.12478492E-04       0.13111508E-25      -0.28296678E-06      -0.39053963E-07      -0.87196859E-28
 17        0.10516936E-02      -0.43955220E-03      -0.11333557E-06      -0.85950850E-05      -0.30331308E-08      -0.56733230E-03       0.12635832E-02       0.61414219E-30      -0.27051631E-04       0.86937167E-05       0.23354970E-26      -0.27048853E-06      -0.59044577E-07      -0.23001524E-28
 18        0.90903588E-03      -0.95976335E-03      -0.11451328E-06      -0.69957468E-05      -0.85880246E-09      -0.52676414E-03       0.10226743E-02      -0.21357926E-29      -0.28205014E-04       0.59007341E-05       0.86721064E-26      -0.25716422E-06      -0.66103362E-07      -0.77328493E-28
 19        0.78815649E-03      -0.13934169E-02      -0.11519978E-06      -0.57107129E-05      -0.24689586E-09      -0.49950417E-03       0.83505403E-03      -0.33914526E-29      -0.29054055E-04       0.38469046E-05       0.11595040E-25      -0.24318768E-06      -0.65722355E-07      -0.11725029E-27
 20        0.68543736E-03      -0.17569299E-02      -0.11536778E-06      -0.46761760E-05      -0.71895833E-10      -0.48063295E-03       0.68781372E-03      -0.31461064E-29      -0.29589021E-04       0.23439925E-05       0.12610390E-25      -0.22876112E-06      -0.61340726E-07      -0.14753317E-27
 21        0.59792755E-03      -0.20628273E-02      -0.11499778E-06      -0.38408074E-05      -0.21160745E-10      -0.46700982E-03       0.57150836E-03       0.26110561E-29      -0.29810659E-04       0.12516663E-05      -0.56910692E-26      -0.21408123E-06      -0.55069676E-07       0.65883201E-28
 22        0.52320223E-03      -0.23207912E-02      -0.11407907E-06      -0.31637923E-05      -0.62829462E-11      -0.45660817E-03       0.47909675E-03      -0.56467230E-31      -0.29729487E-04       0.46520746E-06       0.19568128E-27      -0.19933146E-06      -0.48169772E-07      -0.46964854E-29
 23        0.45925655E-03      -0.25383967E-02      -0.11261056E-06      -0.26129054E-05      -0.18786991E-11      -0.44811689E-03       0.40525566E-03       0.14954802E-29      -0.29364587E-04      -0.93613137E-07      -0.31275664E-26      -0.18467806E-06      -0.41362842E-07       0.45682431E-28
 24        0.40442439E-03      -0.27216365E-02      -0.11060113E-06      -0.21627950E-05      -0.56487082E-12      -0.44069241E-03       0.34591825E-03       0.84874052E-31      -0.28742023E-04      -0.48329943E-06      -0.11145586E-26      -0.17026818E-06      -0.35034326E-07       0.23045797E-28
 25        0.35731516E-03      -0.28753008E-02      -0.10806968E-06      -0.17935354E-05      -0.17054884E-12      -0.43379990E-03       0.29795323E-03      -0.17723772E-29      -0.27893045E-04      -0.74764539E-06       0.50389257E-26      -0.15622934E-06      -0.29363602E-07      -0.96293417E-28
 26        0.31676404E-03      -0.30032578E-02      -0.10504477E-06      -0.14894480E-05      -0.51645568E-13      -0.42710932E-03       0.25893557E-03      -0.47277109E-29      -0.26852234E-04      -0.91945732E-06       0.11294766E-25      -0.14266955E-06      -0.24407240E-07      -0.23224961E-27
 27        0.28179230E-03      -0.31086623E-02      -0.10156394E-06      -0.12381618E-05      -0.15668975E-13      -0.42042620E-03       0.22697917E-03       0.16658095E-29      -0.25655716E-04      -0.10233205E-05      -0.52706391E-27      -0.12967785E-06      -0.20151643E-07      -0.31240073E-29
 28        0.25157544E-03      -0.31941136E-02      -0.97672717E-07      -0.10298767E-05      -0.47584620E-14      -0.41364522E-03       0.20061248E-03       0.17538458E-29      -0.24339566E-04      -0.10776593E-05      -0.26928493E-26      -0.11732511E-06      -0.16545894E-07       0.60850738E-28
 29        0.22541725E-03      -0.32617768E-02      -0.93423366E-07      -0.85679114E-06      -0.14453010E-14      -0.40671873E-03       0.17868471E-03      -0.18658783E-30      -0.22938459E-04      -0.10962734E-05      -0.10578420E-26      -0.10566506E-06      -0.13521877E-07       0.31373208E-28
 30        0.20272872E-03      -0.33134751E-02      -0.88873396E-07      -0.71265989E-06      -0.43874338E-15      -0.39963553E-03       0.16029430E-03       0.21518145E-29      -0.21484621E-04      -0.10894868E-05      -0.37068369E-26      -0.94735404E-07      -0.11006267E-07       0.10140595E-27
 31        0.18301062E-03      -0.33507631E-02      -0.84083966E-07      -0.59245331E-06      -0.13303378E-15      -0.39240655E-03       0.14473399E-03      -0.20931890E-29      -0.20007076E-04      -0.10650078E-05       0.38814716E-26      -0.84559066E-07      -0.89273819E-08      -0.12116886E-27
 32        0.16583915E-03      -0.33749837E-02      -0.79118202E-07      -0.49209554E-06      -0.40270867E-16      -0.38505524E-03       0.13144822E-03       0.18523952E-29      -0.18531191E-04      -0.10285743E-05      -0.12656549E-26      -0.75145574E-07      -0.72188260E-08       0.26700476E-28
 33        0.15085402E-03      -0.33873122E-02      -0.74039508E-07      -0.40826282E-06      -0.12165022E-16      -0.37761128E-03       0.12000009E-03       0.13894979E-29      -0.17078455E-04      -0.98443974E-06      -0.26593386E-26      -0.66492506E-07      -0.58211632E-08       0.84895054E-28
 34        0.13774848E-03      -0.33887923E-02      -0.68909960E-07      -0.33822814E-06      -0.36658645E-17      -0.37010645E-03       0.11004549E-03       0.27577394E-29      -0.15666483E-04      -0.93573775E-06      -0.40979268E-26      -0.58587008E-07      -0.46824151E-08       0.13678789E-27
 35        0.12626105E-03      -0.33803638E-02      -0.63788819E-07      -0.27974100E-06      -0.11016932E-17      -0.36257209E-03       0.10131302E-03      -0.27949985E-29      -0.14309177E-04      -0.88475844E-06       0.64135148E-26      -0.51407349E-07      -0.37578850E-08      -0.24903188E-27
 36        0.11616856E-03      -0.33628845E-02      -0.58731228E-07      -0.23093423E-06      -0.33012053E-18      -0.35503757E-03       0.93588132E-04       0.10204624E-29      -0.13016996E-04      -0.83315655E-06      -0.37628955E-27      -0.44924477E-07      -0.30096233E-08       0.58501881E-29
 37        0.10728028E-03      -0.33371469E-02      -0.53787143E-07      -0.19025120E-06      -0.98615208E-19      -0.34752949E-03       0.86700810E-04      -0.24983783E-29      -0.11797317E-04      -0.78210900E-06       0.26420668E-26      -0.39103541E-07      -0.24057261E-08      -0.99153296E-28
 38        0.99433027E-04      -0.33038918E-02      -0.49000499E-07      -0.15638889E-06      -0.29364934E-19      -0.34007125E-03       0.80515909E-04       0.55467512E-30      -0.10654817E-04      -0.73243430E-06      -0.46944398E-27      -0.33905342E-07      -0.19195844E-08       0.15946219E-28
 39        0.92487008E-04      -0.32638179E-02      -0.44408650E-07      -0.12825282E-06      -0.87156982E-20      -0.33268301E-03       0.74925578E-04      -0.49269826E-30      -0.95918840E-05      -0.68468292E-06      -0.99644833E-27      -0.29287695E-07      -0.15291506E-08       0.53933688E-28
 40        0.86322336E-04      -0.32175891E-02      -0.40042074E-07      -0.10492132E-06      -0.25784291E-20      -0.32538182E-03       0.69843350E-04      -0.34956482E-29      -0.86090062E-05      -0.63920591E-06       0.49637567E-26      -0.25206661E-07      -0.12162564E-08      -0.23038974E-27
 41        0.80836065E-04      -0.31658395E-02      -0.35924318E-07      -0.85616804E-07      -0.76031786E-21      -0.31818179E-03       0.65199516E-04      -0.36665958E-29      -0.77051441E-05      -0.59620685E-06       0.45693059E-26      -0.21617638E-07      -0.96600107E-09      -0.21602213E-27
 42        0.75939696E-04      -0.31091768E-02      -0.32072173E-07      -0.69682553E-07      -0.22348197E-21      -0.31109439E-03       0.60937519E-04      -0.18877165E-29      -0.68780660E-05      -0.55578122E-06       0.14266063E-26      -0.18476304E-07      -0.76621425E-09      -0.56965211E-28
 43        0.71557059E-04      -0.30481844E-02      -0.28496048E-07      -0.56563755E-07      -0.65482994E-22      -0.30412870E-03       0.57011134E-04      -0.88479514E-30      -0.61246448E-05      -0.51794625E-06      -0.12848648E-27      -0.15739398E-07      -0.60699197E-09       0.12323743E-28
 44        0.67622515E-04      -0.29834221E-02      -0.25200489E-07      -0.45791851E-07      -0.19129072E-22      -0.29729177E-03       0.53382275E-04      -0.24134778E-29      -0.54411146E-05      -0.48266339E-06       0.26614848E-26      -0.13365349E-07      -0.48030106E-09      -0.13565940E-27
 45        0.64079438E-04      -0.29154262E-02      -0.22184818E-07      -0.36971512E-07      -0.55716868E-23      -0.29058882E-03       0.50019276E-04       0.40821958E-29      -0.48232870E-05      -0.44985527E-06      -0.24304390E-26      -0.11314752E-07      -0.37964524E-09       0.10785126E-27
 46        0.60878914E-04      -0.28447092E-02      -0.19443852E-07      -0.29769698E-07      -0.16183064E-23      -0.28402356E-03       0.46895561E-04      -0.76943359E-30      -0.42667292E-05      -0.41941839E-06       0.48326151E-27      -0.95507173E-08      -0.29978542E-09      -0.19451921E-28
 47        0.57978646E-04      -0.27717591E-02      -0.16968646E-07      -0.23906405E-07      -0.46878558E-24      -0.27759836E-03       0.43988601E-04      -0.24137251E-29      -0.37669084E-05      -0.39123261E-06       0.73506647E-27      -0.80390841E-08      -0.23650701E-09      -0.20462086E-28
 48        0.55342011E-04      -0.26970379E-02      -0.14747249E-07      -0.19146780E-07      -0.13545293E-24      -0.27131453E-03       0.41279104E-04      -0.14182710E-29      -0.33193048E-05      -0.36516815E-06       0.34796495E-26      -0.67485410E-08      -0.18642750E-09      -0.22781882E-27
 49        0.52937264E-04      -0.26209814E-02      -0.12765432E-07      -0.15294378E-07      -0.39045073E-25      -0.26517244E-03       0.38750381E-04       0.72269994E-31      -0.29194987E-05      -0.34109066E-06       0.41967937E-27      -0.56506503E-08      -0.14683803E-09      -0.38969935E-28
 50        0.50736855E-04      -0.25439975E-02      -0.11007358E-07      -0.12185376E-07      -0.11229787E-25      -0.25917172E-03       0.36387852E-04      -0.24513564E-29      -0.25632344E-05      -0.31886497E-06       0.35859798E-26      -0.47198028E-08      -0.11557360E-09      -0.23707237E-27
 51        0.48716848E-04      -0.24664658E-02      -0.94561974E-08      -0.96835859E-08      -0.32230596E-26      -0.25331135E-03       0.34178661E-04      -0.39981788E-29      -0.22464658E-05      -0.29835760E-06       0.59857639E-26      -0.39331167E-08      -0.90907130E-10      -0.40451682E-27
 52        0.46856417E-04      -0.23887372E-02      -0.80946595E-08      -0.76761815E-08      -0.92324957E-27      -0.24758986E-03       0.32111370E-04       0.67886651E-30      -0.19653864E-05      -0.27943855E-06       0.16228643E-27      -0.32702946E-08      -0.71463269E-10      -0.13280151E-28
 53        0.45137427E-04      -0.23111333E-02      -0.69054439E-08      -0.60700094E-08      -0.26398951E-27      -0.24200532E-03       0.30175723E-04      -0.78857552E-30      -0.17164468E-05      -0.26198245E-06       0.41661507E-26      -0.27134524E-08      -0.56148568E-10      -0.33027311E-27
 54        0.43544064E-04      -0.22339465E-02      -0.58716100E-08      -0.47884326E-08      -0.75356534E-28      -0.23655553E-03       0.28362455E-04       0.27125120E-29      -0.14963624E-05      -0.24586918E-06      -0.28996932E-26      -0.22469308E-08      -0.44095004E-10       0.20410732E-27
 55        0.42062521E-04      -0.21574404E-02      -0.49768660E-08      -0.37686264E-08      -0.21478148E-28      -0.23123802E-03       0.26663148E-04      -0.49583703E-30      -0.13021140E-05      -0.23098422E-06       0.10240240E-26      -0.18570973E-08      -0.34614479E-10      -0.81526007E-28
 56        0.40680731E-04      -0.20818503E-02      -0.42057853E-08      -0.29592723E-08      -0.61136727E-29      -0.22605015E-03       0.25070107E-04       0.10919987E-29      -0.11309423E-05      -0.21721871E-06      -0.20697932E-26      -0.15321488E-08      -0.27162237E-10       0.16069035E-27
 57        0.39388130E-04      -0.20073838E-02      -0.35439561E-08      -0.23185993E-08      -0.17353424E-29      -0.22098913E-03       0.23576267E-04       0.25784077E-29      -0.98033819E-06      -0.20446938E-06      -0.16474253E-26      -0.12619169E-08      -0.21307527E-10       0.10267773E-27
 58        0.38175466E-04      -0.19342224E-02      -0.29780743E-08      -0.18127265E-08      -0.49238974E-30      -0.21605209E-03       0.22175116E-04      -0.18438390E-30      -0.84803086E-06      -0.19263833E-06      -0.21687854E-27      -0.10376830E-08      -0.16710122E-10       0.17204214E-28
 59        0.37034619E-04      -0.18625221E-02      -0.24959887E-08      -0.14142668E-08      -0.13969863E-30      -0.21123609E-03       0.20860632E-04      -0.14848276E-29      -0.73197319E-06      -0.18163285E-06       0.11816983E-26      -0.85200424E-09      -0.13101570E-10      -0.90149197E-28
 60        0.35958456E-04      -0.17924152E-02      -0.20867065E-08      -0.11011568E-08      -0.41603610E-31      -0.20653818E-03       0.19627229E-04       0.16786244E-29      -0.63032655E-06      -0.17136517E-06      -0.41289567E-26      -0.69855274E-09      -0.10270255E-10       0.36124438E-27
 61        0.34940703E-04      -0.17240115E-02      -0.17403687E-08      -0.85568012E-09      -0.86973199E-32      -0.20195537E-03       0.18469718E-04       0.46255757E-29      -0.54144482E-06      -0.16175238E-06      -0.42746990E-26      -0.57196932E-09      -0.80495062E-11       0.33485524E-27
 62        0.33975833E-04      -0.16574002E-02      -0.14482031E-08      -0.66365612E-09      -0.65358996E-32      -0.19748471E-03       0.17383264E-04      -0.86345580E-30      -0.46385841E-06      -0.15271640E-06       0.15138869E-26      -0.46773129E-09      -0.63081522E-11      -0.14462864E-27
 63        0.33058973E-04      -0.15926512E-02      -0.12024600E-08      -0.51376936E-09       0.30873535E-32      -0.19312325E-03       0.16363364E-04      -0.32250368E-29      -0.39625844E-06      -0.14418412E-06       0.17175917E-26      -0.38203464E-09      -0.49430368E-11      -0.97157763E-28
 64        0.32185817E-04      -0.15298172E-02      -0.99633831E-09      -0.39701761E-09       0.56694436E-33      -0.18886812E-03       0.15405811E-04      -0.30782122E-29      -0.33748127E-06      -0.13608780E-06       0.16729830E-26      -0.31168981E-09      -0.38730855E-11      -0.93290954E-28
 65        0.31352556E-04      -0.14689345E-02      -0.82390584E-09      -0.30625960E-09       0.25588473E-32      -0.18471644E-03       0.14506676E-04      -0.29796438E-29      -0.28649371E-06      -0.12836561E-06       0.28467370E-26      -0.25403022E-09      -0.30346161E-11      -0.22986756E-27
 66        0.30555816E-04      -0.14100257E-02      -0.68001696E-09      -0.23584610E-09      -0.15886752E-32      -0.18066543E-03       0.13662286E-04      -0.37268956E-29      -0.24237887E-06      -0.12096239E-06       0.22664540E-26      -0.20683262E-09      -0.23776329E-11      -0.15655290E-27
 67        0.29792604E-04      -0.13531002E-02      -0.56023145E-09      -0.18132015E-09      -0.10449124E-32      -0.17671235E-03       0.12869206E-04      -0.10304152E-29      -0.20432279E-06      -0.11383059E-06       0.18100510E-27      -0.16824804E-09      -0.18629032E-11       0.85152894E-29
 68        0.29060258E-04      -0.12981565E-02      -0.46073612E-09      -0.13917452E-09       0.24384348E-33      -0.17285452E-03       0.12124219E-04      -0.52782339E-29      -0.17160207E-06      -0.10693112E-06       0.50950766E-26      -0.13674247E-09      -0.14596524E-11      -0.43781437E-27
 69        0.28356411E-04      -0.12451828E-02      -0.37827074E-09      -0.10665622E-09      -0.83482789E-33      -0.16908935E-03       0.11424317E-04       0.16681222E-29      -0.14357252E-06      -0.10023423E-06      -0.94172027E-27      -0.11104602E-09      -0.11437490E-11       0.69961192E-28
 70        0.27678949E-04      -0.11941592E-02      -0.31005938E-09      -0.81609410E-10       0.17561918E-32      -0.16541428E-03       0.10766682E-04       0.17306539E-29      -0.11965906E-06      -0.93720027E-07      -0.17503271E-26      -0.90109640E-10      -0.89627594E-12       0.15163850E-27
 71        0.27025985E-04      -0.11450582E-02      -0.25374747E-09      -0.62349799E-10       0.86249931E-33      -0.16182685E-03       0.10148677E-04       0.15680795E-29      -0.99346933E-07      -0.87378536E-07       0.81583608E-28      -0.73068373E-10      -0.70240804E-12      -0.26952384E-28
 72        0.26395830E-04      -0.10978460E-02      -0.20734498E-09      -0.47564402E-10       0.12786977E-32      -0.15832466E-03       0.95678311E-05      -0.10511778E-29      -0.82174384E-07      -0.81209194E-07       0.79171249E-27      -0.59210347E-10      -0.55052899E-12      -0.50654637E-28
 73        0.25786969E-04      -0.10524837E-02      -0.16917554E-09      -0.36231865E-10       0.19183590E-33      -0.15490538E-03       0.90218311E-05       0.15116246E-29      -0.67726717E-07      -0.75219706E-07      -0.99771348E-27      -0.47950673E-10      -0.43153847E-12       0.66616488E-28
 74        0.25198040E-04      -0.10089283E-02      -0.13783140E-09      -0.27559321E-10      -0.67546044E-33      -0.15156674E-03       0.85085103E-05      -0.75774035E-30      -0.55631693E-07      -0.69424315E-07       0.11761039E-26      -0.38809551E-10      -0.33830814E-12      -0.11653088E-27
 75        0.24627817E-04      -0.96713294E-03      -0.11213380E-09      -0.20932488E-10       0.25532969E-32      -0.14830655E-03       0.80258393E-05       0.65492539E-31      -0.45556001E-07      -0.63841650E-07       0.14643138E-26      -0.31393965E-10      -0.26525492E-12      -0.16663685E-27
 76        0.24075194E-04      -0.92704845E-03      -0.91098407E-10      -0.15876355E-10      -0.16461785E-32      -0.14512268E-03       0.75719177E-05      -0.24888339E-29      -0.37202541E-07      -0.58492377E-07       0.41493738E-26      -0.25382432E-10      -0.20800625E-12      -0.43696984E-27
 77        0.23539170E-04      -0.88862344E-03      -0.73905301E-10      -0.12024277E-10       0.60297963E-33      -0.14201307E-03       0.71449652E-05       0.10784533E-29      -0.30308192E-07      -0.53396929E-07      -0.34003383E-27      -0.20512319E-10      -0.16313782E-12       0.15478169E-28
 78        0.23018837E-04      -0.85180513E-03      -0.59873166E-10      -0.90937553E-11      -0.14162904E-33      -0.13897571E-03       0.67433148E-05      -0.76146634E-29      -0.24641776E-07      -0.48573525E-07       0.54008622E-26      -0.16569324E-10      -0.12796793E-12      -0.46686918E-27
 79        0.22513371E-04      -0.81653983E-03      -0.48437111E-10      -0.68675016E-11       0.31770930E-32      -0.13600867E-03       0.63654046E-05      -0.34722131E-29      -0.20002006E-07      -0.44036670E-07       0.49030609E-26      -0.13378781E-10      -0.10039643E-12      -0.50375356E-27
 80        0.22022022E-04      -0.78277336E-03      -0.39129767E-10      -0.51786595E-11      -0.51081012E-32      -0.13311006E-03       0.60097720E-05      -0.44861047E-29      -0.16215291E-07      -0.39796201E-07       0.14796445E-26      -0.10798475E-10      -0.78778573E-13      -0.72651210E-28
 81        0.21544104E-04      -0.75045146E-03      -0.31565211E-10      -0.38993071E-11      -0.64315801E-33      -0.13027808E-03       0.56750470E-05      -0.22723270E-30      -0.13133360E-07      -0.35856876E-07       0.12550121E-26      -0.87127283E-11      -0.61826151E-13      -0.13963203E-27
 82        0.21078989E-04      -0.71952012E-03      -0.25425373E-10      -0.29315248E-11      -0.97584827E-34      -0.12751095E-03       0.53599461E-05       0.41623587E-29      -0.10630745E-07      -0.32218434E-07      -0.40411694E-26      -0.70275297E-11      -0.48530168E-13       0.39541967E-27
 83        0.20626101E-04      -0.68992587E-03      -0.20448570E-10      -0.22004731E-11      -0.24579044E-32      -0.12480696E-03       0.50632672E-05       0.27896322E-30      -0.86021969E-08      -0.28876006E-07      -0.19699609E-26      -0.56665443E-11      -0.38100240E-13       0.20800101E-27
 84        0.20184912E-04      -0.66161601E-03      -0.16419869E-10      -0.16490369E-11      -0.31537012E-33      -0.12216447E-03       0.47838842E-05       0.57007950E-29      -0.69601220E-08      -0.25820767E-07      -0.24358255E-26      -0.45678371E-11      -0.29917166E-13       0.19685491E-27
 85        0.19754933E-04      -0.63453878E-03      -0.13163018E-10      -0.12336915E-11      -0.14167292E-32      -0.11958186E-03       0.45207420E-05      -0.34828858E-29      -0.56321288E-08      -0.23040704E-07       0.90546042E-27      -0.36811940E-11      -0.23495796E-13      -0.33422565E-28
 86        0.19335712E-04      -0.60864356E-03      -0.10533705E-10      -0.92131596E-12      -0.15714842E-32      -0.11705758E-03       0.42728521E-05      -0.31695736E-29      -0.45587514E-08      -0.20521410E-07       0.41013601E-26      -0.29659312E-11      -0.18455963E-13      -0.42063712E-27
 87        0.18926831E-04      -0.58388100E-03      -0.84139439E-11      -0.68674148E-12       0.18814742E-32      -0.11459014E-03       0.40392884E-05       0.41556834E-29      -0.36913894E-08      -0.18246844E-07      -0.45186894E-26      -0.23891071E-11      -0.14499719E-13       0.44896275E-27
 88        0.18527902E-04      -0.56020307E-03      -0.67074018E-11      -0.51086874E-12      -0.11916817E-32      -0.11217806E-03       0.38191831E-05       0.45533425E-29      -0.29904893E-08      -0.16200004E-07      -0.17791476E-26      -0.19240653E-11      -0.11393522E-13       0.14017299E-27
 89        0.18138561E-04      -0.53756319E-03      -0.53355354E-11      -0.37922409E-12      -0.34075884E-33      -0.10981993E-03       0.36117228E-05      -0.59911954E-29      -0.24239687E-08      -0.14363498E-07       0.38765503E-26      -0.15492467E-11      -0.89542854E-14      -0.35840353E-27
 90        0.17758472E-04      -0.51591627E-03      -0.42343876E-11      -0.28085426E-12       0.18820964E-33      -0.10751438E-03       0.34161455E-05       0.12176230E-29      -0.19658730E-08      -0.12720006E-07       0.20945066E-26      -0.12472240E-11      -0.70384493E-14      -0.24544863E-27
 91        0.17387317E-04      -0.49521873E-03      -0.33519451E-11      -0.20748145E-12      -0.15428205E-32      -0.10526008E-03       0.32317366E-05      -0.43362097E-29      -0.15952458E-08      -0.11252637E-07       0.48910004E-26      -0.10039164E-11      -0.55334313E-14      -0.50252621E-27
 92        0.17024800E-04      -0.47542855E-03      -0.26459600E-11      -0.15285843E-12      -0.30076230E-32      -0.10305573E-03       0.30578265E-05       0.41005987E-29      -0.12951895E-08      -0.99451881E-08      -0.75003847E-26      -0.80795180E-12      -0.43509252E-14       0.80964405E-27
 93        0.16670642E-04      -0.45650526E-03      -0.20821584E-11      -0.11227695E-12       0.92884343E-33      -0.10090010E-03       0.28937872E-05       0.23109487E-29      -0.10520908E-08      -0.87823299E-08       0.23972195E-26      -0.65014997E-12      -0.34216537E-14      -0.31795450E-27
 94        0.16324579E-04      -0.43840992E-03      -0.16327686E-11      -0.82193658E-13       0.36976968E-33      -0.98791958E-04       0.27390301E-05      -0.32763504E-29      -0.85498752E-09      -0.77497154E-08       0.40151122E-26      -0.52310245E-12      -0.26912579E-14      -0.41865138E-27
 95        0.15986364E-04      -0.42110516E-03      -0.12753147E-11      -0.59945706E-13      -0.87864318E-33      -0.96730132E-04       0.25930030E-05      -0.98134305E-29      -0.69505271E-09      -0.68340421E-08       0.79501425E-26      -0.42083291E-12      -0.21170770E-14      -0.77224365E-27
 96        0.15655761E-04      -0.40455510E-03      -0.99162816E-12      -0.43534937E-13      -0.59964306E-33      -0.94713479E-04       0.24551882E-05      -0.54377840E-29      -0.56517741E-09      -0.60230701E-08       0.39472299E-26      -0.33852183E-12      -0.16656239E-14      -0.38174421E-27
 97        0.15332547E-04      -0.38872536E-03      -0.76704047E-12      -0.31464255E-13      -0.12395275E-34      -0.92740889E-04       0.23250999E-05      -0.31447574E-29      -0.45963372E-09      -0.53056101E-08       0.39857248E-26      -0.27228373E-12      -0.13106079E-14      -0.41568553E-27
 98        0.15016511E-04      -0.37358303E-03      -0.58972313E-12      -0.22613775E-13      -0.17646024E-32      -0.90811285E-04       0.22022825E-05      -0.13394655E-29      -0.37380347E-09      -0.46714894E-08       0.24278650E-26      -0.21898707E-12      -0.10313842E-14      -0.28089088E-27
 99        0.14707452E-04      -0.35909659E-03      -0.45014981E-12      -0.16147177E-13       0.28698677E-33      -0.88923622E-04       0.20863083E-05       0.45514883E-29      -0.30396033E-09      -0.41115024E-08      -0.34705595E-26      -0.17610857E-12      -0.81173813E-15       0.32995728E-27
100        0.14405176E-04      -0.34523593E-03      -0.34065821E-12      -0.11441008E-13       0.26632617E-32      -0.87076884E-04       0.19767762E-05       0.75563937E-29      -0.24709482E-09      -0.36173522E-08      -0.46310767E-26      -0.14161556E-12      -0.63893225E-15       0.41414513E-27
101        0.14109502E-04      -0.33197226E-03      -0.25509352E-12      -0.80313709E-14      -0.84685839E-33      -0.85270085E-04       0.18733094E-05      -0.33794451E-29      -0.20077399E-09      -0.31815862E-08       0.36051384E-26      -0.11387094E-12      -0.50295865E-15      -0.36157471E-27
102        0.13820252E-04      -0.31927810E-03      -0.18851879E-12      -0.55737827E-14      -0.20954562E-32      -0.83502267E-04       0.17755545E-05       0.13792035E-30      -0.16302893E-09      -0.27975303E-08      -0.17627873E-26      -0.91556468E-13      -0.39595259E-15       0.21786690E-27
103        0.13537261E-04      -0.30712722E-03      -0.13697974E-12      -0.38129841E-14      -0.47563281E-33      -0.81772499E-04       0.16831795E-05       0.10339301E-28      -0.13226453E-09      -0.24592222E-08      -0.46385549E-26      -0.73610870E-13      -0.31173239E-15       0.37530221E-27
104        0.13260365E-04      -0.29549459E-03      -0.97314147E-13      -0.25602724E-14      -0.10633812E-32      -0.80079876E-04       0.15958725E-05      -0.57737241E-29      -0.10718705E-09      -0.21613481E-08       0.65855468E-26      -0.59179874E-13      -0.24543838E-15      -0.69796825E-27
105        0.12989411E-04      -0.28435633E-03      -0.66997368E-13      -0.16765019E-14      -0.31151477E-32      -0.78423520E-04       0.15133410E-05       0.87713686E-29      -0.86746066E-10      -0.18991805E-08      -0.55029500E-26      -0.47575952E-13      -0.19324945E-15       0.52310534E-27
106        0.12724249E-04      -0.27368968E-03      -0.44017412E-13      -0.10593569E-14      -0.42934001E-32      -0.76802576E-04       0.14353097E-05      -0.30541443E-30      -0.70087766E-10      -0.16685208E-08      -0.88142562E-27      -0.38245851E-13      -0.15216061E-15       0.10996995E-27
107        0.12464737E-04      -0.26347296E-03      -0.26773940E-13      -0.63383608E-15       0.19669749E-32      -0.75216212E-04       0.13615202E-05       0.16926943E-30      -0.56517400E-10      -0.14656459E-08       0.38955855E-27      -0.30744430E-13      -0.11980827E-15      -0.43861864E-28
108        0.12210736E-04      -0.25368549E-03      -0.13996729E-13      -0.34515092E-15       0.45207020E-34      -0.73663622E-04       0.12917298E-05       0.55938158E-29      -0.45469076E-10      -0.12872578E-08      -0.18314008E-26      -0.24713575E-13      -0.94332994E-16       0.13795618E-27
109        0.11962113E-04      -0.24430759E-03      -0.46799051E-14      -0.15343443E-15       0.44486401E-33      -0.72144018E-04       0.12257101E-05       0.71379835E-30      -0.36481405E-10      -0.11304393E-08       0.10992056E-26      -0.19865215E-13      -0.74271775E-16      -0.12411308E-27
110        0.11718739E-04      -0.23532050E-03       0.19710335E-14      -0.29805716E-16      -0.77647925E-33      -0.70656638E-04       0.11632466E-05       0.30510303E-29      -0.29177855E-10      -0.99261180E-09      -0.57831260E-27      -0.15967650E-13      -0.58473308E-16       0.13717535E-28
111        0.11480491E-04      -0.22670636E-03       0.65818510E-14       0.46551069E-16       0.51540190E-34      -0.69200736E-04       0.11041375E-05       0.19044657E-29      -0.23250876E-10      -0.87149822E-09      -0.17747646E-27      -0.12834535E-13      -0.46031455E-16      -0.20251560E-30
112        0.11247247E-04      -0.21844817E-03       0.96438407E-14       0.90550351E-16      -0.32429651E-32      -0.67775589E-04       0.10481931E-05       0.50373975E-29      -0.18449065E-10      -0.76508938E-09      -0.23951310E-26      -0.10316013E-13      -0.36232936E-16       0.19503670E-27
113        0.11018891E-04      -0.21052975E-03       0.11541335E-13       0.11280406E-15       0.15209329E-32      -0.66380494E-04       0.99523492E-06       0.80220982E-29      -0.14566767E-10      -0.67161356E-09      -0.66772163E-26      -0.82915812E-14      -0.28516209E-16       0.66354235E-27
114        0.10795311E-04      -0.20293567E-03       0.12573758E-13       0.12080026E-15       0.39606957E-33      -0.65014765E-04       0.94509514E-06      -0.65125249E-30      -0.11435642E-10      -0.58950937E-09       0.54494599E-27      -0.66643467E-14      -0.22439128E-16      -0.77258493E-28
115        0.10576397E-04      -0.19565126E-03       0.12973288E-13       0.11976964E-15       0.43429082E-32      -0.63677733E-04       0.89761576E-06       0.84756733E-30      -0.89178204E-11      -0.51740150E-09      -0.12439154E-26      -0.53564060E-14      -0.17653526E-16       0.13201838E-27
116        0.10362042E-04      -0.18866256E-03       0.12918972E-13       0.11332048E-15      -0.22820161E-32      -0.62368751E-04       0.85264814E-06       0.16987865E-29      -0.69003366E-11      -0.45407914E-09      -0.16122995E-26      -0.43051265E-14      -0.13885204E-16       0.16881159E-27
117        0.10152145E-04      -0.18195626E-03       0.12547998E-13       0.10390244E-15       0.25655700E-32      -0.61087184E-04       0.81005234E-06      -0.90949878E-30      -0.52905988E-11      -0.39847669E-09       0.33130423E-27      -0.34601556E-14      -0.10918195E-16      -0.37600594E-28
118        0.99466043E-05      -0.17551972E-03       0.11964677E-13       0.93144034E-16      -0.32878620E-32      -0.59832417E-04       0.76969663E-06       0.60677174E-29      -0.40126973E-11      -0.34965670E-09      -0.47590747E-26      -0.27810149E-14      -0.85823897E-17       0.48728501E-27
119        0.97453233E-05      -0.16934087E-03       0.11247582E-13       0.82096988E-16      -0.52568305E-32      -0.58603850E-04       0.73145698E-06      -0.42414199E-29      -0.30043924E-11      -0.30679474E-09       0.37083600E-26      -0.22351651E-14      -0.67437764E-17      -0.37751181E-27
120        0.95482073E-05      -0.16340826E-03       0.10455227E-13       0.71412465E-16       0.15421998E-32      -0.57400897E-04       0.69521657E-06      -0.33839038E-29      -0.22146545E-11      -0.26916596E-09       0.46676526E-26      -0.17964496E-14      -0.52967915E-17      -0.50691095E-27
121        0.93551644E-05      -0.15771095E-03       0.96305563E-14       0.61467269E-16       0.68224977E-33      -0.56222989E-04       0.66086536E-06       0.31607957E-29      -0.16016530E-11      -0.23613320E-09      -0.34472200E-26      -0.14438434E-14      -0.41582657E-17       0.35325803E-27
122        0.91661051E-05      -0.15223855E-03       0.88044967E-14       0.52453673E-16       0.18144874E-32      -0.55069571E-04       0.62829968E-06      -0.18403567E-30      -0.11311103E-11      -0.20713656E-09       0.19459694E-27      -0.11604469E-14      -0.32626669E-17      -0.17843297E-28
123        0.89809423E-05      -0.14698116E-03       0.79987551E-14       0.44442817E-16      -0.54872413E-32      -0.53940101E-04       0.59742185E-06       0.45094116E-29      -0.77495333E-12      -0.18168406E-09      -0.27742393E-26      -0.93267617E-15      -0.25583745E-17       0.27328976E-27
124        0.87995912E-05      -0.14192934E-03       0.72280183E-14       0.37429005E-16       0.26174507E-33      -0.52834052E-04       0.56813979E-06       0.39161717E-30      -0.51020837E-12      -0.15934353E-09      -0.33103470E-26      -0.74961335E-15      -0.20047115E-17       0.38372018E-27
125        0.86219692E-05      -0.13707412E-03       0.65016754E-14       0.31360279E-16       0.23765434E-32      -0.51750910E-04       0.54036671E-06      -0.66980937E-29      -0.31809402E-12      -0.13973533E-09       0.57575783E-26      -0.60248307E-15      -0.15696296E-17      -0.61015081E-27
126        0.84479957E-05      -0.13240695E-03       0.58251609E-14       0.26159186E-16       0.70322452E-33      -0.50690173E-04       0.51402079E-06       0.93069145E-29      -0.18327655E-12      -0.12252608E-09      -0.63273034E-26      -0.48423228E-15      -0.12278948E-17       0.62450108E-27
127        0.82775922E-05      -0.12791968E-03       0.52009982E-14       0.21736606E-16      -0.13255189E-32      -0.49651353E-04       0.48902487E-06      -0.23806962E-29      -0.93258140E-13      -0.10742300E-09       0.29472172E-26      -0.38919227E-15      -0.95960241E-18      -0.32983539E-27
128        0.81106822E-05      -0.12360453E-03       0.46296058E-14       0.18000685E-16       0.30111921E-32      -0.48633972E-04       0.46530618E-06       0.22339991E-29      -0.37873985E-13      -0.94169007E-10      -0.17232712E-26      -0.31280697E-15      -0.74910131E-18       0.18969454E-27
129        0.79471910E-05      -0.11945413E-03       0.41099168E-14       0.14862382E-16      -0.27733599E-32      -0.47637565E-04       0.44279607E-06       0.57858234E-29      -0.88787068E-14      -0.82538373E-10      -0.57452146E-26      -0.25141462E-15      -0.58404682E-18       0.60014404E-27
130        0.77870457E-05      -0.11546142E-03       0.36398508E-14       0.12238696E-16       0.11000669E-32      -0.46661679E-04       0.42142976E-06       0.16297356E-29       0.39389542E-15      -0.72332921E-10       0.52463956E-27      -0.20207225E-15      -0.45471689E-18      -0.83856759E-28
131        0.76301755E-05      -0.11161967E-03       0.32166708E-14       0.10054320E-16      -0.90828030E-33      -0.45705871E-04       0.40114614E-06      -0.47357568E-29      -0.46891205E-14      -0.63378660E-10       0.29295224E-26      -0.16241455E-15      -0.35346825E-18      -0.26679351E-27
132        0.74765107E-05      -0.10792250E-03       0.28372507E-14       0.82422728E-17      -0.24983263E-32      -0.44769708E-04       0.38188752E-06       0.36105689E-29      -0.19829300E-13      -0.55522842E-10      -0.50154694E-26      -0.13054053E-15      -0.27428255E-18       0.53563049E-27
133        0.73259839E-05      -0.10436379E-03       0.24982718E-14       0.67438739E-17       0.11050662E-32      -0.43852770E-04       0.36359944E-06       0.37375889E-29      -0.41606939E-13      -0.48631367E-10      -0.38195343E-26      -0.10492236E-15      -0.21240799E-18       0.40733252E-27
134        0.71785287E-05      -0.10093771E-03       0.21963666E-14       0.55083249E-17       0.52558903E-33      -0.42954645E-04       0.34623048E-06       0.10127728E-29      -0.67324677E-13      -0.42586507E-10       0.14742656E-26      -0.84332107E-16      -0.16411735E-18      -0.20717222E-27
135        0.70340807E-05      -0.97638729E-04       0.19282198E-14       0.44920731E-17      -0.67594415E-32      -0.42074931E-04       0.32973211E-06      -0.78020639E-29      -0.94878587E-13      -0.37284906E-10       0.63266215E-26      -0.67782896E-16      -0.12648062E-18      -0.63433032E-27
136        0.68925768E-05      -0.94461536E-04       0.16906383E-14       0.36580728E-17       0.74806770E-32      -0.41213237E-04       0.31405845E-06      -0.14959175E-29      -0.12265184E-12      -0.32635819E-10       0.15466128E-26      -0.54481550E-16      -0.97198786E-19      -0.16098214E-27
137        0.67539553E-05      -0.91401082E-04       0.14805968E-14       0.29750219E-17       0.30077335E-32      -0.40369178E-04       0.29916618E-06       0.22015389E-29      -0.14942692E-12      -0.28559571E-10      -0.32221252E-26      -0.43790605E-16      -0.74452413E-19       0.35928426E-27
138        0.66181561E-05      -0.88452546E-04       0.12952659E-14       0.24166190E-17      -0.45317323E-33      -0.39542383E-04       0.28501440E-06      -0.72129878E-29      -0.17431303E-12      -0.24986205E-10       0.64464466E-26      -0.35197734E-16      -0.56802747E-19      -0.66170845E-27
139        0.64851203E-05      -0.85611327E-04       0.11320260E-14       0.19608716E-17       0.62266343E-33      -0.38732485E-04       0.27156441E-06      -0.23140195E-29      -0.19668596E-12      -0.21854288E-10       0.25276033E-26      -0.28291133E-16      -0.43159121E-19      -0.28358974E-27
140        0.63547904E-05      -0.82873032E-04       0.98847230E-15       0.15894663E-17       0.59521835E-32      -0.37939129E-04       0.25877966E-06      -0.42487080E-29      -0.21613818E-12      -0.19109870E-10       0.20683604E-26      -0.22739868E-16      -0.32627896E-19      -0.18058880E-27
141        0.62271103E-05      -0.80233469E-04       0.86241225E-15       0.12872089E-17       0.10730508E-32      -0.37161966E-04       0.24662560E-06      -0.33215217E-29      -0.23243719E-12      -0.16705567E-10       0.36861768E-26      -0.18277946E-16      -0.24521402E-19      -0.40021669E-27
142        0.61020249E-05      -0.77688634E-04       0.75185877E-15       0.10415335E-17       0.10598932E-31      -0.36400655E-04       0.23506957E-06       0.98302318E-29      -0.24549079E-12      -0.14599762E-10      -0.65724472E-26      -0.14691564E-16      -0.18319851E-19       0.61770870E-27
143        0.59794806E-05      -0.75234702E-04       0.65501986E-15       0.84207712E-18      -0.52969684E-32      -0.35654866E-04       0.22408068E-06       0.17961369E-29      -0.25531786E-12      -0.12755894E-10      -0.21965123E-26      -0.11808932E-16      -0.13566145E-19       0.23695207E-27
144        0.58594247E-05      -0.72868021E-04       0.57028637E-15       0.68031544E-18      -0.21616910E-32      -0.34924272E-04       0.21362971E-06      -0.45745779E-31      -0.26202383E-12      -0.11141845E-10      -0.23164913E-26      -0.94919234E-17      -0.99557172E-20       0.28872744E-27
145        0.57418060E-05      -0.70585101E-04       0.49621881E-15       0.54925201E-18       0.42370203E-32      -0.34208558E-04       0.20368902E-06      -0.19359161E-29      -0.26577986E-12      -0.97294003E-11       0.27056464E-26      -0.76295562E-17      -0.72150945E-20      -0.31507601E-27
146        0.56265742E-05      -0.68382608E-04       0.43153363E-15       0.44315622E-18      -0.41890621E-32      -0.33507412E-04       0.19423247E-06       0.10767038E-28      -0.26680529E-12      -0.84937672E-11      -0.62975067E-26      -0.61325818E-17      -0.51783649E-20       0.56619387E-27
147        0.55136802E-05      -0.66257353E-04       0.37508963E-15       0.35734286E-18       0.51255581E-32      -0.32820532E-04       0.18523534E-06       0.36674186E-29      -0.26535274E-12      -0.74131647E-11      -0.44697807E-26      -0.49293390E-17      -0.36447324E-20       0.46448654E-27
148        0.54030757E-05      -0.64206290E-04       0.32587481E-15       0.28798773E-18      -0.29116958E-32      -0.32147622E-04       0.17667420E-06       0.96076490E-29      -0.26169552E-12      -0.64684564E-11      -0.63512226E-26      -0.39621689E-17      -0.25180384E-20       0.60349912E-27
149        0.52947140E-05      -0.62226505E-04       0.28299371E-15       0.23197415E-18      -0.50935422E-32      -0.31488393E-04       0.16852689E-06       0.78889708E-29      -0.25611711E-12      -0.56428305E-11      -0.27518217E-26      -0.31847671E-17      -0.16845881E-20       0.23285665E-27
150        0.51885488E-05      -0.60315212E-04       0.24565567E-15       0.18676554E-18       0.58504963E-32      -0.30842560E-04       0.16077245E-06       0.41142196E-29      -0.24890234E-12      -0.49215194E-11       0.61389111E-28      -0.25598876E-17      -0.10841753E-20      -0.52771688E-28
151        0.50845352E-05      -0.58469746E-04       0.21316382E-15       0.15030003E-18      -0.73262036E-32      -0.30209849E-04       0.15339101E-06      -0.33420689E-29      -0.24033025E-12      -0.42915534E-11       0.43989411E-26      -0.20576100E-17      -0.65377497E-21      -0.49569153E-27
152        0.49826292E-05      -0.56687558E-04       0.18490497E-15       0.12090357E-18      -0.60154155E-33      -0.29589987E-04       0.14636377E-06      -0.47587497E-29      -0.23066833E-12      -0.37415442E-11       0.23498861E-26      -0.16538555E-17      -0.37433984E-21      -0.20064964E-27
153        0.48827875E-05      -0.54966207E-04       0.16034034E-15       0.97218424E-19      -0.54803343E-32      -0.28982711E-04       0.13967291E-06       0.64563552E-29      -0.22016811E-12      -0.32614950E-11      -0.33156814E-26      -0.13292965E-17      -0.20563020E-21       0.29275085E-27
154        0.47849681E-05      -0.53303360E-04       0.13899724E-15       0.78144453E-19      -0.39717712E-32      -0.28387763E-04       0.13330156E-06      -0.46292194E-29      -0.20906187E-12      -0.28426335E-11       0.56462462E-26      -0.10684553E-17      -0.59087948E-22      -0.61521296E-27
155        0.46891296E-05      -0.51696780E-04       0.12046140E-15       0.62791062E-19       0.45205973E-32      -0.27804888E-04       0.12723374E-06      -0.31661807E-29      -0.19756045E-12      -0.24772645E-11       0.19678426E-27      -0.85873486E-18      -0.20797725E-22       0.14645676E-28
156        0.45952316E-05      -0.50144328E-04       0.10437023E-15       0.50437883E-19      -0.29754030E-32      -0.27233839E-04       0.12145430E-06      -0.12695129E-28      -0.18585195E-12      -0.21586411E-11       0.87561210E-26      -0.69021005E-18       0.39310513E-22      -0.87173802E-27
157        0.45032345E-05      -0.48643956E-04       0.90406628E-16       0.40502685E-19      -0.22259607E-33      -0.26674375E-04       0.11594888E-06       0.60188608E-29      -0.17410125E-12      -0.18808501E-11      -0.32007597E-26      -0.55465475E-18      -0.23252614E-22       0.28863619E-27
158        0.44130997E-05      -0.47193699E-04       0.78293596E-16       0.32515221E-19       0.27310862E-32      -0.26126258E-04       0.11070389E-06      -0.39475960E-29      -0.16245014E-12      -0.16387119E-11       0.37088933E-26      -0.44576751E-18      -0.14566284E-22      -0.38082654E-27
159        0.43247891E-05      -0.45791679E-04       0.67789344E-16       0.26095943E-19       0.53746346E-32      -0.25589258E-04       0.10570643E-06       0.21385401E-29      -0.15101810E-12      -0.14276917E-11      -0.23326557E-26      -0.35817135E-18      -0.91092027E-22       0.24623543E-27
160        0.42382656E-05      -0.44436093E-04       0.58682994E-16       0.20938696E-19       0.43610559E-32      -0.25063147E-04       0.10094427E-06      -0.34395398E-30      -0.13990345E-12      -0.12438215E-11      -0.12107480E-26      -0.28778649E-18      -0.13677998E-21       0.13850117E-27
161        0.41534930E-05      -0.43125215E-04       0.50790763E-16       0.16796666E-19       0.31556321E-32      -0.24547703E-04       0.96405813E-07       0.16334636E-29      -0.12918479E-12      -0.10836309E-11      -0.16795142E-26      -0.23119273E-18      -0.19954881E-21       0.16680319E-27
162        0.40704356E-05      -0.41857391E-04       0.43952586E-16       0.13470988E-19       0.71008677E-33      -0.24042710E-04       0.92080070E-07       0.30405702E-29      -0.11892276E-12      -0.94408662E-12      -0.12821852E-26      -0.18569717E-18      -0.26187947E-21       0.12381228E-27
163        0.39890585E-05      -0.40631033E-04       0.38029147E-16       0.10801507E-19      -0.67519473E-32      -0.23547955E-04       0.87956610E-07      -0.10121728E-29      -0.10916182E-12      -0.82253861E-12      -0.10665326E-26      -0.14911342E-18      -0.33178008E-21       0.14849259E-27
164        0.39093278E-05      -0.39444621E-04       0.32899256E-16       0.86593070E-20       0.67059523E-32      -0.23063231E-04       0.84025539E-07       0.24358250E-29      -0.99932153E-13      -0.71667292E-12      -0.81148592E-27      -0.11969705E-18      -0.40282139E-21       0.69871702E-28
165        0.38312098E-05      -0.38296695E-04       0.28457548E-16       0.69406605E-20      -0.88399481E-32      -0.22588333E-04       0.80277472E-07      -0.40409137E-29      -0.91251568E-13      -0.62447001E-12       0.19674663E-26      -0.96064233E-19      -0.45167179E-21      -0.19996128E-27
166        0.37546721E-05      -0.37185856E-04       0.24612462E-16       0.55621405E-20       0.22232469E-32      -0.22123064E-04       0.76703502E-07      -0.34899711E-29      -0.83127280E-13      -0.54416811E-12       0.19688506E-26      -0.77025823E-19      -0.53649204E-21      -0.18379054E-27
167        0.36796824E-05      -0.36110762E-04       0.21284471E-16       0.44566754E-20      -0.62403134E-32      -0.21667227E-04       0.73295175E-07       0.94333745E-29      -0.75557650E-13      -0.47423094E-12      -0.83837176E-26      -0.61542690E-19      -0.78742214E-21       0.88619549E-27
168        0.36062094E-05      -0.35070124E-04       0.18404527E-16       0.35703616E-20       0.90571627E-33      -0.21220633E-04       0.70044469E-07       0.34819273E-29      -0.68533771E-13      -0.41331935E-12      -0.30151908E-26      -0.49266787E-19      -0.82197310E-21       0.30770874E-27
169        0.35342225E-05      -0.34062706E-04       0.15912702E-16       0.28598889E-20      -0.41713664E-32      -0.20783094E-04       0.66943767E-07      -0.61571368E-29      -0.62040920E-13      -0.36026647E-12       0.24032052E-26      -0.39398052E-19      -0.85303538E-21      -0.21929291E-27
170        0.34636914E-05      -0.33087320E-04       0.13757010E-16       0.22904763E-20       0.41615389E-32      -0.20354427E-04       0.63985839E-07       0.30274250E-29      -0.56059850E-13      -0.31405579E-12      -0.17789598E-26      -0.31253651E-19      -0.10915314E-20       0.14867991E-27
171        0.33945868E-05      -0.32142826E-04       0.11892362E-16       0.18341936E-20       0.12918118E-31      -0.19934455E-04       0.61163818E-07       0.18535956E-29      -0.50567941E-13      -0.27380205E-12      -0.18166456E-27      -0.24750870E-19      -0.12409217E-20      -0.31173502E-28
172        0.33268797E-05      -0.31228131E-04       0.10279667E-16       0.14686252E-20       0.49354450E-32      -0.19523000E-04       0.58471184E-07       0.59832102E-29      -0.45540178E-13      -0.23873444E-12      -0.46655248E-26      -0.19272731E-19      -0.16133574E-20       0.47097144E-27
173        0.32605418E-05      -0.30342184E-04       0.88850454E-17       0.11757799E-20      -0.62214697E-32      -0.19119893E-04       0.55901743E-07      -0.31835904E-29      -0.40950004E-13      -0.20818195E-12       0.39621455E-26      -0.15176477E-19      -0.16066329E-20      -0.40268157E-27
174        0.31955455E-05      -0.29483973E-04       0.76791380E-17       0.94122453E-21       0.40611500E-32      -0.18724964E-04       0.53449612E-07       0.72889779E-29      -0.36770021E-13      -0.18156050E-12      -0.46750783E-26      -0.11219482E-19      -0.22664632E-20       0.45085487E-27
175        0.31318637E-05      -0.28652531E-04       0.66365133E-17       0.75338235E-21      -0.39664777E-32      -0.18338049E-04       0.51109201E-07      -0.97045250E-30      -0.32972579E-13      -0.15836175E-12       0.42356134E-27      -0.84309855E-20      -0.24054024E-20      -0.46932070E-28
176        0.30694697E-05      -0.27846923E-04       0.57351456E-17       0.60296849E-21       0.37764823E-32      -0.17958987E-04       0.48875200E-07       0.29448968E-29      -0.29530247E-13      -0.13814327E-12      -0.68566934E-27      -0.59431301E-20      -0.27641230E-20       0.37029570E-28
177        0.30083375E-05      -0.27066254E-04       0.49559632E-17       0.48254027E-21       0.46015484E-32      -0.17587620E-04       0.46742562E-07       0.41278569E-29      -0.26416184E-13      -0.12052008E-12      -0.42978818E-26      -0.38469851E-20      -0.31493588E-20       0.44098718E-27
178        0.29484416E-05      -0.26309663E-04       0.42824559E-17       0.38613206E-21       0.56428630E-32      -0.17223793E-04       0.44706490E-07      -0.58975322E-29      -0.23604432E-13      -0.10515711E-12       0.35830469E-26      -0.28907725E-20      -0.27307653E-20      -0.36197905E-27
179        0.28897570E-05      -0.25576322E-04       0.37003334E-17       0.30895849E-21       0.97347294E-32      -0.16867355E-04       0.42762425E-07       0.43506860E-29      -0.21070124E-13      -0.91762791E-13      -0.29547748E-26      -0.16116236E-20      -0.29051813E-20       0.29804441E-27
180        0.28322592E-05      -0.24865433E-04       0.31972291E-17       0.24719187E-21      -0.72817573E-32      -0.16518158E-04       0.40906032E-07      -0.30374323E-29      -0.18789637E-13      -0.80083354E-13       0.35598565E-26      -0.13291365E-20      -0.22999865E-20      -0.37912942E-27
181        0.27759243E-05      -0.24176232E-04       0.27624429E-17       0.19775783E-21       0.76707424E-32      -0.16176056E-04       0.39133191E-07       0.57494451E-29      -0.16740692E-13      -0.69897932E-13      -0.21637768E-26      -0.67367282E-21      -0.22421667E-20       0.16865035E-27
182        0.27207288E-05      -0.23507982E-04       0.23867182E-17       0.15819978E-21       0.50739961E-32      -0.15840908E-04       0.37439982E-07       0.18429807E-29      -0.14902405E-13      -0.61014277E-13      -0.59058759E-27      -0.49336552E-21      -0.18493477E-20       0.39972742E-28
183        0.26666496E-05      -0.22859973E-04       0.20620482E-17       0.12654545E-21      -0.32082460E-32      -0.15512572E-04       0.35822679E-07       0.51903366E-29      -0.13255314E-13      -0.53265029E-13      -0.36982511E-26      -0.20759978E-21      -0.16746029E-20       0.38025118E-27
184        0.26136642E-05      -0.22231523E-04       0.17815077E-17       0.10121797E-21      -0.13027102E-31      -0.15190914E-04       0.34277737E-07       0.41037086E-29      -0.11781363E-13      -0.46504487E-13      -0.34828417E-26      -0.11872345E-21      -0.13934675E-20       0.35358697E-27
185        0.25617504E-05      -0.21621977E-04       0.15391085E-17       0.80957624E-22      -0.10167859E-31      -0.14875799E-04       0.32801786E-07      -0.21585953E-29      -0.10463882E-13      -0.40605780E-13      -0.24271398E-27      -0.16516838E-21      -0.10497305E-20       0.49087670E-28
186        0.25108868E-05      -0.21030701E-04       0.13296725E-17       0.64746578E-22       0.66870197E-32      -0.14567096E-04       0.31391616E-07       0.71412722E-29      -0.92875344E-14      -0.35458427E-13      -0.20400814E-26      -0.66865318E-22      -0.90916711E-21       0.13639827E-27
187        0.24610519E-05      -0.20457088E-04       0.11487228E-17       0.51779862E-22      -0.93095813E-32      -0.14264676E-04       0.30044177E-07       0.20036118E-29      -0.82382640E-14      -0.30966202E-13      -0.19838692E-26      -0.30229172E-22      -0.75388813E-21       0.19503773E-27
188        0.24122251E-05      -0.19900552E-04       0.99238938E-18       0.41408345E-22       0.54055838E-32      -0.13968414E-04       0.28756564E-07       0.30821909E-30      -0.73032281E-14      -0.27045280E-13      -0.13147277E-26      -0.28232024E-22      -0.60169477E-21       0.13581348E-27
189        0.23643860E-05      -0.19360529E-04       0.85732666E-18       0.33113928E-22       0.83225289E-32      -0.13678186E-04       0.27526013E-07      -0.24162883E-29      -0.64707270E-14      -0.23622635E-13       0.23356738E-26      -0.12191613E-21      -0.38413378E-21      -0.24700632E-27
190        0.23175146E-05      -0.18836475E-04       0.74064304E-18       0.26478286E-22      -0.16972957E-32      -0.13393872E-04       0.26349893E-07       0.11003924E-29      -0.57301305E-14      -0.20634632E-13      -0.12594831E-26      -0.16514760E-23      -0.40486938E-21       0.13622046E-27
191        0.22715915E-05      -0.18327866E-04       0.63983933E-18       0.21172166E-22      -0.64394174E-32      -0.13115353E-04       0.25225701E-07       0.31855524E-29      -0.50718035E-14      -0.18025813E-13      -0.34989786E-26       0.68848975E-22      -0.39540968E-21       0.35412307E-27
192        0.22265973E-05      -0.17834199E-04       0.55275567E-18       0.16928598E-22       0.35624381E-34      -0.12842513E-04       0.24151052E-07      -0.15977120E-29      -0.44870321E-14      -0.15747841E-13       0.11258889E-26      -0.51801614E-22      -0.21052673E-21      -0.98141723E-28
193        0.21825135E-05      -0.17354988E-04       0.47752557E-18       0.13533995E-22      -0.28705326E-32      -0.12575238E-04       0.23123677E-07       0.21787386E-29      -0.39679514E-14      -0.13758576E-13      -0.16612412E-26       0.26836609E-22      -0.23755743E-21       0.16432669E-27
194        0.21393215E-05      -0.16889763E-04       0.41253617E-18       0.10820917E-22       0.10403563E-31      -0.12313417E-04       0.22141414E-07       0.20951489E-29      -0.35074762E-14      -0.12021276E-13      -0.65708903E-27       0.30755871E-23      -0.17234061E-21       0.56000719E-28
195        0.20970034E-05      -0.16438074E-04       0.35639384E-18       0.86508826E-23      -0.26277335E-32      -0.12056941E-04       0.21202205E-07      -0.11167028E-29      -0.30992346E-14      -0.10503901E-13       0.51374861E-27      -0.23194365E-22      -0.11276828E-21      -0.49644693E-28
196        0.20555415E-05      -0.15999485E-04       0.30789442E-18       0.69157727E-23       0.40708978E-32      -0.11805702E-04       0.20304089E-07      -0.13791501E-29      -0.27375051E-14      -0.91785073E-14       0.57586185E-27      -0.22588293E-22      -0.86621290E-22      -0.59982739E-28
197        0.20149185E-05      -0.15573577E-04       0.26599755E-18       0.55298083E-23      -0.68434104E-32      -0.11559596E-04       0.19445198E-07       0.12363248E-29      -0.24171579E-14      -0.80207195E-14      -0.14360433E-26       0.31347883E-22      -0.11906496E-21       0.16418805E-27
198        0.19751175E-05      -0.15159943E-04       0.22980438E-18       0.44196382E-23       0.38928668E-32      -0.11318520E-04       0.18623755E-07       0.12038267E-29      -0.21335997E-14      -0.70092724E-14      -0.16300706E-26       0.36865248E-22      -0.10731900E-21       0.18018458E-27
199        0.19361218E-05      -0.14758195E-04       0.19853834E-18       0.35346875E-23       0.70780920E-32      -0.11082373E-04       0.17838064E-07       0.29065547E-29      -0.18827230E-14      -0.61256111E-14      -0.70385812E-27       0.11485417E-22      -0.68073043E-22       0.47690010E-28
200        0.18979152E-05      -0.14367956E-04       0.17152860E-18       0.28257247E-23       0.21879949E-31      -0.10851056E-04       0.17086509E-07       0.30347514E-29      -0.16608586E-14      -0.53535442E-14      -0.56132321E-27       0.91792977E-23      -0.54628454E-22       0.39649602E-28
201        0.18604817E-05      -0.13988861E-04       0.14819558E-18       0.22579269E-23      -0.12279107E-31      -0.10624473E-04       0.16367552E-07       0.96258691E-30      -0.14647327E-14      -0.46789403E-14      -0.97943039E-27       0.21191791E-22      -0.57693682E-22       0.97598547E-28
202        0.18238057E-05      -0.13620561E-04       0.12803865E-18       0.18046584E-23      -0.98272979E-32      -0.10402529E-04       0.15679726E-07       0.26336045E-29      -0.12914271E-14      -0.40894646E-14      -0.23356148E-26       0.54546010E-22      -0.83860401E-22       0.24136379E-27
203        0.17878718E-05      -0.13262716E-04       0.11062532E-18       0.14432950E-23      -0.44939805E-33      -0.10185131E-04       0.15021633E-07      -0.35779006E-29      -0.11383428E-14      -0.35743495E-14       0.14874261E-26      -0.36277681E-22       0.12731961E-22      -0.13854729E-27
204        0.17526651E-05      -0.12915002E-04       0.95581979E-19       0.11531001E-23      -0.12246528E-31      -0.99721876E-05       0.14391939E-07      -0.95790031E-31      -0.10031674E-14      -0.31241941E-14      -0.57550161E-27       0.12079345E-22      -0.30987219E-22       0.49400836E-28
205        0.17181709E-05      -0.12577101E-04       0.82585924E-19       0.92040580E-24      -0.14261238E-31      -0.97636094E-05       0.13789375E-07       0.24551157E-29      -0.88384502E-15      -0.27307899E-14      -0.50346007E-27       0.10067556E-22      -0.25252005E-22       0.38912197E-28
206        0.16843748E-05      -0.12248710E-04       0.71358362E-19       0.73803186E-24       0.10890382E-31      -0.95593090E-05       0.13212729E-07      -0.58563194E-29      -0.77854899E-15      -0.23869689E-14       0.42911427E-26      -0.10167194E-21       0.89473767E-22      -0.42416378E-27
207        0.16512625E-05      -0.11929534E-04       0.61658520E-19       0.58897856E-24      -0.19622698E-31      -0.93592006E-05       0.12660846E-07       0.29851320E-30      -0.68565779E-15      -0.20864714E-14       0.99173229E-27      -0.26734764E-22       0.16941317E-22      -0.13822306E-27
208        0.16188204E-05      -0.11619291E-04       0.53278380E-19       0.47068459E-24       0.33571557E-32      -0.91632000E-05       0.12132624E-07      -0.60488801E-30      -0.60373276E-15      -0.18238297E-14       0.10312160E-27      -0.28106469E-23      -0.50531366E-23      -0.11128564E-28
209        0.15870347E-05      -0.11317705E-04       0.46038266E-19       0.37528128E-24      -0.47982043E-32      -0.89712249E-05       0.11627012E-07       0.10494685E-28      -0.53149828E-15      -0.15942682E-14      -0.62751215E-26       0.14594520E-21      -0.15225424E-21       0.60682907E-27
210        0.15558923E-05      -0.11024512E-04       0.39782958E-19       0.29999955E-24       0.37930508E-32      -0.87831943E-05       0.11143009E-07      -0.12933670E-29      -0.46782397E-15      -0.13936152E-14      -0.75739335E-27       0.20054697E-22      -0.25124595E-22       0.10834722E-27
211        0.15253802E-05      -0.10739456E-04       0.34378431E-19       0.24102470E-24      -0.14343764E-31      -0.85990290E-05       0.10679658E-07       0.67302417E-29      -0.41170867E-15      -0.12182261E-14      -0.16522276E-26       0.36207168E-22      -0.40277184E-22       0.13320211E-27
212        0.14954855E-05      -0.10462290E-04       0.29708852E-19       0.19174928E-24      -0.94405265E-32      -0.84186514E-05       0.10236047E-07       0.16383879E-30      -0.36226612E-15      -0.10649167E-14       0.33333880E-27      -0.92248762E-23       0.59553767E-23      -0.47196201E-28
213        0.14661957E-05      -0.10192775E-04       0.25674204E-19       0.15160597E-24       0.74594407E-32      -0.82419853E-05       0.98113067E-08      -0.23857000E-29      -0.31871215E-15      -0.93090501E-15       0.49670107E-27      -0.96662600E-23       0.70408333E-23      -0.19547227E-28
214        0.14374987E-05      -0.99306789E-05       0.22188047E-19       0.11869762E-24      -0.12368327E-31      -0.80689561E-05       0.94046058E-08      -0.36927414E-29      -0.28035322E-15      -0.81376002E-15       0.38904347E-26      -0.94756081E-22       0.92645041E-22      -0.42192503E-27
215        0.14093823E-05      -0.96757798E-05       0.19175803E-19       0.97300501E-25       0.22255607E-31      -0.78994906E-05       0.90151524E-08       0.45981613E-29      -0.24657621E-15      -0.71135749E-15      -0.12337218E-26       0.26607115E-22      -0.28298212E-22       0.94091723E-28
216        0.13818349E-05      -0.94278615E-05       0.16572942E-19       0.77955393E-25      -0.22762929E-31      -0.77335172E-05       0.86421902E-08      -0.33898169E-30      -0.21683927E-15      -0.62184108E-15       0.25463918E-27      -0.61200030E-23       0.47611383E-23      -0.24275713E-28
217        0.13548449E-05      -0.91867153E-05       0.14323789E-19       0.62891043E-25      -0.24115771E-32      -0.75709655E-05       0.82849974E-08       0.33610126E-29      -0.19066379E-15      -0.54358849E-15      -0.17720033E-27       0.25756632E-23      -0.36662942E-23       0.14009749E-30
218        0.13284009E-05      -0.89521395E-05       0.12380212E-19       0.50286020E-25      -0.77378886E-32      -0.74117666E-05       0.79428849E-08       0.41830961E-29      -0.16762709E-15      -0.47518186E-15      -0.33648128E-26       0.82507763E-22      -0.83380548E-22       0.35697198E-27
219        0.13024921E-05      -0.87239389E-05       0.10700678E-19       0.40940766E-25      -0.18196229E-32      -0.72558529E-05       0.76151951E-08      -0.48500212E-30      -0.14735602E-15      -0.41538202E-15       0.20331372E-27      -0.44004258E-23       0.36971753E-23      -0.12846482E-28
220        0.12771074E-05      -0.85019248E-05       0.92492496E-20       0.30543505E-25       0.30066652E-32      -0.71031583E-05       0.73012999E-08       0.41803308E-29      -0.12952132E-15      -0.36310586E-15      -0.21196458E-26       0.51522184E-22      -0.52084743E-22       0.21433976E-27
221        0.12522362E-05      -0.82859146E-05       0.79949302E-20       0.29034669E-25      -0.13302568E-32      -0.69536178E-05       0.70005997E-08      -0.23403417E-29      -0.11383245E-15      -0.31740669E-15       0.22277728E-26      -0.55211944E-22       0.54756874E-22      -0.23501372E-27
222        0.12278682E-05      -0.80757317E-05       0.69109260E-20       0.21060274E-25      -0.16730309E-31      -0.68071678E-05       0.67125220E-08      -0.13069291E-29      -0.10003318E-15      -0.27745700E-15       0.13131176E-26      -0.32815518E-22       0.32450619E-22      -0.14341699E-27
223        0.12039931E-05      -0.78712051E-05       0.59740720E-20       0.14485226E-25       0.18277862E-31      -0.66637459E-05       0.64365199E-08       0.30524985E-29      -0.87897555E-16      -0.24253348E-15      -0.90146951E-27       0.20432670E-22      -0.20723857E-22       0.69555502E-28
224        0.11806010E-05      -0.76721696E-05       0.51643844E-20       0.15758477E-25       0.56736264E-32      -0.65232909E-05       0.61720712E-08       0.39091370E-29      -0.77226397E-16      -0.21200382E-15      -0.32789600E-27       0.56569700E-23      -0.58910565E-23       0.33661517E-29
225        0.11576820E-05      -0.74784649E-05       0.44645702E-20       0.81728116E-26      -0.87016562E-32      -0.63857430E-05       0.59186770E-08       0.42227377E-30      -0.67844149E-16      -0.18531531E-15      -0.56863967E-27       0.13236100E-22      -0.13423740E-22       0.48220643E-28
226        0.11352265E-05      -0.72899363E-05       0.38597196E-20       0.11762954E-25      -0.15963810E-31      -0.62510432E-05       0.56758608E-08      -0.89234273E-30      -0.59596122E-16      -0.16198478E-15       0.79756468E-27      -0.20022447E-22       0.19870715E-22      -0.78687198E-28
227        0.11132251E-05      -0.71064337E-05       0.33369048E-20       0.72704482E-26       0.20048984E-32      -0.61191341E-05       0.54431675E-08       0.91233836E-30      -0.52346039E-16      -0.14158983E-15       0.62338343E-27      -0.17526924E-22       0.17405163E-22      -0.87208140E-28
228        0.10916686E-05      -0.69278119E-05       0.28849792E-20       0.71503953E-26      -0.16214076E-32      -0.59899592E-05       0.52201620E-08       0.56074650E-29      -0.45973868E-16      -0.12376121E-15      -0.13837607E-26       0.31687612E-22      -0.31783668E-22       0.10051241E-27
229        0.10705479E-05      -0.67539303E-05       0.24943599E-20       0.43642913E-26       0.13754293E-31      -0.58634631E-05       0.50064289E-08       0.16000305E-29      -0.40373904E-16      -0.10817613E-15       0.77857666E-27      -0.22800470E-22       0.22721710E-22      -0.11965731E-27
230        0.10498543E-05      -0.65846529E-05       0.21566900E-20       0.56683121E-26      -0.16932173E-31      -0.57395915E-05       0.48015709E-08       0.52184397E-29      -0.35453082E-16      -0.94552372E-16      -0.27312630E-26       0.68984074E-22      -0.69044341E-22       0.26558406E-27
231        0.10295789E-05      -0.64198477E-05       0.18648006E-20       0.61026086E-26       0.25004233E-31      -0.56182913E-05       0.46052087E-08      -0.25165768E-29      -0.31129472E-16      -0.82643232E-16       0.11567690E-26      -0.29121903E-22       0.29070564E-22      -0.10599455E-27
232        0.10097134E-05      -0.62593871E-05       0.16124404E-20       0.27918988E-26       0.22591722E-31      -0.54995103E-05       0.44169795E-08      -0.50801728E-29      -0.27330964E-16      -0.72233024E-16       0.26913177E-26      -0.67928655E-22       0.67885887E-22      -0.25167087E-27
233        0.99024937E-06      -0.61031474E-05       0.13943105E-20       0.25068468E-27      -0.16592471E-31      -0.53831974E-05       0.42365366E-08       0.45507151E-29      -0.23994102E-16      -0.63133189E-16      -0.29479149E-26       0.75968927E-22      -0.75998728E-22       0.28451021E-27
234        0.97117867E-06      -0.59510087E-05       0.12057032E-20       0.27685864E-26      -0.14859272E-31      -0.52693025E-05       0.40635486E-08      -0.65196839E-30      -0.21063046E-16      -0.55178883E-16       0.57419609E-28      -0.14572147E-23       0.14311562E-23      -0.33680222E-29
235        0.95249329E-06      -0.58028550E-05       0.10426538E-20      -0.65027966E-27      -0.34722283E-31      -0.51577765E-05       0.38976989E-08      -0.69253429E-30      -0.18488675E-16      -0.48225988E-16       0.13818847E-26      -0.38308737E-22       0.38286660E-22      -0.16181736E-27
236        0.93418540E-06      -0.56585737E-05       0.90169263E-21       0.24416101E-26      -0.16262114E-31      -0.50485712E-05       0.37386844E-08      -0.31269193E-29      -0.16227778E-16      -0.42148514E-16       0.20685747E-26      -0.54344165E-22       0.54325584E-22      -0.20004502E-27
237        0.91624732E-06      -0.55180558E-05       0.77980072E-21      -0.79942450E-27       0.80308730E-32      -0.49416396E-05       0.35862156E-08      -0.25811974E-29      -0.14242353E-16      -0.36836312E-16       0.17637855E-26      -0.46009599E-22       0.45994592E-22      -0.16583753E-27
238        0.89867152E-06      -0.53811956E-05       0.67441599E-21       0.23329865E-26      -0.35521320E-31      -0.48369352E-05       0.34400157E-08      -0.28865508E-29      -0.12498977E-16      -0.32193086E-16       0.14544925E-26      -0.39896149E-22       0.39884087E-22      -0.15925458E-27
239        0.88145063E-06      -0.52478907E-05       0.58327614E-21       0.72811625E-26      -0.54591379E-32      -0.47344128E-05       0.32998198E-08       0.31306995E-29      -0.10968263E-16      -0.28134652E-16      -0.25092152E-26       0.68531919E-22      -0.68538369E-22       0.25991630E-27
240        0.86457743E-06      -0.51180419E-05       0.50446672E-21      -0.13270217E-26      -0.35382699E-32      -0.46340280E-05       0.31653747E-08       0.42958023E-29      -0.96243750E-17      -0.24587414E-16      -0.12635629E-26       0.31450148E-22      -0.31455957E-22       0.92276585E-28
241        0.84804484E-06      -0.49915528E-05       0.43635148E-21       0.77680213E-27       0.34512521E-32      -0.45357371E-05       0.30364383E-08       0.91980535E-30      -0.84445994E-17      -0.21487032E-16      -0.77985364E-27       0.22129426E-22      -0.22134316E-22       0.88778748E-28
242        0.83184592E-06      -0.48683302E-05       0.37741684E-21       0.35561594E-26       0.98202854E-32      -0.44394975E-05       0.29127788E-08       0.12383485E-29      -0.74089725E-17      -0.18777256E-16      -0.10363559E-26       0.28443846E-22      -0.28447404E-22       0.10582568E-27
243        0.81597388E-06      -0.47482835E-05       0.32644985E-21       0.18936127E-27       0.13877627E-31      -0.43452673E-05       0.27941748E-08       0.19767560E-30      -0.64999470E-17      -0.16408918E-16       0.27339544E-27      -0.69670881E-23       0.69632525E-23      -0.20610987E-28
244        0.80042206E-06      -0.46313251E-05       0.28239445E-21       0.68592682E-27       0.17416250E-31      -0.42530056E-05       0.26804141E-08       0.20127686E-29      -0.57021034E-17      -0.14339028E-16      -0.14007587E-26       0.38388344E-22      -0.38389982E-22       0.13580105E-27
245        0.78518393E-06      -0.45173697E-05       0.24429345E-21       0.53328774E-27       0.23598254E-31      -0.41626720E-05       0.25712940E-08       0.87300731E-30      -0.50018911E-17      -0.12530010E-16      -0.68171618E-27       0.18338946E-22      -0.18340650E-22       0.56675524E-28
246        0.77025310E-06      -0.44063348E-05       0.21132540E-21      -0.46706418E-27       0.32717820E-32      -0.40742272E-05       0.24666204E-08      -0.49150229E-30      -0.43874048E-17      -0.10949014E-16      -0.39703182E-27       0.10884846E-22      -0.10886345E-22       0.35385237E-28
247        0.75562332E-06      -0.42981403E-05       0.18281996E-21       0.94884906E-27      -0.11884834E-31      -0.39876326E-05       0.23662078E-08       0.43070817E-29      -0.38481855E-17      -0.95673219E-17      -0.17510403E-26       0.47503505E-22      -0.47503432E-22       0.15482941E-27
248        0.74128843E-06      -0.41927086E-05       0.15818648E-21       0.28726771E-26      -0.44085260E-32      -0.39028503E-05       0.22698783E-08      -0.65271201E-30      -0.33750438E-17      -0.83598323E-17       0.57934774E-28      -0.16815665E-23       0.16803192E-23      -0.40799039E-29
249        0.72724244E-06      -0.40899642E-05       0.13682452E-21      -0.39015619E-27       0.21418550E-31      -0.38198432E-05       0.21774620E-08      -0.19335688E-29      -0.29599095E-17      -0.73046005E-17       0.60412286E-27      -0.16235067E-22       0.16233568E-22      -0.50471659E-28
250        0.71347945E-06      -0.39898340E-05       0.11837579E-21      -0.24368160E-26       0.61446983E-32      -0.37385749E-05       0.20887962E-08      -0.60586737E-30      -0.25956937E-17      -0.63824447E-17       0.68530547E-27      -0.19898199E-22       0.19896826E-22      -0.67960804E-28
251        0.69999369E-06      -0.38922471E-05       0.10241226E-21       0.33723621E-26       0.15602500E-31      -0.36590098E-05       0.20037250E-08      -0.71316420E-30      -0.22761705E-17      -0.55765979E-17       0.25991462E-27      -0.75492965E-23       0.75484515E-23      -0.24875261E-28
252        0.68677951E-06      -0.37971344E-05       0.88656124E-22       0.48920368E-26      -0.30901861E-31      -0.35811130E-05       0.19220995E-08       0.12496360E-29      -0.19958728E-17      -0.48724035E-17       0.26936197E-27      -0.10919653E-22       0.10918944E-22      -0.56965350E-28
253        0.67383136E-06      -0.37044293E-05       0.76685103E-22       0.35844770E-26      -0.34799648E-31      -0.35048502E-05       0.18437768E-08      -0.38943464E-30      -0.17499994E-17      -0.42570506E-17      -0.62939301E-28       0.26329021E-23      -0.26332491E-23       0.11047620E-28
254        0.66114381E-06      -0.36140668E-05       0.66350989E-22      -0.13631565E-26      -0.85356701E-32      -0.34301878E-05       0.17686204E-08       0.36222621E-29      -0.15343359E-17      -0.37193407E-17      -0.33234070E-26       0.10004453E-21      -0.10004192E-21       0.34566082E-27
255        0.64871156E-06      -0.35259839E-05       0.57451891E-22       0.61517224E-26      -0.35238694E-31      -0.33570931E-05       0.16964995E-08      -0.19312212E-29      -0.13451799E-17      -0.32494875E-17       0.21289884E-26      -0.63260578E-22       0.63258441E-22      -0.21367167E-27
256        0.63652939E-06      -0.34401193E-05       0.49699787E-22       0.56224421E-26      -0.39024533E-31      -0.32855337E-05       0.16272887E-08       0.55648183E-31      -0.11792846E-17      -0.28389338E-17      -0.12691692E-26       0.39515140E-22      -0.39514234E-22       0.14130171E-27
257        0.62459219E-06      -0.33564139E-05       0.43008433E-22       0.18835762E-26       0.22786677E-31      -0.32154781E-05       0.15608683E-08      -0.13936255E-29      -0.10337962E-17      -0.24802039E-17       0.14665850E-26      -0.46332373E-22       0.46330928E-22      -0.16822805E-27
258        0.61289496E-06      -0.32748098E-05       0.37218857E-22       0.18005966E-26      -0.34545625E-31      -0.31468953E-05       0.14971233E-08      -0.31255356E-29      -0.90621205E-18      -0.21667617E-17       0.15150383E-26      -0.44226483E-22       0.44224999E-22      -0.12645267E-27
259        0.60143281E-06      -0.31952511E-05       0.32204152E-22      -0.28223520E-26       0.32154510E-31      -0.30797551E-05       0.14359438E-08       0.89035242E-30      -0.79433524E-18      -0.18928947E-17      -0.89905746E-27       0.28889688E-22      -0.28889010E-22       0.10695611E-27
260        0.59020094E-06      -0.31176833E-05       0.27879659E-22      -0.63176329E-26       0.29430810E-31      -0.30140275E-05       0.13772245E-08       0.46674347E-29      -0.69623673E-18      -0.16536114E-17      -0.18450682E-26       0.56127112E-22      -0.56125564E-22       0.17501256E-27
261        0.57919464E-06      -0.30420538E-05       0.24137893E-22       0.63335088E-27      -0.12923495E-31      -0.29496837E-05       0.13208644E-08      -0.20631189E-29      -0.61022361E-18      -0.14445491E-17       0.99712752E-27      -0.30489468E-22       0.30488518E-22      -0.97140659E-28
262        0.56840930E-06      -0.29683112E-05       0.20892512E-22       0.90249227E-27      -0.67427756E-33      -0.28866949E-05       0.12667670E-08       0.52335501E-30      -0.53481189E-18      -0.12618936E-17       0.93150160E-27      -0.29682245E-22       0.29681371E-22      -0.99452023E-28
263        0.55784042E-06      -0.28964056E-05       0.18025500E-22      -0.10142540E-26      -0.60119140E-31      -0.28250333E-05       0.12148398E-08       0.32939219E-30      -0.46869809E-18      -0.11023128E-17      -0.10376230E-26       0.32607385E-22      -0.32606513E-22       0.11231282E-27
264        0.54748357E-06      -0.28262886E-05       0.15648153E-22       0.47815065E-26      -0.25695270E-31      -0.27646713E-05       0.11649939E-08      -0.10023578E-29      -0.41073802E-18      -0.96289510E-18       0.20108910E-26      -0.65331241E-22       0.65329442E-22      -0.21991593E-27
265        0.53733442E-06      -0.27579132E-05       0.13508166E-22       0.43975518E-26      -0.11053687E-31      -0.27055823E-05       0.11171445E-08      -0.38385883E-30      -0.35992946E-18      -0.84109439E-18       0.13327397E-26      -0.43446980E-22       0.43445781E-22      -0.14571746E-27
266        0.52738872E-06      -0.26912337E-05       0.11727628E-22      -0.81430488E-28      -0.43161418E-31      -0.26477397E-05       0.10712103E-08      -0.28658242E-29      -0.31539179E-18      -0.73468705E-18       0.10850791E-26      -0.33917220E-22       0.33916235E-22      -0.10217593E-27
267        0.51764233E-06      -0.26262057E-05       0.10162830E-22       0.15719486E-26       0.34113740E-32      -0.25911179E-05       0.10271132E-08      -0.25444739E-29      -0.27635306E-18      -0.64172933E-18       0.83500456E-27      -0.25153152E-22       0.25152384E-22      -0.71919172E-28
268        0.50809116E-06      -0.25627860E-05       0.88164181E-23       0.51309956E-26       0.22084536E-32      -0.25356916E-05       0.98477848E-09      -0.14976040E-29      -0.24213608E-18      -0.56052268E-18       0.36835473E-28      -0.47346399E-24       0.47341301E-24       0.35198475E-29
269        0.49873122E-06      -0.25009326E-05       0.76135978E-23       0.49522375E-27       0.85150644E-32      -0.24814360E-05       0.94413459E-09      -0.70096779E-30      -0.21214643E-18      -0.48958328E-18      -0.10715979E-27       0.55400419E-23      -0.55399733E-23       0.29493856E-28
270        0.48955862E-06      -0.24406049E-05       0.66118544E-23      -0.74351505E-26       0.51122902E-31      -0.24283268E-05       0.90511289E-09       0.76617709E-30      -0.18586348E-18      -0.42761379E-18      -0.90512645E-27       0.28683226E-22      -0.28682431E-22       0.81681241E-28
271        0.48056951E-06      -0.23817631E-05       0.56322666E-23      -0.92584196E-26      -0.19274350E-31      -0.23763403E-05       0.86764762E-09       0.51786824E-30      -0.16282969E-18      -0.37348150E-18      -0.10128737E-26       0.32761414E-22      -0.32760524E-22       0.97383287E-28
272        0.47176015E-06      -0.23243688E-05       0.49555289E-23       0.70653658E-26       0.46947669E-33      -0.23254531E-05       0.83167576E-09      -0.66271861E-30      -0.14264414E-18      -0.32619634E-18       0.13794140E-26      -0.45725646E-22       0.45724422E-22      -0.13221303E-27
273        0.46312687E-06      -0.22683845E-05       0.42178423E-23       0.20134006E-26      -0.15541386E-31      -0.22756426E-05       0.79713688E-09       0.79917197E-30      -0.12495620E-18      -0.28489221E-18       0.90414285E-27      -0.30944696E-22       0.30943897E-22      -0.94873430E-28
274        0.45466606E-06      -0.22137738E-05       0.36141339E-23       0.30935863E-26      -0.28667369E-31      -0.22268862E-05       0.76397309E-09       0.46664081E-31      -0.10945708E-18      -0.24881373E-18       0.42173209E-28      -0.88585580E-24       0.88581073E-24      -0.41231076E-30
275        0.44637420E-06      -0.21605013E-05       0.31643663E-23      -0.28217107E-26       0.28949195E-31      -0.21791621E-05       0.73212888E-09      -0.23752598E-29      -0.95876568E-19      -0.21730030E-18      -0.48972268E-27       0.18014645E-22      -0.18014225E-22       0.59999133E-28
276        0.43824784E-06      -0.21085325E-05       0.28098085E-23      -0.38031160E-26      -0.22955114E-31      -0.21324488E-05       0.70155102E-09      -0.41107627E-29      -0.83977249E-19      -0.18977525E-18       0.23263967E-26      -0.78497549E-22       0.78495490E-22      -0.22577283E-27
277        0.43028358E-06      -0.20578341E-05       0.24145998E-23      -0.24355029E-26       0.76111463E-32      -0.20867253E-05       0.67218850E-09      -0.16227915E-29      -0.73552319E-19      -0.16573339E-18       0.11228117E-26      -0.38350281E-22       0.38349288E-22      -0.11209728E-27
278        0.42247812E-06      -0.20083734E-05       0.20381329E-23      -0.13438098E-26      -0.32714863E-31      -0.20419710E-05       0.64399240E-09      -0.93180705E-30      -0.64418923E-19      -0.14473487E-18       0.10979645E-26      -0.37880671E-22       0.37879700E-22      -0.10473306E-27
279        0.41482822E-06      -0.19601188E-05       0.17830175E-23      -0.11518892E-26       0.54517706E-31      -0.19981657E-05       0.61691582E-09       0.19932536E-29      -0.56417811E-19      -0.12639437E-18      -0.12759246E-26       0.44699837E-22      -0.44698715E-22       0.13622515E-27
280        0.40733068E-06      -0.19130395E-05       0.15852686E-23       0.12473910E-25       0.32967495E-31      -0.19552896E-05       0.59091379E-09      -0.47898857E-30      -0.49408252E-19      -0.11037638E-18      -0.78611562E-27       0.27938219E-22      -0.27937528E-22       0.87609059E-28
281        0.39998239E-06      -0.18671055E-05       0.12835977E-23      -0.20397983E-26       0.18860268E-32      -0.19133234E-05       0.56594318E-09      -0.29331071E-30      -0.43267968E-19      -0.96386690E-19      -0.50199991E-27       0.18550136E-22      -0.18549699E-22       0.60572504E-28
282        0.39278031E-06      -0.18222878E-05       0.11812082E-23       0.75405824E-26      -0.51523015E-31      -0.18722480E-05       0.54196263E-09       0.12198949E-29      -0.37889488E-19      -0.84168583E-19      -0.40179366E-27       0.12490172E-22      -0.12489809E-22       0.27952974E-28
283        0.38572144E-06      -0.17785579E-05       0.10096774E-23      -0.16860968E-26      -0.40047605E-31      -0.18320448E-05       0.51893248E-09      -0.23813873E-29      -0.33177841E-19      -0.73498548E-19       0.23037106E-26      -0.81544363E-22       0.81542329E-22      -0.22962316E-27
284        0.37880286E-06      -0.17358883E-05       0.84649123E-24       0.77968858E-26      -0.34653594E-31      -0.17926958E-05       0.49681469E-09       0.25957198E-29      -0.29051791E-19      -0.64179332E-19      -0.37031977E-27       0.13219071E-22      -0.13218743E-22       0.36473995E-28
285        0.37202169E-06      -0.16942521E-05       0.82221932E-24      -0.12598789E-25      -0.10995729E-32      -0.17541829E-05       0.47557277E-09       0.14031652E-29      -0.25437579E-19      -0.56041182E-19       0.16856586E-27      -0.63819257E-23       0.63817778E-23      -0.16808983E-28
286        0.36537513E-06      -0.16536233E-05       0.65675908E-24      -0.33897554E-26      -0.50461732E-32      -0.17164888E-05       0.45517173E-09       0.14177193E-29      -0.22272333E-19      -0.48934043E-19      -0.48178642E-27       0.16813225E-22      -0.16812795E-22       0.44321877E-28
287        0.35886042E-06      -0.16139764E-05       0.52422447E-24      -0.27173031E-26       0.61841453E-31      -0.16795962E-05       0.43557800E-09       0.14790299E-29      -0.19500275E-19      -0.42727519E-19      -0.96525995E-27       0.34180687E-22      -0.34179830E-22       0.92767175E-28
288        0.35247487E-06      -0.15752867E-05       0.47456582E-24       0.13065612E-25      -0.21162791E-32      -0.16434885E-05       0.41675937E-09       0.11998184E-29      -0.17072594E-19      -0.37307639E-19      -0.95897521E-27       0.33520969E-22      -0.33520110E-22       0.83027371E-28
289        0.34621584E-06      -0.15375302E-05       0.51011309E-24       0.88226759E-26      -0.94853201E-33      -0.16081491E-05       0.39868495E-09       0.13960827E-29      -0.14946652E-19      -0.32574717E-19      -0.16964537E-26       0.62611354E-22      -0.62609857E-22       0.16937284E-27
290        0.34008075E-06      -0.15006835E-05       0.35579652E-24      -0.43230870E-26       0.13708446E-31      -0.15735621E-05       0.38132509E-09       0.15267730E-29      -0.13084887E-19      -0.28441879E-19      -0.80850792E-27       0.29238862E-22      -0.29238144E-22       0.76256023E-28
291        0.33406705E-06      -0.14647236E-05       0.26328439E-24       0.14744168E-25       0.17643248E-31      -0.15397116E-05       0.36465137E-09      -0.13811923E-29      -0.11454458E-19      -0.24833177E-19       0.46652347E-27      -0.16892822E-22       0.16892408E-22      -0.45929518E-28
292        0.32817227E-06      -0.14296286E-05       0.28338676E-24       0.13635718E-25       0.22305806E-31      -0.15065821E-05       0.34863650E-09      -0.87696224E-30      -0.10027098E-19      -0.21681765E-19       0.13686734E-27      -0.46397834E-23       0.46396606E-23      -0.66862006E-29
293        0.32239397E-06      -0.13953766E-05       0.20308679E-24      -0.16463687E-25      -0.72809694E-32      -0.14741586E-05       0.33325429E-09       0.11248332E-29      -0.87774517E-20      -0.18929850E-19      -0.10811023E-26       0.40800462E-22      -0.40799510E-22       0.10976426E-27
294        0.31672978E-06      -0.13619469E-05       0.16059690E-24       0.70224183E-26       0.60230886E-32      -0.14424263E-05       0.31847962E-09       0.19226083E-29      -0.76831128E-20      -0.16527145E-19      -0.36775398E-27       0.12412617E-22      -0.12412285E-22       0.24118672E-28
295        0.31117736E-06      -0.13293188E-05       0.21469918E-24      -0.36396392E-26      -0.38529820E-31      -0.14113706E-05       0.30428840E-09       0.13296562E-29      -0.67249534E-20      -0.14429232E-19      -0.68169489E-28       0.15461695E-23      -0.15461032E-23       0.26006771E-29
296        0.30573444E-06      -0.12974724E-05       0.15800592E-24       0.11064299E-26       0.16004846E-31      -0.13809773E-05       0.29065747E-09      -0.17602953E-29      -0.58860504E-20      -0.12597482E-19       0.14733650E-27      -0.47552964E-23       0.47551624E-23      -0.91700409E-29
297        0.30039876E-06      -0.12663884E-05       0.16053935E-24       0.11381206E-25       0.86427209E-31      -0.13512324E-05       0.27756464E-09      -0.50211352E-29      -0.51514756E-20      -0.10998264E-19       0.18647163E-26      -0.71580945E-22       0.71579299E-22      -0.18845868E-27
298        0.29516815E-06      -0.12360478E-05       0.63759291E-25      -0.49531826E-26       0.41938143E-31      -0.13221224E-05       0.26498859E-09       0.28181063E-29      -0.45091875E-20      -0.96011705E-20      -0.14928912E-26       0.56235764E-22      -0.56234439E-22       0.14374005E-27
299        0.29004045E-06      -0.12064323E-05       0.13755315E-24      -0.11515005E-25       0.12352685E-31      -0.12936339E-05       0.25290888E-09       0.17127117E-29      -0.39463957E-20      -0.83818866E-20      -0.16021354E-26       0.62325785E-22      -0.62324371E-22       0.16445889E-27
300        0.28501357E-06      -0.11775239E-05       0.40701346E-25      -0.19925891E-26      -0.12799454E-31      -0.12657538E-05       0.24130587E-09      -0.49100269E-31      -0.34534741E-20      -0.73176052E-20       0.18987171E-27      -0.72063249E-23       0.72061542E-23      -0.16354317E-28
301        0.28008544E-06      -0.11493052E-05       0.72230994E-25      -0.13349544E-25      -0.75323208E-32      -0.12384693E-05       0.23016071E-09       0.15105621E-29      -0.30223618E-20      -0.63880378E-20      -0.83657885E-28       0.17811071E-23      -0.17810270E-23       0.23265194E-29
302        0.27525404E-06      -0.11217591E-05       0.38315850E-25       0.11799159E-25       0.26058515E-31      -0.12117678E-05       0.21945532E-09      -0.52052666E-30      -0.26447946E-20      -0.55766699E-20      -0.15415826E-27       0.74188002E-23      -0.74186693E-23       0.22534780E-28
303        0.27051741E-06      -0.10948692E-05       0.34628878E-25       0.29079008E-26       0.21312712E-32      -0.11856371E-05       0.20917233E-09       0.24005765E-30      -0.23144132E-20      -0.48682029E-20       0.22430222E-27      -0.90344719E-23       0.90342768E-23      -0.23617176E-28
304        0.26587360E-06      -0.10686193E-05       0.57029619E-25       0.21959630E-25       0.34473830E-31      -0.11600651E-05       0.19929507E-09       0.18456351E-29      -0.20251473E-20      -0.42497781E-20       0.56392188E-27      -0.21944900E-22       0.21944398E-22      -0.48383349E-28
305        0.26132073E-06      -0.10429937E-05      -0.24248539E-25       0.58160660E-26      -0.55977363E-31      -0.11350401E-05       0.18980753E-09      -0.21791152E-30      -0.17721067E-20      -0.37097413E-20       0.34456411E-27      -0.13726742E-22       0.13726438E-22      -0.27548113E-28
306        0.25685693E-06      -0.10179772E-05       0.96879485E-26      -0.88226431E-26       0.77259309E-31      -0.11105504E-05       0.18069434E-09       0.24396309E-30      -0.15507087E-20      -0.32382160E-20      -0.30005940E-27       0.12106386E-22      -0.12106119E-22       0.23845348E-28
307        0.25248039E-06      -0.99355470E-06      -0.23535152E-26      -0.14971186E-26       0.17605263E-31      -0.10865848E-05       0.17194076E-09       0.23652722E-29      -0.13570603E-20      -0.28264583E-20      -0.15084302E-26       0.60640131E-22      -0.60638795E-22       0.14797974E-27
308        0.24818933E-06      -0.96971182E-06       0.55586927E-25       0.11828640E-25      -0.57035395E-32      -0.10631322E-05       0.16353261E-09      -0.56735077E-30      -0.11871173E-20      -0.24674684E-20       0.10868187E-27      -0.47105249E-23       0.47104292E-23      -0.96886014E-29
309        0.24398201E-06      -0.94643437E-06       0.31837044E-25       0.18235253E-25       0.48633591E-31      -0.10401818E-05       0.15545628E-09       0.28698460E-29      -0.10387200E-20      -0.21537544E-20      -0.24313918E-27       0.91202614E-23      -0.91200438E-23       0.22422732E-28
310        0.23985671E-06      -0.92370858E-06       0.11012455E-24       0.20467620E-26      -0.12289991E-30      -0.10177229E-05       0.14769873E-09       0.24178182E-29      -0.90889047E-21      -0.18798597E-20      -0.88714149E-27       0.35839803E-22      -0.35839013E-22       0.80499313E-28
311        0.23581176E-06      -0.90152101E-06      -0.54696336E-27      -0.11788459E-25      -0.10120697E-31      -0.99574522E-06       0.14024739E-09       0.25290758E-29      -0.79509449E-21      -0.16409476E-20      -0.25933332E-27       0.10200838E-22      -0.10200608E-22       0.23097562E-28
312        0.23184554E-06      -0.87985858E-06       0.35826827E-25       0.21556976E-26       0.11094726E-31      -0.97423847E-06       0.13309022E-09      -0.82322339E-30      -0.69544193E-21      -0.14324669E-20       0.87003538E-27      -0.37670552E-22       0.37669791E-22      -0.95066341E-28
313        0.22795642E-06      -0.85870854E-06       0.80581025E-25       0.80266309E-26      -0.42817720E-31      -0.95319273E-06       0.12621566E-09      -0.26588490E-29      -0.60842453E-21      -0.12502973E-20       0.26874652E-27      -0.10750761E-22       0.10750523E-22      -0.22959704E-28
314        0.22414284E-06      -0.83805845E-06       0.54573204E-25       0.11561706E-25      -0.40797436E-31      -0.93259823E-06       0.11961259E-09      -0.46307626E-29      -0.53219073E-21      -0.10913717E-20       0.21400575E-27      -0.69144201E-23       0.69142207E-23      -0.27060764E-29
315        0.22040326E-06      -0.81789621E-06       0.16699971E-25      -0.20038862E-26      -0.53691593E-31      -0.91244540E-06       0.11327033E-09      -0.23131256E-29      -0.46545207E-21      -0.95268070E-21       0.83513005E-27      -0.33289090E-22       0.33288340E-22      -0.66026246E-28
316        0.21673618E-06      -0.79821001E-06      -0.25598062E-25       0.90119111E-26       0.19555075E-31      -0.89272489E-06       0.10717864E-09       0.20842312E-29      -0.40745445E-21      -0.83122275E-21      -0.53566214E-27       0.22677402E-22      -0.22676929E-22       0.50989121E-28
317        0.21314011E-06      -0.77898835E-06       0.20329377E-24      -0.19038386E-25       0.26541310E-31      -0.87342753E-06       0.10132768E-09       0.19879746E-29      -0.35637604E-21      -0.72553823E-21      -0.31609102E-27       0.13505670E-22      -0.13505392E-22       0.35258936E-28
318        0.20961362E-06      -0.76022001E-06       0.43845519E-25       0.12439949E-25      -0.36528177E-31      -0.85454434E-06       0.95707965E-10       0.23297604E-29      -0.31168073E-21      -0.63329592E-21       0.83744078E-28      -0.36193966E-23       0.36193224E-23      -0.80196565E-29
319        0.20615528E-06      -0.74189406E-06      -0.58984699E-25      -0.18036229E-25      -0.88766156E-31      -0.83606654E-06       0.90310430E-10       0.28461931E-29      -0.27276026E-21      -0.55259874E-21      -0.62006044E-27       0.26064224E-22      -0.26063673E-22       0.67995521E-28
320        0.20276371E-06      -0.72399984E-06      -0.14063294E-24       0.19362541E-25      -0.59614921E-31      -0.81798551E-06       0.85126341E-10      -0.18482149E-29      -0.23831280E-21      -0.48255959E-21       0.83946714E-27      -0.36392836E-22       0.36392096E-22      -0.84237972E-28
321        0.19943754E-06      -0.70652697E-06       0.46363311E-25      -0.25853519E-27       0.29045817E-31      -0.80029284E-06       0.80147311E-10      -0.31125527E-31      -0.20856439E-21      -0.42103981E-21       0.54252793E-28      -0.24548499E-23       0.24548022E-23      -0.38695142E-29
322        0.19617546E-06      -0.68946533E-06      -0.71635950E-26      -0.69473726E-26      -0.11133770E-31      -0.78298027E-06       0.75365286E-10      -0.36261200E-29      -0.18216811E-21      -0.36771538E-21       0.15014756E-26      -0.65825802E-22       0.65824481E-22      -0.15758936E-27
323        0.19297616E-06      -0.67280503E-06      -0.55520788E-25      -0.43645877E-26       0.58507521E-31      -0.76603973E-06       0.70772526E-10       0.17009174E-29      -0.15974032E-21      -0.32050990E-21      -0.89559716E-27       0.38510417E-22      -0.38509623E-22       0.84880295E-28
324        0.18983835E-06      -0.65653646E-06       0.52972909E-25      -0.15400895E-26      -0.59083863E-31      -0.74946330E-06       0.66361594E-10      -0.10333166E-29      -0.13948776E-21      -0.27994127E-21       0.24151530E-27      -0.10403817E-22       0.10403606E-22      -0.23236007E-28
325        0.18676080E-06      -0.64065022E-06       0.25458952E-25      -0.33488818E-25       0.16541463E-31      -0.73324324E-06       0.62125345E-10      -0.13667193E-29      -0.12190216E-21      -0.24440333E-21       0.91905002E-27      -0.41271843E-22       0.41271034E-22      -0.94908504E-28
326        0.18374227E-06      -0.62513718E-06       0.66831114E-25      -0.10860188E-25       0.10612150E-30      -0.71737197E-06       0.58056914E-10       0.68684795E-30      -0.10691618E-21      -0.21298984E-21      -0.10321443E-26       0.45999889E-22      -0.45998978E-22       0.10667195E-27
327        0.18078157E-06      -0.60998841E-06       0.88315590E-26       0.99113915E-26       0.83690303E-32      -0.70184206E-06       0.54149703E-10      -0.26329585E-30      -0.93277768E-22      -0.18610244E-21       0.16786254E-27      -0.68297706E-23       0.68296211E-23      -0.98838584E-29
328        0.17787752E-06      -0.59519521E-06       0.99752061E-25      -0.38911014E-26       0.77034002E-31      -0.68664625E-06       0.50397375E-10      -0.97062967E-30      -0.81555807E-22      -0.16242917E-21       0.36992899E-27      -0.16465287E-22       0.16464959E-22      -0.40753161E-28
329        0.17502898E-06      -0.58074909E-06      -0.18362802E-24       0.10233564E-25       0.21280958E-31      -0.67177743E-06       0.46793836E-10       0.20261083E-30      -0.71275430E-22      -0.14179582E-21       0.59757597E-27      -0.27177439E-22       0.27176911E-22      -0.61929353E-28
330        0.17223482E-06      -0.56664179E-06       0.90804580E-25      -0.28782055E-25       0.41547895E-31      -0.65722861E-06       0.43333234E-10      -0.21194760E-29      -0.62412940E-22      -0.12365903E-21       0.50225014E-28      -0.23007211E-23       0.23006770E-23      -0.99846702E-29
331        0.16949393E-06      -0.55286523E-06      -0.14628638E-24       0.58966431E-29      -0.13845252E-31      -0.64299300E-06       0.40009942E-10      -0.18609610E-29      -0.54584051E-22      -0.10790778E-21      -0.38979592E-27       0.19581718E-22      -0.19581382E-22       0.54322685E-28
332        0.16680524E-06      -0.53941155E-06      -0.46420320E-25       0.12085135E-25       0.89615842E-31      -0.62906390E-06       0.36818554E-10       0.52424917E-29      -0.47840164E-22      -0.94057950E-22      -0.35582204E-27       0.15013637E-22      -0.15013316E-22       0.25805932E-28
333        0.16416769E-06      -0.52627307E-06      -0.91704587E-25       0.82122255E-26      -0.48972048E-31      -0.61543478E-06       0.33753873E-10      -0.21509875E-29      -0.41757775E-22      -0.82155068E-22      -0.33664849E-27       0.16502344E-22      -0.16502052E-22       0.45604170E-28
334        0.16158024E-06      -0.51344230E-06       0.56852347E-25      -0.56796001E-26       0.16394951E-31      -0.60209924E-06       0.30810904E-10      -0.13137203E-29      -0.36275189E-22      -0.71930663E-22       0.12091856E-26      -0.56167022E-22       0.56165949E-22      -0.12481905E-27
335        0.15904187E-06      -0.50091195E-06      -0.16425191E-24      -0.11256518E-25      -0.52107933E-32      -0.58905102E-06       0.27984848E-10      -0.42742105E-29      -0.31730209E-22      -0.62758475E-22       0.10213556E-26      -0.47651258E-22       0.47650360E-22      -0.10204265E-27
336        0.15655160E-06      -0.48867490E-06       0.72841917E-25      -0.27596834E-25       0.35838922E-31      -0.57628398E-06       0.25271090E-10      -0.26159144E-29      -0.27820756E-22      -0.54688678E-22       0.53667136E-27      -0.25532392E-22       0.25531921E-22      -0.54755390E-28
337        0.15410845E-06      -0.47672420E-06       0.36529694E-25      -0.29569239E-25      -0.12494234E-30      -0.56379211E-06       0.22665195E-10       0.10527843E-29      -0.24399103E-22      -0.47648952E-22      -0.10954332E-28       0.26689257E-24      -0.26688281E-24      -0.14831430E-29
338        0.15171147E-06      -0.46505307E-06       0.40874480E-25      -0.97491790E-26      -0.87484131E-31      -0.55156954E-06       0.20162901E-10       0.52234084E-29      -0.21593145E-22      -0.41319177E-22      -0.13703880E-26       0.64346400E-22      -0.64345189E-22       0.13492934E-27
339        0.14935972E-06      -0.45365491E-06       0.16529802E-24      -0.26216256E-25      -0.64011392E-31      -0.53961052E-06       0.17760108E-10      -0.10023762E-29      -0.18677555E-22      -0.36256850E-22      -0.15328556E-27       0.74447966E-23      -0.74446599E-23       0.22905917E-28
340        0.14705229E-06      -0.44252326E-06       0.68019618E-25       0.34068257E-25      -0.36052521E-33      -0.52790941E-06       0.15452877E-10      -0.17092358E-29      -0.16171874E-22      -0.31795745E-22       0.69946174E-27      -0.33152742E-22       0.33152126E-22      -0.64814304E-28
341        0.14478829E-06      -0.43165183E-06       0.97024633E-25       0.54432511E-25      -0.27282405E-31      -0.51646069E-06       0.13237421E-10       0.29218108E-29      -0.14411356E-22      -0.27472501E-22      -0.82017166E-27       0.39102258E-22      -0.39101534E-22       0.76927547E-28
342        0.14256683E-06      -0.42103450E-06      -0.16851112E-25       0.41589207E-25      -0.20769069E-31      -0.50525897E-06       0.11110100E-10      -0.11210614E-29      -0.12298474E-22      -0.24272865E-22       0.98240757E-27      -0.47732466E-22       0.47731605E-22      -0.10756595E-27
343        0.14038707E-06      -0.41066526E-06       0.24900452E-25       0.49807135E-26      -0.91467771E-32      -0.49429897E-06       0.90674110E-11      -0.85744587E-30      -0.10847254E-22      -0.21085023E-22       0.46931073E-27      -0.23905278E-22       0.23904869E-22      -0.51914650E-28
344        0.13824815E-06      -0.40053829E-06       0.16216823E-25       0.25881874E-25      -0.12387779E-31      -0.48357551E-06       0.71059903E-11      -0.62640777E-30      -0.94701421E-23      -0.18411240E-22       0.30047477E-27      -0.14870004E-22       0.14869738E-22      -0.30184823E-28
345        0.13614926E-06      -0.39064787E-06       0.35884485E-25      -0.34668165E-25       0.37806740E-32      -0.47308352E-06       0.52226018E-11      -0.25317506E-30      -0.84177551E-23      -0.15926353E-22      -0.38395455E-27       0.18236689E-22      -0.18236348E-22       0.41498785E-28
346        0.13408959E-06      -0.38098845E-06       0.69598444E-25       0.11505459E-27      -0.60466257E-31      -0.46281805E-06       0.34141343E-11      -0.16525180E-29      -0.70080060E-23      -0.14247409E-22       0.13088564E-26      -0.63601739E-22       0.63600582E-22      -0.12009936E-27
347        0.13206834E-06      -0.37155460E-06      -0.14599314E-24       0.35981608E-25      -0.57395687E-31      -0.45277426E-06       0.16775962E-11      -0.33123052E-30      -0.63423137E-23      -0.12216058E-22       0.29237476E-27      -0.15353093E-22       0.15352841E-22      -0.40323022E-28
348        0.13008475E-06      -0.36234102E-06      -0.12181288E-25      -0.24784813E-25       0.10208873E-30      -0.44294738E-06       0.10111131E-13       0.25300561E-29      -0.57076574E-23      -0.10495726E-22      -0.55526214E-27       0.26005923E-22      -0.26005430E-22       0.40213303E-28
349        0.12813806E-06      -0.35334255E-06      -0.94354968E-25      -0.49670611E-25      -0.13426380E-31      -0.43333277E-06      -0.15910869E-11       0.39758529E-29      -0.49719153E-23      -0.91751866E-23      -0.54357407E-27       0.27106420E-22      -0.27105940E-22       0.56133577E-28
350        0.12622752E-06      -0.34455415E-06      -0.48523092E-25      -0.36195615E-26      -0.93579169E-31      -0.42392588E-06      -0.31286576E-11      -0.14065839E-29      -0.43079096E-23      -0.80437401E-23      -0.38290111E-27       0.19775487E-22      -0.19775150E-22       0.46804753E-28
351        0.12435241E-06      -0.33597088E-06       0.12470730E-24       0.22370559E-26       0.83176161E-31      -0.41472226E-06      -0.46051589E-11      -0.20109763E-29      -0.37638526E-23      -0.70201033E-23      -0.24164283E-27       0.12211622E-22      -0.12211409E-22       0.20672728E-28
352        0.12251202E-06      -0.32758796E-06       0.70753348E-26      -0.23597748E-25      -0.85297219E-31      -0.40571755E-06      -0.60230504E-11       0.82967160E-30      -0.31461993E-23      -0.62689559E-23       0.50806881E-27      -0.25446618E-22       0.25446171E-22      -0.58671755E-28
353        0.12070565E-06      -0.31940069E-06      -0.56624275E-25       0.27088405E-25      -0.35653566E-32      -0.39690748E-06      -0.73846977E-11       0.36275601E-29      -0.28331669E-23      -0.53868316E-23      -0.15259065E-27       0.85341471E-23      -0.85340174E-23       0.17345322E-28
354        0.11893261E-06      -0.31140450E-06       0.42363508E-25       0.22926995E-25       0.28876471E-31      -0.38828786E-06      -0.86923758E-11       0.10765340E-29      -0.24771492E-23      -0.46993444E-23      -0.94074626E-28       0.52674018E-23      -0.52673223E-23       0.15043790E-28
355        0.11719225E-06      -0.30359492E-06      -0.13205823E-25       0.50590567E-25      -0.78794972E-31      -0.37985462E-06      -0.99482729E-11      -0.36300060E-29      -0.21298437E-23      -0.41355606E-23       0.29344402E-27      -0.15407297E-22       0.15407043E-22      -0.41166188E-28
356        0.11548389E-06      -0.29596760E-06      -0.25668054E-24       0.28045875E-25      -0.32100600E-31      -0.37160376E-06      -0.11154493E-10       0.37404891E-29      -0.18943013E-23      -0.35756235E-23       0.74372135E-28      -0.42515621E-23       0.42514989E-23      -0.20242676E-28
357        0.11380691E-06      -0.28851829E-06       0.19008773E-24       0.27196485E-25       0.24593839E-31      -0.36353135E-06      -0.12313061E-10       0.53012445E-30      -0.15604839E-23      -0.32149238E-23       0.41948806E-27      -0.21012315E-22       0.21011942E-22      -0.31106405E-28
358        0.11216067E-06      -0.28124283E-06       0.33204592E-25       0.24326434E-25      -0.33844209E-32      -0.35563356E-06      -0.13425924E-10      -0.76087378E-30      -0.12899012E-23      -0.28791336E-23       0.62695412E-27      -0.31307537E-22       0.31306981E-22      -0.58238437E-28
359        0.11054457E-06      -0.27413716E-06       0.37734044E-24       0.27470014E-25       0.12077617E-31      -0.34790664E-06      -0.14494953E-10       0.70046100E-30      -0.12464949E-23      -0.23931189E-23       0.13304136E-27      -0.70175536E-23       0.70174401E-23      -0.17486097E-28
360        0.10895799E-06      -0.26719734E-06       0.30339083E-25       0.33929044E-25      -0.11714884E-31      -0.34034692E-06      -0.15521952E-10      -0.14901447E-29      -0.11796238E-23      -0.19977708E-23      -0.44868592E-27       0.23923515E-22      -0.23923120E-22       0.39581100E-28
361        0.10740034E-06      -0.26041951E-06      -0.28706395E-24      -0.17922790E-25       0.49624536E-31      -0.33295080E-06      -0.16508652E-10      -0.81896908E-31      -0.82946272E-24      -0.19444128E-23       0.77815356E-27      -0.41275202E-22       0.41274518E-22      -0.82098362E-28
362        0.10587106E-06      -0.25379989E-06      -0.23914276E-24       0.66870472E-25      -0.15936156E-31      -0.32571477E-06      -0.17456721E-10       0.22474451E-29      -0.88092196E-24      -0.15406317E-23      -0.21709391E-27       0.11704895E-22      -0.11704703E-22       0.18098549E-28
363        0.10436956E-06      -0.24733480E-06      -0.16451970E-24      -0.27646125E-25      -0.76051723E-31      -0.31863539E-06      -0.18367762E-10       0.28010379E-31      -0.66588761E-24      -0.14480956E-23       0.30553237E-27      -0.15640259E-22       0.15639988E-22      -0.24166947E-28
364        0.10289531E-06      -0.24102066E-06       0.16167653E-24      -0.15548805E-25      -0.91603603E-31      -0.31170927E-06      -0.19243319E-10       0.30921591E-29      -0.74056431E-24      -0.11048801E-23      -0.43110932E-27       0.22347969E-22      -0.22347590E-22       0.55899305E-28
365        0.10144775E-06      -0.23485395E-06      -0.28121311E-24       0.19381940E-25       0.11568596E-31      -0.30493313E-06      -0.20084876E-10       0.23108274E-29      -0.58973303E-24      -0.10212852E-23      -0.25834988E-27       0.14378960E-22      -0.14378734E-22       0.24265263E-28
366        0.10002636E-06      -0.22883126E-06      -0.79704802E-25      -0.15051525E-25       0.58669156E-32      -0.29830374E-06      -0.20893861E-10      -0.96803446E-30      -0.43973373E-24      -0.96662891E-24       0.13751009E-27      -0.67872404E-23       0.67871167E-23      -0.52934852E-29
367        0.98630609E-07      -0.22294924E-06      -0.89817388E-25       0.34567675E-25      -0.40643940E-31      -0.29181794E-06      -0.21671649E-10      -0.50859156E-30      -0.49887942E-24      -0.72880459E-24      -0.19354690E-27       0.94860985E-23      -0.94859237E-23       0.12386404E-28
368        0.97259992E-07      -0.21720463E-06       0.24281361E-24       0.19115533E-25       0.51560403E-31      -0.28547263E-06      -0.22419561E-10      -0.40975526E-30      -0.34618955E-24      -0.72551946E-24       0.22865697E-29       0.94770242E-24      -0.94770644E-24       0.55597399E-29
369        0.95914010E-07      -0.21159424E-06       0.21256698E-24       0.47468740E-25      -0.90168604E-31      -0.27926479E-06      -0.23138871E-10       0.92170898E-30      -0.18499398E-24      -0.75055275E-24       0.46214335E-27      -0.23547356E-22       0.23546943E-22      -0.43183076E-28
370        0.94592172E-07      -0.20611496E-06       0.24433961E-24       0.16045212E-25      -0.10061122E-30      -0.27319147E-06      -0.23830802E-10      -0.94896488E-30      -0.35326961E-24      -0.46338848E-24      -0.28316766E-27       0.15060548E-22      -0.15060296E-22       0.26088980E-28
371        0.93294000E-07      -0.20076375E-06      -0.17323754E-24      -0.16912168E-25      -0.88733632E-31      -0.26724976E-06      -0.24496533E-10       0.23214307E-29      -0.31499315E-24      -0.39788962E-24      -0.35327946E-27       0.19580874E-22      -0.19580565E-22       0.46611935E-28
372        0.92019024E-07      -0.19553765E-06       0.49155011E-25      -0.19167987E-25      -0.41567035E-31      -0.26143682E-06      -0.25137199E-10       0.39463282E-30      -0.16331728E-24      -0.45898199E-24       0.26232885E-27      -0.14324698E-22       0.14324465E-22      -0.26514905E-28
373        0.90766784E-07      -0.19043377E-06       0.57499980E-25      -0.25373922E-25      -0.36510784E-31      -0.25574988E-06      -0.25753889E-10      -0.66840520E-30      -0.24320316E-24      -0.30000340E-24      -0.27443950E-27       0.15268513E-22      -0.15268273E-22       0.23141256E-28
374        0.89536832E-07      -0.18544927E-06       0.91960750E-26       0.25262097E-25      -0.73432868E-31      -0.25018623E-06      -0.26347655E-10       0.60963890E-30      -0.18263384E-24      -0.29153794E-24      -0.11970557E-27       0.70222893E-23      -0.70221835E-23       0.18463851E-28
375        0.88328725E-07      -0.18058140E-06       0.78086554E-25      -0.74418664E-26      -0.22748818E-31      -0.24474320E-06      -0.26919509E-10       0.89476180E-30      -0.12198066E-24      -0.29192744E-24       0.23234830E-28      -0.10104806E-23       0.10104548E-23       0.75976480E-29
376        0.87142032E-07      -0.17582746E-06      -0.59721890E-25       0.29608491E-25      -0.26936894E-31      -0.23941820E-06      -0.27470422E-10       0.71378803E-30      -0.12736879E-24      -0.23392870E-24      -0.65340439E-28       0.39847558E-23      -0.39847013E-23       0.16727872E-28
377        0.85976330E-07      -0.17118481E-06      -0.14843710E-24      -0.21704536E-25      -0.26811011E-31      -0.23420867E-06      -0.28001331E-10       0.88633513E-30      -0.14313664E-24      -0.17223390E-24      -0.19122005E-27       0.10984735E-22      -0.10984566E-22       0.24395362E-28
378        0.84831204E-07      -0.16665089E-06       0.41900089E-25       0.37970379E-25       0.47625444E-31      -0.22911213E-06      -0.28513140E-10       0.48760021E-30      -0.10700153E-24      -0.16828299E-24       0.43072657E-28      -0.27939596E-23       0.27939251E-23      -0.70666951E-29
379        0.83706249E-07      -0.16222318E-06       0.44285356E-24      -0.43510569E-26       0.26120937E-30      -0.22412614E-06      -0.29006716E-10      -0.26494951E-29      -0.55799543E-25      -0.18449223E-24       0.12021528E-27      -0.67474624E-23       0.67473573E-23      -0.13871084E-28
380        0.82601068E-07      -0.15789924E-06      -0.31198414E-24      -0.34042854E-25      -0.14870545E-30      -0.21924832E-06      -0.29482894E-10       0.10574561E-29      -0.10458506E-24      -0.10515526E-24      -0.14834502E-27       0.83752436E-23      -0.83751149E-23       0.15726371E-28
381        0.81515271E-07      -0.15367667E-06      -0.33202253E-24       0.49190379E-25       0.82134232E-31      -0.21447632E-06      -0.29942480E-10       0.24744238E-29       0.18278878E-26      -0.18490988E-24       0.26441472E-27      -0.14539732E-22       0.14539497E-22      -0.17115552E-28
382        0.80448476E-07      -0.14955313E-06      -0.14724537E-24      -0.40894114E-25       0.12127590E-30      -0.20980786E-06      -0.30386249E-10      -0.37809587E-30       0.59058234E-26      -0.16571213E-24       0.36671187E-27      -0.21300625E-22       0.21300304E-22      -0.48448811E-28
383        0.79400312E-07      -0.14552634E-06      -0.41819733E-25      -0.18153419E-25       0.20816692E-30      -0.20524071E-06      -0.30814947E-10      -0.11598721E-29       0.24415626E-25      -0.16390463E-24       0.38611252E-27      -0.22615753E-22       0.22615411E-22      -0.43284518E-28
384        0.78370411E-07      -0.14159406E-06       0.69633272E-25       0.44911502E-25      -0.59331390E-31      -0.20077268E-06      -0.31229292E-10       0.36625860E-29      -0.63161984E-25      -0.58584530E-25      -0.12441562E-27       0.73432898E-23      -0.73431820E-23       0.76685055E-29
385        0.77358415E-07      -0.13775412E-06      -0.31670561E-24      -0.18658563E-25      -0.47913685E-31      -0.19640163E-06      -0.31629978E-10       0.14247840E-30      -0.12704153E-24       0.20781099E-25      -0.45354144E-27       0.26469106E-22      -0.26468707E-22       0.41317141E-28
386        0.76363974E-07      -0.13400440E-06       0.37957278E-24       0.15136481E-25       0.29919797E-31      -0.19212546E-06      -0.32017671E-10      -0.86994040E-32      -0.58777159E-25      -0.33975772E-25      -0.58114116E-28       0.30888963E-23      -0.30888438E-23      -0.10822176E-28
387        0.75386744E-07      -0.13034281E-06       0.20329771E-25       0.46061294E-25      -0.81082299E-31      -0.18794212E-06      -0.32393012E-10       0.46058585E-29      -0.38975199E-25      -0.41982408E-25      -0.13141920E-27       0.82420033E-23      -0.82418879E-23       0.17105931E-28
388        0.74426388E-07      -0.12676732E-06       0.92030712E-25      -0.32549880E-25      -0.17062965E-31      -0.18384960E-06      -0.32756622E-10      -0.63337591E-30      -0.16105919E-25      -0.54558265E-25       0.42549421E-28      -0.21682505E-23       0.21682168E-23      -0.37975767E-29
389        0.73482576E-07      -0.12327596E-06       0.22634128E-24      -0.20265807E-26       0.18643507E-30      -0.17984595E-06      -0.33109095E-10      -0.18056026E-29      -0.33028383E-25      -0.28647291E-25      -0.82397579E-28       0.50159174E-23      -0.50158441E-23       0.72008705E-29
390        0.72554985E-07      -0.11986679E-06      -0.41029415E-24      -0.40208839E-25      -0.18906961E-30      -0.17592924E-06      -0.33451006E-10      -0.65065182E-30      -0.48774044E-25      -0.50562768E-26      -0.17121707E-27       0.10248163E-22      -0.10248014E-22       0.19226530E-28
391        0.71643300E-07      -0.11653791E-06      -0.79913712E-25      -0.10192141E-25      -0.47399291E-31      -0.17209759E-06      -0.33782910E-10      -0.30115336E-29      -0.59372010E-25       0.12388047E-25      -0.49580837E-28       0.21145154E-23      -0.21144664E-23      -0.76497584E-29
392        0.70747209E-07      -0.11328748E-06       0.40270761E-25       0.56533794E-25      -0.33121732E-32      -0.16834916E-06      -0.34105338E-10      -0.89722634E-30      -0.17188099E-25      -0.23821975E-25       0.37893402E-28      -0.26400539E-23       0.26400201E-23      -0.19456251E-29
393        0.69866410E-07      -0.11011369E-06       0.21453612E-24      -0.65275145E-26       0.11694860E-30      -0.16468215E-06      -0.34418805E-10      -0.42088161E-30      -0.25841940E-25      -0.99509368E-26      -0.27679293E-28       0.13972429E-23      -0.13972183E-23       0.15912959E-28
394        0.69000605E-07      -0.10701478E-06      -0.32358000E-24       0.99124922E-25       0.54341044E-32      -0.16109480E-06      -0.34723807E-10       0.26944828E-30      -0.20216799E-25      -0.11022494E-25      -0.96717861E-28       0.60102940E-23      -0.60102109E-23       0.10496630E-28
395        0.68149503E-07      -0.10398904E-06      -0.10309209E-24       0.30440013E-25       0.73962764E-31      -0.15758539E-06      -0.35020821E-10      -0.64777794E-30       0.54652713E-26      -0.32732743E-25       0.30071282E-28      -0.15768797E-23       0.15768513E-23      -0.53898501E-29
396        0.67312818E-07      -0.10103477E-06       0.29152399E-24       0.25042374E-25       0.96075768E-31      -0.15415223E-06      -0.35310309E-10      -0.44205962E-29      -0.22300972E-25      -0.14953657E-26      -0.14510155E-27       0.94068510E-23      -0.94067225E-23       0.14318524E-28
397        0.66490271E-07      -0.98150345E-07      -0.15474890E-24      -0.40891659E-25       0.37367163E-31      -0.15079366E-06      -0.35592713E-10       0.20429571E-29      -0.12747555E-24       0.10671268E-24      -0.42754455E-27       0.25318419E-22      -0.25318035E-22       0.33207160E-28
398        0.65681589E-07      -0.95334148E-07      -0.18389518E-24      -0.70129828E-25       0.28588073E-31      -0.14750808E-06      -0.35868463E-10      -0.18165154E-29      -0.46570527E-25       0.28444339E-25      -0.86488096E-28       0.46301087E-23      -0.46300299E-23       0.12190491E-28
399        0.64886502E-07      -0.92584614E-07       0.14572785E-24       0.30209817E-25      -0.17264597E-31      -0.14429390E-06      -0.36137972E-10      -0.66551930E-30       0.32922611E-25      -0.48747435E-25       0.20286793E-27      -0.12657784E-22       0.12657605E-22      -0.13768368E-28
400        0.64104748E-07      -0.89900213E-07       0.45261222E-24       0.28322739E-25       0.13126134E-30      -0.14114958E-06      -0.36401638E-10       0.13695690E-29      -0.12608412E-24       0.11228399E-24      -0.60269508E-27       0.37497034E-22      -0.37496503E-22       0.74501061E-28
401        0.63336071E-07      -0.87279448E-07       0.70157722E-24      -0.19125418E-25      -0.13445605E-31      -0.13807361E-06      -0.36659845E-10      -0.35132013E-29       0.93220354E-25      -0.10527893E-24       0.39660321E-27      -0.24081356E-22       0.24081003E-22      -0.31985133E-28
402        0.62580217E-07      -0.84720859E-07      -0.32542682E-24       0.73266688E-25      -0.97525076E-32      -0.13506450E-06      -0.36912966E-10      -0.19544128E-29      -0.18300631E-25       0.77831420E-26      -0.92515238E-28       0.59569897E-23      -0.59569095E-23       0.40583071E-29
403        0.61836940E-07      -0.82223017E-07       0.50923805E-24      -0.30062968E-25      -0.81574496E-31      -0.13212081E-06      -0.37161357E-10       0.26310816E-29      -0.12628528E-24       0.11711327E-24      -0.49174856E-27       0.29842887E-22      -0.29842453E-22       0.49591381E-28
404        0.61105997E-07      -0.79784528E-07      -0.16860429E-24       0.49773414E-25      -0.14259689E-30      -0.12924111E-06      -0.37405366E-10      -0.24541960E-29       0.27161401E-25      -0.35175973E-25       0.17357925E-27      -0.11055988E-22       0.11055836E-22      -0.19409751E-28
405        0.60387153E-07      -0.77404029E-07      -0.10435399E-24       0.53531746E-27       0.12792643E-30      -0.12642403E-06      -0.37645325E-10      -0.59594311E-30       0.74152298E-26      -0.14408688E-25       0.45856192E-28      -0.27575201E-23       0.27574803E-23       0.33640301E-29
406        0.59680174E-07      -0.75080190E-07      -0.37011209E-24      -0.41018738E-25       0.45945319E-31      -0.12366820E-06      -0.37881558E-10      -0.13396978E-29       0.88902855E-25      -0.95012390E-25       0.48129060E-27      -0.30658436E-22       0.30658014E-22      -0.42421652E-28
407        0.58984834E-07      -0.72811708E-07       0.91426810E-25       0.38592369E-25       0.10028856E-30      -0.12097230E-06      -0.38114375E-10       0.14312440E-29      -0.37893866E-26      -0.15369082E-26       0.23796728E-28      -0.15109042E-23       0.15108859E-23       0.79955307E-30
408        0.58300908E-07      -0.70597314E-07       0.13806442E-24      -0.20202627E-25      -0.89552158E-31      -0.11833503E-06      -0.38344078E-10      -0.17473659E-30       0.20045831E-25      -0.24695517E-25       0.85387474E-28      -0.49918839E-23       0.49918100E-23      -0.10665273E-28
409        0.57628180E-07      -0.68435767E-07       0.32376112E-24       0.19046666E-25      -0.43081086E-31      -0.11575511E-06      -0.38570958E-10      -0.33954683E-29       0.59477062E-25      -0.63537426E-25       0.18974151E-27      -0.11337518E-22       0.11337348E-22      -0.14889366E-28
410        0.56966435E-07      -0.66325852E-07       0.34995698E-24       0.15563862E-25       0.44066474E-31      -0.11323131E-06      -0.38795295E-10       0.35761284E-29       0.28717947E-25      -0.32260699E-25       0.14525693E-27      -0.94336353E-23       0.94335057E-23      -0.15591505E-28
411        0.56315464E-07      -0.64266386E-07      -0.32497057E-24       0.79204966E-26      -0.96194612E-31      -0.11076241E-06      -0.39017361E-10       0.24370107E-29      -0.60433744E-26       0.29535094E-26       0.12190402E-28      -0.11222013E-23       0.11221893E-23      -0.67882868E-29
412        0.55675061E-07      -0.62256211E-07      -0.40341252E-24       0.27052817E-26       0.69105543E-31      -0.10834721E-06      -0.39237420E-10      -0.20749725E-29      -0.28174168E-25       0.25480184E-25      -0.21395531E-27       0.14133630E-22      -0.14133446E-22       0.27232667E-28
413        0.55045026E-07      -0.60294195E-07      -0.37434065E-24      -0.32757076E-25       0.32692220E-31      -0.10598456E-06      -0.39455725E-10      -0.15331273E-29       0.21407449E-26      -0.44941884E-26      -0.22277581E-28       0.15550878E-23      -0.15550709E-23       0.10235216E-28
414        0.54425161E-07      -0.58379233E-07      -0.57685038E-25      -0.33226281E-25       0.70034827E-33      -0.10367330E-06      -0.39672522E-10      -0.26890233E-29       0.17173264E-25      -0.19229081E-25       0.16960740E-27      -0.11476867E-22       0.11476720E-22      -0.16139586E-28
415        0.53815273E-07      -0.56510245E-07       0.38251828E-24      -0.39104108E-25       0.15383895E-30      -0.10141234E-06      -0.39888051E-10       0.22851528E-29      -0.38086088E-25       0.36295809E-25      -0.10426369E-27       0.66680815E-23      -0.66679836E-23       0.82733245E-29
416        0.53215174E-07      -0.54686177E-07       0.44782685E-24      -0.56702527E-25      -0.62238609E-31      -0.99200565E-07      -0.40102540E-10      -0.36526984E-29       0.37158037E-25      -0.38724671E-25       0.14956588E-27      -0.95749229E-23       0.95747901E-23      -0.15962357E-28
417        0.52624677E-07      -0.52905996E-07      -0.60617565E-26      -0.56996787E-25      -0.18984439E-30      -0.97036921E-07      -0.40316215E-10      -0.21397299E-30      -0.77638198E-25       0.76278375E-25      -0.35382023E-27       0.23092883E-22      -0.23092571E-22       0.38426028E-28
418        0.52043602E-07      -0.51168697E-07      -0.79735182E-24       0.12996314E-24      -0.36424752E-31      -0.94920361E-07      -0.40529290E-10      -0.11091294E-29      -0.70430782E-25       0.69243864E-25      -0.24385746E-27       0.15392151E-22      -0.15391934E-22       0.24784691E-28
419        0.51471770E-07      -0.49473293E-07       0.31865840E-24       0.59051563E-25      -0.37667204E-31      -0.92849862E-07      -0.40741976E-10       0.29479809E-29       0.22800913E-26      -0.33205059E-26       0.63239624E-28      -0.46978870E-23       0.46978303E-23      -0.14539045E-28
420        0.50909008E-07      -0.47818825E-07      -0.39887817E-24      -0.53570080E-26      -0.11120858E-30      -0.90824425E-07      -0.40954477E-10       0.97126576E-30      -0.36085625E-25       0.35180976E-25      -0.21715515E-27       0.14668296E-22      -0.14668108E-22       0.32708379E-28
421        0.50355145E-07      -0.46204352E-07       0.78466083E-24      -0.41007593E-25      -0.17764935E-32      -0.88843072E-07      -0.41166990E-10      -0.72623784E-30       0.43021498E-25      -0.43815996E-25       0.19735104E-27      -0.13087023E-22       0.13086851E-22      -0.19031099E-28
422        0.49810012E-07      -0.44628955E-07      -0.71094894E-24      -0.29629398E-25       0.17429318E-30      -0.86904844E-07      -0.41379705E-10      -0.39087537E-29       0.73524046E-25      -0.74220314E-25       0.34453966E-27      -0.22880101E-22       0.22879799E-22      -0.45851646E-28
423        0.49273448E-07      -0.43091738E-07      -0.56621481E-24      -0.58439479E-25       0.10642709E-30      -0.85008806E-07      -0.41592810E-10      -0.10981059E-29       0.13421161E-25      -0.14024807E-25       0.17197052E-29       0.48929337E-24      -0.48929437E-24       0.10655159E-28
424        0.48745290E-07      -0.41591825E-07       0.90633734E-25      -0.80527747E-25      -0.92176849E-31      -0.83154042E-07      -0.41806484E-10       0.30292160E-29       0.80397809E-25      -0.80929291E-25       0.33994978E-27      -0.22663138E-22       0.22662839E-22      -0.35469488E-28
425        0.48225381E-07      -0.40128357E-07       0.27256284E-24      -0.12812832E-24       0.32943719E-31      -0.81339655E-07      -0.42020903E-10      -0.27900104E-29       0.12661741E-25      -0.13121855E-25       0.43863972E-28      -0.24569997E-23       0.24569640E-23      -0.19882320E-29
426        0.47713568E-07      -0.38700498E-07       0.62140761E-24       0.85801836E-25      -0.25419752E-31      -0.79564768E-07      -0.42236237E-10      -0.19312819E-29       0.69990072E-25      -0.70395557E-25       0.31681716E-27      -0.21213897E-22       0.21213622E-22      -0.31120144E-28
427        0.47209699E-07      -0.37307431E-07      -0.21616672E-24      -0.64393504E-26      -0.70785082E-31      -0.77828523E-07      -0.42452653E-10      -0.57702670E-29       0.28369959E-25      -0.28721855E-25       0.15436088E-27      -0.10682332E-22       0.10682197E-22      -0.97348343E-29
428        0.46713626E-07      -0.35948355E-07       0.23156359E-24       0.88643503E-25      -0.27475067E-31      -0.76130081E-07      -0.42670312E-10      -0.13744594E-29      -0.68828610E-26       0.65779415E-26      -0.14424225E-28       0.12083099E-23      -0.12082931E-23       0.13637864E-29
429        0.46225204E-07      -0.34622490E-07      -0.19006858E-24      -0.43427906E-25      -0.11064719E-30      -0.74468620E-07      -0.42889371E-10      -0.50662333E-30       0.26965944E-26      -0.29634328E-26       0.35248645E-28      -0.25494755E-23       0.25494444E-23      -0.12129544E-28
430        0.45744292E-07      -0.33329072E-07       0.29322995E-24       0.11898448E-24      -0.30113088E-31      -0.72843336E-07      -0.43109982E-10       0.45583490E-29      -0.63131551E-25       0.62903236E-25      -0.26908333E-27       0.18559307E-22      -0.18559067E-22       0.34727573E-28
431        0.45270749E-07      -0.32067356E-07       0.10820909E-23      -0.58891057E-26       0.13369905E-30      -0.71253444E-07      -0.43332296E-10       0.88892418E-30       0.71710892E-25      -0.71918372E-25       0.29934598E-27      -0.20354794E-22       0.20354530E-22      -0.29716148E-28
432        0.44804439E-07      -0.30836612E-07      -0.24454115E-25       0.89839059E-25       0.80256659E-31      -0.69698174E-07      -0.43556458E-10      -0.38642843E-29      -0.55626163E-25       0.55453235E-25      -0.29238996E-27       0.20360585E-22      -0.20360329E-22       0.24514212E-28
433        0.44345229E-07      -0.29636129E-07      -0.10267375E-23       0.11037088E-24      -0.24470453E-30      -0.68176773E-07      -0.43782609E-10      -0.17584669E-29       0.21994284E-26      -0.23539693E-26       0.83904095E-29      -0.41123533E-24       0.41123063E-24      -0.10034679E-28
434        0.43892987E-07      -0.28465211E-07      -0.13909529E-23      -0.12686698E-25       0.46519097E-30      -0.66688506E-07      -0.44010888E-10      -0.17169364E-29      -0.23780086E-25       0.23646740E-25      -0.75413281E-28       0.50350559E-23      -0.50349879E-23       0.24348731E-28
435        0.43447585E-07      -0.27323177E-07      -0.51111207E-24       0.72645054E-25       0.14118901E-31      -0.65232653E-07      -0.44241431E-10       0.24695421E-29       0.34328666E-25      -0.34448731E-25       0.16619535E-27      -0.11593630E-22       0.11593484E-22      -0.24526807E-28
436        0.43008897E-07      -0.26209362E-07      -0.60366004E-24       0.72913009E-25       0.21599739E-30      -0.63808507E-07      -0.44474370E-10       0.37329156E-29      -0.53949295E-25       0.53850287E-25      -0.21648339E-27       0.14876149E-22      -0.14875957E-22       0.18424710E-28
437        0.42576800E-07      -0.25123117E-07       0.64341887E-24       0.30767597E-25      -0.23395656E-30      -0.62415381E-07      -0.44709834E-10      -0.33993362E-29       0.30090280E-25      -0.30181354E-25       0.67444935E-28      -0.40795477E-23       0.40794888E-23      -0.40476831E-29
438        0.42151172E-07      -0.24063808E-07      -0.31823140E-24       0.11277152E-26      -0.68289175E-31      -0.61052598E-07      -0.44947951E-10       0.19374190E-29      -0.98460149E-25       0.98387914E-25      -0.36614485E-27       0.25184760E-22      -0.25184436E-22       0.38308320E-28
439        0.41731896E-07      -0.23030814E-07       0.76385046E-24      -0.20331990E-24      -0.42003182E-31      -0.59719501E-07      -0.45188843E-10      -0.34954646E-29       0.95631923E-26      -0.96319121E-26       0.23120264E-28      -0.15120253E-23       0.15120040E-23       0.49529524E-29
440        0.41318856E-07      -0.22023529E-07       0.41739433E-24      -0.14665773E-24      -0.40863828E-30      -0.58415442E-07      -0.45432634E-10       0.33380752E-29      -0.51542069E-25       0.51486052E-25      -0.24482066E-27       0.17612247E-22      -0.17612031E-22       0.31071489E-28
441        0.40911937E-07      -0.21041360E-07      -0.28600948E-24      -0.90940504E-25       0.12728532E-30      -0.57139791E-07      -0.45679441E-10      -0.27135357E-29       0.44072088E-25      -0.44126669E-25       0.17554875E-27      -0.12800009E-22       0.12799851E-22      -0.10898582E-28
442        0.40511027E-07      -0.20083730E-07      -0.87206134E-24       0.12715193E-24       0.28320615E-30      -0.55891929E-07      -0.45929383E-10      -0.18107672E-29      -0.61861122E-25       0.61819515E-25      -0.24219421E-27       0.17188222E-22      -0.17188007E-22       0.25621433E-28
443        0.40116019E-07      -0.19150070E-07       0.42060797E-24      -0.57544706E-25      -0.28309441E-31      -0.54671252E-07      -0.46182574E-10      -0.83269833E-30       0.54742557E-26      -0.55140043E-26       0.83840963E-29      -0.56711869E-24       0.56711213E-24      -0.35546807E-29
444        0.39726804E-07      -0.18239830E-07       0.90177141E-25       0.14869917E-24       0.10097563E-30      -0.53477168E-07      -0.46439127E-10       0.24269903E-29       0.22951342E-25      -0.22987613E-25       0.14502475E-27      -0.10402842E-22       0.10402719E-22      -0.81698909E-29
445        0.39343278E-07      -0.17352469E-07       0.69425051E-25      -0.59585800E-25      -0.59817920E-31      -0.52309098E-07      -0.46699153E-10       0.16522344E-29       0.20192963E-25      -0.20224003E-25       0.23551135E-28      -0.12597434E-23       0.12597204E-23       0.95353389E-29
446        0.38965337E-07      -0.16487458E-07      -0.68270736E-25       0.93952315E-25      -0.89758036E-32      -0.51166478E-07      -0.46962762E-10      -0.57188780E-30       0.74817174E-26      -0.75088014E-26       0.70002087E-28      -0.56651701E-23       0.56651076E-23      -0.26103844E-29
447        0.38592882E-07      -0.15644282E-07       0.12806171E-23      -0.47411624E-26       0.38300899E-31      -0.50048752E-07      -0.47230061E-10      -0.19083138E-29      -0.45616777E-26       0.45389800E-26      -0.39001801E-28       0.27260263E-23      -0.27259957E-23      -0.63659945E-29
448        0.38225812E-07      -0.14822437E-07      -0.10404548E-23      -0.10181107E-24       0.13621258E-30      -0.48955380E-07      -0.47501156E-10      -0.23863796E-29      -0.28555868E-25       0.28537443E-25      -0.10428149E-27       0.80461290E-23      -0.80460314E-23       0.21016436E-28
449        0.37864031E-07      -0.14021428E-07      -0.73052476E-24       0.63459833E-25      -0.16266609E-31      -0.47885830E-07      -0.47776153E-10       0.24444218E-30      -0.12015992E-25       0.11999359E-25      -0.50563141E-28       0.38563670E-23      -0.38563209E-23      -0.15517296E-30
450        0.37507445E-07      -0.13240776E-07      -0.16882474E-23      -0.10268252E-24       0.33666795E-31      -0.46839585E-07      -0.48055154E-10      -0.17181087E-29      -0.54421146E-25       0.54409304E-25      -0.18722920E-27       0.13382415E-22      -0.13382248E-22       0.16050654E-28
451        0.37155960E-07      -0.12480009E-07      -0.31002842E-23      -0.58407726E-25      -0.32835829E-30      -0.45816137E-07      -0.48338262E-10       0.44457809E-29       0.69998338E-25      -0.70015888E-25       0.27886786E-27      -0.20299375E-22       0.20299129E-22      -0.12779390E-28
452        0.36809484E-07      -0.11738667E-07      -0.31086859E-24       0.35730410E-25      -0.10716370E-30      -0.44814990E-07      -0.48625578E-10      -0.53778239E-29      -0.30588371E-25       0.30578409E-25      -0.86633254E-28       0.57346441E-23      -0.57345686E-23       0.36962836E-29
453        0.36467929E-07      -0.11016300E-07      -0.92886251E-25      -0.24398820E-24      -0.19418425E-30      -0.43835658E-07      -0.48917201E-10      -0.30971937E-30       0.22508915E-25      -0.22520737E-25       0.11807496E-27      -0.85801400E-23       0.85800395E-23       0.32686062E-29
454        0.36131206E-07      -0.10312470E-07      -0.82378244E-24       0.10101941E-24      -0.24017802E-30      -0.42877666E-07      -0.49213229E-10      -0.19503653E-29      -0.29349951E-25       0.29343207E-25      -0.13169872E-27       0.10201981E-22      -0.10201861E-22       0.14605366E-28
455        0.35799230E-07      -0.96267461E-08      -0.13375926E-24      -0.77869531E-25      -0.94389838E-31      -0.41940550E-07      -0.49513762E-10      -0.43926557E-30      -0.46215205E-25       0.46210067E-25      -0.14611960E-27       0.10888472E-22      -0.10888338E-22       0.13124628E-28
456        0.35471917E-07      -0.89587097E-08      -0.23837649E-25      -0.11637824E-24      -0.26185581E-30      -0.41023855E-07      -0.49818896E-10       0.37358551E-30      -0.80913990E-26       0.80854631E-26      -0.67877161E-28       0.49969492E-23      -0.49968935E-23      -0.22296721E-29
457        0.35149183E-07      -0.83079503E-08       0.12390050E-23       0.26928722E-24      -0.40166372E-30      -0.40127137E-07      -0.50128726E-10       0.12288472E-29       0.29688728E-25      -0.29696528E-25       0.12214581E-27      -0.95375925E-23       0.95374803E-23      -0.13594947E-28
458        0.34830949E-07      -0.76740672E-08       0.10129581E-23      -0.34576808E-24       0.28274883E-30      -0.39249960E-07      -0.50443350E-10       0.51181358E-29       0.15412659E-25      -0.15418109E-25      -0.38683172E-29       0.12559612E-23      -0.12559565E-23       0.81740900E-29
459        0.34517133E-07      -0.70566685E-08       0.11594161E-23       0.48366053E-26       0.12002566E-30      -0.38391898E-07      -0.50762860E-10       0.18396029E-29      -0.88522694E-26       0.88483303E-26      -0.19471857E-28       0.15657973E-23      -0.15657773E-23       0.68845882E-29
460        0.34207660E-07      -0.64553716E-08      -0.25933901E-24      -0.73402106E-25       0.28349115E-30      -0.37552535E-07      -0.51087353E-10       0.36104979E-29       0.30717504E-25      -0.30723704E-25       0.16225939E-27      -0.12456797E-22       0.12456655E-22      -0.23052201E-28
461        0.33902452E-07      -0.58698023E-08      -0.48773282E-25      -0.39806167E-25      -0.28376732E-30      -0.36731464E-07      -0.51416920E-10       0.80193989E-30       0.37815606E-25      -0.37821203E-25       0.11419862E-27      -0.80526686E-23       0.80525684E-23      -0.18700708E-28
462        0.33601435E-07      -0.52995948E-08      -0.97110286E-24      -0.59368072E-25      -0.51746375E-31      -0.35928287E-07      -0.51751657E-10       0.11257381E-29       0.18653161E-26      -0.18686464E-26       0.32214535E-28      -0.25186501E-23       0.25186240E-23      -0.25265247E-29
463        0.33304535E-07      -0.47443920E-08      -0.16246594E-23      -0.11159141E-25      -0.17709254E-30      -0.35142613E-07      -0.52091654E-10      -0.29566212E-29       0.30747892E-26      -0.30779370E-26       0.87889643E-28      -0.76436984E-23       0.76436207E-23      -0.33455848E-29
464        0.33011680E-07      -0.42038445E-08       0.61778443E-24       0.15893161E-24      -0.27637452E-30      -0.34374061E-07      -0.52437006E-10       0.92918163E-30      -0.84861523E-25       0.84864601E-25      -0.33976944E-27       0.25678250E-22      -0.25677952E-22       0.32670617E-28
465        0.32722800E-07      -0.36776110E-08      -0.14879816E-23      -0.13446204E-24       0.19812316E-30      -0.33622258E-07      -0.52787803E-10       0.15605855E-29       0.41752410E-25      -0.41757558E-25       0.25426081E-27      -0.20097039E-22       0.20096818E-22      -0.35575579E-28
466        0.32437826E-07      -0.31653579E-08       0.76396827E-25       0.18132665E-24      -0.95407828E-31      -0.32886839E-07      -0.53144139E-10       0.19558659E-29      -0.16911107E-25       0.16910235E-25      -0.63013180E-28       0.46505317E-23      -0.46504782E-23       0.66324153E-30
467        0.32156690E-07      -0.26667594E-08       0.23053679E-24      -0.28494149E-25       0.14170753E-31      -0.32167447E-07      -0.53506104E-10       0.50144243E-29      -0.13205571E-25       0.13204731E-25      -0.20512248E-28       0.10696145E-23      -0.10695975E-23      -0.46392069E-30
468        0.31879326E-07      -0.21814966E-08      -0.11949440E-23      -0.11593654E-24      -0.13845197E-30      -0.31463733E-07      -0.53873791E-10      -0.25672066E-30      -0.37479357E-25       0.37480218E-25      -0.12657706E-27       0.93581801E-23      -0.93580686E-23       0.62714585E-29
469        0.31605668E-07      -0.17092584E-08       0.69470457E-24       0.19873298E-24       0.48533022E-30      -0.30775355E-07      -0.54247290E-10      -0.57797614E-29       0.77817789E-25      -0.77824154E-25       0.37494866E-27      -0.29336664E-22       0.29336338E-22      -0.39369417E-28
470        0.31335652E-07      -0.12497403E-08      -0.10748888E-23      -0.99160163E-25       0.27615834E-30      -0.30101978E-07      -0.54626693E-10       0.15190716E-31       0.50767918E-25      -0.50771914E-25       0.17818121E-27      -0.13685153E-22       0.13684995E-22      -0.16320417E-28
471        0.31069217E-07      -0.80264499E-09       0.13021765E-23      -0.33377225E-24       0.36805293E-30      -0.29443275E-07      -0.55012092E-10       0.19174085E-29       0.40694577E-25      -0.40697880E-25       0.15366392E-27      -0.11574810E-22       0.11574677E-22      -0.17744807E-28
472        0.30806300E-07      -0.36768178E-09      -0.22021668E-26       0.21208988E-24       0.10146617E-30      -0.28798927E-07      -0.55403578E-10       0.32856728E-29       0.49203992E-28      -0.49822015E-28      -0.82671468E-29       0.57985043E-24      -0.57984543E-24       0.13967277E-29
473        0.30546841E-07       0.55433380E-10       0.46912810E-24       0.32323710E-24       0.34696255E-30      -0.28168621E-07      -0.55801241E-10      -0.61008814E-30      -0.11102608E-24       0.11103239E-24      -0.46336499E-27       0.36227491E-22      -0.36227085E-22       0.47788376E-28
474        0.30290781E-07       0.46697811E-09      -0.19412349E-24      -0.21804686E-25       0.22874025E-30      -0.27552051E-07      -0.56205174E-10      -0.71891193E-30      -0.25239908E-25       0.25240776E-25      -0.66935829E-28       0.49918396E-23      -0.49917791E-23       0.12421677E-28
475        0.30038063E-07       0.86722371E-09      -0.39561894E-24       0.16085421E-24      -0.20618124E-30      -0.26948916E-07      -0.56615469E-10       0.22285521E-29       0.96330975E-26      -0.96339669E-26      -0.83451965E-29       0.14483513E-23      -0.14483427E-23       0.69702609E-29
476        0.29788629E-07       0.12564354E-08       0.13375293E-23      -0.19846740E-26      -0.52102143E-31      -0.26358924E-07      -0.57032215E-10       0.11741135E-29       0.37903876E-25      -0.37906755E-25       0.15995883E-27      -0.13233602E-22       0.13233456E-22      -0.15737674E-28
477        0.29542424E-07       0.16348722E-08      -0.17914202E-24      -0.20479965E-24      -0.60528681E-31      -0.25781789E-07      -0.57455507E-10      -0.71128608E-29       0.77959197E-26      -0.77972046E-26       0.72080147E-28      -0.55557904E-23       0.55557328E-23      -0.60767563E-29
478        0.29299393E-07       0.20027874E-08       0.64614500E-24       0.16697492E-24      -0.78647845E-31      -0.25217229E-07      -0.57885435E-10       0.53798750E-30      -0.19778036E-25       0.19778752E-25      -0.58809530E-28       0.46887636E-23      -0.46887104E-23      -0.59575958E-29
479        0.29059482E-07       0.23604286E-08       0.10298763E-23      -0.15924257E-24      -0.12363405E-30      -0.24664971E-07      -0.58322092E-10       0.27398340E-29       0.72584021E-25      -0.72588499E-25       0.25200743E-27      -0.20203534E-22       0.20203307E-22      -0.27327270E-28
480        0.28822640E-07       0.27080376E-08       0.10157420E-23      -0.28295766E-24       0.64375522E-32      -0.24124746E-07      -0.58765569E-10      -0.33956208E-29      -0.74569648E-25       0.74573957E-25      -0.32278330E-27       0.26549656E-22      -0.26549370E-22       0.37595323E-28
481        0.28588814E-07       0.30458509E-08       0.16802517E-23      -0.42319704E-27      -0.44150813E-31      -0.23596292E-07      -0.59215961E-10       0.70811686E-29      -0.32836955E-25       0.32838359E-25      -0.87349611E-28       0.65105835E-23      -0.65105061E-23       0.12911420E-28
482        0.28357954E-07       0.33740993E-08      -0.81576953E-24      -0.62096683E-25       0.73704188E-31      -0.23079352E-07      -0.59673359E-10       0.11691485E-29      -0.25451858E-25       0.25453429E-25      -0.15498534E-27       0.12932419E-22      -0.12932285E-22       0.18463879E-28
483        0.28130010E-07       0.36930088E-08       0.16858974E-23      -0.88235849E-26      -0.29291265E-31      -0.22573675E-07      -0.60137856E-10      -0.31673632E-29      -0.60789910E-25       0.60793400E-25      -0.23836333E-27       0.19264574E-22      -0.19264366E-22       0.24673747E-28
484        0.27904934E-07       0.40028000E-08      -0.20223291E-23      -0.22549866E-24       0.38785444E-30      -0.22079015E-07      -0.60609547E-10       0.49337779E-29      -0.65256766E-26       0.65257589E-26      -0.20775221E-28       0.11437828E-23      -0.11437685E-23       0.15424471E-28
485        0.27682677E-07       0.43036885E-08       0.56130922E-24      -0.10177372E-24      -0.24752857E-30      -0.21595131E-07      -0.61088524E-10      -0.28991996E-29       0.36485005E-25      -0.36487141E-25       0.11274729E-27      -0.83531717E-23       0.83530765E-23      -0.30793490E-29
486        0.27463194E-07       0.45958851E-08      -0.19582110E-24       0.28018113E-24      -0.86627782E-31      -0.21121789E-07      -0.61574882E-10      -0.40230249E-30      -0.20852307E-25       0.20853442E-25      -0.84981094E-28       0.67875495E-23      -0.67874771E-23       0.25484367E-29
487        0.27246438E-07       0.48795957E-08      -0.11311496E-23       0.21460266E-24       0.25124525E-30      -0.20658758E-07      -0.62068714E-10       0.14988349E-29      -0.13336855E-25       0.13337901E-25      -0.97801326E-28       0.79599497E-23      -0.79598687E-23       0.75810564E-29
488        0.27032365E-07       0.51550216E-08       0.28328771E-24       0.30541860E-26      -0.54421159E-30      -0.20205813E-07      -0.62570115E-10      -0.11246983E-29       0.16218027E-25      -0.16219117E-25       0.71310364E-28      -0.55373326E-23       0.55372738E-23       0.51080975E-30
489        0.26820929E-07       0.54223594E-08       0.10427651E-23      -0.55121525E-24       0.78325931E-30      -0.19762735E-07      -0.63079181E-10      -0.27430243E-29       0.38490059E-25      -0.38492390E-25       0.17130686E-27      -0.13925291E-22       0.13925145E-22      -0.16346575E-28
490        0.26612089E-07       0.56818015E-08       0.84873998E-24      -0.22188832E-25       0.33981511E-30      -0.19329307E-07      -0.63596004E-10       0.22377326E-29       0.18462369E-25      -0.18463652E-25       0.68390671E-28      -0.59769428E-23       0.59768791E-23      -0.89124648E-29
491        0.26405800E-07       0.59335357E-08       0.64528741E-25      -0.16849128E-24       0.19756378E-30      -0.18905319E-07      -0.64120682E-10       0.44256419E-29       0.61351862E-26      -0.61354780E-26       0.26149393E-28      -0.23616008E-23       0.23615770E-23      -0.10385804E-28
492        0.26202022E-07       0.61777454E-08       0.67186537E-24       0.11305206E-24      -0.25009124E-31      -0.18490565E-07      -0.64653309E-10      -0.25890410E-30      -0.53249564E-26       0.53253250E-26      -0.37154989E-28       0.33426111E-23      -0.33425776E-23       0.12917145E-28
493        0.26000714E-07       0.64146103E-08      -0.13377497E-23      -0.13213555E-24      -0.20533377E-30      -0.18084844E-07      -0.65193980E-10      -0.28548550E-30      -0.22490154E-25       0.22491329E-25      -0.73362322E-28       0.59891782E-23      -0.59891135E-23       0.63817001E-29
494        0.25801835E-07       0.66443055E-08       0.20707404E-23      -0.11013764E-24       0.19393297E-30      -0.17687958E-07      -0.65742793E-10       0.54430366E-29      -0.56726754E-25       0.56730102E-25      -0.22083196E-27       0.18197725E-22      -0.18197532E-22       0.13120393E-28
495        0.25605346E-07       0.68670025E-08      -0.88821332E-24      -0.31809396E-25       0.13196097E-30      -0.17299714E-07      -0.66299842E-10      -0.13568934E-29       0.99565441E-26      -0.99573447E-26       0.68316694E-28      -0.61089779E-23       0.61089185E-23       0.19042350E-29
496        0.25411209E-07       0.70828686E-08      -0.32975247E-24      -0.37170195E-24       0.52348856E-30      -0.16919923E-07      -0.66865223E-10      -0.46598746E-29       0.46527740E-25      -0.46530690E-25       0.21054784E-27      -0.17773627E-22       0.17773444E-22      -0.30683959E-28
497        0.25219385E-07       0.72920675E-08      -0.71856945E-24      -0.39563682E-24       0.32550514E-30      -0.16548401E-07      -0.67439033E-10      -0.56705254E-29      -0.24513079E-25       0.24514147E-25      -0.59464196E-28       0.44646397E-23      -0.44645887E-23       0.18040637E-28
498        0.25029838E-07       0.74947591E-08       0.11361764E-24       0.28007811E-24       0.15016623E-30      -0.16184967E-07      -0.68021368E-10       0.27553039E-29       0.10105868E-25      -0.10106464E-25       0.60493423E-28      -0.51743582E-23       0.51743065E-23      -0.56312520E-29
499        0.24842530E-07       0.76910996E-08       0.31003252E-23      -0.19719290E-24       0.14358803E-30      -0.15829445E-07      -0.68612325E-10      -0.90088017E-30       0.93496695E-26      -0.93504578E-26       0.63115050E-28      -0.58633388E-23       0.58632826E-23      -0.37517633E-29
500        0.24657427E-07       0.78812418E-08      -0.62964255E-24       0.23985845E-24      -0.25395673E-30      -0.15481662E-07      -0.69211998E-10       0.34501183E-30       0.19087780E-25      -0.19088798E-25       0.60136723E-28      -0.57493714E-23       0.57493119E-23       0.11239001E-28
501        0.24474493E-07       0.80653348E-08      -0.12548611E-23      -0.46491515E-24      -0.15869099E-30      -0.15141448E-07      -0.69820485E-10       0.83949277E-30       0.88867508E-26      -0.88872462E-26       0.13665763E-28      -0.93015432E-24       0.93014075E-24       0.15473100E-28
502        0.24293693E-07       0.82435245E-08       0.30393245E-24       0.40286009E-24      -0.21426999E-30      -0.14808638E-07      -0.70437882E-10      -0.49143619E-30       0.10195082E-25      -0.10195731E-25       0.21746927E-28      -0.17789723E-23       0.17789509E-23      -0.38347453E-30
503        0.24114993E-07       0.84159534E-08       0.11294451E-23       0.29107977E-25      -0.23138277E-30      -0.14483071E-07      -0.71064283E-10       0.17173541E-30      -0.27714741E-25       0.27716524E-25      -0.12613294E-27       0.11004751E-22      -0.11004641E-22       0.11536885E-28
504        0.23938361E-07       0.85827606E-08       0.22441808E-23      -0.64044526E-24      -0.16590206E-30      -0.14164588E-07      -0.71699786E-10       0.30583076E-30       0.36984257E-25      -0.36986587E-25       0.16937831E-27      -0.15107788E-22       0.15107637E-22      -0.13997314E-28
505        0.23763764E-07       0.87440824E-08       0.99196053E-24      -0.13199027E-24      -0.13668787E-30      -0.13853035E-07      -0.72344484E-10      -0.51891928E-29      -0.50381638E-26       0.50385760E-26      -0.53633170E-28       0.51779776E-23      -0.51779308E-23       0.68204703E-29
506        0.23591169E-07       0.89000516E-08      -0.65138461E-24       0.15624620E-24      -0.10358435E-31      -0.13548259E-07      -0.72998472E-10       0.16669571E-29       0.24911963E-25      -0.24913126E-25       0.69461601E-28      -0.55403094E-23       0.55402497E-23       0.10482685E-29
507        0.23420546E-07       0.90507981E-08      -0.37426095E-24       0.23527879E-24       0.22868599E-31      -0.13250113E-07      -0.73661845E-10       0.11773465E-29      -0.43415840E-26       0.43415124E-26       0.29254046E-28      -0.32475224E-23       0.32474962E-23      -0.30303975E-29
508        0.23251864E-07       0.91964490E-08      -0.22980559E-23       0.27179930E-24      -0.35493471E-30      -0.12958452E-07      -0.74334697E-10       0.14275968E-29       0.47559730E-25      -0.47562496E-25       0.19776249E-27      -0.17633988E-22       0.17633812E-22      -0.95769843E-29
509        0.23085091E-07       0.93371283E-08       0.25927456E-23       0.28327823E-24       0.98511597E-31      -0.12673133E-07      -0.75017119E-10      -0.84641068E-30      -0.23909288E-25       0.23910716E-25      -0.77957707E-28       0.74515441E-23      -0.74514678E-23      -0.18993062E-29
510        0.22920200E-07       0.94729572E-08      -0.78775492E-24      -0.11132443E-24       0.66951964E-31      -0.12394019E-07      -0.75709205E-10      -0.33002303E-29      -0.25968909E-25       0.25970720E-25      -0.12658692E-27       0.11686066E-22      -0.11685952E-22       0.68306840E-30
511        0.22757160E-07       0.96040541E-08       0.90971809E-24       0.31661462E-25      -0.89742495E-30      -0.12120974E-07      -0.76411045E-10      -0.59398350E-29       0.44249348E-25      -0.44252017E-25       0.16744552E-27      -0.14711693E-22       0.14711544E-22      -0.77606990E-29
512        0.22595943E-07       0.97305349E-08       0.11722695E-23      -0.24665971E-24      -0.11818395E-30      -0.11853865E-07      -0.77122730E-10       0.68121181E-29      -0.10003797E-25       0.10004739E-25      -0.85295290E-28       0.75751380E-23      -0.75750680E-23       0.12513409E-28
