------------------------------------------------------ 
:: Potential Love Numbers 
:: Computed at 03:26PM on March 06, 2024
------------------------------------------------------ 
:: Material Parameters 
Planet-Radius (m) | Planet-Mass (kg) | Lambda-Surface (Pa) | Mu-Surface (Pa) | Gravity-Surface (m/s^2) 
6371000.0 5.973244410589292e+24 34216026218.044174 26623910437.00864 9.818634933837371
------------------------------------------------------ 
******************   Love Numbers   ****************** 
n   |   h   |   nl   |   nk 
      0    0.0000000000    0.0000000000    0.0000000000
      1             nan             nan             nan
      2    0.6061537477    0.1679765144    0.5987387659
      3    0.2884303490    0.0440202030    0.2764662388
      4    0.1750943295    0.0405834219    0.1657446459
      5    0.1289520085    0.0420200089    0.1216241585
      6    0.1069970405    0.0404103805    0.1006358951
      7    0.0945986682    0.0374098700    0.0886187314
      8    0.0864866638    0.0341653914    0.0806218008
      9    0.0805825399    0.0311005786    0.0747238082
     10    0.0759729706    0.0283175203    0.0700817262
     11    0.0722048770    0.0258103573    0.0662726207
     12    0.0690246677    0.0235475329    0.0630554920
     13    0.0662752263    0.0214975612    0.0602782697
     14    0.0638517778    0.0196346531    0.0578379473
     15    0.0616809858    0.0179384040    0.0556614855
     16    0.0597099047    0.0163923404    0.0536955458
     17    0.0578995235    0.0149826564    0.0519003901
     18    0.0562206810    0.0136973561    0.0502459697
     19    0.0546513337    0.0125257264    0.0487092876
     20    0.0531746567    0.0114580307    0.0472725536
     21    0.0517776955    0.0104853267    0.0459218693
     22    0.0504503787    0.0095993722    0.0446462633
     23    0.0491848039    0.0087925553    0.0434369891
     24    0.0479747027    0.0080578548    0.0422869983
     25    0.0468150428    0.0073888059    0.0411905462
     26    0.0457017303    0.0067794708    0.0401428949
     27    0.0446313854    0.0062244095    0.0391400883
     28    0.0436011743    0.0057186502    0.0381787806
     29    0.0426086815    0.0052576594    0.0372561054
     30    0.0416518140    0.0048373120    0.0363695762
     31    0.0407287294    0.0044538609    0.0355170087
     32    0.0398377809    0.0041039078    0.0346964626
     33    0.0389774771    0.0037843745    0.0339061957
     34    0.0381464508    0.0034924752    0.0331446285
     35    0.0373434360    0.0032256912    0.0324103175
     36    0.0365672505    0.0029817457    0.0317019334
     37    0.0358167834    0.0027585819    0.0310182444
     38    0.0350909846    0.0025543415    0.0303581037
     39    0.0343888580    0.0023673456    0.0297204384
     40    0.0337094555    0.0021960771    0.0291042415
     41    0.0330518730    0.0020391646    0.0285085650
     42    0.0324152464    0.0018953676    0.0279325145
     43    0.0317987499    0.0017635639    0.0273752444
     44    0.0312015927    0.0016427369    0.0268359542
     45    0.0306230179    0.0015319657    0.0263138849
     46    0.0300623008    0.0014304149    0.0258083165
     47    0.0295187472    0.0013373262    0.0253185653
     48    0.0289916922    0.0012520106    0.0248439813
     49    0.0284804994    0.0011738415    0.0243839468
     50    0.0279845591    0.0011022485    0.0239378740
     51    0.0275032878    0.0010367117    0.0235052038
     52    0.0270361270    0.0009767567    0.0230854037
     53    0.0265825422    0.0009219506    0.0226779667
     54    0.0261420215    0.0008718973    0.0222824099
     55    0.0257140756    0.0008262345    0.0218982730
     56    0.0252982359    0.0007846303    0.0215251176
     57    0.0248940542    0.0007467801    0.0211625253
     58    0.0245011015    0.0007124045    0.0208100974
     59    0.0241189677    0.0006812465    0.0204674535
     60    0.0237472598    0.0006530699    0.0201342306
     61    0.0233856022    0.0006276570    0.0198100821
     62    0.0230336353    0.0006048073    0.0194946772
     63    0.0226910148    0.0005843355    0.0191877000
     64    0.0223574112    0.0005660709    0.0188888486
     65    0.0220325089    0.0005498552    0.0185978345
     66    0.0217160060    0.0005355425    0.0183143820
     67    0.0214076129    0.0005229971    0.0180382273
     68    0.0211070525    0.0005120938    0.0177691181
     69    0.0208140593    0.0005027160    0.0175068131
     70    0.0205283785    0.0004947557    0.0172510811
     71    0.0202497662    0.0004881125    0.0170017009
     72    0.0199779884    0.0004826932    0.0167584605
     73    0.0197128206    0.0004784109    0.0165211568
     74    0.0194540476    0.0004751849    0.0162895952
     75    0.0192014625    0.0004729398    0.0160635889
     76    0.0189548672    0.0004716054    0.0158429589
     77    0.0187140711    0.0004711164    0.0156275335
     78    0.0184788913    0.0004714117    0.0154171476
     79    0.0182491521    0.0004724343    0.0152116429
     80    0.0180246846    0.0004741310    0.0150108674
     81    0.0178053263    0.0004764521    0.0148146749
     82    0.0175909213    0.0004793509    0.0146229249
     83    0.0173813193    0.0004827842    0.0144354825
     84    0.0171763758    0.0004867112    0.0142522176
     85    0.0169759517    0.0004910938    0.0140730054
     86    0.0167799133    0.0004958964    0.0138977256
     87    0.0165881316    0.0005010857    0.0137262624
     88    0.0164004824    0.0005066304    0.0135585043
     89    0.0162168461    0.0005125013    0.0133943439
     90    0.0160371074    0.0005186709    0.0132336777
     91    0.0158611549    0.0005251135    0.0130764060
     92    0.0156888817    0.0005318052    0.0129224325
     93    0.0155201842    0.0005387233    0.0127716645
     94    0.0153549627    0.0005458466    0.0126240125
     95    0.0151931208    0.0005531554    0.0124793902
     96    0.0150345656    0.0005606311    0.0123377141
     97    0.0148792072    0.0005682562    0.0121989038
     98    0.0147269591    0.0005760144    0.0120628816
     99    0.0145777374    0.0005838905    0.0119295723
    100    0.0144314611    0.0005918701    0.0117989034
    101    0.0142880520    0.0005999396    0.0116708048
    102    0.0141474345    0.0006080867    0.0115452086
    103    0.0140095354    0.0006162993    0.0114220493
    104    0.0138742839    0.0006245665    0.0113012635
    105    0.0137416114    0.0006328780    0.0111827898
    106    0.0136114518    0.0006412241    0.0110665688
    107    0.0134837410    0.0006495956    0.0109525430
    108    0.0133584167    0.0006579841    0.0108406569
    109    0.0132354190    0.0006663817    0.0107308565
    110    0.0131146895    0.0006747809    0.0106230897
    111    0.0129961718    0.0006831749    0.0105173059
    112    0.0128798112    0.0006915570    0.0104134561
    113    0.0127655549    0.0006999214    0.0103114928
    114    0.0126533513    0.0007082623    0.0102113700
    115    0.0125431507    0.0007165744    0.0101130432
    116    0.0124349048    0.0007248529    0.0100164690
    117    0.0123285668    0.0007330932    0.0099216054
    118    0.0122240912    0.0007412911    0.0098284118
    119    0.0121214340    0.0007494425    0.0097368487
    120    0.0120205523    0.0007575439    0.0096468776
    121    0.0119214046    0.0007655917    0.0095584615
    122    0.0118239506    0.0007735830    0.0094715641
    123    0.0117281512    0.0007815146    0.0093861504
    124    0.0116339684    0.0007893840    0.0093021864
    125    0.0115413652    0.0007971887    0.0092196389
    126    0.0114503057    0.0008049262    0.0091384758
    127    0.0113607551    0.0008125946    0.0090586659
    128    0.0112726796    0.0008201918    0.0089801787
    129    0.0111860461    0.0008277162    0.0089029849
    130    0.0111008228    0.0008351660    0.0088270557
    131    0.0110169785    0.0008425398    0.0087523633
    132    0.0109344829    0.0008498362    0.0086788805
    133    0.0108533067    0.0008570541    0.0086065809
    134    0.0107734211    0.0008641923    0.0085354390
    135    0.0106947985    0.0008712498    0.0084654296
    136    0.0106174116    0.0008782257    0.0083965287
    137    0.0105412341    0.0008851193    0.0083287125
    138    0.0104662404    0.0008919299    0.0082619580
    139    0.0103924055    0.0008986568    0.0081962429
    140    0.0103197051    0.0009052997    0.0081315453
    141    0.0102481155    0.0009118579    0.0080678440
    142    0.0101776136    0.0009183312    0.0080051184
    143    0.0101081771    0.0009247192    0.0079433482
    144    0.0100397839    0.0009310218    0.0078825140
    145    0.0099724129    0.0009372387    0.0078225966
    146    0.0099060433    0.0009433699    0.0077635773
    147    0.0098406547    0.0009494152    0.0077054381
    148    0.0097762276    0.0009553746    0.0076481612
    149    0.0097127427    0.0009612483    0.0075917294
    150    0.0096501812    0.0009670362    0.0075361259
    151    0.0095885249    0.0009727385    0.0074813344
    152    0.0095277559    0.0009783553    0.0074273387
    153    0.0094678570    0.0009838869    0.0073741234
    154    0.0094088111    0.0009893334    0.0073216733
    155    0.0093506017    0.0009946951    0.0072699734
    156    0.0092932128    0.0009999723    0.0072190094
    157    0.0092366284    0.0010051653    0.0071687671
    158    0.0091808334    0.0010102745    0.0071192328
    159    0.0091258127    0.0010153001    0.0070703929
    160    0.0090715516    0.0010202427    0.0070222345
    161    0.0090180360    0.0010251025    0.0069747445
    162    0.0089652518    0.0010298801    0.0069279106
    163    0.0089131854    0.0010345758    0.0068817206
    164    0.0088618236    0.0010391902    0.0068361624
    165    0.0088111533    0.0010437236    0.0067912244
    166    0.0087611619    0.0010481766    0.0067468953
    167    0.0087118370    0.0010525497    0.0067031640
    168    0.0086631664    0.0010568434    0.0066600194
    169    0.0086151384    0.0010610582    0.0066174512
    170    0.0085677414    0.0010651947    0.0065754487
    171    0.0085209640    0.0010692533    0.0065340020
    172    0.0084747953    0.0010732347    0.0064931011
    173    0.0084292244    0.0010771394    0.0064527363
    174    0.0083842408    0.0010809679    0.0064128981
    175    0.0083398341    0.0010847210    0.0063735773
    176    0.0082959944    0.0010883990    0.0063347648
    177    0.0082527116    0.0010920026    0.0062964518
    178    0.0082099761    0.0010955324    0.0062586295
    179    0.0081677786    0.0010989890    0.0062212895
    180    0.0081261097    0.0011023730    0.0061844235
    181    0.0080849604    0.0011056850    0.0061480234
    182    0.0080443218    0.0011089256    0.0061120812
    183    0.0080041854    0.0011120953    0.0060765892
    184    0.0079645427    0.0011151948    0.0060415398
    185    0.0079253852    0.0011182248    0.0060069254
    186    0.0078867051    0.0011211857    0.0059727389
    187    0.0078484942    0.0011240783    0.0059389731
    188    0.0078107448    0.0011269030    0.0059056210
    189    0.0077734493    0.0011296606    0.0058726757
    190    0.0077366002    0.0011323517    0.0058401306
    191    0.0077001902    0.0011349768    0.0058079791
    192    0.0076642122    0.0011375366    0.0057762148
    193    0.0076286592    0.0011400316    0.0057448314
    194    0.0075935242    0.0011424625    0.0057138226
    195    0.0075588006    0.0011448300    0.0056831825
    196    0.0075244817    0.0011471345    0.0056529052
    197    0.0074905612    0.0011493766    0.0056229848
    198    0.0074570326    0.0011515571    0.0055934157
    199    0.0074238897    0.0011536765    0.0055641923
    200    0.0073911266    0.0011557354    0.0055353091
    201    0.0073587372    0.0011577343    0.0055067607
    202    0.0073267156    0.0011596739    0.0054785420
    203    0.0072950562    0.0011615548    0.0054506478
    204    0.0072637533    0.0011633776    0.0054230730
    205    0.0072328014    0.0011651428    0.0053958126
    206    0.0072021951    0.0011668510    0.0053688619
    207    0.0071719291    0.0011685028    0.0053422161
    208    0.0071419982    0.0011700988    0.0053158705
    209    0.0071123973    0.0011716396    0.0052898205
    210    0.0070831214    0.0011731257    0.0052640616
    211    0.0070541656    0.0011745577    0.0052385894
    212    0.0070255251    0.0011759361    0.0052133997
    213    0.0069971951    0.0011772616    0.0051884881
    214    0.0069691711    0.0011785346    0.0051638505
    215    0.0069414484    0.0011797558    0.0051394828
    216    0.0069140226    0.0011809257    0.0051153810
    217    0.0068868892    0.0011820448    0.0050915412
    218    0.0068600441    0.0011831137    0.0050679595
    219    0.0068334830    0.0011841329    0.0050446320
    220    0.0068072017    0.0011851030    0.0050215552
    221    0.0067811961    0.0011860244    0.0049987253
    222    0.0067554623    0.0011868978    0.0049761387
    223    0.0067299964    0.0011877236    0.0049537919
    224    0.0067047943    0.0011885024    0.0049316815
    225    0.0066798525    0.0011892347    0.0049098040
    226    0.0066551671    0.0011899210    0.0048881562
    227    0.0066307345    0.0011905618    0.0048667346
    228    0.0066065512    0.0011911577    0.0048455362
    229    0.0065826135    0.0011917090    0.0048245577
    230    0.0065589180    0.0011922165    0.0048037961
    231    0.0065354613    0.0011926804    0.0047832482
    232    0.0065122401    0.0011931014    0.0047629111
    233    0.0064892510    0.0011934799    0.0047427819
    234    0.0064664909    0.0011938164    0.0047228576
    235    0.0064439565    0.0011941113    0.0047031353
    236    0.0064216448    0.0011943653    0.0046836124
    237    0.0063995527    0.0011945787    0.0046642859
    238    0.0063776771    0.0011947519    0.0046451533
    239    0.0063560151    0.0011948856    0.0046262119
    240    0.0063345638    0.0011949801    0.0046074590
    241    0.0063133203    0.0011950359    0.0045888921
    242    0.0062922817    0.0011950534    0.0045705086
    243    0.0062714454    0.0011950332    0.0045523061
    244    0.0062508085    0.0011949756    0.0045342822
    245    0.0062303685    0.0011948811    0.0045164344
    246    0.0062101227    0.0011947502    0.0044987603
    247    0.0061900684    0.0011945832    0.0044812577
    248    0.0061702031    0.0011943807    0.0044639242
    249    0.0061505244    0.0011941430    0.0044467576
    250    0.0061310297    0.0011938706    0.0044297557
    251    0.0061117166    0.0011935639    0.0044129164
    252    0.0060925828    0.0011932232    0.0043962374
    253    0.0060736258    0.0011928492    0.0043797167
    254    0.0060548434    0.0011924420    0.0043633522
    255    0.0060362333    0.0011920022    0.0043471419
    256    0.0060177933    0.0011915302    0.0043310838
    257    0.0059995211    0.0011910263    0.0043151758
    258    0.0059814146    0.0011904910    0.0042994161
    259    0.0059634716    0.0011899247    0.0042838027
    260    0.0059456900    0.0011893276    0.0042683337
    261    0.0059280679    0.0011887004    0.0042530074
    262    0.0059106031    0.0011880432    0.0042378218
    263    0.0058932936    0.0011873565    0.0042227753
    264    0.0058761375    0.0011866407    0.0042078659
    265    0.0058591328    0.0011858961    0.0041930921
    266    0.0058422776    0.0011851232    0.0041784520
    267    0.0058255700    0.0011843222    0.0041639440
    268    0.0058090082    0.0011834936    0.0041495664
    269    0.0057925903    0.0011826377    0.0041353177
    270    0.0057763146    0.0011817549    0.0041211961
    271    0.0057601793    0.0011808454    0.0041072001
    272    0.0057441825    0.0011799098    0.0040933282
    273    0.0057283227    0.0011789483    0.0040795788
    274    0.0057125981    0.0011779612    0.0040659503
    275    0.0056970071    0.0011769489    0.0040524414
    276    0.0056815480    0.0011759118    0.0040390505
    277    0.0056662191    0.0011748502    0.0040257763
    278    0.0056510190    0.0011737643    0.0040126172
    279    0.0056359460    0.0011726546    0.0039995718
    280    0.0056209985    0.0011715214    0.0039866388
    281    0.0056061752    0.0011703649    0.0039738169
    282    0.0055914743    0.0011691855    0.0039611047
    283    0.0055768946    0.0011679836    0.0039485008
    284    0.0055624345    0.0011667594    0.0039360039
    285    0.0055480926    0.0011655132    0.0039236129
    286    0.0055338674    0.0011642454    0.0039113263
    287    0.0055197576    0.0011629562    0.0038991431
    288    0.0055057618    0.0011616460    0.0038870618
    289    0.0054918786    0.0011603151    0.0038750814
    290    0.0054781068    0.0011589637    0.0038632006
    291    0.0054644449    0.0011575921    0.0038514183
    292    0.0054508918    0.0011562006    0.0038397333
    293    0.0054374460    0.0011547896    0.0038281445
    294    0.0054241064    0.0011533593    0.0038166507
    295    0.0054108717    0.0011519100    0.0038052508
    296    0.0053977407    0.0011504419    0.0037939437
    297    0.0053847121    0.0011489553    0.0037827284
    298    0.0053717849    0.0011474506    0.0037716038
    299    0.0053589577    0.0011459280    0.0037605689
    300    0.0053462295    0.0011443876    0.0037496225
    301    0.0053335991    0.0011428300    0.0037387637
    302    0.0053210654    0.0011412551    0.0037279916
    303    0.0053086272    0.0011396635    0.0037173050
    304    0.0052962835    0.0011380552    0.0037067030
    305    0.0052840332    0.0011364305    0.0036961847
    306    0.0052718752    0.0011347898    0.0036857491
    307    0.0052598085    0.0011331332    0.0036753952
    308    0.0052478320    0.0011314610    0.0036651222
    309    0.0052359448    0.0011297735    0.0036549292
    310    0.0052241457    0.0011280708    0.0036448152
    311    0.0052124339    0.0011263533    0.0036347793
    312    0.0052008083    0.0011246211    0.0036248207
    313    0.0051892679    0.0011228745    0.0036149384
    314    0.0051778119    0.0011211137    0.0036051318
    315    0.0051664392    0.0011193390    0.0035953999
    316    0.0051551489    0.0011175505    0.0035857418
    317    0.0051439402    0.0011157486    0.0035761569
    318    0.0051328121    0.0011139334    0.0035666442
    319    0.0051217636    0.0011121052    0.0035572030
    320    0.0051107940    0.0011102642    0.0035478324
    321    0.0050999024    0.0011084105    0.0035385318
    322    0.0050890879    0.0011065444    0.0035293003
    323    0.0050783497    0.0011046662    0.0035201372
    324    0.0050676868    0.0011027759    0.0035110418
    325    0.0050570986    0.0011008739    0.0035020133
    326    0.0050465842    0.0010989604    0.0034930509
    327    0.0050361427    0.0010970354    0.0034841541
    328    0.0050257734    0.0010950993    0.0034753220
    329    0.0050154756    0.0010931523    0.0034665540
    330    0.0050052483    0.0010911945    0.0034578494
    331    0.0049950910    0.0010892261    0.0034492075
    332    0.0049850027    0.0010872473    0.0034406276
    333    0.0049749829    0.0010852583    0.0034321091
    334    0.0049650306    0.0010832594    0.0034236513
    335    0.0049551453    0.0010812506    0.0034152536
    336    0.0049453262    0.0010792322    0.0034069154
    337    0.0049355726    0.0010772044    0.0033986359
    338    0.0049258838    0.0010751673    0.0033904147
    339    0.0049162591    0.0010731211    0.0033822511
    340    0.0049066979    0.0010710660    0.0033741444
    341    0.0048971994    0.0010690021    0.0033660941
    342    0.0048877630    0.0010669297    0.0033580996
    343    0.0048783880    0.0010648489    0.0033501603
    344    0.0048690739    0.0010627599    0.0033422757
    345    0.0048598199    0.0010606629    0.0033344452
    346    0.0048506254    0.0010585579    0.0033266681
    347    0.0048414899    0.0010564452    0.0033189440
    348    0.0048324127    0.0010543250    0.0033112724
    349    0.0048233931    0.0010521973    0.0033036526
    350    0.0048144307    0.0010500625    0.0032960841
    351    0.0048055247    0.0010479205    0.0032885665
    352    0.0047966747    0.0010457716    0.0032810992
    353    0.0047878800    0.0010436159    0.0032736816
    354    0.0047791401    0.0010414536    0.0032663134
    355    0.0047704544    0.0010392848    0.0032589939
    356    0.0047618224    0.0010371097    0.0032517227
    357    0.0047532434    0.0010349284    0.0032444993
    358    0.0047447170    0.0010327411    0.0032373232
    359    0.0047362427    0.0010305479    0.0032301940
    360    0.0047278198    0.0010283489    0.0032231111
    361    0.0047194479    0.0010261443    0.0032160741
    362    0.0047111265    0.0010239343    0.0032090826
    363    0.0047028550    0.0010217189    0.0032021361
    364    0.0046946330    0.0010194983    0.0031952341
    365    0.0046864599    0.0010172726    0.0031883762
    366    0.0046783352    0.0010150421    0.0031815620
    367    0.0046702585    0.0010128067    0.0031747910
    368    0.0046622293    0.0010105666    0.0031680628
    369    0.0046542472    0.0010083221    0.0031613770
    370    0.0046463115    0.0010060731    0.0031547331
    371    0.0046384220    0.0010038198    0.0031481308
    372    0.0046305780    0.0010015623    0.0031415697
    373    0.0046227793    0.0009993008    0.0031350493
    374    0.0046150252    0.0009970354    0.0031285692
    375    0.0046073155    0.0009947662    0.0031221291
    376    0.0045996495    0.0009924933    0.0031157286
    377    0.0045920270    0.0009902168    0.0031093673
    378    0.0045844475    0.0009879369    0.0031030447
    379    0.0045769105    0.0009856536    0.0030967606
    380    0.0045694157    0.0009833671    0.0030905146
    381    0.0045619626    0.0009810775    0.0030843062
    382    0.0045545509    0.0009787849    0.0030781352
    383    0.0045471801    0.0009764894    0.0030720011
    384    0.0045398498    0.0009741912    0.0030659037
    385    0.0045325596    0.0009718902    0.0030598425
    386    0.0045253092    0.0009695867    0.0030538173
    387    0.0045180981    0.0009672807    0.0030478277
    388    0.0045109261    0.0009649724    0.0030418733
    389    0.0045037926    0.0009626618    0.0030359538
    390    0.0044966974    0.0009603490    0.0030300689
    391    0.0044896401    0.0009580342    0.0030242183
    392    0.0044826203    0.0009557174    0.0030184016
    393    0.0044756376    0.0009533987    0.0030126185
    394    0.0044686917    0.0009510783    0.0030068687
    395    0.0044617823    0.0009487562    0.0030011519
    396    0.0044549089    0.0009464325    0.0029954678
    397    0.0044480714    0.0009441073    0.0029898161
    398    0.0044412692    0.0009417808    0.0029841965
    399    0.0044345022    0.0009394529    0.0029786086
    400    0.0044277699    0.0009371238    0.0029730523
    401    0.0044210720    0.0009347935    0.0029675271
    402    0.0044144083    0.0009324623    0.0029620329
    403    0.0044077783    0.0009301300    0.0029565692
    404    0.0044011818    0.0009277969    0.0029511360
    405    0.0043946184    0.0009254630    0.0029457327
    406    0.0043880879    0.0009231285    0.0029403593
    407    0.0043815900    0.0009207932    0.0029350154
    408    0.0043751243    0.0009184575    0.0029297008
    409    0.0043686905    0.0009161213    0.0029244151
    410    0.0043622884    0.0009137847    0.0029191582
    411    0.0043559177    0.0009114477    0.0029139297
    412    0.0043495780    0.0009091106    0.0029087295
    413    0.0043432691    0.0009067733    0.0029035572
    414    0.0043369907    0.0009044360    0.0028984125
    415    0.0043307425    0.0009020986    0.0028932954
    416    0.0043245243    0.0008997613    0.0028882054
    417    0.0043183357    0.0008974242    0.0028831424
    418    0.0043121766    0.0008950872    0.0028781062
    419    0.0043060465    0.0008927506    0.0028730964
    420    0.0042999454    0.0008904143    0.0028681129
    421    0.0042938728    0.0008880785    0.0028631553
    422    0.0042878286    0.0008857431    0.0028582236
    423    0.0042818125    0.0008834083    0.0028533174
    424    0.0042758243    0.0008810741    0.0028484366
    425    0.0042698636    0.0008787406    0.0028435808
    426    0.0042639303    0.0008764079    0.0028387500
    427    0.0042580240    0.0008740760    0.0028339438
    428    0.0042521446    0.0008717449    0.0028291621
    429    0.0042462919    0.0008694149    0.0028244046
    430    0.0042404655    0.0008670858    0.0028196711
    431    0.0042346653    0.0008647578    0.0028149615
    432    0.0042288910    0.0008624309    0.0028102755
    433    0.0042231423    0.0008601052    0.0028056129
    434    0.0042174191    0.0008577807    0.0028009734
    435    0.0042117212    0.0008554576    0.0027963570
    436    0.0042060483    0.0008531358    0.0027917634
    437    0.0042004001    0.0008508154    0.0027871924
    438    0.0041947765    0.0008484965    0.0027826439
    439    0.0041891773    0.0008461792    0.0027781175
    440    0.0041836023    0.0008438634    0.0027736132
    441    0.0041780511    0.0008415492    0.0027691307
    442    0.0041725237    0.0008392367    0.0027646699
    443    0.0041670198    0.0008369260    0.0027602306
    444    0.0041615393    0.0008346170    0.0027558126
    445    0.0041560818    0.0008323099    0.0027514157
    446    0.0041506473    0.0008300046    0.0027470397
    447    0.0041452355    0.0008277013    0.0027426844
    448    0.0041398462    0.0008254000    0.0027383498
    449    0.0041344792    0.0008231007    0.0027340356
    450    0.0041291344    0.0008208035    0.0027297416
    451    0.0041238115    0.0008185084    0.0027254677
    452    0.0041185104    0.0008162155    0.0027212137
    453    0.0041132309    0.0008139248    0.0027169794
    454    0.0041079727    0.0008116364    0.0027127647
    455    0.0041027358    0.0008093502    0.0027085694
    456    0.0040975199    0.0008070664    0.0027043933
    457    0.0040923248    0.0008047850    0.0027002364
    458    0.0040871505    0.0008025061    0.0026960984
    459    0.0040819966    0.0008002296    0.0026919791
    460    0.0040768631    0.0007979556    0.0026878785
    461    0.0040717497    0.0007956841    0.0026837963
    462    0.0040666563    0.0007934153    0.0026797325
    463    0.0040615828    0.0007911491    0.0026756868
    464    0.0040565289    0.0007888856    0.0026716592
    465    0.0040514945    0.0007866247    0.0026676494
    466    0.0040464794    0.0007843666    0.0026636574
    467    0.0040414835    0.0007821113    0.0026596829
    468    0.0040365067    0.0007798589    0.0026557259
    469    0.0040315487    0.0007776092    0.0026517862
    470    0.0040266094    0.0007753625    0.0026478637
    471    0.0040216886    0.0007731187    0.0026439581
    472    0.0040167863    0.0007708778    0.0026400695
    473    0.0040119022    0.0007686400    0.0026361976
    474    0.0040070362    0.0007664051    0.0026323423
    475    0.0040021881    0.0007641734    0.0026285036
    476    0.0039973579    0.0007619447    0.0026246811
    477    0.0039925453    0.0007597191    0.0026208749
    478    0.0039877502    0.0007574967    0.0026170848
    479    0.0039829726    0.0007552775    0.0026133107
    480    0.0039782121    0.0007530614    0.0026095524
    481    0.0039734688    0.0007508487    0.0026058098
    482    0.0039687424    0.0007486392    0.0026020828
    483    0.0039640328    0.0007464330    0.0025983713
    484    0.0039593399    0.0007442301    0.0025946751
    485    0.0039546636    0.0007420306    0.0025909942
    486    0.0039500037    0.0007398345    0.0025873284
    487    0.0039453601    0.0007376417    0.0025836775
    488    0.0039407327    0.0007354525    0.0025800416
    489    0.0039361213    0.0007332667    0.0025764204
    490    0.0039315258    0.0007310843    0.0025728138
    491    0.0039269461    0.0007289055    0.0025692218
    492    0.0039223820    0.0007267303    0.0025656442
    493    0.0039178335    0.0007245586    0.0025620809
    494    0.0039133005    0.0007223905    0.0025585318
    495    0.0039087827    0.0007202260    0.0025549968
    496    0.0039042801    0.0007180651    0.0025514758
    497    0.0038997925    0.0007159079    0.0025479687
    498    0.0038953199    0.0007137544    0.0025444753
    499    0.0038908621    0.0007116046    0.0025409956
    500    0.0038864190    0.0007094585    0.0025375295
    501    0.0038819906    0.0007073162    0.0025340768
    502    0.0038775766    0.0007051776    0.0025306375
    503    0.0038731770    0.0007030428    0.0025272114
    504    0.0038687916    0.0007009118    0.0025237985
    505    0.0038644204    0.0006987847    0.0025203987
    506    0.0038600633    0.0006966614    0.0025170118
    507    0.0038557201    0.0006945419    0.0025136378
    508    0.0038513907    0.0006924264    0.0025102765
    509    0.0038470751    0.0006903147    0.0025069279
    510    0.0038427731    0.0006882070    0.0025035919
    511    0.0038384846    0.0006861032    0.0025002684
    512    0.0038342095    0.0006840034    0.0024969573
    513    0.0038299478    0.0006819075    0.0024936584
    514    0.0038256992    0.0006798156    0.0024903718
    515    0.0038214638    0.0006777278    0.0024870973
    516    0.0038172415    0.0006756439    0.0024838348
    517    0.0038130320    0.0006735641    0.0024805843
    518    0.0038088354    0.0006714884    0.0024773456
    519    0.0038046515    0.0006694167    0.0024741187
    520    0.0038004803    0.0006673491    0.0024709035
    521    0.0037963216    0.0006652856    0.0024676999
    522    0.0037921754    0.0006632262    0.0024645078
    523    0.0037880415    0.0006611709    0.0024613271
    524    0.0037839199    0.0006591198    0.0024581578
    525    0.0037798105    0.0006570729    0.0024549997
    526    0.0037757132    0.0006550300    0.0024518528
    527    0.0037716279    0.0006529914    0.0024487171
    528    0.0037675546    0.0006509570    0.0024455923
    529    0.0037634931    0.0006489267    0.0024424785
    530    0.0037594433    0.0006469007    0.0024393756
    531    0.0037554052    0.0006448789    0.0024362835
    532    0.0037513786    0.0006428614    0.0024332020
    533    0.0037473636    0.0006408481    0.0024301313
    534    0.0037433600    0.0006388390    0.0024270710
    535    0.0037393677    0.0006368342    0.0024240213
    536    0.0037353867    0.0006348337    0.0024209820
    537    0.0037314169    0.0006328375    0.0024179530
    538    0.0037274581    0.0006308456    0.0024149343
    539    0.0037235104    0.0006288580    0.0024119258
    540    0.0037195736    0.0006268747    0.0024089274
    541    0.0037156477    0.0006248958    0.0024059391
    542    0.0037117326    0.0006229212    0.0024029608
    543    0.0037078282    0.0006209509    0.0023999923
    544    0.0037039344    0.0006189850    0.0023970338
    545    0.0037000512    0.0006170234    0.0023940850
    546    0.0036961785    0.0006150662    0.0023911459
    547    0.0036923162    0.0006131134    0.0023882165
    548    0.0036884643    0.0006111650    0.0023852966
    549    0.0036846226    0.0006092209    0.0023823863
    550    0.0036807912    0.0006072813    0.0023794854
    551    0.0036769698    0.0006053461    0.0023765939
    552    0.0036731586    0.0006034152    0.0023737117
    553    0.0036693573    0.0006014888    0.0023708388
    554    0.0036655660    0.0005995668    0.0023679751
    555    0.0036617845    0.0005976493    0.0023651205
    556    0.0036580129    0.0005957362    0.0023622749
    557    0.0036542509    0.0005938275    0.0023594384
    558    0.0036504987    0.0005919232    0.0023566109
    559    0.0036467560    0.0005900234    0.0023537922
    560    0.0036430229    0.0005881281    0.0023509824
    561    0.0036392992    0.0005862372    0.0023481813
    562    0.0036355850    0.0005843508    0.0023453890
    563    0.0036318801    0.0005824689    0.0023426053
    564    0.0036281845    0.0005805914    0.0023398302
    565    0.0036244981    0.0005787184    0.0023370636
    566    0.0036208209    0.0005768499    0.0023343055
    567    0.0036171528    0.0005749859    0.0023315559
    568    0.0036134938    0.0005731264    0.0023288147
    569    0.0036098437    0.0005712713    0.0023260817
    570    0.0036062025    0.0005694207    0.0023233570
    571    0.0036025703    0.0005675747    0.0023206406
    572    0.0035989468    0.0005657331    0.0023179323
    573    0.0035953321    0.0005638961    0.0023152321
    574    0.0035917261    0.0005620635    0.0023125399
    575    0.0035881288    0.0005602354    0.0023098558
    576    0.0035845400    0.0005584119    0.0023071796
    577    0.0035809598    0.0005565929    0.0023045113
    578    0.0035773880    0.0005547783    0.0023018509
    579    0.0035738247    0.0005529683    0.0022991982
    580    0.0035702698    0.0005511628    0.0022965533
    581    0.0035667232    0.0005493618    0.0022939161
    582    0.0035631848    0.0005475654    0.0022912866
    583    0.0035596547    0.0005457734    0.0022886646
    584    0.0035561327    0.0005439860    0.0022860503
    585    0.0035526189    0.0005422031    0.0022834434
    586    0.0035491131    0.0005404247    0.0022808440
    587    0.0035456153    0.0005386508    0.0022782519
    588    0.0035421256    0.0005368814    0.0022756673
    589    0.0035386437    0.0005351166    0.0022730900
    590    0.0035351697    0.0005333563    0.0022705199
    591    0.0035317035    0.0005316004    0.0022679571
    592    0.0035282451    0.0005298492    0.0022654015
    593    0.0035247944    0.0005281024    0.0022628530
    594    0.0035213514    0.0005263601    0.0022603116
    595    0.0035179160    0.0005246224    0.0022577772
    596    0.0035144882    0.0005228892    0.0022552499
    597    0.0035110680    0.0005211605    0.0022527295
    598    0.0035076552    0.0005194363    0.0022502161
    599    0.0035042499    0.0005177166    0.0022477095
    600    0.0035008521    0.0005160014    0.0022452098
    601    0.0034974615    0.0005142908    0.0022427169
    602    0.0034940783    0.0005125846    0.0022402307
    603    0.0034907024    0.0005108830    0.0022377513
    604    0.0034873337    0.0005091858    0.0022352785
    605    0.0034839723    0.0005074932    0.0022328124
    606    0.0034806179    0.0005058050    0.0022303528
    607    0.0034772707    0.0005041214    0.0022278998
    608    0.0034739305    0.0005024422    0.0022254534
    609    0.0034705974    0.0005007676    0.0022230134
    610    0.0034672713    0.0004990974    0.0022205799
    611    0.0034639521    0.0004974317    0.0022181527
    612    0.0034606398    0.0004957705    0.0022157320
    613    0.0034573344    0.0004941138    0.0022133175
    614    0.0034540358    0.0004924616    0.0022109094
    615    0.0034507440    0.0004908138    0.0022085075
    616    0.0034474590    0.0004891705    0.0022061118
    617    0.0034441806    0.0004875317    0.0022037223
    618    0.0034409090    0.0004858974    0.0022013389
    619    0.0034376440    0.0004842675    0.0021989617
    620    0.0034343856    0.0004826421    0.0021965905
    621    0.0034311337    0.0004810211    0.0021942254
    622    0.0034278884    0.0004794046    0.0021918662
    623    0.0034246496    0.0004777925    0.0021895131
    624    0.0034214173    0.0004761848    0.0021871659
    625    0.0034181913    0.0004745817    0.0021848245
    626    0.0034149718    0.0004729829    0.0021824891
    627    0.0034117586    0.0004713886    0.0021801595
    628    0.0034085517    0.0004697987    0.0021778357
    629    0.0034053512    0.0004682132    0.0021755176
    630    0.0034021568    0.0004666322    0.0021732053
    631    0.0033989687    0.0004650555    0.0021708987
    632    0.0033957868    0.0004634833    0.0021685978
    633    0.0033926110    0.0004619155    0.0021663025
    634    0.0033894414    0.0004603520    0.0021640129
    635    0.0033862778    0.0004587930    0.0021617288
    636    0.0033831203    0.0004572384    0.0021594502
    637    0.0033799688    0.0004556881    0.0021571772
    638    0.0033768233    0.0004541423    0.0021549097
    639    0.0033736838    0.0004526008    0.0021526476
    640    0.0033705502    0.0004510636    0.0021503909
    641    0.0033674225    0.0004495309    0.0021481397
    642    0.0033643007    0.0004480025    0.0021458938
    643    0.0033611847    0.0004464784    0.0021436532
    644    0.0033580745    0.0004449587    0.0021414180
    645    0.0033549701    0.0004434434    0.0021391880
    646    0.0033518715    0.0004419324    0.0021369633
    647    0.0033487786    0.0004404257    0.0021347438
    648    0.0033456913    0.0004389233    0.0021325296
    649    0.0033426098    0.0004374253    0.0021303204
    650    0.0033395338    0.0004359316    0.0021281165
    651    0.0033364635    0.0004344422    0.0021259176
    652    0.0033333987    0.0004329571    0.0021237238
    653    0.0033303396    0.0004314763    0.0021215351
    654    0.0033272859    0.0004299998    0.0021193514
    655    0.0033242377    0.0004285275    0.0021171728
    656    0.0033211950    0.0004270596    0.0021149991
    657    0.0033181578    0.0004255959    0.0021128303
    658    0.0033151259    0.0004241365    0.0021106665
    659    0.0033120995    0.0004226814    0.0021085076
    660    0.0033090784    0.0004212305    0.0021063536
    661    0.0033060627    0.0004197838    0.0021042044
    662    0.0033030523    0.0004183414    0.0021020600
    663    0.0033000471    0.0004169032    0.0020999205
    664    0.0032970473    0.0004154693    0.0020977857
    665    0.0032940526    0.0004140396    0.0020956557
    666    0.0032910632    0.0004126140    0.0020935304
    667    0.0032880790    0.0004111927    0.0020914098
    668    0.0032851000    0.0004097756    0.0020892939
    669    0.0032821261    0.0004083627    0.0020871827
    670    0.0032791573    0.0004069540    0.0020850761
    671    0.0032761936    0.0004055495    0.0020829741
    672    0.0032732349    0.0004041491    0.0020808767
    673    0.0032702814    0.0004027529    0.0020787838
    674    0.0032673328    0.0004013609    0.0020766955
    675    0.0032643893    0.0003999730    0.0020746117
    676    0.0032614507    0.0003985893    0.0020725324
    677    0.0032585171    0.0003972097    0.0020704576
    678    0.0032555884    0.0003958342    0.0020683873
    679    0.0032526647    0.0003944628    0.0020663213
    680    0.0032497458    0.0003930956    0.0020642598
    681    0.0032468318    0.0003917325    0.0020622027
    682    0.0032439226    0.0003903735    0.0020601499
    683    0.0032410183    0.0003890185    0.0020581015
    684    0.0032381188    0.0003876677    0.0020560574
    685    0.0032352241    0.0003863209    0.0020540176
    686    0.0032323341    0.0003849783    0.0020519821
    687    0.0032294489    0.0003836396    0.0020499508
    688    0.0032265684    0.0003823051    0.0020479238
    689    0.0032236926    0.0003809746    0.0020459010
    690    0.0032208215    0.0003796481    0.0020438824
    691    0.0032179550    0.0003783256    0.0020418680
    692    0.0032150932    0.0003770072    0.0020398578
    693    0.0032122360    0.0003756928    0.0020378517
    694    0.0032093834    0.0003743825    0.0020358497
    695    0.0032065354    0.0003730761    0.0020338518
    696    0.0032036920    0.0003717737    0.0020318580
    697    0.0032008531    0.0003704753    0.0020298683
    698    0.0031980188    0.0003691809    0.0020278826
    699    0.0031951889    0.0003678904    0.0020259010
    700    0.0031923636    0.0003666040    0.0020239233
    701    0.0031895427    0.0003653214    0.0020219496
    702    0.0031867263    0.0003640429    0.0020199800
    703    0.0031839143    0.0003627682    0.0020180142
    704    0.0031811067    0.0003614975    0.0020160524
    705    0.0031783035    0.0003602308    0.0020140945
    706    0.0031755047    0.0003589679    0.0020121406
    707    0.0031727103    0.0003577089    0.0020101905
    708    0.0031699203    0.0003564539    0.0020082442
    709    0.0031671345    0.0003552027    0.0020063018
    710    0.0031643531    0.0003539555    0.0020043633
    711    0.0031615760    0.0003527121    0.0020024285
    712    0.0031588031    0.0003514725    0.0020004976
    713    0.0031560345    0.0003502368    0.0019985704
    714    0.0031532702    0.0003490050    0.0019966470
    715    0.0031505101    0.0003477770    0.0019947273
    716    0.0031477542    0.0003465529    0.0019928114
    717    0.0031450025    0.0003453326    0.0019908992
    718    0.0031422550    0.0003441161    0.0019889907
    719    0.0031395116    0.0003429034    0.0019870858
    720    0.0031367725    0.0003416945    0.0019851846
    721    0.0031340374    0.0003404894    0.0019832871
    722    0.0031313065    0.0003392881    0.0019813932
    723    0.0031285796    0.0003380906    0.0019795029
    724    0.0031258569    0.0003368968    0.0019776163
    725    0.0031231382    0.0003357068    0.0019757332
    726    0.0031204236    0.0003345206    0.0019738537
    727    0.0031177131    0.0003333381    0.0019719777
    728    0.0031150066    0.0003321593    0.0019701053
    729    0.0031123040    0.0003309842    0.0019682364
    730    0.0031096055    0.0003298129    0.0019663710
    731    0.0031069110    0.0003286453    0.0019645091
    732    0.0031042205    0.0003274814    0.0019626507
    733    0.0031015339    0.0003263212    0.0019607957
    734    0.0030988512    0.0003251646    0.0019589442
    735    0.0030961725    0.0003240118    0.0019570962
    736    0.0030934977    0.0003228626    0.0019552516
    737    0.0030908268    0.0003217170    0.0019534103
    738    0.0030881598    0.0003205751    0.0019515725
    739    0.0030854967    0.0003194369    0.0019497381
    740    0.0030828374    0.0003183023    0.0019479070
    741    0.0030801820    0.0003171713    0.0019460793
    742    0.0030775304    0.0003160439    0.0019442549
    743    0.0030748827    0.0003149202    0.0019424338
    744    0.0030722387    0.0003138000    0.0019406161
    745    0.0030695986    0.0003126834    0.0019388017
    746    0.0030669622    0.0003115704    0.0019369905
    747    0.0030643296    0.0003104610    0.0019351826
    748    0.0030617008    0.0003093552    0.0019333780
    749    0.0030590757    0.0003082529    0.0019315767
    750    0.0030564544    0.0003071541    0.0019297785
    751    0.0030538367    0.0003060589    0.0019279836
    752    0.0030512228    0.0003049672    0.0019261919
    753    0.0030486126    0.0003038791    0.0019244034
    754    0.0030460061    0.0003027944    0.0019226181
    755    0.0030434032    0.0003017133    0.0019208359
    756    0.0030408040    0.0003006356    0.0019190569
    757    0.0030382085    0.0002995615    0.0019172811
    758    0.0030356166    0.0002984908    0.0019155084
    759    0.0030330283    0.0002974236    0.0019137388
    760    0.0030304436    0.0002963599    0.0019119724
    761    0.0030278626    0.0002952996    0.0019102090
    762    0.0030252851    0.0002942427    0.0019084487
    763    0.0030227112    0.0002931893    0.0019066915
    764    0.0030201409    0.0002921393    0.0019049373
    765    0.0030175742    0.0002910927    0.0019031863
    766    0.0030150110    0.0002900496    0.0019014382
    767    0.0030124513    0.0002890098    0.0018996932
    768    0.0030098952    0.0002879735    0.0018979512
    769    0.0030073426    0.0002869405    0.0018962122
    770    0.0030047935    0.0002859109    0.0018944762
    771    0.0030022479    0.0002848847    0.0018927432
    772    0.0029997057    0.0002838618    0.0018910131
    773    0.0029971671    0.0002828423    0.0018892861
    774    0.0029946319    0.0002818261    0.0018875620
    775    0.0029921002    0.0002808132    0.0018858408
    776    0.0029895719    0.0002798037    0.0018841225
    777    0.0029870470    0.0002787975    0.0018824072
    778    0.0029845256    0.0002777946    0.0018806948
    779    0.0029820076    0.0002767949    0.0018789852
    780    0.0029794930    0.0002757986    0.0018772786
    781    0.0029769817    0.0002748056    0.0018755748
    782    0.0029744739    0.0002738158    0.0018738740
    783    0.0029719694    0.0002728293    0.0018721759
    784    0.0029694683    0.0002718460    0.0018704807
    785    0.0029669706    0.0002708660    0.0018687884
    786    0.0029644762    0.0002698893    0.0018670989
    787    0.0029619852    0.0002689157    0.0018654122
    788    0.0029594974    0.0002679454    0.0018637283
    789    0.0029570130    0.0002669783    0.0018620472
    790    0.0029545319    0.0002660144    0.0018603689
    791    0.0029520541    0.0002650537    0.0018586933
    792    0.0029495796    0.0002640962    0.0018570206
    793    0.0029471084    0.0002631419    0.0018553506
    794    0.0029446405    0.0002621907    0.0018536833
    795    0.0029421758    0.0002612427    0.0018520188
    796    0.0029397144    0.0002602978    0.0018503570
    797    0.0029372562    0.0002593561    0.0018486980
    798    0.0029348012    0.0002584175    0.0018470416
    799    0.0029323495    0.0002574821    0.0018453880
    800    0.0029299010    0.0002565497    0.0018437370
    801    0.0029274558    0.0002556205    0.0018420887
    802    0.0029250137    0.0002546944    0.0018404431
    803    0.0029225748    0.0002537714    0.0018388002
    804    0.0029201391    0.0002528514    0.0018371599
    805    0.0029177066    0.0002519345    0.0018355223
    806    0.0029152773    0.0002510207    0.0018338873
    807    0.0029128511    0.0002501100    0.0018322550
    808    0.0029104281    0.0002492023    0.0018306253
    809    0.0029080082    0.0002482977    0.0018289982
    810    0.0029055915    0.0002473960    0.0018273737
    811    0.0029031779    0.0002464975    0.0018257517
    812    0.0029007674    0.0002456019    0.0018241324
    813    0.0028983600    0.0002447093    0.0018225157
    814    0.0028959558    0.0002438198    0.0018209015
    815    0.0028935546    0.0002429332    0.0018192899
    816    0.0028911566    0.0002420496    0.0018176809
    817    0.0028887616    0.0002411690    0.0018160744
    818    0.0028863697    0.0002402913    0.0018144704
    819    0.0028839809    0.0002394167    0.0018128690
    820    0.0028815951    0.0002385449    0.0018112701
    821    0.0028792124    0.0002376761    0.0018096737
    822    0.0028768327    0.0002368103    0.0018080798
    823    0.0028744561    0.0002359473    0.0018064884
    824    0.0028720825    0.0002350873    0.0018048995
    825    0.0028697119    0.0002342302    0.0018033131
    826    0.0028673444    0.0002333760    0.0018017292
    827    0.0028649799    0.0002325247    0.0018001477
    828    0.0028626183    0.0002316762    0.0017985687
    829    0.0028602598    0.0002308307    0.0017969921
    830    0.0028579043    0.0002299880    0.0017954180
    831    0.0028555517    0.0002291482    0.0017938464
    832    0.0028532021    0.0002283112    0.0017922771
    833    0.0028508555    0.0002274771    0.0017907103
    834    0.0028485119    0.0002266458    0.0017891459
    835    0.0028461712    0.0002258173    0.0017875839
    836    0.0028438334    0.0002249916    0.0017860243
    837    0.0028414986    0.0002241688    0.0017844671
    838    0.0028391668    0.0002233487    0.0017829123
    839    0.0028368378    0.0002225315    0.0017813599
    840    0.0028345118    0.0002217170    0.0017798098
    841    0.0028321887    0.0002209054    0.0017782622
    842    0.0028298686    0.0002200964    0.0017767168
    843    0.0028275513    0.0002192903    0.0017751738
    844    0.0028252369    0.0002184869    0.0017736332
    845    0.0028229254    0.0002176862    0.0017720949
    846    0.0028206168    0.0002168883    0.0017705590
    847    0.0028183111    0.0002160931    0.0017690253
    848    0.0028160082    0.0002153007    0.0017674940
    849    0.0028137083    0.0002145109    0.0017659650
    850    0.0028114111    0.0002137239    0.0017644383
    851    0.0028091169    0.0002129396    0.0017629139
    852    0.0028068254    0.0002121579    0.0017613917
    853    0.0028045369    0.0002113789    0.0017598719
    854    0.0028022511    0.0002106026    0.0017583543
    855    0.0027999682    0.0002098290    0.0017568391
    856    0.0027976881    0.0002090580    0.0017553260
    857    0.0027954108    0.0002082897    0.0017538153
    858    0.0027931364    0.0002075240    0.0017523068
    859    0.0027908647    0.0002067610    0.0017508005
    860    0.0027885959    0.0002060006    0.0017492965
    861    0.0027863298    0.0002052428    0.0017477947
    862    0.0027840666    0.0002044876    0.0017462951
    863    0.0027818061    0.0002037350    0.0017447978
    864    0.0027795484    0.0002029850    0.0017433027
    865    0.0027772935    0.0002022376    0.0017418098
    866    0.0027750413    0.0002014928    0.0017403190
    867    0.0027727919    0.0002007505    0.0017388305
    868    0.0027705452    0.0002000108    0.0017373442
    869    0.0027683013    0.0001992737    0.0017358600
    870    0.0027660602    0.0001985391    0.0017343781
    871    0.0027638218    0.0001978071    0.0017328983
    872    0.0027615861    0.0001970776    0.0017314207
    873    0.0027593532    0.0001963506    0.0017299452
    874    0.0027571229    0.0001956262    0.0017284719
    875    0.0027548954    0.0001949042    0.0017270007
    876    0.0027526706    0.0001941848    0.0017255317
    877    0.0027504485    0.0001934678    0.0017240649
    878    0.0027482292    0.0001927534    0.0017226001
    879    0.0027460125    0.0001920414    0.0017211375
    880    0.0027437985    0.0001913319    0.0017196770
    881    0.0027415872    0.0001906249    0.0017182186
    882    0.0027393785    0.0001899203    0.0017167624
    883    0.0027371726    0.0001892181    0.0017153082
    884    0.0027349693    0.0001885185    0.0017138561
    885    0.0027327687    0.0001878212    0.0017124062
    886    0.0027305708    0.0001871264    0.0017109583
    887    0.0027283755    0.0001864340    0.0017095125
    888    0.0027261828    0.0001857440    0.0017080688
    889    0.0027239928    0.0001850564    0.0017066271
    890    0.0027218055    0.0001843712    0.0017051875
    891    0.0027196208    0.0001836884    0.0017037500
    892    0.0027174387    0.0001830080    0.0017023145
    893    0.0027152593    0.0001823300    0.0017008811
    894    0.0027130824    0.0001816543    0.0016994498
    895    0.0027109082    0.0001809810    0.0016980204
    896    0.0027087366    0.0001803101    0.0016965931
    897    0.0027065676    0.0001796415    0.0016951679
    898    0.0027044013    0.0001789752    0.0016937446
    899    0.0027022375    0.0001783113    0.0016923234
    900    0.0027000763    0.0001776497    0.0016909042
    901    0.0026979177    0.0001769904    0.0016894870
    902    0.0026957617    0.0001763334    0.0016880719
    903    0.0026936082    0.0001756788    0.0016866587
    904    0.0026914574    0.0001750264    0.0016852475
    905    0.0026893091    0.0001743763    0.0016838383
    906    0.0026871634    0.0001737285    0.0016824311
    907    0.0026850202    0.0001730830    0.0016810259
    908    0.0026828796    0.0001724397    0.0016796226
    909    0.0026807416    0.0001717987    0.0016782213
    910    0.0026786061    0.0001711600    0.0016768220
    911    0.0026764732    0.0001705235    0.0016754247
    912    0.0026743428    0.0001698892    0.0016740293
    913    0.0026722149    0.0001692572    0.0016726358
    914    0.0026700896    0.0001686274    0.0016712443
    915    0.0026679668    0.0001679999    0.0016698548
    916    0.0026658465    0.0001673745    0.0016684672
    917    0.0026637287    0.0001667513    0.0016670815
    918    0.0026616135    0.0001661304    0.0016656977
    919    0.0026595008    0.0001655116    0.0016643159
    920    0.0026573905    0.0001648950    0.0016629360
    921    0.0026552828    0.0001642806    0.0016615580
    922    0.0026531776    0.0001636683    0.0016601819
    923    0.0026510748    0.0001630583    0.0016588078
    924    0.0026489746    0.0001624503    0.0016574355
    925    0.0026468769    0.0001618446    0.0016560651
    926    0.0026447816    0.0001612409    0.0016546967
    927    0.0026426888    0.0001606394    0.0016533301
    928    0.0026405985    0.0001600401    0.0016519654
    929    0.0026385106    0.0001594428    0.0016506025
    930    0.0026364252    0.0001588477    0.0016492416
    931    0.0026343423    0.0001582547    0.0016478825
    932    0.0026322619    0.0001576638    0.0016465253
    933    0.0026301839    0.0001570749    0.0016451700
    934    0.0026281083    0.0001564882    0.0016438165
    935    0.0026260352    0.0001559035    0.0016424649
    936    0.0026239645    0.0001553210    0.0016411151
    937    0.0026218963    0.0001547405    0.0016397672
    938    0.0026198305    0.0001541620    0.0016384211
    939    0.0026177671    0.0001535856    0.0016370768
    940    0.0026157062    0.0001530113    0.0016357344
    941    0.0026136477    0.0001524390    0.0016343938
    942    0.0026115916    0.0001518687    0.0016330551
    943    0.0026095379    0.0001513005    0.0016317181
    944    0.0026074867    0.0001507343    0.0016303830
    945    0.0026054378    0.0001501701    0.0016290497
    946    0.0026033913    0.0001496079    0.0016277182
    947    0.0026013473    0.0001490477    0.0016263885
    948    0.0025993056    0.0001484895    0.0016250606
    949    0.0025972664    0.0001479333    0.0016237345
    950    0.0025952295    0.0001473791    0.0016224102
    951    0.0025931950    0.0001468269    0.0016210877
    952    0.0025911629    0.0001462766    0.0016197670
    953    0.0025891332    0.0001457283    0.0016184481
    954    0.0025871059    0.0001451820    0.0016171309
    955    0.0025850809    0.0001446376    0.0016158156
    956    0.0025830583    0.0001440951    0.0016145019
    957    0.0025810380    0.0001435546    0.0016131901
    958    0.0025790202    0.0001430161    0.0016118800
    959    0.0025770046    0.0001424794    0.0016105717
    960    0.0025749915    0.0001419447    0.0016092651
    961    0.0025729806    0.0001414119    0.0016079603
    962    0.0025709722    0.0001408810    0.0016066573
    963    0.0025689660    0.0001403520    0.0016053560
    964    0.0025669622    0.0001398248    0.0016040564
    965    0.0025649608    0.0001392996    0.0016027586
    966    0.0025629617    0.0001387763    0.0016014625
    967    0.0025609649    0.0001382548    0.0016001681
    968    0.0025589704    0.0001377352    0.0015988754
    969    0.0025569783    0.0001372175    0.0015975845
    970    0.0025549884    0.0001367016    0.0015962953
    971    0.0025530009    0.0001361876    0.0015950078
    972    0.0025510157    0.0001356755    0.0015937221
    973    0.0025490329    0.0001351651    0.0015924380
    974    0.0025470523    0.0001346566    0.0015911556
    975    0.0025450740    0.0001341500    0.0015898750
    976    0.0025430980    0.0001336451    0.0015885960
    977    0.0025411243    0.0001331421    0.0015873188
    978    0.0025391530    0.0001326409    0.0015860432
    979    0.0025371839    0.0001321415    0.0015847693
    980    0.0025352170    0.0001316438    0.0015834971
    981    0.0025332525    0.0001311480    0.0015822266
    982    0.0025312903    0.0001306540    0.0015809577
    983    0.0025293303    0.0001301617    0.0015796906
    984    0.0025273726    0.0001296712    0.0015784251
    985    0.0025254172    0.0001291825    0.0015771613
    986    0.0025234640    0.0001286956    0.0015758991
    987    0.0025215131    0.0001282104    0.0015746386
    988    0.0025195645    0.0001277269    0.0015733798
    989    0.0025176181    0.0001272452    0.0015721226
    990    0.0025156739    0.0001267653    0.0015708670
    991    0.0025137321    0.0001262870    0.0015696132
    992    0.0025117924    0.0001258105    0.0015683609
    993    0.0025098550    0.0001253358    0.0015671103
    994    0.0025079199    0.0001248627    0.0015658614
    995    0.0025059870    0.0001243913    0.0015646140
    996    0.0025040563    0.0001239217    0.0015633683
    997    0.0025021279    0.0001234538    0.0015621243
    998    0.0025002017    0.0001229875    0.0015608818
    999    0.0024982777    0.0001225229    0.0015596410
   1000    0.0024963559    0.0001220600    0.0015584018
   1001    0.0024944364    0.0001215988    0.0015571642
   1002    0.0024925191    0.0001211393    0.0015559283
   1003    0.0024906040    0.0001206814    0.0015546939
   1004    0.0024886911    0.0001202252    0.0015534612
   1005    0.0024867804    0.0001197707    0.0015522300
   1006    0.0024848719    0.0001193178    0.0015510005
   1007    0.0024829656    0.0001188665    0.0015497725
   1008    0.0024810615    0.0001184169    0.0015485462
   1009    0.0024791596    0.0001179689    0.0015473214
   1010    0.0024772599    0.0001175225    0.0015460982
   1011    0.0024753624    0.0001170778    0.0015448766
   1012    0.0024734671    0.0001166346    0.0015436566
   1013    0.0024715739    0.0001161931    0.0015424382
   1014    0.0024696830    0.0001157532    0.0015412213
   1015    0.0024677942    0.0001153149    0.0015400061
   1016    0.0024659076    0.0001148782    0.0015387924
   1017    0.0024640232    0.0001144430    0.0015375802
   1018    0.0024621409    0.0001140095    0.0015363696
   1019    0.0024602608    0.0001135775    0.0015351606
   1020    0.0024583829    0.0001131471    0.0015339532
   1021    0.0024565071    0.0001127183    0.0015327473
   1022    0.0024546335    0.0001122910    0.0015315429
   1023    0.0024527620    0.0001118653    0.0015303401
   1024    0.0024508927    0.0001114411    0.0015291389
   1025    0.0024490256    0.0001110185    0.0015279392
   1026    0.0024471605    0.0001105974    0.0015267410
   1027    0.0024452977    0.0001101779    0.0015255444
   1028    0.0024434370    0.0001097599    0.0015243493
   1029    0.0024415784    0.0001093434    0.0015231557
   1030    0.0024397219    0.0001089285    0.0015219637
   1031    0.0024378676    0.0001085150    0.0015207732
   1032    0.0024360154    0.0001081031    0.0015195843
   1033    0.0024341653    0.0001076926    0.0015183968
   1034    0.0024323174    0.0001072837    0.0015172109
   1035    0.0024304716    0.0001068763    0.0015160265
   1036    0.0024286279    0.0001064703    0.0015148436
   1037    0.0024267863    0.0001060659    0.0015136622
   1038    0.0024249468    0.0001056629    0.0015124823
   1039    0.0024231094    0.0001052614    0.0015113039
   1040    0.0024212742    0.0001048613    0.0015101270
   1041    0.0024194410    0.0001044628    0.0015089517
   1042    0.0024176100    0.0001040656    0.0015077778
   1043    0.0024157810    0.0001036700    0.0015066054
   1044    0.0024139542    0.0001032758    0.0015054345
   1045    0.0024121294    0.0001028830    0.0015042651
   1046    0.0024103067    0.0001024917    0.0015030972
   1047    0.0024084862    0.0001021018    0.0015019308
   1048    0.0024066677    0.0001017133    0.0015007658
   1049    0.0024048513    0.0001013263    0.0014996024
   1050    0.0024030369    0.0001009407    0.0014984404
   1051    0.0024012247    0.0001005564    0.0014972799
   1052    0.0023994145    0.0001001737    0.0014961208
   1053    0.0023976064    0.0000997923    0.0014949632
   1054    0.0023958003    0.0000994123    0.0014938071
   1055    0.0023939964    0.0000990337    0.0014926525
   1056    0.0023921945    0.0000986565    0.0014914993
   1057    0.0023903946    0.0000982807    0.0014903476
   1058    0.0023885968    0.0000979062    0.0014891973
   1059    0.0023868011    0.0000975332    0.0014880485
   1060    0.0023850074    0.0000971615    0.0014869011
   1061    0.0023832158    0.0000967912    0.0014857552
   1062    0.0023814262    0.0000964222    0.0014846107
   1063    0.0023796387    0.0000960546    0.0014834677
   1064    0.0023778532    0.0000956884    0.0014823261
   1065    0.0023760698    0.0000953235    0.0014811859
   1066    0.0023742884    0.0000949599    0.0014800472
   1067    0.0023725090    0.0000945977    0.0014789099
   1068    0.0023707317    0.0000942368    0.0014777740
   1069    0.0023689564    0.0000938773    0.0014766396
   1070    0.0023671831    0.0000935190    0.0014755066
   1071    0.0023654119    0.0000931621    0.0014743750
   1072    0.0023636426    0.0000928065    0.0014732449
   1073    0.0023618754    0.0000924523    0.0014721161
   1074    0.0023601102    0.0000920993    0.0014709888
   1075    0.0023583471    0.0000917476    0.0014698629
   1076    0.0023565859    0.0000913973    0.0014687384
   1077    0.0023548268    0.0000910482    0.0014676153
   1078    0.0023530696    0.0000907004    0.0014664936
   1079    0.0023513145    0.0000903539    0.0014653733
   1080    0.0023495614    0.0000900087    0.0014642545
   1081    0.0023478102    0.0000896647    0.0014631370
   1082    0.0023460611    0.0000893220    0.0014620209
   1083    0.0023443140    0.0000889806    0.0014609062
   1084    0.0023425688    0.0000886405    0.0014597929
   1085    0.0023408257    0.0000883016    0.0014586810
   1086    0.0023390845    0.0000879640    0.0014575705
   1087    0.0023373453    0.0000876276    0.0014564614
   1088    0.0023356081    0.0000872924    0.0014553536
   1089    0.0023338729    0.0000869585    0.0014542473
   1090    0.0023321397    0.0000866259    0.0014531423
   1091    0.0023304084    0.0000862944    0.0014520387
   1092    0.0023286791    0.0000859642    0.0014509364
   1093    0.0023269518    0.0000856353    0.0014498355
   1094    0.0023252264    0.0000853075    0.0014487360
   1095    0.0023235030    0.0000849809    0.0014476379
   1096    0.0023217816    0.0000846556    0.0014465411
   1097    0.0023200622    0.0000843315    0.0014454457
   1098    0.0023183447    0.0000840085    0.0014443517
   1099    0.0023166291    0.0000836868    0.0014432590
   1100    0.0023149155    0.0000833663    0.0014421677
   1101    0.0023132039    0.0000830469    0.0014410777
   1102    0.0023114942    0.0000827288    0.0014399891
   1103    0.0023097865    0.0000824118    0.0014389018
   1104    0.0023080807    0.0000820960    0.0014378159
   1105    0.0023063768    0.0000817813    0.0014367313
   1106    0.0023046749    0.0000814679    0.0014356480
   1107    0.0023029749    0.0000811556    0.0014345661
   1108    0.0023012768    0.0000808445    0.0014334856
   1109    0.0022995807    0.0000805345    0.0014324064
   1110    0.0022978866    0.0000802256    0.0014313285
   1111    0.0022961943    0.0000799180    0.0014302519
   1112    0.0022945040    0.0000796114    0.0014291767
   1113    0.0022928156    0.0000793060    0.0014281028
   1114    0.0022911291    0.0000790018    0.0014270302
   1115    0.0022894445    0.0000786986    0.0014259589
   1116    0.0022877619    0.0000783967    0.0014248890
   1117    0.0022860811    0.0000780958    0.0014238204
   1118    0.0022844023    0.0000777960    0.0014227531
   1119    0.0022827254    0.0000774974    0.0014216871
   1120    0.0022810504    0.0000771999    0.0014206224
   1121    0.0022793772    0.0000769035    0.0014195590
   1122    0.0022777060    0.0000766081    0.0014184970
   1123    0.0022760367    0.0000763139    0.0014174362
   1124    0.0022743693    0.0000760208    0.0014163768
   1125    0.0022727038    0.0000757288    0.0014153186
   1126    0.0022710402    0.0000754379    0.0014142618
   1127    0.0022693785    0.0000751480    0.0014132063
   1128    0.0022677186    0.0000748593    0.0014121520
   1129    0.0022660607    0.0000745716    0.0014110991
   1130    0.0022644046    0.0000742850    0.0014100474
   1131    0.0022627504    0.0000739994    0.0014089970
   1132    0.0022610981    0.0000737150    0.0014079479
   1133    0.0022594476    0.0000734315    0.0014069001
   1134    0.0022577991    0.0000731492    0.0014058536
   1135    0.0022561524    0.0000728679    0.0014048084
   1136    0.0022545076    0.0000725876    0.0014037644
   1137    0.0022528646    0.0000723084    0.0014027217
   1138    0.0022512235    0.0000720303    0.0014016803
   1139    0.0022495843    0.0000717532    0.0014006402
   1140    0.0022479469    0.0000714771    0.0013996013
   1141    0.0022463114    0.0000712021    0.0013985638
   1142    0.0022446778    0.0000709280    0.0013975274
   1143    0.0022430460    0.0000706550    0.0013964924
   1144    0.0022414160    0.0000703831    0.0013954586
   1145    0.0022397879    0.0000701121    0.0013944261
   1146    0.0022381617    0.0000698422    0.0013933948
   1147    0.0022365373    0.0000695733    0.0013923648
   1148    0.0022349147    0.0000693053    0.0013913360
   1149    0.0022332940    0.0000690384    0.0013903085
   1150    0.0022316751    0.0000687725    0.0013892823
   1151    0.0022300581    0.0000685076    0.0013882573
   1152    0.0022284429    0.0000682437    0.0013872335
   1153    0.0022268295    0.0000679807    0.0013862110
   1154    0.0022252179    0.0000677188    0.0013851897
   1155    0.0022236082    0.0000674578    0.0013841697
   1156    0.0022220003    0.0000671978    0.0013831509
   1157    0.0022203942    0.0000669388    0.0013821334
   1158    0.0022187900    0.0000666808    0.0013811171
   1159    0.0022171876    0.0000664237    0.0013801020
   1160    0.0022155869    0.0000661676    0.0013790881
   1161    0.0022139881    0.0000659125    0.0013780755
   1162    0.0022123911    0.0000656583    0.0013770642
   1163    0.0022107960    0.0000654051    0.0013760540
   1164    0.0022092026    0.0000651528    0.0013750451
   1165    0.0022076110    0.0000649015    0.0013740374
   1166    0.0022060212    0.0000646511    0.0013730309
   1167    0.0022044333    0.0000644016    0.0013720256
   1168    0.0022028471    0.0000641531    0.0013710216
   1169    0.0022012627    0.0000639055    0.0013700187
   1170    0.0021996802    0.0000636589    0.0013690171
   1171    0.0021980994    0.0000634132    0.0013680167
   1172    0.0021965204    0.0000631684    0.0013670175
   1173    0.0021949432    0.0000629245    0.0013660195
   1174    0.0021933677    0.0000626816    0.0013650227
   1175    0.0021917941    0.0000624395    0.0013640271
   1176    0.0021902222    0.0000621984    0.0013630328
   1177    0.0021886522    0.0000619582    0.0013620396
   1178    0.0021870839    0.0000617189    0.0013610476
   1179    0.0021855173    0.0000614805    0.0013600568
   1180    0.0021839526    0.0000612430    0.0013590672
   1181    0.0021823896    0.0000610064    0.0013580789
   1182    0.0021808284    0.0000607706    0.0013570917
   1183    0.0021792690    0.0000605358    0.0013561056
   1184    0.0021777113    0.0000603019    0.0013551208
   1185    0.0021761554    0.0000600688    0.0013541372
   1186    0.0021746012    0.0000598366    0.0013531547
   1187    0.0021730488    0.0000596053    0.0013521735
   1188    0.0021714981    0.0000593748    0.0013511934
   1189    0.0021699493    0.0000591453    0.0013502145
   1190    0.0021684021    0.0000589166    0.0013492367
   1191    0.0021668567    0.0000586887    0.0013482602
   1192    0.0021653131    0.0000584618    0.0013472848
   1193    0.0021637712    0.0000582356    0.0013463106
   1194    0.0021622310    0.0000580104    0.0013453376
   1195    0.0021606926    0.0000577859    0.0013443657
   1196    0.0021591559    0.0000575624    0.0013433950
   1197    0.0021576210    0.0000573396    0.0013424255
   1198    0.0021560878    0.0000571178    0.0013414571
   1199    0.0021545563    0.0000568967    0.0013404899
   1200    0.0021530266    0.0000566765    0.0013395238
   1201    0.0021514986    0.0000564571    0.0013385589
   1202    0.0021499723    0.0000562386    0.0013375952
   1203    0.0021484477    0.0000560209    0.0013366326
   1204    0.0021469249    0.0000558040    0.0013356712
   1205    0.0021454038    0.0000555879    0.0013347109
   1206    0.0021438844    0.0000553726    0.0013337518
   1207    0.0021423667    0.0000551582    0.0013327938
   1208    0.0021408507    0.0000549446    0.0013318370
   1209    0.0021393364    0.0000547318    0.0013308813
   1210    0.0021378239    0.0000545197    0.0013299267
   1211    0.0021363131    0.0000543085    0.0013289733
   1212    0.0021348039    0.0000540981    0.0013280211
   1213    0.0021332965    0.0000538885    0.0013270699
   1214    0.0021317908    0.0000536797    0.0013261199
   1215    0.0021302867    0.0000534716    0.0013251711
   1216    0.0021287844    0.0000532644    0.0013242233
   1217    0.0021272838    0.0000530580    0.0013232768
   1218    0.0021257848    0.0000528523    0.0013223313
   1219    0.0021242876    0.0000526474    0.0013213869
   1220    0.0021227920    0.0000524433    0.0013204437
   1221    0.0021212981    0.0000522399    0.0013195016
   1222    0.0021198059    0.0000520374    0.0013185607
   1223    0.0021183154    0.0000518356    0.0013176208
   1224    0.0021168266    0.0000516345    0.0013166821
   1225    0.0021153395    0.0000514343    0.0013157445
   1226    0.0021138540    0.0000512348    0.0013148080
   1227    0.0021123702    0.0000510360    0.0013138726
   1228    0.0021108881    0.0000508380    0.0013129384
   1229    0.0021094076    0.0000506408    0.0013120052
   1230    0.0021079288    0.0000504443    0.0013110732
   1231    0.0021064517    0.0000502485    0.0013101423
   1232    0.0021049763    0.0000500535    0.0013092124
   1233    0.0021035025    0.0000498593    0.0013082837
   1234    0.0021020303    0.0000496657    0.0013073561
   1235    0.0021005599    0.0000494729    0.0013064296
   1236    0.0020990911    0.0000492809    0.0013055041
   1237    0.0020976239    0.0000490896    0.0013045798
   1238    0.0020961584    0.0000488990    0.0013036566
   1239    0.0020946946    0.0000487091    0.0013027345
   1240    0.0020932324    0.0000485199    0.0013018134
   1241    0.0020917718    0.0000483315    0.0013008935
   1242    0.0020903129    0.0000481438    0.0012999746
   1243    0.0020888556    0.0000479568    0.0012990569
   1244    0.0020874000    0.0000477705    0.0012981402
   1245    0.0020859460    0.0000475849    0.0012972246
   1246    0.0020844936    0.0000474001    0.0012963101
   1247    0.0020830429    0.0000472159    0.0012953967
   1248    0.0020815938    0.0000470324    0.0012944843
   1249    0.0020801464    0.0000468497    0.0012935730
   1250    0.0020787006    0.0000466676    0.0012926629
   1251    0.0020772564    0.0000464862    0.0012917537
   1252    0.0020758138    0.0000463056    0.0012908457
   1253    0.0020743729    0.0000461256    0.0012899387
   1254    0.0020729335    0.0000459463    0.0012890328
   1255    0.0020714958    0.0000457676    0.0012881280
   1256    0.0020700597    0.0000455897    0.0012872243
   1257    0.0020686253    0.0000454124    0.0012863216
   1258    0.0020671924    0.0000452358    0.0012854199
   1259    0.0020657611    0.0000450599    0.0012845194
   1260    0.0020643315    0.0000448847    0.0012836199
   1261    0.0020629035    0.0000447101    0.0012827214
   1262    0.0020614770    0.0000445362    0.0012818241
   1263    0.0020600522    0.0000443630    0.0012809277
   1264    0.0020586290    0.0000441904    0.0012800325
   1265    0.0020572074    0.0000440185    0.0012791383
   1266    0.0020557873    0.0000438472    0.0012782451
   1267    0.0020543689    0.0000436766    0.0012773530
   1268    0.0020529521    0.0000435066    0.0012764619
   1269    0.0020515368    0.0000433373    0.0012755719
   1270    0.0020501232    0.0000431687    0.0012746830
   1271    0.0020487111    0.0000430007    0.0012737951
   1272    0.0020473006    0.0000428333    0.0012729082
   1273    0.0020458917    0.0000426666    0.0012720224
   1274    0.0020444844    0.0000425005    0.0012711376
   1275    0.0020430787    0.0000423350    0.0012702538
   1276    0.0020416745    0.0000421702    0.0012693711
   1277    0.0020402719    0.0000420060    0.0012684894
   1278    0.0020388709    0.0000418424    0.0012676088
   1279    0.0020374715    0.0000416795    0.0012667292
   1280    0.0020360736    0.0000415171    0.0012658506
   1281    0.0020346773    0.0000413555    0.0012649731
   1282    0.0020332826    0.0000411944    0.0012640965
   1283    0.0020318894    0.0000410339    0.0012632210
   1284    0.0020304978    0.0000408741    0.0012623466
   1285    0.0020291078    0.0000407148    0.0012614731
   1286    0.0020277193    0.0000405562    0.0012606007
   1287    0.0020263324    0.0000403982    0.0012597293
   1288    0.0020249470    0.0000402408    0.0012588590
   1289    0.0020235632    0.0000400840    0.0012579896
   1290    0.0020221809    0.0000399278    0.0012571213
   1291    0.0020208002    0.0000397722    0.0012562540
   1292    0.0020194211    0.0000396172    0.0012553876
   1293    0.0020180435    0.0000394628    0.0012545223
   1294    0.0020166674    0.0000393089    0.0012536581
   1295    0.0020152928    0.0000391557    0.0012527948
   1296    0.0020139198    0.0000390031    0.0012519325
   1297    0.0020125484    0.0000388510    0.0012510713
   1298    0.0020111785    0.0000386995    0.0012502110
   1299    0.0020098101    0.0000385486    0.0012493518
   1300    0.0020084432    0.0000383983    0.0012484935
   1301    0.0020070779    0.0000382486    0.0012476363
   1302    0.0020057141    0.0000380994    0.0012467800
   1303    0.0020043519    0.0000379508    0.0012459248
   1304    0.0020029911    0.0000378028    0.0012450706
   1305    0.0020016319    0.0000376554    0.0012442173
   1306    0.0020002742    0.0000375085    0.0012433650
   1307    0.0019989180    0.0000373622    0.0012425138
   1308    0.0019975634    0.0000372164    0.0012416635
   1309    0.0019962102    0.0000370712    0.0012408142
   1310    0.0019948586    0.0000369266    0.0012399659
   1311    0.0019935085    0.0000367825    0.0012391186
   1312    0.0019921599    0.0000366390    0.0012382723
   1313    0.0019908128    0.0000364960    0.0012374270
   1314    0.0019894672    0.0000363536    0.0012365826
   1315    0.0019881231    0.0000362117    0.0012357392
   1316    0.0019867805    0.0000360703    0.0012348968
   1317    0.0019854394    0.0000359296    0.0012340554
   1318    0.0019840999    0.0000357893    0.0012332150
   1319    0.0019827618    0.0000356496    0.0012323755
   1320    0.0019814252    0.0000355104    0.0012315371
   1321    0.0019800901    0.0000353718    0.0012306995
   1322    0.0019787565    0.0000352337    0.0012298630
   1323    0.0019774244    0.0000350961    0.0012290274
   1324    0.0019760937    0.0000349591    0.0012281928
   1325    0.0019747646    0.0000348226    0.0012273592
   1326    0.0019734369    0.0000346866    0.0012265265
   1327    0.0019721108    0.0000345511    0.0012256948
   1328    0.0019707861    0.0000344162    0.0012248641
   1329    0.0019694629    0.0000342818    0.0012240343
   1330    0.0019681411    0.0000341479    0.0012232055
   1331    0.0019668209    0.0000340145    0.0012223777
   1332    0.0019655021    0.0000338816    0.0012215508
   1333    0.0019641847    0.0000337493    0.0012207248
   1334    0.0019628689    0.0000336174    0.0012198998
   1335    0.0019615545    0.0000334861    0.0012190758
   1336    0.0019602416    0.0000333553    0.0012182527
   1337    0.0019589302    0.0000332249    0.0012174306
   1338    0.0019576202    0.0000330951    0.0012166094
   1339    0.0019563116    0.0000329658    0.0012157892
   1340    0.0019550046    0.0000328370    0.0012149699
   1341    0.0019536990    0.0000327086    0.0012141516
   1342    0.0019523948    0.0000325808    0.0012133342
   1343    0.0019510921    0.0000324535    0.0012125178
   1344    0.0019497909    0.0000323266    0.0012117023
   1345    0.0019484911    0.0000322003    0.0012108877
   1346    0.0019471927    0.0000320744    0.0012100741
   1347    0.0019458958    0.0000319490    0.0012092614
   1348    0.0019446003    0.0000318241    0.0012084497
   1349    0.0019433063    0.0000316997    0.0012076389
   1350    0.0019420137    0.0000315758    0.0012068290
   1351    0.0019407226    0.0000314523    0.0012060201
   1352    0.0019394329    0.0000313293    0.0012052121
   1353    0.0019381446    0.0000312068    0.0012044050
   1354    0.0019368578    0.0000310848    0.0012035988
   1355    0.0019355724    0.0000309632    0.0012027936
   1356    0.0019342884    0.0000308422    0.0012019893
   1357    0.0019330059    0.0000307215    0.0012011859
   1358    0.0019317248    0.0000306014    0.0012003835
   1359    0.0019304451    0.0000304817    0.0011995820
   1360    0.0019291668    0.0000303625    0.0011987814
   1361    0.0019278900    0.0000302437    0.0011979817
   1362    0.0019266145    0.0000301254    0.0011971829
   1363    0.0019253405    0.0000300076    0.0011963851
   1364    0.0019240679    0.0000298902    0.0011955881
   1365    0.0019227968    0.0000297732    0.0011947921
   1366    0.0019215270    0.0000296568    0.0011939970
   1367    0.0019202586    0.0000295407    0.0011932028
   1368    0.0019189917    0.0000294251    0.0011924096
   1369    0.0019177262    0.0000293100    0.0011916172
   1370    0.0019164620    0.0000291953    0.0011908257
   1371    0.0019151993    0.0000290811    0.0011900352
   1372    0.0019139380    0.0000289673    0.0011892455
   1373    0.0019126780    0.0000288539    0.0011884568
   1374    0.0019114195    0.0000287410    0.0011876690
   1375    0.0019101624    0.0000286285    0.0011868820
   1376    0.0019089066    0.0000285165    0.0011860960
   1377    0.0019076523    0.0000284049    0.0011853108
   1378    0.0019063994    0.0000282937    0.0011845266
   1379    0.0019051478    0.0000281829    0.0011837433
   1380    0.0019038976    0.0000280726    0.0011829608
   1381    0.0019026488    0.0000279627    0.0011821793
   1382    0.0019014014    0.0000278533    0.0011813986
   1383    0.0019001554    0.0000277442    0.0011806188
   1384    0.0018989108    0.0000276356    0.0011798400
   1385    0.0018976675    0.0000275274    0.0011790620
   1386    0.0018964256    0.0000274196    0.0011782849
   1387    0.0018951851    0.0000273123    0.0011775087
   1388    0.0018939460    0.0000272053    0.0011767334
   1389    0.0018927082    0.0000270988    0.0011759589
   1390    0.0018914718    0.0000269927    0.0011751854
   1391    0.0018902368    0.0000268870    0.0011744127
   1392    0.0018890032    0.0000267817    0.0011736409
   1393    0.0018877709    0.0000266768    0.0011728700
   1394    0.0018865399    0.0000265724    0.0011720999
   1395    0.0018853104    0.0000264683    0.0011713308
   1396    0.0018840822    0.0000263646    0.0011705625
   1397    0.0018828553    0.0000262614    0.0011697951
   1398    0.0018816299    0.0000261585    0.0011690286
   1399    0.0018804057    0.0000260561    0.0011682629
   1400    0.0018791829    0.0000259540    0.0011674981
   1401    0.0018779615    0.0000258523    0.0011667342
   1402    0.0018767415    0.0000257511    0.0011659712
   1403    0.0018755227    0.0000256502    0.0011652090
   1404    0.0018743053    0.0000255497    0.0011644477
   1405    0.0018730893    0.0000254496    0.0011636872
   1406    0.0018718746    0.0000253499    0.0011629276
   1407    0.0018706613    0.0000252506    0.0011621689
   1408    0.0018694493    0.0000251517    0.0011614110
   1409    0.0018682386    0.0000250532    0.0011606540
   1410    0.0018670293    0.0000249550    0.0011598979
   1411    0.0018658213    0.0000248572    0.0011591426
   1412    0.0018646146    0.0000247598    0.0011583882
   1413    0.0018634093    0.0000246628    0.0011576346
   1414    0.0018622053    0.0000245662    0.0011568819
   1415    0.0018610026    0.0000244699    0.0011561300
   1416    0.0018598012    0.0000243740    0.0011553790
   1417    0.0018586012    0.0000242785    0.0011546288
   1418    0.0018574025    0.0000241834    0.0011538795
   1419    0.0018562051    0.0000240886    0.0011531311
   1420    0.0018550091    0.0000239942    0.0011523834
   1421    0.0018538143    0.0000239002    0.0011516367
   1422    0.0018526209    0.0000238065    0.0011508907
   1423    0.0018514288    0.0000237132    0.0011501457
   1424    0.0018502380    0.0000236202    0.0011494014
   1425    0.0018490485    0.0000235277    0.0011486580
   1426    0.0018478604    0.0000234355    0.0011479155
   1427    0.0018466735    0.0000233436    0.0011471737
   1428    0.0018454879    0.0000232521    0.0011464328
   1429    0.0018443037    0.0000231610    0.0011456928
   1430    0.0018431207    0.0000230702    0.0011449536
   1431    0.0018419391    0.0000229797    0.0011442152
   1432    0.0018407587    0.0000228897    0.0011434777
   1433    0.0018395797    0.0000227999    0.0011427410
   1434    0.0018384019    0.0000227106    0.0011420051
   1435    0.0018372255    0.0000226215    0.0011412700
   1436    0.0018360503    0.0000225329    0.0011405358
   1437    0.0018348764    0.0000224445    0.0011398024
   1438    0.0018337038    0.0000223565    0.0011390699
   1439    0.0018325325    0.0000222689    0.0011383381
   1440    0.0018313625    0.0000221816    0.0011376072
   1441    0.0018301938    0.0000220946    0.0011368771
   1442    0.0018290264    0.0000220080    0.0011361478
   1443    0.0018278602    0.0000219217    0.0011354194
   1444    0.0018266953    0.0000218358    0.0011346917
   1445    0.0018255317    0.0000217502    0.0011339649
   1446    0.0018243694    0.0000216649    0.0011332389
   1447    0.0018232084    0.0000215799    0.0011325137
   1448    0.0018220486    0.0000214953    0.0011317894
   1449    0.0018208901    0.0000214110    0.0011310658
   1450    0.0018197329    0.0000213271    0.0011303431
   1451    0.0018185769    0.0000212435    0.0011296212
   1452    0.0018174222    0.0000211602    0.0011289000
   1453    0.0018162688    0.0000210772    0.0011281797
   1454    0.0018151166    0.0000209945    0.0011274602
   1455    0.0018139657    0.0000209122    0.0011267415
   1456    0.0018128161    0.0000208302    0.0011260237
   1457    0.0018116677    0.0000207485    0.0011253066
   1458    0.0018105206    0.0000206672    0.0011245903
   1459    0.0018093747    0.0000205861    0.0011238748
   1460    0.0018082301    0.0000205054    0.0011231601
   1461    0.0018070868    0.0000204250    0.0011224463
   1462    0.0018059447    0.0000203449    0.0011217332
   1463    0.0018048038    0.0000202651    0.0011210209
   1464    0.0018036642    0.0000201857    0.0011203094
   1465    0.0018025258    0.0000201065    0.0011195988
   1466    0.0018013887    0.0000200276    0.0011188889
   1467    0.0018002529    0.0000199491    0.0011181798
   1468    0.0017991182    0.0000198709    0.0011174715
   1469    0.0017979848    0.0000197929    0.0011167640
   1470    0.0017968527    0.0000197153    0.0011160572
   1471    0.0017957218    0.0000196380    0.0011153513
   1472    0.0017945921    0.0000195610    0.0011146462
   1473    0.0017934636    0.0000194843    0.0011139418
   1474    0.0017923364    0.0000194079    0.0011132382
   1475    0.0017912104    0.0000193318    0.0011125355
   1476    0.0017900857    0.0000192559    0.0011118335
   1477    0.0017889622    0.0000191804    0.0011111322
   1478    0.0017878399    0.0000191052    0.0011104318
   1479    0.0017867188    0.0000190303    0.0011097321
   1480    0.0017855989    0.0000189557    0.0011090333
   1481    0.0017844803    0.0000188813    0.0011083352
   1482    0.0017833629    0.0000188073    0.0011076379
   1483    0.0017822467    0.0000187335    0.0011069413
   1484    0.0017811317    0.0000186600    0.0011062455
   1485    0.0017800180    0.0000185869    0.0011055506
   1486    0.0017789054    0.0000185140    0.0011048563
   1487    0.0017777941    0.0000184414    0.0011041629
   1488    0.0017766840    0.0000183690    0.0011034702
   1489    0.0017755751    0.0000182970    0.0011027783
   1490    0.0017744673    0.0000182252    0.0011020872
   1491    0.0017733608    0.0000181538    0.0011013968
   1492    0.0017722555    0.0000180826    0.0011007072
   1493    0.0017711515    0.0000180117    0.0011000184
   1494    0.0017700486    0.0000179410    0.0010993303
   1495    0.0017689469    0.0000178707    0.0010986430
   1496    0.0017678464    0.0000178006    0.0010979564
   1497    0.0017667471    0.0000177308    0.0010972707
   1498    0.0017656490    0.0000176612    0.0010965856
   1499    0.0017645521    0.0000175920    0.0010959014
   1500    0.0017634563    0.0000175230    0.0010952179
   1501    0.0017623618    0.0000174543    0.0010945351
   1502    0.0017612685    0.0000173858    0.0010938531
   1503    0.0017601763    0.0000173177    0.0010931719
   1504    0.0017590853    0.0000172498    0.0010924914
   1505    0.0017579956    0.0000171821    0.0010918117
   1506    0.0017569070    0.0000171147    0.0010911327
   1507    0.0017558195    0.0000170476    0.0010904545
   1508    0.0017547333    0.0000169808    0.0010897770
   1509    0.0017536483    0.0000169142    0.0010891003
   1510    0.0017525644    0.0000168479    0.0010884243
   1511    0.0017514817    0.0000167818    0.0010877491
   1512    0.0017504001    0.0000167160    0.0010870746
   1513    0.0017493198    0.0000166505    0.0010864008
   1514    0.0017482406    0.0000165852    0.0010857278
   1515    0.0017471625    0.0000165201    0.0010850556
   1516    0.0017460857    0.0000164554    0.0010843841
   1517    0.0017450100    0.0000163908    0.0010837133
   1518    0.0017439355    0.0000163266    0.0010830433
   1519    0.0017428621    0.0000162626    0.0010823740
   1520    0.0017417899    0.0000161988    0.0010817054
   1521    0.0017407189    0.0000161353    0.0010810376
   1522    0.0017396490    0.0000160720    0.0010803705
   1523    0.0017385803    0.0000160090    0.0010797042
   1524    0.0017375127    0.0000159463    0.0010790386
   1525    0.0017364463    0.0000158837    0.0010783737
   1526    0.0017353810    0.0000158215    0.0010777095
   1527    0.0017343169    0.0000157595    0.0010770461
   1528    0.0017332540    0.0000156977    0.0010763834
   1529    0.0017321922    0.0000156361    0.0010757215
   1530    0.0017311315    0.0000155748    0.0010750602
   1531    0.0017300720    0.0000155138    0.0010743997
   1532    0.0017290136    0.0000154530    0.0010737399
   1533    0.0017279564    0.0000153924    0.0010730809
   1534    0.0017269003    0.0000153321    0.0010724226
   1535    0.0017258453    0.0000152720    0.0010717650
   1536    0.0017247915    0.0000152121    0.0010711081
   1537    0.0017237388    0.0000151525    0.0010704519
   1538    0.0017226873    0.0000150931    0.0010697965
   1539    0.0017216369    0.0000150340    0.0010691417
   1540    0.0017205876    0.0000149750    0.0010684877
   1541    0.0017195395    0.0000149163    0.0010678344
   1542    0.0017184924    0.0000148579    0.0010671818
   1543    0.0017174466    0.0000147997    0.0010665300
   1544    0.0017164018    0.0000147417    0.0010658788
   1545    0.0017153581    0.0000146839    0.0010652284
   1546    0.0017143156    0.0000146264    0.0010645787
   1547    0.0017132742    0.0000145690    0.0010639297
   1548    0.0017122340    0.0000145120    0.0010632814
   1549    0.0017111948    0.0000144551    0.0010626338
   1550    0.0017101568    0.0000143985    0.0010619869
   1551    0.0017091199    0.0000143420    0.0010613407
   1552    0.0017080840    0.0000142858    0.0010606952
   1553    0.0017070494    0.0000142299    0.0010600505
   1554    0.0017060158    0.0000141741    0.0010594064
   1555    0.0017049833    0.0000141186    0.0010587630
   1556    0.0017039519    0.0000140633    0.0010581204
   1557    0.0017029217    0.0000140082    0.0010574784
   1558    0.0017018925    0.0000139533    0.0010568372
   1559    0.0017008645    0.0000138987    0.0010561966
   1560    0.0016998375    0.0000138442    0.0010555568
   1561    0.0016988117    0.0000137900    0.0010549176
   1562    0.0016977870    0.0000137360    0.0010542791
   1563    0.0016967633    0.0000136822    0.0010536414
   1564    0.0016957408    0.0000136286    0.0010530043
   1565    0.0016947193    0.0000135752    0.0010523679
   1566    0.0016936990    0.0000135221    0.0010517322
   1567    0.0016926797    0.0000134691    0.0010510972
   1568    0.0016916616    0.0000134164    0.0010504629
   1569    0.0016906445    0.0000133638    0.0010498293
   1570    0.0016896285    0.0000133115    0.0010491964
   1571    0.0016886136    0.0000132594    0.0010485641
   1572    0.0016875998    0.0000132075    0.0010479326
   1573    0.0016865870    0.0000131557    0.0010473017
   1574    0.0016855754    0.0000131042    0.0010466715
   1575    0.0016845648    0.0000130529    0.0010460420
   1576    0.0016835553    0.0000130018    0.0010454132
   1577    0.0016825469    0.0000129509    0.0010447851
   1578    0.0016815396    0.0000129002    0.0010441576
   1579    0.0016805334    0.0000128497    0.0010435309
   1580    0.0016795282    0.0000127995    0.0010429048
   1581    0.0016785241    0.0000127494    0.0010422794
   1582    0.0016775210    0.0000126995    0.0010416546
   1583    0.0016765191    0.0000126498    0.0010410306
   1584    0.0016755182    0.0000126002    0.0010404072
   1585    0.0016745184    0.0000125509    0.0010397845
   1586    0.0016735196    0.0000125018    0.0010391624
   1587    0.0016725219    0.0000124529    0.0010385411
   1588    0.0016715253    0.0000124042    0.0010379204
   1589    0.0016705297    0.0000123556    0.0010373004
   1590    0.0016695352    0.0000123073    0.0010366810
   1591    0.0016685418    0.0000122592    0.0010360623
   1592    0.0016675494    0.0000122112    0.0010354443
   1593    0.0016665580    0.0000121634    0.0010348270
   1594    0.0016655678    0.0000121158    0.0010342103
   1595    0.0016645785    0.0000120685    0.0010335943
   1596    0.0016635904    0.0000120212    0.0010329790
   1597    0.0016626033    0.0000119742    0.0010323643
   1598    0.0016616172    0.0000119274    0.0010317503
   1599    0.0016606322    0.0000118808    0.0010311369
   1600    0.0016596482    0.0000118343    0.0010305242
   1601    0.0016586653    0.0000117880    0.0010299122
   1602    0.0016576834    0.0000117419    0.0010293008
   1603    0.0016567025    0.0000116960    0.0010286901
   1604    0.0016557227    0.0000116503    0.0010280800
   1605    0.0016547440    0.0000116047    0.0010274706
   1606    0.0016537663    0.0000115594    0.0010268619
   1607    0.0016527896    0.0000115142    0.0010262538
   1608    0.0016518139    0.0000114692    0.0010256463
   1609    0.0016508393    0.0000114243    0.0010250395
   1610    0.0016498658    0.0000113797    0.0010244334
   1611    0.0016488932    0.0000113352    0.0010238279
   1612    0.0016479217    0.0000112909    0.0010232231
   1613    0.0016469512    0.0000112468    0.0010226189
   1614    0.0016459818    0.0000112028    0.0010220154
   1615    0.0016450133    0.0000111591    0.0010214125
   1616    0.0016440459    0.0000111155    0.0010208102
   1617    0.0016430796    0.0000110720    0.0010202086
   1618    0.0016421142    0.0000110288    0.0010196077
   1619    0.0016411499    0.0000109857    0.0010190074
   1620    0.0016401865    0.0000109428    0.0010184077
   1621    0.0016392243    0.0000109001    0.0010178087
   1622    0.0016382630    0.0000108575    0.0010172103
   1623    0.0016373027    0.0000108151    0.0010166126
   1624    0.0016363435    0.0000107728    0.0010160155
   1625    0.0016353852    0.0000107308    0.0010154190
   1626    0.0016344280    0.0000106889    0.0010148232
   1627    0.0016334718    0.0000106471    0.0010142280
   1628    0.0016325166    0.0000106056    0.0010136335
   1629    0.0016315624    0.0000105642    0.0010130395
   1630    0.0016306092    0.0000105229    0.0010124463
   1631    0.0016296570    0.0000104818    0.0010118536
   1632    0.0016287059    0.0000104409    0.0010112616
   1633    0.0016277557    0.0000104002    0.0010106702
   1634    0.0016268065    0.0000103596    0.0010100795
   1635    0.0016258584    0.0000103192    0.0010094894
   1636    0.0016249112    0.0000102789    0.0010088999
   1637    0.0016239650    0.0000102388    0.0010083110
   1638    0.0016230198    0.0000101988    0.0010077228
   1639    0.0016220757    0.0000101591    0.0010071352
   1640    0.0016211325    0.0000101194    0.0010065482
   1641    0.0016201903    0.0000100800    0.0010059618
   1642    0.0016192491    0.0000100406    0.0010053761
   1643    0.0016183089    0.0000100015    0.0010047910
   1644    0.0016173696    0.0000099625    0.0010042065
   1645    0.0016164314    0.0000099236    0.0010036226
   1646    0.0016154941    0.0000098849    0.0010030394
   1647    0.0016145579    0.0000098464    0.0010024568
   1648    0.0016136226    0.0000098080    0.0010018748
   1649    0.0016126883    0.0000097698    0.0010012934
   1650    0.0016117550    0.0000097317    0.0010007126
   1651    0.0016108226    0.0000096937    0.0010001325
   1652    0.0016098913    0.0000096560    0.0009995529
   1653    0.0016089609    0.0000096183    0.0009989740
   1654    0.0016080315    0.0000095808    0.0009983957
   1655    0.0016071030    0.0000095435    0.0009978180
   1656    0.0016061756    0.0000095063    0.0009972409
   1657    0.0016052491    0.0000094693    0.0009966644
   1658    0.0016043236    0.0000094324    0.0009960886
   1659    0.0016033990    0.0000093957    0.0009955133
   1660    0.0016024754    0.0000093591    0.0009949387
   1661    0.0016015528    0.0000093226    0.0009943647
   1662    0.0016006312    0.0000092863    0.0009937912
   1663    0.0015997105    0.0000092501    0.0009932184
   1664    0.0015987908    0.0000092141    0.0009926462
   1665    0.0015978720    0.0000091783    0.0009920746
   1666    0.0015969542    0.0000091425    0.0009915036
   1667    0.0015960374    0.0000091069    0.0009909332
   1668    0.0015951215    0.0000090715    0.0009903634
   1669    0.0015942066    0.0000090362    0.0009897942
   1670    0.0015932926    0.0000090010    0.0009892256
   1671    0.0015923796    0.0000089660    0.0009886576
   1672    0.0015914675    0.0000089311    0.0009880902
   1673    0.0015905564    0.0000088963    0.0009875234
   1674    0.0015896463    0.0000088617    0.0009869572
   1675    0.0015887370    0.0000088273    0.0009863916
   1676    0.0015878288    0.0000087929    0.0009858266
   1677    0.0015869215    0.0000087587    0.0009852622
   1678    0.0015860151    0.0000087247    0.0009846984
   1679    0.0015851097    0.0000086907    0.0009841351
   1680    0.0015842052    0.0000086570    0.0009835725
   1681    0.0015833017    0.0000086233    0.0009830105
   1682    0.0015823991    0.0000085898    0.0009824490
   1683    0.0015814974    0.0000085564    0.0009818882
   1684    0.0015805967    0.0000085231    0.0009813279
   1685    0.0015796969    0.0000084900    0.0009807682
   1686    0.0015787980    0.0000084570    0.0009802091
   1687    0.0015779001    0.0000084242    0.0009796506
   1688    0.0015770031    0.0000083914    0.0009790927
   1689    0.0015761071    0.0000083588    0.0009785354
   1690    0.0015752120    0.0000083264    0.0009779786
   1691    0.0015743178    0.0000082940    0.0009774224
   1692    0.0015734245    0.0000082618    0.0009768669
   1693    0.0015725322    0.0000082297    0.0009763119
   1694    0.0015716408    0.0000081978    0.0009757574
   1695    0.0015707503    0.0000081659    0.0009752036
   1696    0.0015698607    0.0000081342    0.0009746504
   1697    0.0015689721    0.0000081027    0.0009740977
   1698    0.0015680844    0.0000080712    0.0009735456
   1699    0.0015671976    0.0000080399    0.0009729941
   1700    0.0015663117    0.0000080087    0.0009724431
   1701    0.0015654268    0.0000079776    0.0009718927
   1702    0.0015645427    0.0000079467    0.0009713429
   1703    0.0015636596    0.0000079159    0.0009707937
   1704    0.0015627774    0.0000078851    0.0009702451
   1705    0.0015618961    0.0000078546    0.0009696970
   1706    0.0015610157    0.0000078241    0.0009691495
   1707    0.0015601362    0.0000077938    0.0009686026
   1708    0.0015592576    0.0000077636    0.0009680562
   1709    0.0015583800    0.0000077335    0.0009675104
   1710    0.0015575032    0.0000077035    0.0009669652
   1711    0.0015566274    0.0000076736    0.0009664206
   1712    0.0015557524    0.0000076439    0.0009658765
   1713    0.0015548784    0.0000076143    0.0009653329
   1714    0.0015540052    0.0000075848    0.0009647900
   1715    0.0015531330    0.0000075554    0.0009642476
   1716    0.0015522617    0.0000075261    0.0009637058
   1717    0.0015513912    0.0000074970    0.0009631645
   1718    0.0015505217    0.0000074679    0.0009626238
   1719    0.0015496530    0.0000074390    0.0009620837
   1720    0.0015487853    0.0000074102    0.0009615441
   1721    0.0015479184    0.0000073815    0.0009610051
   1722    0.0015470524    0.0000073530    0.0009604667
   1723    0.0015461874    0.0000073245    0.0009599288
   1724    0.0015453232    0.0000072962    0.0009593914
   1725    0.0015444599    0.0000072679    0.0009588547
   1726    0.0015435975    0.0000072398    0.0009583184
   1727    0.0015427359    0.0000072118    0.0009577828
   1728    0.0015418753    0.0000071839    0.0009572477
   1729    0.0015410156    0.0000071561    0.0009567131
   1730    0.0015401567    0.0000071285    0.0009561791
   1731    0.0015392987    0.0000071009    0.0009556457
   1732    0.0015384416    0.0000070734    0.0009551128
   1733    0.0015375854    0.0000070461    0.0009545804
   1734    0.0015367300    0.0000070189    0.0009540486
   1735    0.0015358755    0.0000069918    0.0009535174
   1736    0.0015350219    0.0000069647    0.0009529867
   1737    0.0015341692    0.0000069378    0.0009524566
   1738    0.0015333174    0.0000069110    0.0009519270
   1739    0.0015324664    0.0000068843    0.0009513979
   1740    0.0015316163    0.0000068577    0.0009508694
   1741    0.0015307671    0.0000068313    0.0009503415
   1742    0.0015299187    0.0000068049    0.0009498140
   1743    0.0015290712    0.0000067786    0.0009492872
   1744    0.0015282246    0.0000067525    0.0009487608
   1745    0.0015273788    0.0000067264    0.0009482351
   1746    0.0015265339    0.0000067004    0.0009477098
   1747    0.0015256899    0.0000066746    0.0009471851
   1748    0.0015248467    0.0000066488    0.0009466610
   1749    0.0015240044    0.0000066232    0.0009461373
   1750    0.0015231630    0.0000065977    0.0009456143
   1751    0.0015223224    0.0000065722    0.0009450917
   1752    0.0015214827    0.0000065469    0.0009445697
   1753    0.0015206438    0.0000065216    0.0009440483
   1754    0.0015198058    0.0000064965    0.0009435273
   1755    0.0015189686    0.0000064715    0.0009430069
   1756    0.0015181323    0.0000064465    0.0009424871
   1757    0.0015172969    0.0000064217    0.0009419677
   1758    0.0015164623    0.0000063970    0.0009414490
   1759    0.0015156285    0.0000063723    0.0009409307
   1760    0.0015147956    0.0000063478    0.0009404130
   1761    0.0015139635    0.0000063233    0.0009398958
   1762    0.0015131323    0.0000062990    0.0009393791
   1763    0.0015123020    0.0000062747    0.0009388630
   1764    0.0015114724    0.0000062506    0.0009383474
   1765    0.0015106438    0.0000062265    0.0009378323
   1766    0.0015098159    0.0000062026    0.0009373177
   1767    0.0015089889    0.0000061787    0.0009368037
   1768    0.0015081628    0.0000061550    0.0009362902
   1769    0.0015073375    0.0000061313    0.0009357772
   1770    0.0015065130    0.0000061077    0.0009352648
   1771    0.0015056894    0.0000060842    0.0009347528
   1772    0.0015048666    0.0000060608    0.0009342414
   1773    0.0015040446    0.0000060375    0.0009337306
   1774    0.0015032234    0.0000060143    0.0009332202
   1775    0.0015024031    0.0000059912    0.0009327104
   1776    0.0015015837    0.0000059682    0.0009322010
   1777    0.0015007650    0.0000059453    0.0009316922
   1778    0.0014999472    0.0000059225    0.0009311840
   1779    0.0014991302    0.0000058997    0.0009306762
   1780    0.0014983141    0.0000058771    0.0009301690
   1781    0.0014974988    0.0000058545    0.0009296622
   1782    0.0014966843    0.0000058321    0.0009291560
   1783    0.0014958706    0.0000058097    0.0009286503
   1784    0.0014950577    0.0000057874    0.0009281452
   1785    0.0014942457    0.0000057652    0.0009276405
   1786    0.0014934345    0.0000057431    0.0009271364
   1787    0.0014926241    0.0000057210    0.0009266327
   1788    0.0014918145    0.0000056991    0.0009261296
   1789    0.0014910057    0.0000056773    0.0009256270
   1790    0.0014901978    0.0000056555    0.0009251249
   1791    0.0014893907    0.0000056338    0.0009246233
   1792    0.0014885843    0.0000056122    0.0009241222
   1793    0.0014877788    0.0000055908    0.0009236216
   1794    0.0014869741    0.0000055693    0.0009231216
   1795    0.0014861703    0.0000055480    0.0009226220
   1796    0.0014853672    0.0000055268    0.0009221229
   1797    0.0014845649    0.0000055056    0.0009216244
   1798    0.0014837635    0.0000054845    0.0009211264
   1799    0.0014829628    0.0000054636    0.0009206288
   1800    0.0014821630    0.0000054426    0.0009201318
   1801    0.0014813640    0.0000054218    0.0009196353
   1802    0.0014805657    0.0000054011    0.0009191392
   1803    0.0014797683    0.0000053804    0.0009186437
   1804    0.0014789717    0.0000053599    0.0009181487
   1805    0.0014781758    0.0000053394    0.0009176542
   1806    0.0014773808    0.0000053190    0.0009171601
   1807    0.0014765866    0.0000052986    0.0009166666
   1808    0.0014757932    0.0000052784    0.0009161736
   1809    0.0014750005    0.0000052582    0.0009156811
   1810    0.0014742087    0.0000052382    0.0009151890
   1811    0.0014734176    0.0000052182    0.0009146975
   1812    0.0014726274    0.0000051982    0.0009142064
   1813    0.0014718379    0.0000051784    0.0009137159
   1814    0.0014710492    0.0000051586    0.0009132259
   1815    0.0014702614    0.0000051390    0.0009127363
   1816    0.0014694743    0.0000051193    0.0009122472
   1817    0.0014686880    0.0000050998    0.0009117587
   1818    0.0014679025    0.0000050804    0.0009112706
   1819    0.0014671177    0.0000050610    0.0009107830
   1820    0.0014663338    0.0000050417    0.0009102959
   1821    0.0014655506    0.0000050225    0.0009098093
   1822    0.0014647682    0.0000050034    0.0009093232
   1823    0.0014639866    0.0000049843    0.0009088376
   1824    0.0014632058    0.0000049653    0.0009083524
   1825    0.0014624258    0.0000049464    0.0009078678
   1826    0.0014616465    0.0000049276    0.0009073836
   1827    0.0014608680    0.0000049088    0.0009068999
   1828    0.0014600903    0.0000048901    0.0009064167
   1829    0.0014593134    0.0000048715    0.0009059340
   1830    0.0014585372    0.0000048530    0.0009054518
   1831    0.0014577619    0.0000048345    0.0009049701
   1832    0.0014569873    0.0000048162    0.0009044888
   1833    0.0014562134    0.0000047978    0.0009040080
   1834    0.0014554404    0.0000047796    0.0009035277
   1835    0.0014546681    0.0000047614    0.0009030479
   1836    0.0014538965    0.0000047434    0.0009025686
   1837    0.0014531258    0.0000047253    0.0009020897
   1838    0.0014523558    0.0000047074    0.0009016113
   1839    0.0014515865    0.0000046895    0.0009011335
   1840    0.0014508181    0.0000046717    0.0009006560
   1841    0.0014500504    0.0000046540    0.0009001791
   1842    0.0014492834    0.0000046363    0.0008997026
   1843    0.0014485173    0.0000046187    0.0008992266
   1844    0.0014477518    0.0000046012    0.0008987511
   1845    0.0014469872    0.0000045838    0.0008982761
   1846    0.0014462233    0.0000045664    0.0008978015
   1847    0.0014454602    0.0000045491    0.0008973274
   1848    0.0014446978    0.0000045318    0.0008968538
   1849    0.0014439361    0.0000045147    0.0008963806
   1850    0.0014431753    0.0000044976    0.0008959080
   1851    0.0014424151    0.0000044805    0.0008954358
   1852    0.0014416558    0.0000044636    0.0008949640
   1853    0.0014408972    0.0000044467    0.0008944928
   1854    0.0014401393    0.0000044298    0.0008940220
   1855    0.0014393822    0.0000044131    0.0008935516
   1856    0.0014386258    0.0000043964    0.0008930818
   1857    0.0014378702    0.0000043798    0.0008926124
   1858    0.0014371153    0.0000043632    0.0008921434
   1859    0.0014363612    0.0000043467    0.0008916750
   1860    0.0014356078    0.0000043303    0.0008912070
   1861    0.0014348552    0.0000043139    0.0008907394
   1862    0.0014341033    0.0000042976    0.0008902724
   1863    0.0014333521    0.0000042814    0.0008898058
   1864    0.0014326017    0.0000042652    0.0008893396
   1865    0.0014318520    0.0000042491    0.0008888739
   1866    0.0014311031    0.0000042331    0.0008884087
   1867    0.0014303549    0.0000042171    0.0008879439
   1868    0.0014296075    0.0000042012    0.0008874796
   1869    0.0014288607    0.0000041854    0.0008870158
   1870    0.0014281147    0.0000041696    0.0008865524
   1871    0.0014273695    0.0000041539    0.0008860895
   1872    0.0014266250    0.0000041382    0.0008856270
   1873    0.0014258812    0.0000041226    0.0008851650
   1874    0.0014251381    0.0000041071    0.0008847035
   1875    0.0014243958    0.0000040916    0.0008842424
   1876    0.0014236542    0.0000040762    0.0008837817
   1877    0.0014229133    0.0000040609    0.0008833215
   1878    0.0014221732    0.0000040456    0.0008828618
   1879    0.0014214338    0.0000040304    0.0008824025
   1880    0.0014206951    0.0000040152    0.0008819437
   1881    0.0014199571    0.0000040001    0.0008814853
   1882    0.0014192199    0.0000039851    0.0008810274
   1883    0.0014184834    0.0000039701    0.0008805699
   1884    0.0014177476    0.0000039552    0.0008801129
   1885    0.0014170125    0.0000039403    0.0008796563
   1886    0.0014162781    0.0000039255    0.0008792002
   1887    0.0014155445    0.0000039108    0.0008787445
   1888    0.0014148116    0.0000038961    0.0008782893
   1889    0.0014140794    0.0000038815    0.0008778345
   1890    0.0014133479    0.0000038669    0.0008773802
   1891    0.0014126171    0.0000038524    0.0008769263
   1892    0.0014118871    0.0000038380    0.0008764729
   1893    0.0014111577    0.0000038236    0.0008760199
   1894    0.0014104291    0.0000038092    0.0008755673
   1895    0.0014097012    0.0000037950    0.0008751152
   1896    0.0014089740    0.0000037808    0.0008746636
   1897    0.0014082475    0.0000037666    0.0008742123
   1898    0.0014075217    0.0000037525    0.0008737616
   1899    0.0014067966    0.0000037385    0.0008733112
   1900    0.0014060722    0.0000037245    0.0008728613
   1901    0.0014053486    0.0000037105    0.0008724119
   1902    0.0014046256    0.0000036967    0.0008719629
   1903    0.0014039033    0.0000036828    0.0008715143
   1904    0.0014031818    0.0000036691    0.0008710662
   1905    0.0014024609    0.0000036554    0.0008706185
   1906    0.0014017408    0.0000036417    0.0008701712
   1907    0.0014010213    0.0000036281    0.0008697244
   1908    0.0014003026    0.0000036146    0.0008692780
   1909    0.0013995845    0.0000036011    0.0008688320
   1910    0.0013988672    0.0000035876    0.0008683865
   1911    0.0013981505    0.0000035743    0.0008679414
   1912    0.0013974345    0.0000035609    0.0008674968
   1913    0.0013967193    0.0000035476    0.0008670526
   1914    0.0013960047    0.0000035344    0.0008666088
   1915    0.0013952908    0.0000035213    0.0008661654
   1916    0.0013945776    0.0000035081    0.0008657225
   1917    0.0013938651    0.0000034951    0.0008652800
   1918    0.0013931533    0.0000034821    0.0008648380
   1919    0.0013924422    0.0000034691    0.0008643964
   1920    0.0013917318    0.0000034562    0.0008639552
   1921    0.0013910221    0.0000034433    0.0008635144
   1922    0.0013903130    0.0000034305    0.0008630741
   1923    0.0013896046    0.0000034178    0.0008626341
   1924    0.0013888970    0.0000034051    0.0008621947
   1925    0.0013881900    0.0000033924    0.0008617556
   1926    0.0013874836    0.0000033798    0.0008613170
   1927    0.0013867780    0.0000033673    0.0008608788
   1928    0.0013860731    0.0000033548    0.0008604410
   1929    0.0013853688    0.0000033423    0.0008600036
   1930    0.0013846652    0.0000033299    0.0008595667
   1931    0.0013839623    0.0000033176    0.0008591302
   1932    0.0013832601    0.0000033053    0.0008586941
   1933    0.0013825585    0.0000032930    0.0008582584
   1934    0.0013818576    0.0000032808    0.0008578232
   1935    0.0013811574    0.0000032687    0.0008573884
   1936    0.0013804579    0.0000032566    0.0008569540
   1937    0.0013797590    0.0000032445    0.0008565200
   1938    0.0013790609    0.0000032325    0.0008560864
   1939    0.0013783633    0.0000032206    0.0008556533
   1940    0.0013776665    0.0000032086    0.0008552206
   1941    0.0013769703    0.0000031968    0.0008547883
   1942    0.0013762748    0.0000031850    0.0008543564
   1943    0.0013755800    0.0000031732    0.0008539249
   1944    0.0013748858    0.0000031615    0.0008534938
   1945    0.0013741923    0.0000031498    0.0008530632
   1946    0.0013734995    0.0000031382    0.0008526330
   1947    0.0013728074    0.0000031266    0.0008522032
   1948    0.0013721158    0.0000031151    0.0008517738
   1949    0.0013714250    0.0000031036    0.0008513448
   1950    0.0013707348    0.0000030921    0.0008509162
   1951    0.0013700453    0.0000030807    0.0008504880
   1952    0.0013693565    0.0000030694    0.0008500603
   1953    0.0013686683    0.0000030581    0.0008496330
   1954    0.0013679807    0.0000030468    0.0008492060
   1955    0.0013672939    0.0000030356    0.0008487795
   1956    0.0013666076    0.0000030245    0.0008483534
   1957    0.0013659221    0.0000030133    0.0008479277
   1958    0.0013652372    0.0000030022    0.0008475024
   1959    0.0013645529    0.0000029912    0.0008470776
   1960    0.0013638693    0.0000029802    0.0008466531
   1961    0.0013631864    0.0000029693    0.0008462290
   1962    0.0013625041    0.0000029584    0.0008458054
   1963    0.0013618224    0.0000029475    0.0008453821
   1964    0.0013611415    0.0000029367    0.0008449593
   1965    0.0013604611    0.0000029259    0.0008445368
   1966    0.0013597814    0.0000029152    0.0008441148
   1967    0.0013591024    0.0000029045    0.0008436931
   1968    0.0013584240    0.0000028939    0.0008432719
   1969    0.0013577462    0.0000028833    0.0008428511
   1970    0.0013570691    0.0000028727    0.0008424307
   1971    0.0013563927    0.0000028622    0.0008420106
   1972    0.0013557168    0.0000028517    0.0008415910
   1973    0.0013550417    0.0000028413    0.0008411718
   1974    0.0013543671    0.0000028309    0.0008407530
   1975    0.0013536933    0.0000028206    0.0008403345
   1976    0.0013530200    0.0000028103    0.0008399165
   1977    0.0013523474    0.0000028000    0.0008394989
   1978    0.0013516754    0.0000027898    0.0008390817
   1979    0.0013510041    0.0000027796    0.0008386648
   1980    0.0013503334    0.0000027694    0.0008382484
   1981    0.0013496633    0.0000027593    0.0008378324
   1982    0.0013489939    0.0000027493    0.0008374167
   1983    0.0013483251    0.0000027393    0.0008370015
   1984    0.0013476570    0.0000027293    0.0008365866
   1985    0.0013469894    0.0000027193    0.0008361722
   1986    0.0013463226    0.0000027094    0.0008357581
   1987    0.0013456563    0.0000026996    0.0008353444
   1988    0.0013449907    0.0000026898    0.0008349312
   1989    0.0013443257    0.0000026800    0.0008345183
   1990    0.0013436613    0.0000026702    0.0008341058
   1991    0.0013429976    0.0000026605    0.0008336937
   1992    0.0013423345    0.0000026509    0.0008332820
   1993    0.0013416720    0.0000026413    0.0008328706
   1994    0.0013410101    0.0000026317    0.0008324597
   1995    0.0013403489    0.0000026221    0.0008320492
   1996    0.0013396883    0.0000026126    0.0008316390
   1997    0.0013390283    0.0000026031    0.0008312293
   1998    0.0013383689    0.0000025937    0.0008308199
   1999    0.0013377102    0.0000025843    0.0008304109
   2000    0.0013370521    0.0000025749    0.0008300023
   2001    0.0013363946    0.0000025656    0.0008295941
   2002    0.0013357377    0.0000025563    0.0008291862
   2003    0.0013350814    0.0000025471    0.0008287788
   2004    0.0013344258    0.0000025379    0.0008283717
   2005    0.0013337707    0.0000025287    0.0008279651
   2006    0.0013331163    0.0000025196    0.0008275588
   2007    0.0013324625    0.0000025105    0.0008271529
   2008    0.0013318093    0.0000025014    0.0008267473
   2009    0.0013311568    0.0000024924    0.0008263422
   2010    0.0013305048    0.0000024834    0.0008259374
   2011    0.0013298535    0.0000024745    0.0008255331
   2012    0.0013292028    0.0000024655    0.0008251291
   2013    0.0013285526    0.0000024567    0.0008247254
   2014    0.0013279031    0.0000024478    0.0008243222
   2015    0.0013272542    0.0000024390    0.0008239193
   2016    0.0013266059    0.0000024302    0.0008235168
   2017    0.0013259582    0.0000024215    0.0008231147
   2018    0.0013253112    0.0000024128    0.0008227130
   2019    0.0013246647    0.0000024041    0.0008223117
   2020    0.0013240188    0.0000023955    0.0008219107
   2021    0.0013233736    0.0000023869    0.0008215101
   2022    0.0013227289    0.0000023783    0.0008211099
   2023    0.0013220849    0.0000023698    0.0008207100
   2024    0.0013214414    0.0000023613    0.0008203106
   2025    0.0013207986    0.0000023528    0.0008199115
   2026    0.0013201563    0.0000023444    0.0008195127
   2027    0.0013195147    0.0000023360    0.0008191144
   2028    0.0013188736    0.0000023276    0.0008187164
   2029    0.0013182331    0.0000023193    0.0008183188
   2030    0.0013175933    0.0000023110    0.0008179216
   2031    0.0013169540    0.0000023027    0.0008175247
   2032    0.0013163154    0.0000022945    0.0008171282
   2033    0.0013156773    0.0000022863    0.0008167321
   2034    0.0013150398    0.0000022781    0.0008163364
   2035    0.0013144029    0.0000022700    0.0008159410
   2036    0.0013137667    0.0000022619    0.0008155460
   2037    0.0013131310    0.0000022538    0.0008151514
   2038    0.0013124959    0.0000022458    0.0008147571
   2039    0.0013118614    0.0000022378    0.0008143632
   2040    0.0013112274    0.0000022298    0.0008139696
   2041    0.0013105941    0.0000022219    0.0008135765
   2042    0.0013099614    0.0000022140    0.0008131837
   2043    0.0013093292    0.0000022061    0.0008127912
   2044    0.0013086976    0.0000021983    0.0008123992
   2045    0.0013080666    0.0000021905    0.0008120074
   2046    0.0013074362    0.0000021827    0.0008116161
   2047    0.0013068064    0.0000021749    0.0008112251
   2048    0.0013061772    0.0000021672    0.0008108345
   2049    0.0013055486    0.0000021595    0.0008104442
   2050    0.0013049205    0.0000021519    0.0008100544
   2051    0.0013042930    0.0000021442    0.0008096648
   2052    0.0013036661    0.0000021366    0.0008092757
   2053    0.0013030398    0.0000021291    0.0008088869
   2054    0.0013024141    0.0000021215    0.0008084984
   2055    0.0013017889    0.0000021140    0.0008081103
   2056    0.0013011643    0.0000021066    0.0008077226
   2057    0.0013005403    0.0000020991    0.0008073352
   2058    0.0012999169    0.0000020917    0.0008069482
   2059    0.0012992940    0.0000020843    0.0008065616
   2060    0.0012986717    0.0000020770    0.0008061753
   2061    0.0012980500    0.0000020696    0.0008057893
   2062    0.0012974289    0.0000020623    0.0008054038
   2063    0.0012968083    0.0000020551    0.0008050185
   2064    0.0012961884    0.0000020478    0.0008046337
   2065    0.0012955689    0.0000020406    0.0008042492
   2066    0.0012949501    0.0000020334    0.0008038650
   2067    0.0012943318    0.0000020263    0.0008034812
   2068    0.0012937141    0.0000020192    0.0008030978
   2069    0.0012930970    0.0000020121    0.0008027147
   2070    0.0012924804    0.0000020050    0.0008023319
   2071    0.0012918644    0.0000019980    0.0008019496
   2072    0.0012912490    0.0000019910    0.0008015675
   2073    0.0012906341    0.0000019840    0.0008011858
   2074    0.0012900198    0.0000019770    0.0008008045
   2075    0.0012894061    0.0000019701    0.0008004235
   2076    0.0012887929    0.0000019632    0.0008000429
   2077    0.0012881803    0.0000019563    0.0007996626
   2078    0.0012875682    0.0000019495    0.0007992827
   2079    0.0012869568    0.0000019427    0.0007989031
   2080    0.0012863458    0.0000019359    0.0007985239
   2081    0.0012857355    0.0000019291    0.0007981450
   2082    0.0012851256    0.0000019224    0.0007977665
   2083    0.0012845164    0.0000019157    0.0007973883
   2084    0.0012839077    0.0000019090    0.0007970104
   2085    0.0012832996    0.0000019023    0.0007966329
   2086    0.0012826920    0.0000018957    0.0007962558
   2087    0.0012820850    0.0000018891    0.0007958790
   2088    0.0012814785    0.0000018825    0.0007955025
   2089    0.0012808726    0.0000018760    0.0007951264
   2090    0.0012802672    0.0000018695    0.0007947507
   2091    0.0012796624    0.0000018630    0.0007943752
   2092    0.0012790582    0.0000018565    0.0007940002
   2093    0.0012784545    0.0000018500    0.0007936254
   2094    0.0012778513    0.0000018436    0.0007932510
   2095    0.0012772487    0.0000018372    0.0007928770
   2096    0.0012766466    0.0000018309    0.0007925033
   2097    0.0012760451    0.0000018245    0.0007921299
   2098    0.0012754442    0.0000018182    0.0007917569
   2099    0.0012748438    0.0000018119    0.0007913842
   2100    0.0012742439    0.0000018056    0.0007910118
   2101    0.0012736446    0.0000017994    0.0007906398
   2102    0.0012730458    0.0000017932    0.0007902682
   2103    0.0012724476    0.0000017870    0.0007898968
   2104    0.0012718499    0.0000017808    0.0007895258
   2105    0.0012712528    0.0000017747    0.0007891552
   2106    0.0012706562    0.0000017686    0.0007887849
   2107    0.0012700601    0.0000017625    0.0007884149
   2108    0.0012694646    0.0000017564    0.0007880452
   2109    0.0012688696    0.0000017504    0.0007876759
   2110    0.0012682752    0.0000017443    0.0007873070
   2111    0.0012676813    0.0000017383    0.0007869383
   2112    0.0012670880    0.0000017324    0.0007865700
   2113    0.0012664951    0.0000017264    0.0007862021
   2114    0.0012659028    0.0000017205    0.0007858344
   2115    0.0012653111    0.0000017146    0.0007854671
   2116    0.0012647199    0.0000017087    0.0007851002
   2117    0.0012641292    0.0000017029    0.0007847335
   2118    0.0012635391    0.0000016970    0.0007843672
   2119    0.0012629495    0.0000016912    0.0007840013
   2120    0.0012623604    0.0000016854    0.0007836356
   2121    0.0012617719    0.0000016797    0.0007832703
   2122    0.0012611839    0.0000016739    0.0007829053
   2123    0.0012605964    0.0000016682    0.0007825407
   2124    0.0012600094    0.0000016625    0.0007821764
   2125    0.0012594230    0.0000016568    0.0007818124
   2126    0.0012588371    0.0000016512    0.0007814487
   2127    0.0012582518    0.0000016456    0.0007810854
   2128    0.0012576669    0.0000016400    0.0007807224
   2129    0.0012570826    0.0000016344    0.0007803597
   2130    0.0012564988    0.0000016288    0.0007799974
   2131    0.0012559156    0.0000016233    0.0007796354
   2132    0.0012553329    0.0000016178    0.0007792737
   2133    0.0012547507    0.0000016123    0.0007789123
   2134    0.0012541690    0.0000016068    0.0007785512
   2135    0.0012535878    0.0000016014    0.0007781905
   2136    0.0012530072    0.0000015959    0.0007778301
   2137    0.0012524271    0.0000015905    0.0007774701
   2138    0.0012518475    0.0000015851    0.0007771103
   2139    0.0012512684    0.0000015798    0.0007767509
   2140    0.0012506898    0.0000015744    0.0007763918
   2141    0.0012501118    0.0000015691    0.0007760330
   2142    0.0012495343    0.0000015638    0.0007756746
   2143    0.0012489573    0.0000015585    0.0007753165
   2144    0.0012483808    0.0000015533    0.0007749586
   2145    0.0012478049    0.0000015481    0.0007746012
   2146    0.0012472294    0.0000015428    0.0007742440
   2147    0.0012466545    0.0000015376    0.0007738871
   2148    0.0012460801    0.0000015325    0.0007735306
   2149    0.0012455062    0.0000015273    0.0007731744
   2150    0.0012449328    0.0000015222    0.0007728185
   2151    0.0012443599    0.0000015171    0.0007724630
   2152    0.0012437875    0.0000015120    0.0007721077
   2153    0.0012432157    0.0000015069    0.0007717528
   2154    0.0012426443    0.0000015019    0.0007713982
   2155    0.0012420735    0.0000014968    0.0007710439
   2156    0.0012415032    0.0000014918    0.0007706899
   2157    0.0012409334    0.0000014868    0.0007703362
   2158    0.0012403641    0.0000014819    0.0007699829
   2159    0.0012397953    0.0000014769    0.0007696298
   2160    0.0012392270    0.0000014720    0.0007692771
   2161    0.0012386592    0.0000014671    0.0007689247
   2162    0.0012380919    0.0000014622    0.0007685726
   2163    0.0012375251    0.0000014573    0.0007682208
   2164    0.0012369589    0.0000014524    0.0007678694
   2165    0.0012363931    0.0000014476    0.0007675182
   2166    0.0012358278    0.0000014428    0.0007671674
   2167    0.0012352631    0.0000014380    0.0007668169
   2168    0.0012346988    0.0000014332    0.0007664667
   2169    0.0012341350    0.0000014284    0.0007661168
   2170    0.0012335718    0.0000014237    0.0007657672
   2171    0.0012330090    0.0000014190    0.0007654179
   2172    0.0012324468    0.0000014143    0.0007650689
   2173    0.0012318850    0.0000014096    0.0007647203
   2174    0.0012313238    0.0000014049    0.0007643719
   2175    0.0012307630    0.0000014003    0.0007640239
   2176    0.0012302027    0.0000013957    0.0007636762
   2177    0.0012296430    0.0000013911    0.0007633287
   2178    0.0012290837    0.0000013865    0.0007629816
   2179    0.0012285249    0.0000013819    0.0007626348
   2180    0.0012279666    0.0000013773    0.0007622883
   2181    0.0012274088    0.0000013728    0.0007619421
   2182    0.0012268515    0.0000013683    0.0007615962
   2183    0.0012262947    0.0000013638    0.0007612507
   2184    0.0012257384    0.0000013593    0.0007609054
   2185    0.0012251826    0.0000013548    0.0007605604
   2186    0.0012246273    0.0000013504    0.0007602157
   2187    0.0012240724    0.0000013460    0.0007598714
   2188    0.0012235181    0.0000013415    0.0007595273
   2189    0.0012229642    0.0000013371    0.0007591836
   2190    0.0012224108    0.0000013328    0.0007588401
   2191    0.0012218579    0.0000013284    0.0007584970
   2192    0.0012213055    0.0000013241    0.0007581542
   2193    0.0012207536    0.0000013197    0.0007578116
   2194    0.0012202022    0.0000013154    0.0007574694
   2195    0.0012196513    0.0000013111    0.0007571274
   2196    0.0012191008    0.0000013069    0.0007567858
   2197    0.0012185508    0.0000013026    0.0007564445
   2198    0.0012180014    0.0000012984    0.0007561034
   2199    0.0012174523    0.0000012941    0.0007557627
   2200    0.0012169038    0.0000012899    0.0007554223
   2201    0.0012163558    0.0000012857    0.0007550821
   2202    0.0012158082    0.0000012816    0.0007547423
   2203    0.0012152611    0.0000012774    0.0007544028
   2204    0.0012147145    0.0000012733    0.0007540635
   2205    0.0012141684    0.0000012691    0.0007537246
   2206    0.0012136228    0.0000012650    0.0007533860
   2207    0.0012130776    0.0000012609    0.0007530476
   2208    0.0012125329    0.0000012569    0.0007527096
   2209    0.0012119887    0.0000012528    0.0007523718
   2210    0.0012114450    0.0000012488    0.0007520344
   2211    0.0012109017    0.0000012447    0.0007516972
   2212    0.0012103589    0.0000012407    0.0007513603
   2213    0.0012098166    0.0000012367    0.0007510238
   2214    0.0012092748    0.0000012327    0.0007506875
   2215    0.0012087334    0.0000012288    0.0007503515
   2216    0.0012081926    0.0000012248    0.0007500158
   2217    0.0012076521    0.0000012209    0.0007496804
   2218    0.0012071122    0.0000012170    0.0007493453
   2219    0.0012065727    0.0000012131    0.0007490105
   2220    0.0012060337    0.0000012092    0.0007486760
   2221    0.0012054952    0.0000012053    0.0007483418
   2222    0.0012049571    0.0000012015    0.0007480078
   2223    0.0012044195    0.0000011976    0.0007476742
   2224    0.0012038824    0.0000011938    0.0007473408
   2225    0.0012033458    0.0000011900    0.0007470078
   2226    0.0012028096    0.0000011862    0.0007466750
   2227    0.0012022739    0.0000011824    0.0007463425
   2228    0.0012017386    0.0000011786    0.0007460103
   2229    0.0012012038    0.0000011749    0.0007456784
   2230    0.0012006695    0.0000011712    0.0007453468
   2231    0.0012001356    0.0000011674    0.0007450155
   2232    0.0011996022    0.0000011637    0.0007446845
   2233    0.0011990693    0.0000011600    0.0007443537
   2234    0.0011985368    0.0000011564    0.0007440233
   2235    0.0011980048    0.0000011527    0.0007436931
   2236    0.0011974732    0.0000011490    0.0007433632
   2237    0.0011969422    0.0000011454    0.0007430336
   2238    0.0011964115    0.0000011418    0.0007427043
   2239    0.0011958814    0.0000011382    0.0007423753
   2240    0.0011953516    0.0000011346    0.0007420465
   2241    0.0011948224    0.0000011310    0.0007417180
   2242    0.0011942936    0.0000011275    0.0007413899
   2243    0.0011937653    0.0000011239    0.0007410620
   2244    0.0011932374    0.0000011204    0.0007407344
   2245    0.0011927100    0.0000011169    0.0007404071
   2246    0.0011921830    0.0000011133    0.0007400800
   2247    0.0011916565    0.0000011099    0.0007397533
   2248    0.0011911304    0.0000011064    0.0007394268
   2249    0.0011906048    0.0000011029    0.0007391006
   2250    0.0011900797    0.0000010995    0.0007387747
   2251    0.0011895550    0.0000010960    0.0007384490
   2252    0.0011890307    0.0000010926    0.0007381237
   2253    0.0011885069    0.0000010892    0.0007377986
   2254    0.0011879836    0.0000010858    0.0007374738
   2255    0.0011874607    0.0000010824    0.0007371493
   2256    0.0011869383    0.0000010790    0.0007368251
   2257    0.0011864163    0.0000010757    0.0007365012
   2258    0.0011858947    0.0000010723    0.0007361775
   2259    0.0011853736    0.0000010690    0.0007358541
   2260    0.0011848530    0.0000010657    0.0007355310
   2261    0.0011843328    0.0000010624    0.0007352081
   2262    0.0011838130    0.0000010591    0.0007348856
   2263    0.0011832937    0.0000010558    0.0007345633
   2264    0.0011827749    0.0000010525    0.0007342413
   2265    0.0011822565    0.0000010493    0.0007339196
   2266    0.0011817385    0.0000010460    0.0007335981
   2267    0.0011812210    0.0000010428    0.0007332770
   2268    0.0011807039    0.0000010396    0.0007329561
   2269    0.0011801873    0.0000010364    0.0007326354
   2270    0.0011796711    0.0000010332    0.0007323151
   2271    0.0011791553    0.0000010300    0.0007319950
   2272    0.0011786400    0.0000010268    0.0007316752
   2273    0.0011781251    0.0000010237    0.0007313557
   2274    0.0011776107    0.0000010205    0.0007310364
   2275    0.0011770967    0.0000010174    0.0007307174
   2276    0.0011765832    0.0000010143    0.0007303987
   2277    0.0011760700    0.0000010112    0.0007300803
   2278    0.0011755574    0.0000010081    0.0007297621
   2279    0.0011750451    0.0000010050    0.0007294443
   2280    0.0011745333    0.0000010019    0.0007291266
   2281    0.0011740220    0.0000009989    0.0007288093
   2282    0.0011735110    0.0000009958    0.0007284922
   2283    0.0011730006    0.0000009928    0.0007281754
   2284    0.0011724905    0.0000009898    0.0007278589
   2285    0.0011719809    0.0000009868    0.0007275426
   2286    0.0011714717    0.0000009838    0.0007272266
   2287    0.0011709629    0.0000009808    0.0007269109
   2288    0.0011704546    0.0000009778    0.0007265954
   2289    0.0011699467    0.0000009749    0.0007262802
   2290    0.0011694393    0.0000009719    0.0007259653
   2291    0.0011689323    0.0000009690    0.0007256507
   2292    0.0011684257    0.0000009660    0.0007253363
   2293    0.0011679195    0.0000009631    0.0007250222
   2294    0.0011674138    0.0000009602    0.0007247083
   2295    0.0011669085    0.0000009573    0.0007243947
   2296    0.0011664036    0.0000009545    0.0007240814
   2297    0.0011658991    0.0000009516    0.0007237684
   2298    0.0011653951    0.0000009487    0.0007234556
   2299    0.0011648915    0.0000009459    0.0007231430
   2300    0.0011643884    0.0000009430    0.0007228308
   2301    0.0011638856    0.0000009402    0.0007225188
   2302    0.0011633833    0.0000009374    0.0007222071
   2303    0.0011628814    0.0000009346    0.0007218956
   2304    0.0011623800    0.0000009318    0.0007215844
   2305    0.0011618789    0.0000009290    0.0007212735
   2306    0.0011613783    0.0000009262    0.0007209628
   2307    0.0011608781    0.0000009235    0.0007206524
   2308    0.0011603783    0.0000009207    0.0007203422
   2309    0.0011598790    0.0000009180    0.0007200324
   2310    0.0011593801    0.0000009153    0.0007197227
   2311    0.0011588816    0.0000009125    0.0007194134
   2312    0.0011583835    0.0000009098    0.0007191043
   2313    0.0011578858    0.0000009071    0.0007187954
   2314    0.0011573886    0.0000009045    0.0007184868
   2315    0.0011568917    0.0000009018    0.0007181785
   2316    0.0011563953    0.0000008991    0.0007178705
   2317    0.0011558994    0.0000008965    0.0007175627
   2318    0.0011554038    0.0000008938    0.0007172551
   2319    0.0011549086    0.0000008912    0.0007169478
   2320    0.0011544139    0.0000008886    0.0007166408
   2321    0.0011539196    0.0000008859    0.0007163341
   2322    0.0011534257    0.0000008833    0.0007160276
   2323    0.0011529322    0.0000008807    0.0007157213
   2324    0.0011524391    0.0000008782    0.0007154153
   2325    0.0011519464    0.0000008756    0.0007151096
   2326    0.0011514542    0.0000008730    0.0007148041
   2327    0.0011509624    0.0000008705    0.0007144989
   2328    0.0011504709    0.0000008679    0.0007141939
   2329    0.0011499799    0.0000008654    0.0007138892
   2330    0.0011494893    0.0000008629    0.0007135848
   2331    0.0011489991    0.0000008604    0.0007132806
   2332    0.0011485094    0.0000008579    0.0007129766
   2333    0.0011480200    0.0000008554    0.0007126729
   2334    0.0011475310    0.0000008529    0.0007123695
   2335    0.0011470425    0.0000008504    0.0007120663
   2336    0.0011465543    0.0000008479    0.0007117634
   2337    0.0011460666    0.0000008455    0.0007114607
   2338    0.0011455793    0.0000008430    0.0007111583
   2339    0.0011450924    0.0000008406    0.0007108561
   2340    0.0011446059    0.0000008382    0.0007105542
   2341    0.0011441198    0.0000008357    0.0007102526
   2342    0.0011436341    0.0000008333    0.0007099511
   2343    0.0011431488    0.0000008309    0.0007096500
   2344    0.0011426639    0.0000008285    0.0007093491
   2345    0.0011421794    0.0000008262    0.0007090484
   2346    0.0011416953    0.0000008238    0.0007087480
   2347    0.0011412116    0.0000008214    0.0007084479
   2348    0.0011407284    0.0000008191    0.0007081480
   2349    0.0011402455    0.0000008167    0.0007078483
   2350    0.0011397630    0.0000008144    0.0007075489
   2351    0.0011392810    0.0000008121    0.0007072497
   2352    0.0011387993    0.0000008098    0.0007069508
   2353    0.0011383180    0.0000008074    0.0007066522
   2354    0.0011378372    0.0000008051    0.0007063538
   2355    0.0011373567    0.0000008029    0.0007060556
   2356    0.0011368766    0.0000008006    0.0007057577
   2357    0.0011363969    0.0000007983    0.0007054600
   2358    0.0011359177    0.0000007960    0.0007051626
   2359    0.0011354388    0.0000007938    0.0007048654
   2360    0.0011349603    0.0000007915    0.0007045685
   2361    0.0011344822    0.0000007893    0.0007042718
   2362    0.0011340046    0.0000007871    0.0007039754
   2363    0.0011335273    0.0000007848    0.0007036792
   2364    0.0011330504    0.0000007826    0.0007033832
   2365    0.0011325739    0.0000007804    0.0007030875
   2366    0.0011320978    0.0000007782    0.0007027921
   2367    0.0011316221    0.0000007760    0.0007024969
   2368    0.0011311467    0.0000007739    0.0007022019
   2369    0.0011306718    0.0000007717    0.0007019072
   2370    0.0011301973    0.0000007695    0.0007016127
   2371    0.0011297231    0.0000007674    0.0007013185
   2372    0.0011292494    0.0000007652    0.0007010245
   2373    0.0011287760    0.0000007631    0.0007007307
   2374    0.0011283031    0.0000007610    0.0007004372
   2375    0.0011278305    0.0000007588    0.0007001440
   2376    0.0011273583    0.0000007567    0.0006998509
   2377    0.0011268865    0.0000007546    0.0006995582
   2378    0.0011264151    0.0000007525    0.0006992656
   2379    0.0011259441    0.0000007504    0.0006989733
   2380    0.0011254734    0.0000007484    0.0006986813
   2381    0.0011250032    0.0000007463    0.0006983895
   2382    0.0011245333    0.0000007442    0.0006980979
   2383    0.0011240639    0.0000007422    0.0006978065
   2384    0.0011235948    0.0000007401    0.0006975154
   2385    0.0011231261    0.0000007381    0.0006972246
   2386    0.0011226577    0.0000007361    0.0006969340
   2387    0.0011221898    0.0000007340    0.0006966436
   2388    0.0011217223    0.0000007320    0.0006963534
   2389    0.0011212551    0.0000007300    0.0006960635
   2390    0.0011207883    0.0000007280    0.0006957739
   2391    0.0011203219    0.0000007260    0.0006954844
   2392    0.0011198559    0.0000007240    0.0006951953
   2393    0.0011193903    0.0000007220    0.0006949063
   2394    0.0011189250    0.0000007201    0.0006946176
   2395    0.0011184601    0.0000007181    0.0006943291
   2396    0.0011179956    0.0000007162    0.0006940409
   2397    0.0011175315    0.0000007142    0.0006937529
   2398    0.0011170678    0.0000007123    0.0006934651
   2399    0.0011166044    0.0000007103    0.0006931775
   2400    0.0011161415    0.0000007084    0.0006928902
   2401    0.0011156789    0.0000007065    0.0006926032
   2402    0.0011152167    0.0000007046    0.0006923163
   2403    0.0011147548    0.0000007027    0.0006920297
   2404    0.0011142934    0.0000007008    0.0006917434
   2405    0.0011138323    0.0000006989    0.0006914572
   2406    0.0011133716    0.0000006970    0.0006911713
   2407    0.0011129112    0.0000006951    0.0006908857
   2408    0.0011124513    0.0000006933    0.0006906002
   2409    0.0011119917    0.0000006914    0.0006903150
   2410    0.0011115325    0.0000006895    0.0006900301
   2411    0.0011110736    0.0000006877    0.0006897453
   2412    0.0011106152    0.0000006858    0.0006894608
   2413    0.0011101571    0.0000006840    0.0006891766
   2414    0.0011096993    0.0000006822    0.0006888925
   2415    0.0011092420    0.0000006804    0.0006886087
   2416    0.0011087850    0.0000006786    0.0006883251
   2417    0.0011083284    0.0000006768    0.0006880418
   2418    0.0011078722    0.0000006750    0.0006877587
   2419    0.0011074163    0.0000006732    0.0006874758
   2420    0.0011069608    0.0000006714    0.0006871931
   2421    0.0011065057    0.0000006696    0.0006869107
   2422    0.0011060509    0.0000006678    0.0006866285
   2423    0.0011055966    0.0000006661    0.0006863465
   2424    0.0011051425    0.0000006643    0.0006860648
   2425    0.0011046889    0.0000006626    0.0006857833
   2426    0.0011042356    0.0000006608    0.0006855020
   2427    0.0011037827    0.0000006591    0.0006852209
   2428    0.0011033301    0.0000006573    0.0006849401
   2429    0.0011028780    0.0000006556    0.0006846595
   2430    0.0011024261    0.0000006539    0.0006843791
   2431    0.0011019747    0.0000006522    0.0006840990
   2432    0.0011015236    0.0000006505    0.0006838190
   2433    0.0011010729    0.0000006488    0.0006835393
   2434    0.0011006225    0.0000006471    0.0006832599
   2435    0.0011001725    0.0000006454    0.0006829806
   2436    0.0010997229    0.0000006437    0.0006827016
   2437    0.0010992736    0.0000006421    0.0006824228
   2438    0.0010988247    0.0000006404    0.0006821442
   2439    0.0010983762    0.0000006387    0.0006818659
   2440    0.0010979280    0.0000006371    0.0006815878
   2441    0.0010974801    0.0000006354    0.0006813099
   2442    0.0010970327    0.0000006338    0.0006810322
   2443    0.0010965856    0.0000006321    0.0006807547
   2444    0.0010961388    0.0000006305    0.0006804775
   2445    0.0010956924    0.0000006289    0.0006802005
   2446    0.0010952464    0.0000006273    0.0006799237
   2447    0.0010948007    0.0000006257    0.0006796472
   2448    0.0010943554    0.0000006241    0.0006793708
   2449    0.0010939105    0.0000006225    0.0006790947
   2450    0.0010934659    0.0000006209    0.0006788188
   2451    0.0010930217    0.0000006193    0.0006785431
   2452    0.0010925778    0.0000006177    0.0006782677
   2453    0.0010921342    0.0000006161    0.0006779925
   2454    0.0010916911    0.0000006146    0.0006777175
   2455    0.0010912483    0.0000006130    0.0006774427
   2456    0.0010908058    0.0000006114    0.0006771681
   2457    0.0010903637    0.0000006099    0.0006768937
   2458    0.0010899219    0.0000006083    0.0006766196
   2459    0.0010894805    0.0000006068    0.0006763457
   2460    0.0010890395    0.0000006053    0.0006760720
   2461    0.0010885988    0.0000006037    0.0006757985
   2462    0.0010881585    0.0000006022    0.0006755253
   2463    0.0010877185    0.0000006007    0.0006752523
   2464    0.0010872788    0.0000005992    0.0006749794
   2465    0.0010868395    0.0000005977    0.0006747068
   2466    0.0010864006    0.0000005962    0.0006744345
   2467    0.0010859620    0.0000005947    0.0006741623
   2468    0.0010855238    0.0000005932    0.0006738903
   2469    0.0010850859    0.0000005917    0.0006736186
   2470    0.0010846484    0.0000005902    0.0006733471
   2471    0.0010842112    0.0000005888    0.0006730758
   2472    0.0010837743    0.0000005873    0.0006728047
   2473    0.0010833378    0.0000005858    0.0006725339
   2474    0.0010829017    0.0000005844    0.0006722632
   2475    0.0010824659    0.0000005829    0.0006719928
   2476    0.0010820304    0.0000005815    0.0006717225
   2477    0.0010815953    0.0000005800    0.0006714525
   2478    0.0010811606    0.0000005786    0.0006711828
   2479    0.0010807261    0.0000005772    0.0006709132
   2480    0.0010802921    0.0000005758    0.0006706438
   2481    0.0010798583    0.0000005743    0.0006703747
   2482    0.0010794250    0.0000005729    0.0006701057
   2483    0.0010789919    0.0000005715    0.0006698370
   2484    0.0010785592    0.0000005701    0.0006695685
   2485    0.0010781269    0.0000005687    0.0006693002
   2486    0.0010776949    0.0000005673    0.0006690321
   2487    0.0010772632    0.0000005659    0.0006687643
   2488    0.0010768319    0.0000005646    0.0006684966
   2489    0.0010764009    0.0000005632    0.0006682292
   2490    0.0010759703    0.0000005618    0.0006679619
   2491    0.0010755399    0.0000005605    0.0006676949
   2492    0.0010751100    0.0000005591    0.0006674281
   2493    0.0010746804    0.0000005577    0.0006671615
   2494    0.0010742511    0.0000005564    0.0006668951
   2495    0.0010738221    0.0000005550    0.0006666289
   2496    0.0010733935    0.0000005537    0.0006663629
   2497    0.0010729653    0.0000005524    0.0006660972
   2498    0.0010725373    0.0000005510    0.0006658316
   2499    0.0010721097    0.0000005497    0.0006655663
   2500    0.0010716825    0.0000005484    0.0006653012
   2501    0.0010712556    0.0000005471    0.0006650362
   2502    0.0010708290    0.0000005458    0.0006647715
   2503    0.0010704027    0.0000005445    0.0006645070
   2504    0.0010699768    0.0000005432    0.0006642427
   2505    0.0010695513    0.0000005419    0.0006639786
   2506    0.0010691260    0.0000005406    0.0006637148
   2507    0.0010687011    0.0000005393    0.0006634511
   2508    0.0010682765    0.0000005380    0.0006631876
   2509    0.0010678523    0.0000005367    0.0006629244
   2510    0.0010674284    0.0000005354    0.0006626613
   2511    0.0010670048    0.0000005342    0.0006623985
   2512    0.0010665816    0.0000005329    0.0006621358
   2513    0.0010661587    0.0000005317    0.0006618734
   2514    0.0010657361    0.0000005304    0.0006616112
   2515    0.0010653139    0.0000005292    0.0006613491
   2516    0.0010648920    0.0000005279    0.0006610873
   2517    0.0010644704    0.0000005267    0.0006608257
   2518    0.0010640491    0.0000005254    0.0006605643
   2519    0.0010636282    0.0000005242    0.0006603031
   2520    0.0010632076    0.0000005230    0.0006600421
   2521    0.0010627874    0.0000005218    0.0006597813
   2522    0.0010623674    0.0000005205    0.0006595207
   2523    0.0010619478    0.0000005193    0.0006592603
   2524    0.0010615285    0.0000005181    0.0006590002
   2525    0.0010611096    0.0000005169    0.0006587402
   2526    0.0010606910    0.0000005157    0.0006584804
   2527    0.0010602727    0.0000005145    0.0006582208
   2528    0.0010598547    0.0000005133    0.0006579615
   2529    0.0010594370    0.0000005121    0.0006577023
   2530    0.0010590197    0.0000005110    0.0006574433
   2531    0.0010586027    0.0000005098    0.0006571846
   2532    0.0010581861    0.0000005086    0.0006569260
   2533    0.0010577697    0.0000005074    0.0006566676
   2534    0.0010573537    0.0000005063    0.0006564095
   2535    0.0010569380    0.0000005051    0.0006561515
   2536    0.0010565226    0.0000005039    0.0006558938
   2537    0.0010561076    0.0000005028    0.0006556362
   2538    0.0010556929    0.0000005016    0.0006553789
   2539    0.0010552785    0.0000005005    0.0006551217
   2540    0.0010548644    0.0000004994    0.0006548647
   2541    0.0010544506    0.0000004982    0.0006546080
   2542    0.0010540372    0.0000004971    0.0006543514
   2543    0.0010536241    0.0000004960    0.0006540951
   2544    0.0010532113    0.0000004948    0.0006538389
   2545    0.0010527988    0.0000004937    0.0006535830
   2546    0.0010523867    0.0000004926    0.0006533272
   2547    0.0010519748    0.0000004915    0.0006530716
   2548    0.0010515633    0.0000004904    0.0006528163
   2549    0.0010511521    0.0000004893    0.0006525611
   2550    0.0010507412    0.0000004882    0.0006523061
   2551    0.0010503307    0.0000004871    0.0006520514
   2552    0.0010499204    0.0000004860    0.0006517968
   2553    0.0010495105    0.0000004849    0.0006515424
   2554    0.0010491009    0.0000004838    0.0006512882
   2555    0.0010486916    0.0000004828    0.0006510342
   2556    0.0010482826    0.0000004817    0.0006507805
   2557    0.0010478740    0.0000004806    0.0006505269
   2558    0.0010474656    0.0000004795    0.0006502735
   2559    0.0010470576    0.0000004785    0.0006500203
   2560    0.0010466499    0.0000004774    0.0006497673
   2561    0.0010462425    0.0000004764    0.0006495145
   2562    0.0010458354    0.0000004753    0.0006492618
   2563    0.0010454286    0.0000004743    0.0006490094
   2564    0.0010450221    0.0000004732    0.0006487572
   2565    0.0010446160    0.0000004722    0.0006485052
   2566    0.0010442102    0.0000004711    0.0006482533
   2567    0.0010438046    0.0000004701    0.0006480017
   2568    0.0010433994    0.0000004691    0.0006477502
   2569    0.0010429945    0.0000004681    0.0006474990
   2570    0.0010425900    0.0000004670    0.0006472479
   2571    0.0010421857    0.0000004660    0.0006469970
   2572    0.0010417817    0.0000004650    0.0006467464
   2573    0.0010413781    0.0000004640    0.0006464959
   2574    0.0010409747    0.0000004630    0.0006462456
   2575    0.0010405717    0.0000004620    0.0006459955
   2576    0.0010401690    0.0000004610    0.0006457456
   2577    0.0010397666    0.0000004600    0.0006454959
   2578    0.0010393644    0.0000004590    0.0006452463
   2579    0.0010389626    0.0000004580    0.0006449970
   2580    0.0010385612    0.0000004570    0.0006447479
   2581    0.0010381600    0.0000004560    0.0006444989
   2582    0.0010377591    0.0000004551    0.0006442501
   2583    0.0010373585    0.0000004541    0.0006440016
   2584    0.0010369583    0.0000004531    0.0006437532
   2585    0.0010365583    0.0000004521    0.0006435050
   2586    0.0010361587    0.0000004512    0.0006432570
   2587    0.0010357593    0.0000004502    0.0006430092
   2588    0.0010353603    0.0000004493    0.0006427616
   2589    0.0010349615    0.0000004483    0.0006425141
   2590    0.0010345631    0.0000004473    0.0006422669
   2591    0.0010341650    0.0000004464    0.0006420198
   2592    0.0010337672    0.0000004455    0.0006417730
   2593    0.0010333696    0.0000004445    0.0006415263
   2594    0.0010329724    0.0000004436    0.0006412798
   2595    0.0010325755    0.0000004426    0.0006410335
   2596    0.0010321789    0.0000004417    0.0006407874
   2597    0.0010317826    0.0000004408    0.0006405414
   2598    0.0010313866    0.0000004399    0.0006402957
   2599    0.0010309909    0.0000004389    0.0006400501
   2600    0.0010305955    0.0000004380    0.0006398048
   2601    0.0010302004    0.0000004371    0.0006395596
   2602    0.0010298056    0.0000004362    0.0006393146
   2603    0.0010294111    0.0000004353    0.0006390698
   2604    0.0010290169    0.0000004344    0.0006388252
   2605    0.0010286230    0.0000004335    0.0006385807
   2606    0.0010282293    0.0000004326    0.0006383365
   2607    0.0010278360    0.0000004317    0.0006380924
   2608    0.0010274430    0.0000004308    0.0006378485
   2609    0.0010270503    0.0000004299    0.0006376048
   2610    0.0010266579    0.0000004290    0.0006373613
   2611    0.0010262658    0.0000004281    0.0006371180
   2612    0.0010258740    0.0000004273    0.0006368749
   2613    0.0010254825    0.0000004264    0.0006366319
   2614    0.0010250912    0.0000004255    0.0006363891
   2615    0.0010247003    0.0000004246    0.0006361465
   2616    0.0010243097    0.0000004238    0.0006359041
   2617    0.0010239193    0.0000004229    0.0006356619
   2618    0.0010235293    0.0000004220    0.0006354199
   2619    0.0010231395    0.0000004212    0.0006351780
   2620    0.0010227501    0.0000004203    0.0006349364
   2621    0.0010223609    0.0000004195    0.0006346949
   2622    0.0010219721    0.0000004186    0.0006344536
   2623    0.0010215835    0.0000004178    0.0006342124
   2624    0.0010211952    0.0000004169    0.0006339715
   2625    0.0010208072    0.0000004161    0.0006337307
   2626    0.0010204195    0.0000004153    0.0006334901
   2627    0.0010200321    0.0000004144    0.0006332497
   2628    0.0010196450    0.0000004136    0.0006330095
   2629    0.0010192582    0.0000004128    0.0006327695
   2630    0.0010188717    0.0000004120    0.0006325296
   2631    0.0010184855    0.0000004111    0.0006322899
   2632    0.0010180995    0.0000004103    0.0006320504
   2633    0.0010177139    0.0000004095    0.0006318111
   2634    0.0010173285    0.0000004087    0.0006315720
   2635    0.0010169434    0.0000004079    0.0006313330
   2636    0.0010165586    0.0000004071    0.0006310943
   2637    0.0010161741    0.0000004063    0.0006308557
   2638    0.0010157899    0.0000004055    0.0006306172
   2639    0.0010154060    0.0000004047    0.0006303790
   2640    0.0010150224    0.0000004039    0.0006301409
   2641    0.0010146390    0.0000004031    0.0006299031
   2642    0.0010142560    0.0000004023    0.0006296653
   2643    0.0010138732    0.0000004015    0.0006294278
   2644    0.0010134907    0.0000004007    0.0006291905
   2645    0.0010131085    0.0000003999    0.0006289533
   2646    0.0010127266    0.0000003991    0.0006287163
   2647    0.0010123450    0.0000003984    0.0006284795
   2648    0.0010119637    0.0000003976    0.0006282429
   2649    0.0010115826    0.0000003968    0.0006280064
   2650    0.0010112018    0.0000003960    0.0006277701
   2651    0.0010108214    0.0000003953    0.0006275340
   2652    0.0010104412    0.0000003945    0.0006272981
   2653    0.0010100612    0.0000003937    0.0006270623
   2654    0.0010096816    0.0000003930    0.0006268267
   2655    0.0010093023    0.0000003922    0.0006265913
   2656    0.0010089232    0.0000003915    0.0006263561
   2657    0.0010085444    0.0000003907    0.0006261210
   2658    0.0010081659    0.0000003900    0.0006258862
   2659    0.0010077877    0.0000003892    0.0006256515
   2660    0.0010074098    0.0000003885    0.0006254169
   2661    0.0010070321    0.0000003877    0.0006251826
   2662    0.0010066547    0.0000003870    0.0006249484
   2663    0.0010062776    0.0000003863    0.0006247144
   2664    0.0010059008    0.0000003855    0.0006244806
   2665    0.0010055243    0.0000003848    0.0006242469
   2666    0.0010051480    0.0000003841    0.0006240134
   2667    0.0010047721    0.0000003834    0.0006237801
   2668    0.0010043964    0.0000003826    0.0006235470
   2669    0.0010040210    0.0000003819    0.0006233140
   2670    0.0010036458    0.0000003812    0.0006230812
   2671    0.0010032710    0.0000003805    0.0006228486
   2672    0.0010028964    0.0000003798    0.0006226162
   2673    0.0010025221    0.0000003790    0.0006223839
   2674    0.0010021481    0.0000003783    0.0006221518
   2675    0.0010017743    0.0000003776    0.0006219199
   2676    0.0010014008    0.0000003769    0.0006216881
   2677    0.0010010276    0.0000003762    0.0006214565
   2678    0.0010006547    0.0000003755    0.0006212251
   2679    0.0010002821    0.0000003748    0.0006209939
   2680    0.0009999097    0.0000003741    0.0006207628
   2681    0.0009995376    0.0000003734    0.0006205319
   2682    0.0009991658    0.0000003728    0.0006203012
   2683    0.0009987943    0.0000003721    0.0006200706
   2684    0.0009984230    0.0000003714    0.0006198402
   2685    0.0009980520    0.0000003707    0.0006196100
   2686    0.0009976813    0.0000003700    0.0006193799
   2687    0.0009973109    0.0000003693    0.0006191501
   2688    0.0009969407    0.0000003687    0.0006189203
   2689    0.0009965708    0.0000003680    0.0006186908
   2690    0.0009962012    0.0000003673    0.0006184614
   2691    0.0009958318    0.0000003667    0.0006182322
   2692    0.0009954627    0.0000003660    0.0006180032
   2693    0.0009950939    0.0000003653    0.0006177743
   2694    0.0009947254    0.0000003647    0.0006175456
   2695    0.0009943571    0.0000003640    0.0006173171
   2696    0.0009939891    0.0000003634    0.0006170888
   2697    0.0009936214    0.0000003627    0.0006168606
   2698    0.0009932539    0.0000003620    0.0006166325
   2699    0.0009928868    0.0000003614    0.0006164047
   2700    0.0009925198    0.0000003607    0.0006161770
   2701    0.0009921532    0.0000003601    0.0006159495
   2702    0.0009917868    0.0000003595    0.0006157221
   2703    0.0009914207    0.0000003588    0.0006154949
   2704    0.0009910549    0.0000003582    0.0006152679
   2705    0.0009906893    0.0000003575    0.0006150410
   2706    0.0009903240    0.0000003569    0.0006148144
   2707    0.0009899590    0.0000003563    0.0006145878
   2708    0.0009895942    0.0000003556    0.0006143615
   2709    0.0009892297    0.0000003550    0.0006141353
   2710    0.0009888655    0.0000003544    0.0006139093
   2711    0.0009885015    0.0000003538    0.0006136834
   2712    0.0009881378    0.0000003531    0.0006134577
   2713    0.0009877744    0.0000003525    0.0006132322
   2714    0.0009874112    0.0000003519    0.0006130068
   2715    0.0009870483    0.0000003513    0.0006127816
   2716    0.0009866857    0.0000003507    0.0006125566
   2717    0.0009863233    0.0000003500    0.0006123317
   2718    0.0009859612    0.0000003494    0.0006121070
   2719    0.0009855993    0.0000003488    0.0006118825
   2720    0.0009852378    0.0000003482    0.0006116581
   2721    0.0009848764    0.0000003476    0.0006114339
   2722    0.0009845154    0.0000003470    0.0006112098
   2723    0.0009841546    0.0000003464    0.0006109859
   2724    0.0009837941    0.0000003458    0.0006107622
   2725    0.0009834338    0.0000003452    0.0006105386
   2726    0.0009830738    0.0000003446    0.0006103152
   2727    0.0009827141    0.0000003440    0.0006100920
   2728    0.0009823546    0.0000003434    0.0006098689
   2729    0.0009819954    0.0000003429    0.0006096460
   2730    0.0009816364    0.0000003423    0.0006094232
   2731    0.0009812777    0.0000003417    0.0006092007
   2732    0.0009809193    0.0000003411    0.0006089782
   2733    0.0009805611    0.0000003405    0.0006087560
   2734    0.0009802032    0.0000003399    0.0006085339
   2735    0.0009798456    0.0000003394    0.0006083119
   2736    0.0009794882    0.0000003388    0.0006080901
   2737    0.0009791310    0.0000003382    0.0006078685
   2738    0.0009787742    0.0000003376    0.0006076470
   2739    0.0009784175    0.0000003371    0.0006074257
   2740    0.0009780612    0.0000003365    0.0006072046
   2741    0.0009777051    0.0000003359    0.0006069836
   2742    0.0009773492    0.0000003354    0.0006067628
   2743    0.0009769937    0.0000003348    0.0006065421
   2744    0.0009766383    0.0000003342    0.0006063216
   2745    0.0009762833    0.0000003337    0.0006061013
   2746    0.0009759284    0.0000003331    0.0006058811
   2747    0.0009755739    0.0000003326    0.0006056611
   2748    0.0009752196    0.0000003320    0.0006054412
   2749    0.0009748655    0.0000003315    0.0006052215
   2750    0.0009745118    0.0000003309    0.0006050020
   2751    0.0009741582    0.0000003304    0.0006047826
   2752    0.0009738049    0.0000003298    0.0006045634
   2753    0.0009734519    0.0000003293    0.0006043443
   2754    0.0009730991    0.0000003287    0.0006041254
   2755    0.0009727466    0.0000003282    0.0006039066
   2756    0.0009723944    0.0000003277    0.0006036880
   2757    0.0009720424    0.0000003271    0.0006034696
   2758    0.0009716906    0.0000003266    0.0006032513
   2759    0.0009713391    0.0000003261    0.0006030332
   2760    0.0009709879    0.0000003255    0.0006028152
   2761    0.0009706369    0.0000003250    0.0006025974
   2762    0.0009702861    0.0000003245    0.0006023797
   2763    0.0009699356    0.0000003239    0.0006021622
   2764    0.0009695854    0.0000003234    0.0006019449
   2765    0.0009692354    0.0000003229    0.0006017277
   2766    0.0009688857    0.0000003224    0.0006015107
   2767    0.0009685362    0.0000003219    0.0006012938
   2768    0.0009681870    0.0000003213    0.0006010771
   2769    0.0009678380    0.0000003208    0.0006008605
   2770    0.0009674892    0.0000003203    0.0006006441
   2771    0.0009671408    0.0000003198    0.0006004279
   2772    0.0009667925    0.0000003193    0.0006002118
   2773    0.0009664445    0.0000003188    0.0005999958
   2774    0.0009660968    0.0000003183    0.0005997800
   2775    0.0009657493    0.0000003178    0.0005995644
   2776    0.0009654021    0.0000003173    0.0005993489
   2777    0.0009650551    0.0000003167    0.0005991336
   2778    0.0009647084    0.0000003162    0.0005989184
   2779    0.0009643619    0.0000003157    0.0005987034
   2780    0.0009640156    0.0000003152    0.0005984885
   2781    0.0009636696    0.0000003147    0.0005982738
   2782    0.0009633239    0.0000003143    0.0005980592
   2783    0.0009629784    0.0000003138    0.0005978448
   2784    0.0009626331    0.0000003133    0.0005976306
   2785    0.0009622881    0.0000003128    0.0005974165
   2786    0.0009619433    0.0000003123    0.0005972025
   2787    0.0009615988    0.0000003118    0.0005969888
   2788    0.0009612545    0.0000003113    0.0005967751
   2789    0.0009609105    0.0000003108    0.0005965616
   2790    0.0009605667    0.0000003103    0.0005963483
   2791    0.0009602232    0.0000003099    0.0005961351
   2792    0.0009598799    0.0000003094    0.0005959221
   2793    0.0009595369    0.0000003089    0.0005957092
   2794    0.0009591941    0.0000003084    0.0005954964
   2795    0.0009588515    0.0000003080    0.0005952839
   2796    0.0009585092    0.0000003075    0.0005950714
   2797    0.0009581671    0.0000003070    0.0005948592
   2798    0.0009578253    0.0000003065    0.0005946470
   2799    0.0009574837    0.0000003061    0.0005944351
   2800    0.0009571423    0.0000003056    0.0005942232
   2801    0.0009568012    0.0000003051    0.0005940116
   2802    0.0009564604    0.0000003047    0.0005938000
   2803    0.0009561198    0.0000003042    0.0005935887
   2804    0.0009557794    0.0000003037    0.0005933774
   2805    0.0009554392    0.0000003033    0.0005931664
   2806    0.0009550993    0.0000003028    0.0005929554
   2807    0.0009547597    0.0000003024    0.0005927446
   2808    0.0009544203    0.0000003019    0.0005925340
   2809    0.0009540811    0.0000003015    0.0005923235
   2810    0.0009537422    0.0000003010    0.0005921132
   2811    0.0009534035    0.0000003005    0.0005919030
   2812    0.0009530650    0.0000003001    0.0005916930
   2813    0.0009527268    0.0000002996    0.0005914831
   2814    0.0009523888    0.0000002992    0.0005912734
   2815    0.0009520511    0.0000002987    0.0005910638
   2816    0.0009517136    0.0000002983    0.0005908543
   2817    0.0009513763    0.0000002979    0.0005906451
   2818    0.0009510393    0.0000002974    0.0005904359
   2819    0.0009507025    0.0000002970    0.0005902269
   2820    0.0009503660    0.0000002965    0.0005900181
   2821    0.0009500296    0.0000002961    0.0005898094
   2822    0.0009496936    0.0000002957    0.0005896008
   2823    0.0009493577    0.0000002952    0.0005893924
   2824    0.0009490221    0.0000002948    0.0005891841
   2825    0.0009486868    0.0000002944    0.0005889760
   2826    0.0009483516    0.0000002939    0.0005887680
   2827    0.0009480167    0.0000002935    0.0005885602
   2828    0.0009476821    0.0000002931    0.0005883525
   2829    0.0009473477    0.0000002926    0.0005881450
   2830    0.0009470135    0.0000002922    0.0005879376
   2831    0.0009466795    0.0000002918    0.0005877304
   2832    0.0009463458    0.0000002914    0.0005875233
   2833    0.0009460123    0.0000002909    0.0005873163
   2834    0.0009456791    0.0000002905    0.0005871095
   2835    0.0009453461    0.0000002901    0.0005869029
   2836    0.0009450133    0.0000002897    0.0005866964
   2837    0.0009446807    0.0000002893    0.0005864900
   2838    0.0009443484    0.0000002888    0.0005862838
   2839    0.0009440163    0.0000002884    0.0005860777
   2840    0.0009436845    0.0000002880    0.0005858718
   2841    0.0009433529    0.0000002876    0.0005856660
   2842    0.0009430215    0.0000002872    0.0005854603
   2843    0.0009426903    0.0000002868    0.0005852548
   2844    0.0009423594    0.0000002864    0.0005850495
   2845    0.0009420287    0.0000002860    0.0005848442
   2846    0.0009416982    0.0000002856    0.0005846392
   2847    0.0009413680    0.0000002852    0.0005844342
   2848    0.0009410380    0.0000002848    0.0005842294
   2849    0.0009407082    0.0000002844    0.0005840248
   2850    0.0009403787    0.0000002840    0.0005838203
   2851    0.0009400494    0.0000002836    0.0005836159
   2852    0.0009397203    0.0000002832    0.0005834117
   2853    0.0009393915    0.0000002828    0.0005832077
   2854    0.0009390628    0.0000002824    0.0005830037
   2855    0.0009387345    0.0000002820    0.0005827999
   2856    0.0009384063    0.0000002816    0.0005825963
   2857    0.0009380784    0.0000002812    0.0005823928
   2858    0.0009377506    0.0000002808    0.0005821894
   2859    0.0009374232    0.0000002804    0.0005819862
   2860    0.0009370959    0.0000002800    0.0005817831
   2861    0.0009367689    0.0000002796    0.0005815802
   2862    0.0009364421    0.0000002792    0.0005813774
   2863    0.0009361155    0.0000002788    0.0005811747
   2864    0.0009357892    0.0000002785    0.0005809722
   2865    0.0009354631    0.0000002781    0.0005807698
   2866    0.0009351372    0.0000002777    0.0005805676
   2867    0.0009348115    0.0000002773    0.0005803655
   2868    0.0009344861    0.0000002769    0.0005801635
   2869    0.0009341609    0.0000002766    0.0005799617
   2870    0.0009338359    0.0000002762    0.0005797600
   2871    0.0009335111    0.0000002758    0.0005795585
   2872    0.0009331866    0.0000002754    0.0005793571
   2873    0.0009328623    0.0000002750    0.0005791559
   2874    0.0009325382    0.0000002747    0.0005789547
   2875    0.0009322144    0.0000002743    0.0005787538
   2876    0.0009318907    0.0000002739    0.0005785529
   2877    0.0009315673    0.0000002736    0.0005783522
   2878    0.0009312441    0.0000002732    0.0005781517
   2879    0.0009309212    0.0000002728    0.0005779512
   2880    0.0009305984    0.0000002725    0.0005777509
   2881    0.0009302759    0.0000002721    0.0005775508
   2882    0.0009299536    0.0000002717    0.0005773508
   2883    0.0009296315    0.0000002714    0.0005771509
   2884    0.0009293097    0.0000002710    0.0005769512
   2885    0.0009289880    0.0000002706    0.0005767516
   2886    0.0009286666    0.0000002703    0.0005765521
   2887    0.0009283454    0.0000002699    0.0005763528
   2888    0.0009280245    0.0000002696    0.0005761536
   2889    0.0009277037    0.0000002692    0.0005759546
   2890    0.0009273832    0.0000002688    0.0005757557
   2891    0.0009270629    0.0000002685    0.0005755569
   2892    0.0009267428    0.0000002681    0.0005753583
   2893    0.0009264230    0.0000002678    0.0005751598
   2894    0.0009261033    0.0000002674    0.0005749614
   2895    0.0009257839    0.0000002671    0.0005747632
   2896    0.0009254647    0.0000002667    0.0005745651
   2897    0.0009251457    0.0000002664    0.0005743672
   2898    0.0009248270    0.0000002660    0.0005741693
   2899    0.0009245084    0.0000002657    0.0005739717
   2900    0.0009241901    0.0000002653    0.0005737741
   2901    0.0009238720    0.0000002650    0.0005735767
   2902    0.0009235541    0.0000002646    0.0005733794
   2903    0.0009232364    0.0000002643    0.0005731823
   2904    0.0009229190    0.0000002640    0.0005729853
   2905    0.0009226017    0.0000002636    0.0005727884
   2906    0.0009222847    0.0000002633    0.0005725917
   2907    0.0009219679    0.0000002629    0.0005723951
   2908    0.0009216513    0.0000002626    0.0005721986
   2909    0.0009213349    0.0000002623    0.0005720023
   2910    0.0009210188    0.0000002619    0.0005718061
   2911    0.0009207029    0.0000002616    0.0005716100
   2912    0.0009203871    0.0000002613    0.0005714141
   2913    0.0009200716    0.0000002609    0.0005712183
   2914    0.0009197564    0.0000002606    0.0005710226
   2915    0.0009194413    0.0000002603    0.0005708271
   2916    0.0009191264    0.0000002599    0.0005706317
   2917    0.0009188118    0.0000002596    0.0005704365
   2918    0.0009184973    0.0000002593    0.0005702413
   2919    0.0009181831    0.0000002589    0.0005700463
   2920    0.0009178691    0.0000002586    0.0005698515
   2921    0.0009175554    0.0000002583    0.0005696568
   2922    0.0009172418    0.0000002580    0.0005694622
   2923    0.0009169284    0.0000002576    0.0005692677
   2924    0.0009166153    0.0000002573    0.0005690734
   2925    0.0009163023    0.0000002570    0.0005688792
   2926    0.0009159896    0.0000002567    0.0005686851
   2927    0.0009156771    0.0000002564    0.0005684912
   2928    0.0009153648    0.0000002560    0.0005682974
   2929    0.0009150527    0.0000002557    0.0005681037
   2930    0.0009147409    0.0000002554    0.0005679102
   2931    0.0009144292    0.0000002551    0.0005677168
   2932    0.0009141178    0.0000002548    0.0005675235
   2933    0.0009138065    0.0000002544    0.0005673303
   2934    0.0009134955    0.0000002541    0.0005671373
   2935    0.0009131847    0.0000002538    0.0005669444
   2936    0.0009128741    0.0000002535    0.0005667517
   2937    0.0009125637    0.0000002532    0.0005665591
   2938    0.0009122535    0.0000002529    0.0005663666
   2939    0.0009119436    0.0000002526    0.0005661742
   2940    0.0009116338    0.0000002523    0.0005659820
   2941    0.0009113243    0.0000002520    0.0005657899
   2942    0.0009110149    0.0000002516    0.0005655979
   2943    0.0009107058    0.0000002513    0.0005654061
   2944    0.0009103969    0.0000002510    0.0005652144
   2945    0.0009100882    0.0000002507    0.0005650228
   2946    0.0009097797    0.0000002504    0.0005648313
   2947    0.0009094714    0.0000002501    0.0005646400
   2948    0.0009091633    0.0000002498    0.0005644488
   2949    0.0009088554    0.0000002495    0.0005642577
   2950    0.0009085477    0.0000002492    0.0005640668
   2951    0.0009082403    0.0000002489    0.0005638760
   2952    0.0009079330    0.0000002486    0.0005636853
   2953    0.0009076260    0.0000002483    0.0005634948
   2954    0.0009073191    0.0000002480    0.0005633044
   2955    0.0009070125    0.0000002477    0.0005631141
   2956    0.0009067061    0.0000002474    0.0005629239
   2957    0.0009063998    0.0000002471    0.0005627339
   2958    0.0009060938    0.0000002468    0.0005625440
   2959    0.0009057880    0.0000002465    0.0005623542
   2960    0.0009054824    0.0000002463    0.0005621645
   2961    0.0009051770    0.0000002460    0.0005619750
   2962    0.0009048718    0.0000002457    0.0005617856
   2963    0.0009045668    0.0000002454    0.0005615963
   2964    0.0009042620    0.0000002451    0.0005614072
   2965    0.0009039575    0.0000002448    0.0005612182
   2966    0.0009036531    0.0000002445    0.0005610293
   2967    0.0009033489    0.0000002442    0.0005608405
   2968    0.0009030450    0.0000002439    0.0005606519
   2969    0.0009027412    0.0000002437    0.0005604634
   2970    0.0009024376    0.0000002434    0.0005602750
   2971    0.0009021343    0.0000002431    0.0005600868
   2972    0.0009018311    0.0000002428    0.0005598986
   2973    0.0009015282    0.0000002425    0.0005597106
   2974    0.0009012255    0.0000002422    0.0005595227
   2975    0.0009009229    0.0000002420    0.0005593350
   2976    0.0009006206    0.0000002417    0.0005591474
   2977    0.0009003184    0.0000002414    0.0005589599
   2978    0.0009000165    0.0000002411    0.0005587725
   2979    0.0008997148    0.0000002408    0.0005585852
   2980    0.0008994132    0.0000002406    0.0005583981
   2981    0.0008991119    0.0000002403    0.0005582111
   2982    0.0008988108    0.0000002400    0.0005580242
   2983    0.0008985099    0.0000002397    0.0005578375
   2984    0.0008982091    0.0000002395    0.0005576509
   2985    0.0008979086    0.0000002392    0.0005574644
   2986    0.0008976083    0.0000002389    0.0005572780
   2987    0.0008973082    0.0000002386    0.0005570917
   2988    0.0008970082    0.0000002384    0.0005569056
   2989    0.0008967085    0.0000002381    0.0005567196
   2990    0.0008964090    0.0000002378    0.0005565337
   2991    0.0008961097    0.0000002376    0.0005563480
   2992    0.0008958105    0.0000002373    0.0005561623
   2993    0.0008955116    0.0000002370    0.0005559768
   2994    0.0008952129    0.0000002368    0.0005557914
   2995    0.0008949144    0.0000002365    0.0005556062
   2996    0.0008946160    0.0000002362    0.0005554210
   2997    0.0008943179    0.0000002360    0.0005552360
   2998    0.0008940200    0.0000002357    0.0005550511
   2999    0.0008937222    0.0000002354    0.0005548664
   3000    0.0008934247    0.0000002352    0.0005546817
   3001    0.0008931274    0.0000002349    0.0005544972
   3002    0.0008928302    0.0000002346    0.0005543128
   3003    0.0008925333    0.0000002344    0.0005541285
   3004    0.0008922365    0.0000002341    0.0005539443
   3005    0.0008919400    0.0000002338    0.0005537603
   3006    0.0008916436    0.0000002336    0.0005535764
   3007    0.0008913475    0.0000002333    0.0005533926
   3008    0.0008910515    0.0000002331    0.0005532089
   3009    0.0008907557    0.0000002328    0.0005530254
   3010    0.0008904602    0.0000002326    0.0005528420
   3011    0.0008901648    0.0000002323    0.0005526586
   3012    0.0008898696    0.0000002320    0.0005524755
   3013    0.0008895746    0.0000002318    0.0005522924
   3014    0.0008892799    0.0000002315    0.0005521095
   3015    0.0008889853    0.0000002313    0.0005519266
   3016    0.0008886909    0.0000002310    0.0005517439
   3017    0.0008883967    0.0000002308    0.0005515614
   3018    0.0008881026    0.0000002305    0.0005513789
   3019    0.0008878088    0.0000002303    0.0005511966
   3020    0.0008875152    0.0000002300    0.0005510143
   3021    0.0008872218    0.0000002298    0.0005508322
   3022    0.0008869285    0.0000002295    0.0005506503
   3023    0.0008866355    0.0000002293    0.0005504684
   3024    0.0008863427    0.0000002290    0.0005502867
   3025    0.0008860500    0.0000002288    0.0005501050
   3026    0.0008857575    0.0000002285    0.0005499235
   3027    0.0008854653    0.0000002283    0.0005497422
   3028    0.0008851732    0.0000002281    0.0005495609
   3029    0.0008848813    0.0000002278    0.0005493798
   3030    0.0008845896    0.0000002276    0.0005491987
   3031    0.0008842981    0.0000002273    0.0005490178
   3032    0.0008840068    0.0000002271    0.0005488370
   3033    0.0008837157    0.0000002268    0.0005486564
   3034    0.0008834248    0.0000002266    0.0005484758
   3035    0.0008831340    0.0000002264    0.0005482954
   3036    0.0008828435    0.0000002261    0.0005481151
   3037    0.0008825531    0.0000002259    0.0005479349
   3038    0.0008822630    0.0000002256    0.0005477548
   3039    0.0008819730    0.0000002254    0.0005475749
   3040    0.0008816832    0.0000002252    0.0005473950
   3041    0.0008813936    0.0000002249    0.0005472153
   3042    0.0008811042    0.0000002247    0.0005470357
   3043    0.0008808150    0.0000002245    0.0005468562
   3044    0.0008805260    0.0000002242    0.0005466769
   3045    0.0008802371    0.0000002240    0.0005464976
   3046    0.0008799485    0.0000002237    0.0005463185
   3047    0.0008796600    0.0000002235    0.0005461395
   3048    0.0008793718    0.0000002233    0.0005459606
   3049    0.0008790837    0.0000002230    0.0005457818
   3050    0.0008787958    0.0000002228    0.0005456031
   3051    0.0008785081    0.0000002226    0.0005454246
   3052    0.0008782206    0.0000002224    0.0005452462
   3053    0.0008779332    0.0000002221    0.0005450678
   3054    0.0008776461    0.0000002219    0.0005448896
   3055    0.0008773592    0.0000002217    0.0005447116
   3056    0.0008770724    0.0000002214    0.0005445336
   3057    0.0008767858    0.0000002212    0.0005443557
   3058    0.0008764994    0.0000002210    0.0005441780
   3059    0.0008762132    0.0000002208    0.0005440004
   3060    0.0008759272    0.0000002205    0.0005438229
   3061    0.0008756414    0.0000002203    0.0005436455
   3062    0.0008753557    0.0000002201    0.0005434682
   3063    0.0008750703    0.0000002199    0.0005432911
   3064    0.0008747850    0.0000002196    0.0005431140
   3065    0.0008744999    0.0000002194    0.0005429371
   3066    0.0008742150    0.0000002192    0.0005427603
   3067    0.0008739303    0.0000002190    0.0005425836
   3068    0.0008736457    0.0000002187    0.0005424070
   3069    0.0008733614    0.0000002185    0.0005422306
   3070    0.0008730772    0.0000002183    0.0005420542
   3071    0.0008727933    0.0000002181    0.0005418780
   3072    0.0008725095    0.0000002179    0.0005417018
   3073    0.0008722258    0.0000002176    0.0005415258
   3074    0.0008719424    0.0000002174    0.0005413499
   3075    0.0008716592    0.0000002172    0.0005411742
   3076    0.0008713761    0.0000002170    0.0005409985
   3077    0.0008710932    0.0000002168    0.0005408229
   3078    0.0008708106    0.0000002165    0.0005406475
   3079    0.0008705280    0.0000002163    0.0005404722
   3080    0.0008702457    0.0000002161    0.0005402970
   3081    0.0008699636    0.0000002159    0.0005401219
   3082    0.0008696816    0.0000002157    0.0005399469
   3083    0.0008693998    0.0000002155    0.0005397720
   3084    0.0008691182    0.0000002153    0.0005395973
   3085    0.0008688368    0.0000002150    0.0005394226
   3086    0.0008685556    0.0000002148    0.0005392481
   3087    0.0008682745    0.0000002146    0.0005390737
   3088    0.0008679937    0.0000002144    0.0005388994
   3089    0.0008677130    0.0000002142    0.0005387252
   3090    0.0008674325    0.0000002140    0.0005385511
   3091    0.0008671522    0.0000002138    0.0005383771
   3092    0.0008668720    0.0000002136    0.0005382033
   3093    0.0008665920    0.0000002133    0.0005380295
   3094    0.0008663123    0.0000002131    0.0005378559
   3095    0.0008660327    0.0000002129    0.0005376823
   3096    0.0008657532    0.0000002127    0.0005375089
   3097    0.0008654740    0.0000002125    0.0005373356
   3098    0.0008651949    0.0000002123    0.0005371625
   3099    0.0008649160    0.0000002121    0.0005369894
   3100    0.0008646373    0.0000002119    0.0005368164
   3101    0.0008643588    0.0000002117    0.0005366436
   3102    0.0008640805    0.0000002115    0.0005364708
   3103    0.0008638023    0.0000002113    0.0005362982
   3104    0.0008635243    0.0000002111    0.0005361257
   3105    0.0008632465    0.0000002109    0.0005359533
   3106    0.0008629689    0.0000002107    0.0005357810
   3107    0.0008626914    0.0000002105    0.0005356088
   3108    0.0008624141    0.0000002103    0.0005354367
   3109    0.0008621370    0.0000002101    0.0005352647
   3110    0.0008618601    0.0000002099    0.0005350929
   3111    0.0008615834    0.0000002097    0.0005349211
   3112    0.0008613068    0.0000002095    0.0005347495
   3113    0.0008610304    0.0000002093    0.0005345780
   3114    0.0008607542    0.0000002091    0.0005344065
   3115    0.0008604782    0.0000002089    0.0005342352
   3116    0.0008602023    0.0000002087    0.0005340640
   3117    0.0008599266    0.0000002085    0.0005338929
   3118    0.0008596511    0.0000002083    0.0005337220
   3119    0.0008593758    0.0000002081    0.0005335511
   3120    0.0008591007    0.0000002079    0.0005333803
   3121    0.0008588257    0.0000002077    0.0005332097
   3122    0.0008585509    0.0000002075    0.0005330391
   3123    0.0008582763    0.0000002073    0.0005328687
   3124    0.0008580018    0.0000002071    0.0005326984
   3125    0.0008577275    0.0000002069    0.0005325282
   3126    0.0008574534    0.0000002067    0.0005323581
   3127    0.0008571795    0.0000002065    0.0005321881
   3128    0.0008569058    0.0000002063    0.0005320182
   3129    0.0008566322    0.0000002061    0.0005318484
   3130    0.0008563588    0.0000002059    0.0005316787
   3131    0.0008560856    0.0000002057    0.0005315091
   3132    0.0008558125    0.0000002055    0.0005313397
   3133    0.0008555396    0.0000002054    0.0005311703
   3134    0.0008552669    0.0000002052    0.0005310011
   3135    0.0008549944    0.0000002050    0.0005308320
   3136    0.0008547220    0.0000002048    0.0005306629
   3137    0.0008544499    0.0000002046    0.0005304940
   3138    0.0008541778    0.0000002044    0.0005303252
   3139    0.0008539060    0.0000002042    0.0005301565
   3140    0.0008536343    0.0000002040    0.0005299879
   3141    0.0008533628    0.0000002038    0.0005298194
   3142    0.0008530915    0.0000002037    0.0005296510
   3143    0.0008528204    0.0000002035    0.0005294827
   3144    0.0008525494    0.0000002033    0.0005293146
   3145    0.0008522786    0.0000002031    0.0005291465
   3146    0.0008520080    0.0000002029    0.0005289786
   3147    0.0008517375    0.0000002027    0.0005288107
   3148    0.0008514672    0.0000002025    0.0005286430
   3149    0.0008511971    0.0000002024    0.0005284753
   3150    0.0008509271    0.0000002022    0.0005283078
   3151    0.0008506574    0.0000002020    0.0005281404
   3152    0.0008503878    0.0000002018    0.0005279730
   3153    0.0008501183    0.0000002016    0.0005278058
   3154    0.0008498491    0.0000002014    0.0005276387
   3155    0.0008495800    0.0000002013    0.0005274717
   3156    0.0008493110    0.0000002011    0.0005273048
   3157    0.0008490423    0.0000002009    0.0005271380
   3158    0.0008487737    0.0000002007    0.0005269713
   3159    0.0008485053    0.0000002005    0.0005268048
   3160    0.0008482370    0.0000002003    0.0005266383
   3161    0.0008479690    0.0000002002    0.0005264719
   3162    0.0008477011    0.0000002000    0.0005263056
   3163    0.0008474333    0.0000001998    0.0005261395
   3164    0.0008471657    0.0000001996    0.0005259734
   3165    0.0008468983    0.0000001995    0.0005258075
   3166    0.0008466311    0.0000001993    0.0005256416
   3167    0.0008463640    0.0000001991    0.0005254759
   3168    0.0008460972    0.0000001989    0.0005253102
   3169    0.0008458304    0.0000001987    0.0005251447
   3170    0.0008455639    0.0000001986    0.0005249793
   3171    0.0008452975    0.0000001984    0.0005248140
   3172    0.0008450312    0.0000001982    0.0005246487
   3173    0.0008447652    0.0000001980    0.0005244836
   3174    0.0008444993    0.0000001979    0.0005243186
   3175    0.0008442336    0.0000001977    0.0005241537
   3176    0.0008439680    0.0000001975    0.0005239889
   3177    0.0008437026    0.0000001973    0.0005238242
   3178    0.0008434374    0.0000001972    0.0005236596
   3179    0.0008431724    0.0000001970    0.0005234951
   3180    0.0008429075    0.0000001968    0.0005233307
   3181    0.0008426427    0.0000001966    0.0005231664
   3182    0.0008423782    0.0000001965    0.0005230022
   3183    0.0008421138    0.0000001963    0.0005228381
   3184    0.0008418496    0.0000001961    0.0005226741
   3185    0.0008415855    0.0000001960    0.0005225103
   3186    0.0008413216    0.0000001958    0.0005223465
   3187    0.0008410579    0.0000001956    0.0005221828
   3188    0.0008407943    0.0000001955    0.0005220192
   3189    0.0008405309    0.0000001953    0.0005218558
   3190    0.0008402677    0.0000001951    0.0005216924
   3191    0.0008400046    0.0000001949    0.0005215291
   3192    0.0008397417    0.0000001948    0.0005213660
   3193    0.0008394790    0.0000001946    0.0005212029
   3194    0.0008392164    0.0000001944    0.0005210400
   3195    0.0008389540    0.0000001943    0.0005208771
   3196    0.0008386917    0.0000001941    0.0005207143
   3197    0.0008384296    0.0000001939    0.0005205517
   3198    0.0008381677    0.0000001938    0.0005203891
   3199    0.0008379060    0.0000001936    0.0005202267
   3200    0.0008376444    0.0000001934    0.0005200643
   3201    0.0008373829    0.0000001933    0.0005199021
   3202    0.0008371217    0.0000001931    0.0005197399
   3203    0.0008368606    0.0000001929    0.0005195779
   3204    0.0008365996    0.0000001928    0.0005194159
   3205    0.0008363388    0.0000001926    0.0005192541
   3206    0.0008360782    0.0000001924    0.0005190924
   3207    0.0008358178    0.0000001923    0.0005189307
   3208    0.0008355575    0.0000001921    0.0005187692
   3209    0.0008352973    0.0000001920    0.0005186077
   3210    0.0008350374    0.0000001918    0.0005184464
   3211    0.0008347776    0.0000001916    0.0005182851
   3212    0.0008345179    0.0000001915    0.0005181240
   3213    0.0008342584    0.0000001913    0.0005179630
   3214    0.0008339991    0.0000001911    0.0005178020
   3215    0.0008337399    0.0000001910    0.0005176412
   3216    0.0008334809    0.0000001908    0.0005174804
   3217    0.0008332221    0.0000001907    0.0005173198
   3218    0.0008329634    0.0000001905    0.0005171592
   3219    0.0008327049    0.0000001903    0.0005169988
   3220    0.0008324465    0.0000001902    0.0005168385
   3221    0.0008321883    0.0000001900    0.0005166782
   3222    0.0008319303    0.0000001899    0.0005165181
   3223    0.0008316724    0.0000001897    0.0005163580
   3224    0.0008314147    0.0000001896    0.0005161981
   3225    0.0008311571    0.0000001894    0.0005160382
   3226    0.0008308997    0.0000001892    0.0005158785
   3227    0.0008306425    0.0000001891    0.0005157188
   3228    0.0008303854    0.0000001889    0.0005155593
   3229    0.0008301284    0.0000001888    0.0005153998
   3230    0.0008298717    0.0000001886    0.0005152405
   3231    0.0008296151    0.0000001885    0.0005150812
   3232    0.0008293586    0.0000001883    0.0005149220
   3233    0.0008291023    0.0000001881    0.0005147630
   3234    0.0008288462    0.0000001880    0.0005146040
   3235    0.0008285902    0.0000001878    0.0005144452
   3236    0.0008283344    0.0000001877    0.0005142864
   3237    0.0008280787    0.0000001875    0.0005141277
   3238    0.0008278232    0.0000001874    0.0005139692
   3239    0.0008275679    0.0000001872    0.0005138107
   3240    0.0008273127    0.0000001871    0.0005136523
   3241    0.0008270577    0.0000001869    0.0005134940
   3242    0.0008268028    0.0000001868    0.0005133358
   3243    0.0008265481    0.0000001866    0.0005131778
   3244    0.0008262935    0.0000001865    0.0005130198
   3245    0.0008260391    0.0000001863    0.0005128619
   3246    0.0008257849    0.0000001861    0.0005127041
   3247    0.0008255308    0.0000001860    0.0005125464
   3248    0.0008252768    0.0000001858    0.0005123888
   3249    0.0008250231    0.0000001857    0.0005122313
   3250    0.0008247694    0.0000001855    0.0005120739
   3251    0.0008245160    0.0000001854    0.0005119166
   3252    0.0008242627    0.0000001852    0.0005117594
   3253    0.0008240095    0.0000001851    0.0005116023
   3254    0.0008237565    0.0000001849    0.0005114452
   3255    0.0008235037    0.0000001848    0.0005112883
   3256    0.0008232510    0.0000001846    0.0005111315
   3257    0.0008229984    0.0000001845    0.0005109748
   3258    0.0008227460    0.0000001844    0.0005108181
   3259    0.0008224938    0.0000001842    0.0005106616
   3260    0.0008222417    0.0000001841    0.0005105052
   3261    0.0008219898    0.0000001839    0.0005103488
   3262    0.0008217381    0.0000001838    0.0005101926
   3263    0.0008214865    0.0000001836    0.0005100364
   3264    0.0008212350    0.0000001835    0.0005098803
   3265    0.0008209837    0.0000001833    0.0005097244
   3266    0.0008207325    0.0000001832    0.0005095685
   3267    0.0008204816    0.0000001830    0.0005094127
   3268    0.0008202307    0.0000001829    0.0005092571
   3269    0.0008199800    0.0000001827    0.0005091015
   3270    0.0008197295    0.0000001826    0.0005089460
   3271    0.0008194791    0.0000001825    0.0005087906
   3272    0.0008192289    0.0000001823    0.0005086353
   3273    0.0008189788    0.0000001822    0.0005084801
   3274    0.0008187289    0.0000001820    0.0005083250
   3275    0.0008184791    0.0000001819    0.0005081700
   3276    0.0008182295    0.0000001817    0.0005080150
   3277    0.0008179800    0.0000001816    0.0005078602
   3278    0.0008177307    0.0000001814    0.0005077055
   3279    0.0008174815    0.0000001813    0.0005075508
   3280    0.0008172325    0.0000001812    0.0005073963
   3281    0.0008169837    0.0000001810    0.0005072419
   3282    0.0008167350    0.0000001809    0.0005070875
   3283    0.0008164864    0.0000001807    0.0005069332
   3284    0.0008162380    0.0000001806    0.0005067791
   3285    0.0008159897    0.0000001805    0.0005066250
   3286    0.0008157416    0.0000001803    0.0005064710
   3287    0.0008154937    0.0000001802    0.0005063171
   3288    0.0008152459    0.0000001800    0.0005061633
   3289    0.0008149982    0.0000001799    0.0005060096
   3290    0.0008147507    0.0000001798    0.0005058560
   3291    0.0008145034    0.0000001796    0.0005057025
   3292    0.0008142562    0.0000001795    0.0005055491
   3293    0.0008140091    0.0000001793    0.0005053958
   3294    0.0008137622    0.0000001792    0.0005052425
   3295    0.0008135154    0.0000001791    0.0005050894
   3296    0.0008132688    0.0000001789    0.0005049363
   3297    0.0008130224    0.0000001788    0.0005047834
   3298    0.0008127761    0.0000001786    0.0005046305
   3299    0.0008125299    0.0000001785    0.0005044777
   3300    0.0008122839    0.0000001784    0.0005043251
   3301    0.0008120381    0.0000001782    0.0005041725
   3302    0.0008117923    0.0000001781    0.0005040200
   3303    0.0008115468    0.0000001780    0.0005038676
   3304    0.0008113014    0.0000001778    0.0005037153
   3305    0.0008110561    0.0000001777    0.0005035630
   3306    0.0008108110    0.0000001775    0.0005034109
   3307    0.0008105660    0.0000001774    0.0005032589
   3308    0.0008103212    0.0000001773    0.0005031069
   3309    0.0008100765    0.0000001771    0.0005029551
   3310    0.0008098320    0.0000001770    0.0005028033
   3311    0.0008095876    0.0000001769    0.0005026517
   3312    0.0008093434    0.0000001767    0.0005025001
   3313    0.0008090993    0.0000001766    0.0005023486
   3314    0.0008088554    0.0000001765    0.0005021972
   3315    0.0008086116    0.0000001763    0.0005020459
   3316    0.0008083679    0.0000001762    0.0005018947
   3317    0.0008081244    0.0000001761    0.0005017436
   3318    0.0008078811    0.0000001759    0.0005015925
   3319    0.0008076379    0.0000001758    0.0005014416
   3320    0.0008073948    0.0000001757    0.0005012907
   3321    0.0008071519    0.0000001755    0.0005011400
   3322    0.0008069091    0.0000001754    0.0005009893
   3323    0.0008066665    0.0000001753    0.0005008387
   3324    0.0008064241    0.0000001751    0.0005006882
   3325    0.0008061817    0.0000001750    0.0005005378
   3326    0.0008059395    0.0000001749    0.0005003875
   3327    0.0008056975    0.0000001747    0.0005002373
   3328    0.0008054556    0.0000001746    0.0005000872
   3329    0.0008052139    0.0000001745    0.0004999372
   3330    0.0008049723    0.0000001744    0.0004997872
   3331    0.0008047308    0.0000001742    0.0004996374
   3332    0.0008044895    0.0000001741    0.0004994876
   3333    0.0008042483    0.0000001740    0.0004993379
   3334    0.0008040073    0.0000001738    0.0004991883
   3335    0.0008037664    0.0000001737    0.0004990388
   3336    0.0008035257    0.0000001736    0.0004988894
   3337    0.0008032851    0.0000001735    0.0004987401
   3338    0.0008030446    0.0000001733    0.0004985909
   3339    0.0008028043    0.0000001732    0.0004984417
   3340    0.0008025642    0.0000001731    0.0004982927
   3341    0.0008023242    0.0000001729    0.0004981437
   3342    0.0008020843    0.0000001728    0.0004979948
   3343    0.0008018446    0.0000001727    0.0004978461
   3344    0.0008016050    0.0000001726    0.0004976974
   3345    0.0008013655    0.0000001724    0.0004975488
   3346    0.0008011262    0.0000001723    0.0004974002
   3347    0.0008008871    0.0000001722    0.0004972518
   3348    0.0008006481    0.0000001720    0.0004971035
   3349    0.0008004092    0.0000001719    0.0004969552
   3350    0.0008001705    0.0000001718    0.0004968070
   3351    0.0007999319    0.0000001717    0.0004966590
   3352    0.0007996934    0.0000001715    0.0004965110
   3353    0.0007994551    0.0000001714    0.0004963631
   3354    0.0007992170    0.0000001713    0.0004962153
   3355    0.0007989789    0.0000001712    0.0004960675
   3356    0.0007987411    0.0000001710    0.0004959199
   3357    0.0007985033    0.0000001709    0.0004957724
   3358    0.0007982657    0.0000001708    0.0004956249
   3359    0.0007980283    0.0000001707    0.0004954775
   3360    0.0007977910    0.0000001705    0.0004953302
   3361    0.0007975538    0.0000001704    0.0004951830
   3362    0.0007973168    0.0000001703    0.0004950359
   3363    0.0007970799    0.0000001702    0.0004948889
   3364    0.0007968431    0.0000001701    0.0004947420
   3365    0.0007966065    0.0000001699    0.0004945951
   3366    0.0007963700    0.0000001698    0.0004944484
   3367    0.0007961337    0.0000001697    0.0004943017
   3368    0.0007958975    0.0000001696    0.0004941551
   3369    0.0007956615    0.0000001694    0.0004940086
   3370    0.0007954256    0.0000001693    0.0004938622
   3371    0.0007951898    0.0000001692    0.0004937159
   3372    0.0007949542    0.0000001691    0.0004935696
   3373    0.0007947187    0.0000001690    0.0004934235
   3374    0.0007944833    0.0000001688    0.0004932774
   3375    0.0007942481    0.0000001687    0.0004931314
   3376    0.0007940131    0.0000001686    0.0004929855
   3377    0.0007937781    0.0000001685    0.0004928397
   3378    0.0007935433    0.0000001683    0.0004926940
   3379    0.0007933087    0.0000001682    0.0004925484
   3380    0.0007930742    0.0000001681    0.0004924028
   3381    0.0007928398    0.0000001680    0.0004922573
   3382    0.0007926055    0.0000001679    0.0004921120
   3383    0.0007923714    0.0000001677    0.0004919667
   3384    0.0007921375    0.0000001676    0.0004918215
   3385    0.0007919036    0.0000001675    0.0004916763
   3386    0.0007916700    0.0000001674    0.0004915313
   3387    0.0007914364    0.0000001673    0.0004913864
   3388    0.0007912030    0.0000001672    0.0004912415
   3389    0.0007909697    0.0000001670    0.0004910967
   3390    0.0007907366    0.0000001669    0.0004909520
   3391    0.0007905036    0.0000001668    0.0004908074
   3392    0.0007902707    0.0000001667    0.0004906629
   3393    0.0007900380    0.0000001666    0.0004905184
   3394    0.0007898054    0.0000001664    0.0004903741
   3395    0.0007895730    0.0000001663    0.0004902298
   3396    0.0007893406    0.0000001662    0.0004900856
   3397    0.0007891085    0.0000001661    0.0004899415
   3398    0.0007888764    0.0000001660    0.0004897975
   3399    0.0007886445    0.0000001659    0.0004896536
   3400    0.0007884127    0.0000001657    0.0004895097
   3401    0.0007881811    0.0000001656    0.0004893660
   3402    0.0007879496    0.0000001655    0.0004892223
   3403    0.0007877183    0.0000001654    0.0004890787
   3404    0.0007874870    0.0000001653    0.0004889352
   3405    0.0007872559    0.0000001652    0.0004887918
   3406    0.0007870250    0.0000001650    0.0004886484
   3407    0.0007867942    0.0000001649    0.0004885052
   3408    0.0007865635    0.0000001648    0.0004883620
   3409    0.0007863329    0.0000001647    0.0004882189
   3410    0.0007861025    0.0000001646    0.0004880759
   3411    0.0007858722    0.0000001645    0.0004879330
   3412    0.0007856421    0.0000001644    0.0004877902
   3413    0.0007854121    0.0000001642    0.0004876474
   3414    0.0007851822    0.0000001641    0.0004875047
   3415    0.0007849525    0.0000001640    0.0004873621
   3416    0.0007847229    0.0000001639    0.0004872196
   3417    0.0007844934    0.0000001638    0.0004870772
   3418    0.0007842641    0.0000001637    0.0004869349
   3419    0.0007840349    0.0000001636    0.0004867926
   3420    0.0007838058    0.0000001635    0.0004866505
   3421    0.0007835769    0.0000001633    0.0004865084
   3422    0.0007833481    0.0000001632    0.0004863664
   3423    0.0007831194    0.0000001631    0.0004862244
   3424    0.0007828908    0.0000001630    0.0004860826
   3425    0.0007826624    0.0000001629    0.0004859408
   3426    0.0007824342    0.0000001628    0.0004857992
   3427    0.0007822060    0.0000001627    0.0004856576
   3428    0.0007819780    0.0000001626    0.0004855161
   3429    0.0007817502    0.0000001624    0.0004853746
   3430    0.0007815224    0.0000001623    0.0004852333
   3431    0.0007812948    0.0000001622    0.0004850920
   3432    0.0007810674    0.0000001621    0.0004849509
   3433    0.0007808400    0.0000001620    0.0004848098
   3434    0.0007806128    0.0000001619    0.0004846687
   3435    0.0007803857    0.0000001618    0.0004845278
   3436    0.0007801588    0.0000001617    0.0004843870
   3437    0.0007799320    0.0000001616    0.0004842462
   3438    0.0007797053    0.0000001614    0.0004841055
   3439    0.0007794787    0.0000001613    0.0004839649
   3440    0.0007792523    0.0000001612    0.0004838244
   3441    0.0007790260    0.0000001611    0.0004836839
   3442    0.0007787999    0.0000001610    0.0004835436
   3443    0.0007785739    0.0000001609    0.0004834033
   3444    0.0007783480    0.0000001608    0.0004832631
   3445    0.0007781222    0.0000001607    0.0004831230
   3446    0.0007778966    0.0000001606    0.0004829829
   3447    0.0007776711    0.0000001605    0.0004828430
   3448    0.0007774457    0.0000001604    0.0004827031
   3449    0.0007772205    0.0000001602    0.0004825633
   3450    0.0007769954    0.0000001601    0.0004824236
   3451    0.0007767704    0.0000001600    0.0004822840
   3452    0.0007765455    0.0000001599    0.0004821444
   3453    0.0007763208    0.0000001598    0.0004820049
   3454    0.0007760962    0.0000001597    0.0004818655
   3455    0.0007758718    0.0000001596    0.0004817262
   3456    0.0007756475    0.0000001595    0.0004815870
   3457    0.0007754233    0.0000001594    0.0004814478
   3458    0.0007751992    0.0000001593    0.0004813088
   3459    0.0007749752    0.0000001592    0.0004811698
   3460    0.0007747514    0.0000001591    0.0004810309
   3461    0.0007745278    0.0000001590    0.0004808921
   3462    0.0007743042    0.0000001589    0.0004807533
   3463    0.0007740808    0.0000001587    0.0004806146
   3464    0.0007738575    0.0000001586    0.0004804761
   3465    0.0007736343    0.0000001585    0.0004803375
   3466    0.0007734113    0.0000001584    0.0004801991
   3467    0.0007731884    0.0000001583    0.0004800608
   3468    0.0007729656    0.0000001582    0.0004799225
   3469    0.0007727429    0.0000001581    0.0004797843
   3470    0.0007725204    0.0000001580    0.0004796462
   3471    0.0007722980    0.0000001579    0.0004795082
   3472    0.0007720758    0.0000001578    0.0004793702
   3473    0.0007718536    0.0000001577    0.0004792324
   3474    0.0007716316    0.0000001576    0.0004790946
   3475    0.0007714097    0.0000001575    0.0004789568
   3476    0.0007711880    0.0000001574    0.0004788192
   3477    0.0007709663    0.0000001573    0.0004786817
   3478    0.0007707448    0.0000001572    0.0004785442
   3479    0.0007705235    0.0000001571    0.0004784068
   3480    0.0007703022    0.0000001570    0.0004782695
   3481    0.0007700811    0.0000001569    0.0004781322
   3482    0.0007698601    0.0000001568    0.0004779951
   3483    0.0007696392    0.0000001567    0.0004778580
   3484    0.0007694185    0.0000001566    0.0004777210
   3485    0.0007691979    0.0000001565    0.0004775841
   3486    0.0007689774    0.0000001564    0.0004774472
   3487    0.0007687570    0.0000001562    0.0004773104
   3488    0.0007685368    0.0000001561    0.0004771738
   3489    0.0007683167    0.0000001560    0.0004770371
   3490    0.0007680967    0.0000001559    0.0004769006
   3491    0.0007678769    0.0000001558    0.0004767642
   3492    0.0007676571    0.0000001557    0.0004766278
   3493    0.0007674375    0.0000001556    0.0004764915
   3494    0.0007672180    0.0000001555    0.0004763553
   3495    0.0007669987    0.0000001554    0.0004762191
   3496    0.0007667795    0.0000001553    0.0004760830
   3497    0.0007665603    0.0000001552    0.0004759471
   3498    0.0007663414    0.0000001551    0.0004758111
   3499    0.0007661225    0.0000001550    0.0004756753
   3500    0.0007659038    0.0000001549    0.0004755396
   3501    0.0007656852    0.0000001548    0.0004754039
   3502    0.0007654667    0.0000001547    0.0004752683
   3503    0.0007652483    0.0000001546    0.0004751328
   3504    0.0007650301    0.0000001545    0.0004749973
   3505    0.0007648120    0.0000001544    0.0004748619
   3506    0.0007645940    0.0000001543    0.0004747266
   3507    0.0007643762    0.0000001542    0.0004745914
   3508    0.0007641584    0.0000001541    0.0004744563
   3509    0.0007639408    0.0000001540    0.0004743212
   3510    0.0007637233    0.0000001539    0.0004741863
   3511    0.0007635060    0.0000001538    0.0004740513
   3512    0.0007632887    0.0000001537    0.0004739165
   3513    0.0007630716    0.0000001536    0.0004737818
   3514    0.0007628546    0.0000001535    0.0004736471
   3515    0.0007626378    0.0000001534    0.0004735125
   3516    0.0007624210    0.0000001533    0.0004733780
   3517    0.0007622044    0.0000001532    0.0004732435
   3518    0.0007619879    0.0000001531    0.0004731091
   3519    0.0007617715    0.0000001530    0.0004729748
   3520    0.0007615553    0.0000001529    0.0004728406
   3521    0.0007613391    0.0000001528    0.0004727065
   3522    0.0007611231    0.0000001527    0.0004725724
   3523    0.0007609073    0.0000001526    0.0004724384
   3524    0.0007606915    0.0000001525    0.0004723045
   3525    0.0007604759    0.0000001525    0.0004721707
   3526    0.0007602603    0.0000001524    0.0004720369
   3527    0.0007600449    0.0000001523    0.0004719032
   3528    0.0007598297    0.0000001522    0.0004717696
   3529    0.0007596145    0.0000001521    0.0004716361
   3530    0.0007593995    0.0000001520    0.0004715026
   3531    0.0007591846    0.0000001519    0.0004713692
   3532    0.0007589698    0.0000001518    0.0004712359
   3533    0.0007587551    0.0000001517    0.0004711027
   3534    0.0007585406    0.0000001516    0.0004709695
   3535    0.0007583262    0.0000001515    0.0004708364
   3536    0.0007581118    0.0000001514    0.0004707034
   3537    0.0007578977    0.0000001513    0.0004705705
   3538    0.0007576836    0.0000001512    0.0004704376
   3539    0.0007574697    0.0000001511    0.0004703048
   3540    0.0007572558    0.0000001510    0.0004701721
   3541    0.0007570422    0.0000001509    0.0004700395
   3542    0.0007568286    0.0000001508    0.0004699069
   3543    0.0007566151    0.0000001507    0.0004697745
   3544    0.0007564018    0.0000001506    0.0004696421
   3545    0.0007561886    0.0000001505    0.0004695097
   3546    0.0007559755    0.0000001504    0.0004693775
   3547    0.0007557625    0.0000001503    0.0004692453
   3548    0.0007555496    0.0000001502    0.0004691132
   3549    0.0007553369    0.0000001502    0.0004689811
   3550    0.0007551243    0.0000001501    0.0004688492
   3551    0.0007549118    0.0000001500    0.0004687173
   3552    0.0007546994    0.0000001499    0.0004685855
   3553    0.0007544871    0.0000001498    0.0004684537
   3554    0.0007542750    0.0000001497    0.0004683220
   3555    0.0007540630    0.0000001496    0.0004681905
   3556    0.0007538511    0.0000001495    0.0004680589
   3557    0.0007536393    0.0000001494    0.0004679275
   3558    0.0007534276    0.0000001493    0.0004677961
   3559    0.0007532161    0.0000001492    0.0004676648
   3560    0.0007530047    0.0000001491    0.0004675336
   3561    0.0007527934    0.0000001490    0.0004674024
   3562    0.0007525822    0.0000001489    0.0004672714
   3563    0.0007523711    0.0000001488    0.0004671404
   3564    0.0007521602    0.0000001487    0.0004670094
   3565    0.0007519493    0.0000001487    0.0004668786
   3566    0.0007517386    0.0000001486    0.0004667478
   3567    0.0007515280    0.0000001485    0.0004666171
   3568    0.0007513175    0.0000001484    0.0004664864
   3569    0.0007511072    0.0000001483    0.0004663559
   3570    0.0007508969    0.0000001482    0.0004662254
   3571    0.0007506868    0.0000001481    0.0004660950
   3572    0.0007504768    0.0000001480    0.0004659646
   3573    0.0007502669    0.0000001479    0.0004658344
   3574    0.0007500571    0.0000001478    0.0004657042
   3575    0.0007498475    0.0000001477    0.0004655740
   3576    0.0007496379    0.0000001476    0.0004654440
   3577    0.0007494285    0.0000001476    0.0004653140
   3578    0.0007492192    0.0000001475    0.0004651841
   3579    0.0007490100    0.0000001474    0.0004650543
   3580    0.0007488010    0.0000001473    0.0004649245
   3581    0.0007485920    0.0000001472    0.0004647948
   3582    0.0007483832    0.0000001471    0.0004646652
   3583    0.0007481744    0.0000001470    0.0004645356
   3584    0.0007479658    0.0000001469    0.0004644062
   3585    0.0007477573    0.0000001468    0.0004642768
   3586    0.0007475490    0.0000001467    0.0004641474
   3587    0.0007473407    0.0000001466    0.0004640182
   3588    0.0007471326    0.0000001466    0.0004638890
   3589    0.0007469245    0.0000001465    0.0004637599
   3590    0.0007467166    0.0000001464    0.0004636308
   3591    0.0007465088    0.0000001463    0.0004635019
   3592    0.0007463012    0.0000001462    0.0004633730
   3593    0.0007460936    0.0000001461    0.0004632441
   3594    0.0007458862    0.0000001460    0.0004631154
   3595    0.0007456788    0.0000001459    0.0004629867
   3596    0.0007454716    0.0000001458    0.0004628581
   3597    0.0007452645    0.0000001458    0.0004627295
   3598    0.0007450575    0.0000001457    0.0004626011
   3599    0.0007448506    0.0000001456    0.0004624727
   3600    0.0007446439    0.0000001455    0.0004623443
   3601    0.0007444372    0.0000001454    0.0004622161
   3602    0.0007442307    0.0000001453    0.0004620879
   3603    0.0007440243    0.0000001452    0.0004619598
   3604    0.0007438180    0.0000001451    0.0004618317
   3605    0.0007436118    0.0000001450    0.0004617038
   3606    0.0007434058    0.0000001450    0.0004615759
   3607    0.0007431998    0.0000001449    0.0004614480
   3608    0.0007429940    0.0000001448    0.0004613203
   3609    0.0007427882    0.0000001447    0.0004611926
   3610    0.0007425826    0.0000001446    0.0004610650
   3611    0.0007423771    0.0000001445    0.0004609374
   3612    0.0007421717    0.0000001444    0.0004608099
   3613    0.0007419665    0.0000001443    0.0004606825
   3614    0.0007417613    0.0000001443    0.0004605552
   3615    0.0007415562    0.0000001442    0.0004604279
   3616    0.0007413513    0.0000001441    0.0004603007
   3617    0.0007411465    0.0000001440    0.0004601736
   3618    0.0007409418    0.0000001439    0.0004600466
   3619    0.0007407372    0.0000001438    0.0004599196
   3620    0.0007405327    0.0000001437    0.0004597927
   3621    0.0007403283    0.0000001436    0.0004596658
   3622    0.0007401241    0.0000001436    0.0004595390
   3623    0.0007399199    0.0000001435    0.0004594123
   3624    0.0007397159    0.0000001434    0.0004592857
   3625    0.0007395120    0.0000001433    0.0004591591
   3626    0.0007393082    0.0000001432    0.0004590326
   3627    0.0007391045    0.0000001431    0.0004589062
   3628    0.0007389009    0.0000001430    0.0004587798
   3629    0.0007386975    0.0000001430    0.0004586536
   3630    0.0007384941    0.0000001429    0.0004585273
   3631    0.0007382909    0.0000001428    0.0004584012
   3632    0.0007380877    0.0000001427    0.0004582751
   3633    0.0007378847    0.0000001426    0.0004581491
   3634    0.0007376818    0.0000001425    0.0004580232
   3635    0.0007374790    0.0000001424    0.0004578973
   3636    0.0007372763    0.0000001424    0.0004577715
   3637    0.0007370737    0.0000001423    0.0004576458
   3638    0.0007368713    0.0000001422    0.0004575201
   3639    0.0007366689    0.0000001421    0.0004573945
   3640    0.0007364667    0.0000001420    0.0004572690
   3641    0.0007362645    0.0000001419    0.0004571435
   3642    0.0007360625    0.0000001419    0.0004570181
   3643    0.0007358606    0.0000001418    0.0004568928
   3644    0.0007356588    0.0000001417    0.0004567676
   3645    0.0007354571    0.0000001416    0.0004566424
   3646    0.0007352555    0.0000001415    0.0004565173
   3647    0.0007350541    0.0000001414    0.0004563922
   3648    0.0007348527    0.0000001413    0.0004562672
   3649    0.0007346515    0.0000001413    0.0004561423
   3650    0.0007344503    0.0000001412    0.0004560175
   3651    0.0007342493    0.0000001411    0.0004558927
   3652    0.0007340484    0.0000001410    0.0004557680
   3653    0.0007338476    0.0000001409    0.0004556434
   3654    0.0007336469    0.0000001408    0.0004555188
   3655    0.0007334463    0.0000001408    0.0004553943
   3656    0.0007332458    0.0000001407    0.0004552699
   3657    0.0007330455    0.0000001406    0.0004551455
   3658    0.0007328452    0.0000001405    0.0004550212
   3659    0.0007326451    0.0000001404    0.0004548970
   3660    0.0007324450    0.0000001403    0.0004547728
   3661    0.0007322451    0.0000001403    0.0004546487
   3662    0.0007320453    0.0000001402    0.0004545247
   3663    0.0007318456    0.0000001401    0.0004544008
   3664    0.0007316460    0.0000001400    0.0004542769
   3665    0.0007314465    0.0000001399    0.0004541531
   3666    0.0007312471    0.0000001399    0.0004540293
   3667    0.0007310478    0.0000001398    0.0004539056
   3668    0.0007308486    0.0000001397    0.0004537820
   3669    0.0007306496    0.0000001396    0.0004536584
   3670    0.0007304506    0.0000001395    0.0004535350
   3671    0.0007302518    0.0000001394    0.0004534115
   3672    0.0007300530    0.0000001394    0.0004532882
   3673    0.0007298544    0.0000001393    0.0004531649
   3674    0.0007296559    0.0000001392    0.0004530417
   3675    0.0007294575    0.0000001391    0.0004529185
   3676    0.0007292592    0.0000001390    0.0004527955
   3677    0.0007290610    0.0000001390    0.0004526724
   3678    0.0007288629    0.0000001389    0.0004525495
   3679    0.0007286649    0.0000001388    0.0004524266
   3680    0.0007284670    0.0000001387    0.0004523038
   3681    0.0007282693    0.0000001386    0.0004521811
   3682    0.0007280716    0.0000001385    0.0004520584
   3683    0.0007278741    0.0000001385    0.0004519358
   3684    0.0007276766    0.0000001384    0.0004518132
   3685    0.0007274793    0.0000001383    0.0004516907
   3686    0.0007272821    0.0000001382    0.0004515683
   3687    0.0007270849    0.0000001381    0.0004514460
   3688    0.0007268879    0.0000001381    0.0004513237
   3689    0.0007266910    0.0000001380    0.0004512015
   3690    0.0007264942    0.0000001379    0.0004510793
   3691    0.0007262975    0.0000001378    0.0004509572
   3692    0.0007261009    0.0000001377    0.0004508352
   3693    0.0007259045    0.0000001377    0.0004507133
   3694    0.0007257081    0.0000001376    0.0004505914
   3695    0.0007255118    0.0000001375    0.0004504695
   3696    0.0007253156    0.0000001374    0.0004503478
   3697    0.0007251196    0.0000001373    0.0004502261
   3698    0.0007249236    0.0000001373    0.0004501045
   3699    0.0007247278    0.0000001372    0.0004499829
   3700    0.0007245320    0.0000001371    0.0004498614
   3701    0.0007243364    0.0000001370    0.0004497400
   3702    0.0007241409    0.0000001370    0.0004496186
   3703    0.0007239455    0.0000001369    0.0004494973
   3704    0.0007237501    0.0000001368    0.0004493761
   3705    0.0007235549    0.0000001367    0.0004492549
   3706    0.0007233598    0.0000001366    0.0004491338
   3707    0.0007231648    0.0000001366    0.0004490128
   3708    0.0007229699    0.0000001365    0.0004488918
   3709    0.0007227751    0.0000001364    0.0004487709
   3710    0.0007225804    0.0000001363    0.0004486501
   3711    0.0007223859    0.0000001362    0.0004485293
   3712    0.0007221914    0.0000001362    0.0004484086
   3713    0.0007219970    0.0000001361    0.0004482880
   3714    0.0007218027    0.0000001360    0.0004481674
   3715    0.0007216086    0.0000001359    0.0004480469
   3716    0.0007214145    0.0000001359    0.0004479264
   3717    0.0007212206    0.0000001358    0.0004478060
   3718    0.0007210267    0.0000001357    0.0004476857
   3719    0.0007208330    0.0000001356    0.0004475655
   3720    0.0007206393    0.0000001355    0.0004474453
   3721    0.0007204458    0.0000001355    0.0004473252
   3722    0.0007202523    0.0000001354    0.0004472051
   3723    0.0007200590    0.0000001353    0.0004470851
   3724    0.0007198658    0.0000001352    0.0004469652
   3725    0.0007196727    0.0000001352    0.0004468453
   3726    0.0007194796    0.0000001351    0.0004467255
   3727    0.0007192867    0.0000001350    0.0004466057
   3728    0.0007190939    0.0000001349    0.0004464861
   3729    0.0007189012    0.0000001348    0.0004463665
   3730    0.0007187086    0.0000001348    0.0004462469
   3731    0.0007185161    0.0000001347    0.0004461274
   3732    0.0007183237    0.0000001346    0.0004460080
   3733    0.0007181314    0.0000001345    0.0004458886
   3734    0.0007179392    0.0000001345    0.0004457694
   3735    0.0007177471    0.0000001344    0.0004456501
   3736    0.0007175551    0.0000001343    0.0004455310
   3737    0.0007173632    0.0000001342    0.0004454119
   3738    0.0007171714    0.0000001342    0.0004452928
   3739    0.0007169798    0.0000001341    0.0004451738
   3740    0.0007167882    0.0000001340    0.0004450549
   3741    0.0007165967    0.0000001339    0.0004449361
   3742    0.0007164053    0.0000001339    0.0004448173
   3743    0.0007162141    0.0000001338    0.0004446986
   3744    0.0007160229    0.0000001337    0.0004445799
   3745    0.0007158318    0.0000001336    0.0004444613
   3746    0.0007156408    0.0000001336    0.0004443428
   3747    0.0007154500    0.0000001335    0.0004442243
   3748    0.0007152592    0.0000001334    0.0004441059
   3749    0.0007150686    0.0000001333    0.0004439876
   3750    0.0007148780    0.0000001333    0.0004438693
   3751    0.0007146875    0.0000001332    0.0004437511
   3752    0.0007144972    0.0000001331    0.0004436330
   3753    0.0007143069    0.0000001330    0.0004435149
   3754    0.0007141168    0.0000001330    0.0004433968
   3755    0.0007139267    0.0000001329    0.0004432789
   3756    0.0007137368    0.0000001328    0.0004431610
   3757    0.0007135469    0.0000001327    0.0004430431
   3758    0.0007133572    0.0000001327    0.0004429254
   3759    0.0007131675    0.0000001326    0.0004428077
   3760    0.0007129780    0.0000001325    0.0004426900
   3761    0.0007127885    0.0000001324    0.0004425724
   3762    0.0007125992    0.0000001324    0.0004424549
   3763    0.0007124099    0.0000001323    0.0004423374
   3764    0.0007122208    0.0000001322    0.0004422200
   3765    0.0007120317    0.0000001321    0.0004421027
   3766    0.0007118428    0.0000001321    0.0004419854
   3767    0.0007116540    0.0000001320    0.0004418682
   3768    0.0007114652    0.0000001319    0.0004417510
   3769    0.0007112766    0.0000001318    0.0004416340
   3770    0.0007110880    0.0000001318    0.0004415169
   3771    0.0007108996    0.0000001317    0.0004414000
   3772    0.0007107112    0.0000001316    0.0004412831
   3773    0.0007105230    0.0000001315    0.0004411662
   3774    0.0007103348    0.0000001315    0.0004410494
   3775    0.0007101468    0.0000001314    0.0004409327
   3776    0.0007099589    0.0000001313    0.0004408161
   3777    0.0007097710    0.0000001313    0.0004406995
   3778    0.0007095833    0.0000001312    0.0004405829
   3779    0.0007093956    0.0000001311    0.0004404665
   3780    0.0007092081    0.0000001310    0.0004403501
   3781    0.0007090206    0.0000001310    0.0004402337
   3782    0.0007088333    0.0000001309    0.0004401174
   3783    0.0007086460    0.0000001308    0.0004400012
   3784    0.0007084589    0.0000001307    0.0004398850
   3785    0.0007082718    0.0000001307    0.0004397689
   3786    0.0007080848    0.0000001306    0.0004396529
   3787    0.0007078980    0.0000001305    0.0004395369
   3788    0.0007077112    0.0000001305    0.0004394210
   3789    0.0007075246    0.0000001304    0.0004393051
   3790    0.0007073380    0.0000001303    0.0004391893
   3791    0.0007071516    0.0000001302    0.0004390736
   3792    0.0007069652    0.0000001302    0.0004389579
   3793    0.0007067789    0.0000001301    0.0004388423
   3794    0.0007065928    0.0000001300    0.0004387268
   3795    0.0007064067    0.0000001300    0.0004386113
   3796    0.0007062207    0.0000001299    0.0004384958
   3797    0.0007060348    0.0000001298    0.0004383805
   3798    0.0007058491    0.0000001297    0.0004382652
   3799    0.0007056634    0.0000001297    0.0004381499
   3800    0.0007054778    0.0000001296    0.0004380347
   3801    0.0007052923    0.0000001295    0.0004379196
   3802    0.0007051069    0.0000001294    0.0004378045
   3803    0.0007049216    0.0000001294    0.0004376895
   3804    0.0007047365    0.0000001293    0.0004375746
   3805    0.0007045514    0.0000001292    0.0004374597
   3806    0.0007043664    0.0000001292    0.0004373449
   3807    0.0007041815    0.0000001291    0.0004372301
   3808    0.0007039967    0.0000001290    0.0004371154
   3809    0.0007038120    0.0000001290    0.0004370007
   3810    0.0007036273    0.0000001289    0.0004368862
   3811    0.0007034428    0.0000001288    0.0004367716
   3812    0.0007032584    0.0000001287    0.0004366572
   3813    0.0007030741    0.0000001287    0.0004365428
   3814    0.0007028899    0.0000001286    0.0004364284
   3815    0.0007027058    0.0000001285    0.0004363141
   3816    0.0007025217    0.0000001285    0.0004361999
   3817    0.0007023378    0.0000001284    0.0004360857
   3818    0.0007021540    0.0000001283    0.0004359716
   3819    0.0007019702    0.0000001282    0.0004358576
   3820    0.0007017866    0.0000001282    0.0004357436
   3821    0.0007016030    0.0000001281    0.0004356297
   3822    0.0007014196    0.0000001280    0.0004355158
   3823    0.0007012362    0.0000001280    0.0004354020
   3824    0.0007010530    0.0000001279    0.0004352882
   3825    0.0007008698    0.0000001278    0.0004351746
   3826    0.0007006867    0.0000001278    0.0004350609
   3827    0.0007005037    0.0000001277    0.0004349474
   3828    0.0007003209    0.0000001276    0.0004348338
   3829    0.0007001381    0.0000001275    0.0004347204
   3830    0.0006999554    0.0000001275    0.0004346070
   3831    0.0006997728    0.0000001274    0.0004344937
   3832    0.0006995903    0.0000001273    0.0004343804
   3833    0.0006994079    0.0000001273    0.0004342672
   3834    0.0006992256    0.0000001272    0.0004341540
   3835    0.0006990434    0.0000001271    0.0004340409
   3836    0.0006988613    0.0000001271    0.0004339279
   3837    0.0006986793    0.0000001270    0.0004338149
   3838    0.0006984973    0.0000001269    0.0004337020
   3839    0.0006983155    0.0000001269    0.0004335891
   3840    0.0006981338    0.0000001268    0.0004334763
   3841    0.0006979521    0.0000001267    0.0004333636
   3842    0.0006977706    0.0000001267    0.0004332509
   3843    0.0006975891    0.0000001266    0.0004331383
   3844    0.0006974078    0.0000001265    0.0004330257
   3845    0.0006972265    0.0000001264    0.0004329132
   3846    0.0006970453    0.0000001264    0.0004328007
   3847    0.0006968642    0.0000001263    0.0004326883
   3848    0.0006966833    0.0000001262    0.0004325760
   3849    0.0006965024    0.0000001262    0.0004324637
   3850    0.0006963216    0.0000001261    0.0004323515
   3851    0.0006961409    0.0000001260    0.0004322393
   3852    0.0006959603    0.0000001260    0.0004321272
   3853    0.0006957797    0.0000001259    0.0004320152
   3854    0.0006955993    0.0000001258    0.0004319032
   3855    0.0006954190    0.0000001258    0.0004317913
   3856    0.0006952388    0.0000001257    0.0004316794
   3857    0.0006950586    0.0000001256    0.0004315676
   3858    0.0006948786    0.0000001256    0.0004314558
   3859    0.0006946986    0.0000001255    0.0004313441
   3860    0.0006945188    0.0000001254    0.0004312325
   3861    0.0006943390    0.0000001254    0.0004311209
   3862    0.0006941593    0.0000001253    0.0004310094
   3863    0.0006939797    0.0000001252    0.0004308979
   3864    0.0006938003    0.0000001252    0.0004307865
   3865    0.0006936209    0.0000001251    0.0004306752
   3866    0.0006934416    0.0000001250    0.0004305639
   3867    0.0006932624    0.0000001250    0.0004304526
   3868    0.0006930832    0.0000001249    0.0004303415
   3869    0.0006929042    0.0000001248    0.0004302303
   3870    0.0006927253    0.0000001248    0.0004301193
   3871    0.0006925464    0.0000001247    0.0004300083
   3872    0.0006923677    0.0000001246    0.0004298973
   3873    0.0006921890    0.0000001246    0.0004297864
   3874    0.0006920105    0.0000001245    0.0004296756
   3875    0.0006918320    0.0000001244    0.0004295648
   3876    0.0006916536    0.0000001244    0.0004294541
   3877    0.0006914753    0.0000001243    0.0004293434
   3878    0.0006912971    0.0000001242    0.0004292328
   3879    0.0006911190    0.0000001242    0.0004291223
   3880    0.0006909410    0.0000001241    0.0004290118
   3881    0.0006907631    0.0000001240    0.0004289014
   3882    0.0006905853    0.0000001240    0.0004287910
   3883    0.0006904075    0.0000001239    0.0004286807
   3884    0.0006902299    0.0000001238    0.0004285704
   3885    0.0006900523    0.0000001238    0.0004284602
   3886    0.0006898749    0.0000001237    0.0004283500
   3887    0.0006896975    0.0000001236    0.0004282399
   3888    0.0006895202    0.0000001236    0.0004281299
   3889    0.0006893430    0.0000001235    0.0004280199
   3890    0.0006891659    0.0000001234    0.0004279100
   3891    0.0006889889    0.0000001234    0.0004278001
   3892    0.0006888120    0.0000001233    0.0004276903
   3893    0.0006886352    0.0000001232    0.0004275806
   3894    0.0006884584    0.0000001232    0.0004274709
   3895    0.0006882818    0.0000001231    0.0004273612
   3896    0.0006881053    0.0000001230    0.0004272516
   3897    0.0006879288    0.0000001230    0.0004271421
   3898    0.0006877524    0.0000001229    0.0004270326
   3899    0.0006875761    0.0000001228    0.0004269232
   3900    0.0006873999    0.0000001228    0.0004268138
   3901    0.0006872238    0.0000001227    0.0004267045
   3902    0.0006870478    0.0000001226    0.0004265953
   3903    0.0006868719    0.0000001226    0.0004264861
   3904    0.0006866961    0.0000001225    0.0004263770
   3905    0.0006865203    0.0000001225    0.0004262679
   3906    0.0006863447    0.0000001224    0.0004261588
   3907    0.0006861691    0.0000001223    0.0004260499
   3908    0.0006859937    0.0000001223    0.0004259410
   3909    0.0006858183    0.0000001222    0.0004258321
   3910    0.0006856430    0.0000001221    0.0004257233
   3911    0.0006854678    0.0000001221    0.0004256145
   3912    0.0006852927    0.0000001220    0.0004255058
   3913    0.0006851176    0.0000001219    0.0004253972
   3914    0.0006849427    0.0000001219    0.0004252886
   3915    0.0006847679    0.0000001218    0.0004251801
   3916    0.0006845931    0.0000001217    0.0004250716
   3917    0.0006844184    0.0000001217    0.0004249632
   3918    0.0006842439    0.0000001216    0.0004248549
   3919    0.0006840694    0.0000001216    0.0004247465
   3920    0.0006838950    0.0000001215    0.0004246383
   3921    0.0006837207    0.0000001214    0.0004245301
   3922    0.0006835464    0.0000001214    0.0004244220
   3923    0.0006833723    0.0000001213    0.0004243139
   3924    0.0006831983    0.0000001212    0.0004242058
   3925    0.0006830243    0.0000001212    0.0004240979
   3926    0.0006828504    0.0000001211    0.0004239899
   3927    0.0006826767    0.0000001210    0.0004238821
   3928    0.0006825030    0.0000001210    0.0004237743
   3929    0.0006823294    0.0000001209    0.0004236665
   3930    0.0006821559    0.0000001209    0.0004235588
   3931    0.0006819824    0.0000001208    0.0004234512
   3932    0.0006818091    0.0000001207    0.0004233436
   3933    0.0006816358    0.0000001207    0.0004232360
   3934    0.0006814627    0.0000001206    0.0004231286
   3935    0.0006812896    0.0000001205    0.0004230211
   3936    0.0006811166    0.0000001205    0.0004229138
   3937    0.0006809437    0.0000001204    0.0004228064
   3938    0.0006807709    0.0000001203    0.0004226992
   3939    0.0006805982    0.0000001203    0.0004225920
   3940    0.0006804256    0.0000001202    0.0004224848
   3941    0.0006802530    0.0000001202    0.0004223777
   3942    0.0006800806    0.0000001201    0.0004222707
   3943    0.0006799082    0.0000001200    0.0004221637
   3944    0.0006797359    0.0000001200    0.0004220567
   3945    0.0006795637    0.0000001199    0.0004219498
   3946    0.0006793916    0.0000001198    0.0004218430
   3947    0.0006792196    0.0000001198    0.0004217362
   3948    0.0006790476    0.0000001197    0.0004216295
   3949    0.0006788758    0.0000001197    0.0004215228
   3950    0.0006787040    0.0000001196    0.0004214162
   3951    0.0006785323    0.0000001195    0.0004213097
   3952    0.0006783608    0.0000001195    0.0004212032
   3953    0.0006781893    0.0000001194    0.0004210967
   3954    0.0006780178    0.0000001193    0.0004209903
   3955    0.0006778465    0.0000001193    0.0004208840
   3956    0.0006776753    0.0000001192    0.0004207777
   3957    0.0006775041    0.0000001192    0.0004206714
   3958    0.0006773330    0.0000001191    0.0004205653
   3959    0.0006771621    0.0000001190    0.0004204591
   3960    0.0006769912    0.0000001190    0.0004203531
   3961    0.0006768204    0.0000001189    0.0004202470
   3962    0.0006766496    0.0000001189    0.0004201411
   3963    0.0006764790    0.0000001188    0.0004200351
   3964    0.0006763084    0.0000001187    0.0004199293
   3965    0.0006761380    0.0000001187    0.0004198235
   3966    0.0006759676    0.0000001186    0.0004197177
   3967    0.0006757973    0.0000001185    0.0004196120
   3968    0.0006756271    0.0000001185    0.0004195064
   3969    0.0006754570    0.0000001184    0.0004194008
   3970    0.0006752869    0.0000001184    0.0004192952
   3971    0.0006751170    0.0000001183    0.0004191897
   3972    0.0006749471    0.0000001182    0.0004190843
   3973    0.0006747773    0.0000001182    0.0004189789
   3974    0.0006746076    0.0000001181    0.0004188736
   3975    0.0006744380    0.0000001181    0.0004187683
   3976    0.0006742685    0.0000001180    0.0004186631
   3977    0.0006740991    0.0000001179    0.0004185579
   3978    0.0006739297    0.0000001179    0.0004184528
   3979    0.0006737604    0.0000001178    0.0004183477
   3980    0.0006735913    0.0000001178    0.0004182427
   3981    0.0006734222    0.0000001177    0.0004181377
   3982    0.0006732531    0.0000001176    0.0004180328
   3983    0.0006730842    0.0000001176    0.0004179280
   3984    0.0006729154    0.0000001175    0.0004178232
   3985    0.0006727466    0.0000001175    0.0004177184
   3986    0.0006725779    0.0000001174    0.0004176137
   3987    0.0006724093    0.0000001173    0.0004175091
   3988    0.0006722408    0.0000001173    0.0004174045
   3989    0.0006720724    0.0000001172    0.0004172999
   3990    0.0006719041    0.0000001172    0.0004171954
   3991    0.0006717358    0.0000001171    0.0004170910
   3992    0.0006715677    0.0000001170    0.0004169866
   3993    0.0006713996    0.0000001170    0.0004168823
   3994    0.0006712316    0.0000001169    0.0004167780
   3995    0.0006710637    0.0000001169    0.0004166738
   3996    0.0006708958    0.0000001168    0.0004165696
   3997    0.0006707281    0.0000001167    0.0004164655
   3998    0.0006705604    0.0000001167    0.0004163614
   3999    0.0006703928    0.0000001166    0.0004162574
   4000    0.0006702253    0.0000001166    0.0004161534
   4001    0.0006700579    0.0000001165    0.0004160495
   4002    0.0006698906    0.0000001164    0.0004159456
   4003    0.0006697233    0.0000001164    0.0004158418
   4004    0.0006695562    0.0000001163    0.0004157381
   4005    0.0006693891    0.0000001163    0.0004156344
   4006    0.0006692221    0.0000001162    0.0004155307
   4007    0.0006690552    0.0000001161    0.0004154271
   4008    0.0006688884    0.0000001161    0.0004153236
   4009    0.0006687216    0.0000001160    0.0004152201
   4010    0.0006685550    0.0000001160    0.0004151166
   4011    0.0006683884    0.0000001159    0.0004150132
   4012    0.0006682219    0.0000001158    0.0004149099
   4013    0.0006680555    0.0000001158    0.0004148066
   4014    0.0006678891    0.0000001157    0.0004147033
   4015    0.0006677229    0.0000001157    0.0004146001
   4016    0.0006675567    0.0000001156    0.0004144970
   4017    0.0006673906    0.0000001155    0.0004143939
   4018    0.0006672246    0.0000001155    0.0004142909
   4019    0.0006670587    0.0000001154    0.0004141879
   4020    0.0006668929    0.0000001154    0.0004140849
   4021    0.0006667271    0.0000001153    0.0004139820
   4022    0.0006665615    0.0000001153    0.0004138792
   4023    0.0006663959    0.0000001152    0.0004137764
   4024    0.0006662304    0.0000001151    0.0004136737
   4025    0.0006660649    0.0000001151    0.0004135710
   4026    0.0006658996    0.0000001150    0.0004134684
   4027    0.0006657343    0.0000001150    0.0004133658
   4028    0.0006655692    0.0000001149    0.0004132633
   4029    0.0006654041    0.0000001148    0.0004131608
   4030    0.0006652390    0.0000001148    0.0004130584
   4031    0.0006650741    0.0000001147    0.0004129560
   4032    0.0006649093    0.0000001147    0.0004128537
   4033    0.0006647445    0.0000001146    0.0004127514
   4034    0.0006645798    0.0000001146    0.0004126492
   4035    0.0006644152    0.0000001145    0.0004125470
   4036    0.0006642507    0.0000001144    0.0004124449
   4037    0.0006640862    0.0000001144    0.0004123428
   4038    0.0006639219    0.0000001143    0.0004122408
   4039    0.0006637576    0.0000001143    0.0004121388
   4040    0.0006635934    0.0000001142    0.0004120369
   4041    0.0006634293    0.0000001142    0.0004119350
   4042    0.0006632652    0.0000001141    0.0004118332
   4043    0.0006631013    0.0000001140    0.0004117314
   4044    0.0006629374    0.0000001140    0.0004116297
   4045    0.0006627736    0.0000001139    0.0004115280
   4046    0.0006626099    0.0000001139    0.0004114264
   4047    0.0006624463    0.0000001138    0.0004113248
   4048    0.0006622827    0.0000001137    0.0004112233
   4049    0.0006621193    0.0000001137    0.0004111219
   4050    0.0006619559    0.0000001136    0.0004110204
   4051    0.0006617926    0.0000001136    0.0004109191
   4052    0.0006616293    0.0000001135    0.0004108178
   4053    0.0006614662    0.0000001135    0.0004107165
   4054    0.0006613031    0.0000001134    0.0004106153
   4055    0.0006611401    0.0000001133    0.0004105141
   4056    0.0006609772    0.0000001133    0.0004104130
   4057    0.0006608144    0.0000001132    0.0004103119
   4058    0.0006606517    0.0000001132    0.0004102109
   4059    0.0006604890    0.0000001131    0.0004101099
   4060    0.0006603264    0.0000001131    0.0004100090
   4061    0.0006601639    0.0000001130    0.0004099081
   4062    0.0006600015    0.0000001130    0.0004098073
   4063    0.0006598391    0.0000001129    0.0004097065
   4064    0.0006596769    0.0000001128    0.0004096058
   4065    0.0006595147    0.0000001128    0.0004095051
   4066    0.0006593526    0.0000001127    0.0004094045
   4067    0.0006591905    0.0000001127    0.0004093039
   4068    0.0006590286    0.0000001126    0.0004092034
   4069    0.0006588667    0.0000001126    0.0004091030
   4070    0.0006587049    0.0000001125    0.0004090025
   4071    0.0006585432    0.0000001124    0.0004089021
   4072    0.0006583816    0.0000001124    0.0004088018
   4073    0.0006582200    0.0000001123    0.0004087015
   4074    0.0006580586    0.0000001123    0.0004086013
   4075    0.0006578972    0.0000001122    0.0004085011
   4076    0.0006577359    0.0000001122    0.0004084010
   4077    0.0006575746    0.0000001121    0.0004083009
   4078    0.0006574135    0.0000001121    0.0004082009
   4079    0.0006572524    0.0000001120    0.0004081009
   4080    0.0006570914    0.0000001119    0.0004080010
   4081    0.0006569305    0.0000001119    0.0004079011
   4082    0.0006567697    0.0000001118    0.0004078013
   4083    0.0006566089    0.0000001118    0.0004077015
   4084    0.0006564482    0.0000001117    0.0004076017
   4085    0.0006562876    0.0000001117    0.0004075020
   4086    0.0006561271    0.0000001116    0.0004074024
   4087    0.0006559666    0.0000001116    0.0004073028
   4088    0.0006558063    0.0000001115    0.0004072033
   4089    0.0006556460    0.0000001114    0.0004071038
   4090    0.0006554858    0.0000001114    0.0004070043
   4091    0.0006553256    0.0000001113    0.0004069049
   4092    0.0006551656    0.0000001113    0.0004068056
   4093    0.0006550056    0.0000001112    0.0004067063
   4094    0.0006548457    0.0000001112    0.0004066070
   4095    0.0006546859    0.0000001111    0.0004065078
   4096    0.0006545262    0.0000001111    0.0004064087
   4097    0.0006543665    0.0000001110    0.0004063096
   4098    0.0006542069    0.0000001109    0.0004062105
   4099    0.0006540474    0.0000001109    0.0004061115
   4100    0.0006538880    0.0000001108    0.0004060125
   4101    0.0006537286    0.0000001108    0.0004059136
   4102    0.0006535693    0.0000001107    0.0004058147
   4103    0.0006534101    0.0000001107    0.0004057159
   4104    0.0006532510    0.0000001106    0.0004056172
   4105    0.0006530920    0.0000001106    0.0004055184
   4106    0.0006529330    0.0000001105    0.0004054198
   4107    0.0006527741    0.0000001105    0.0004053211
   4108    0.0006526153    0.0000001104    0.0004052226
   4109    0.0006524566    0.0000001103    0.0004051240
   4110    0.0006522979    0.0000001103    0.0004050256
   4111    0.0006521393    0.0000001102    0.0004049271
   4112    0.0006519808    0.0000001102    0.0004048287
   4113    0.0006518224    0.0000001101    0.0004047304
   4114    0.0006516641    0.0000001101    0.0004046321
   4115    0.0006515058    0.0000001100    0.0004045339
   4116    0.0006513476    0.0000001100    0.0004044357
   4117    0.0006511895    0.0000001099    0.0004043375
   4118    0.0006510314    0.0000001099    0.0004042394
   4119    0.0006508735    0.0000001098    0.0004041414
   4120    0.0006507156    0.0000001097    0.0004040434
   4121    0.0006505578    0.0000001097    0.0004039454
   4122    0.0006504001    0.0000001096    0.0004038475
   4123    0.0006502424    0.0000001096    0.0004037496
   4124    0.0006500848    0.0000001095    0.0004036518
   4125    0.0006499273    0.0000001095    0.0004035541
   4126    0.0006497699    0.0000001094    0.0004034563
   4127    0.0006496125    0.0000001094    0.0004033587
   4128    0.0006494553    0.0000001093    0.0004032610
   4129    0.0006492981    0.0000001093    0.0004031635
   4130    0.0006491409    0.0000001092    0.0004030659
   4131    0.0006489839    0.0000001092    0.0004029684
   4132    0.0006488269    0.0000001091    0.0004028710
   4133    0.0006486700    0.0000001090    0.0004027736
   4134    0.0006485132    0.0000001090    0.0004026763
   4135    0.0006483565    0.0000001089    0.0004025790
   4136    0.0006481998    0.0000001089    0.0004024817
   4137    0.0006480432    0.0000001088    0.0004023845
   4138    0.0006478867    0.0000001088    0.0004022874
   4139    0.0006477302    0.0000001087    0.0004021903
   4140    0.0006475739    0.0000001087    0.0004020932
   4141    0.0006474176    0.0000001086    0.0004019962
   4142    0.0006472614    0.0000001086    0.0004018992
   4143    0.0006471052    0.0000001085    0.0004018023
   4144    0.0006469492    0.0000001085    0.0004017054
   4145    0.0006467932    0.0000001084    0.0004016086
   4146    0.0006466373    0.0000001084    0.0004015118
   4147    0.0006464814    0.0000001083    0.0004014151
   4148    0.0006463256    0.0000001082    0.0004013184
   4149    0.0006461700    0.0000001082    0.0004012218
   4150    0.0006460143    0.0000001081    0.0004011252
   4151    0.0006458588    0.0000001081    0.0004010286
   4152    0.0006457033    0.0000001080    0.0004009321
   4153    0.0006455480    0.0000001080    0.0004008357
   4154    0.0006453926    0.0000001079    0.0004007393
   4155    0.0006452374    0.0000001079    0.0004006429
   4156    0.0006450822    0.0000001078    0.0004005466
   4157    0.0006449271    0.0000001078    0.0004004503
   4158    0.0006447721    0.0000001077    0.0004003541
   4159    0.0006446172    0.0000001077    0.0004002579
   4160    0.0006444623    0.0000001076    0.0004001618
   4161    0.0006443075    0.0000001076    0.0004000657
   4162    0.0006441528    0.0000001075    0.0003999697
   4163    0.0006439982    0.0000001075    0.0003998737
   4164    0.0006438436    0.0000001074    0.0003997777
   4165    0.0006436891    0.0000001074    0.0003996818
   4166    0.0006435347    0.0000001073    0.0003995860
   4167    0.0006433803    0.0000001073    0.0003994902
   4168    0.0006432261    0.0000001072    0.0003993944
   4169    0.0006430719    0.0000001071    0.0003992987
   4170    0.0006429177    0.0000001071    0.0003992030
   4171    0.0006427637    0.0000001070    0.0003991074
   4172    0.0006426097    0.0000001070    0.0003990118
   4173    0.0006424558    0.0000001069    0.0003989163
   4174    0.0006423020    0.0000001069    0.0003988208
   4175    0.0006421482    0.0000001068    0.0003987254
   4176    0.0006419945    0.0000001068    0.0003986300
   4177    0.0006418409    0.0000001067    0.0003985346
   4178    0.0006416874    0.0000001067    0.0003984393
   4179    0.0006415339    0.0000001066    0.0003983440
   4180    0.0006413805    0.0000001066    0.0003982488
   4181    0.0006412272    0.0000001065    0.0003981537
   4182    0.0006410740    0.0000001065    0.0003980585
   4183    0.0006409208    0.0000001064    0.0003979635
   4184    0.0006407677    0.0000001064    0.0003978684
   4185    0.0006406147    0.0000001063    0.0003977734
   4186    0.0006404617    0.0000001063    0.0003976785
   4187    0.0006403089    0.0000001062    0.0003975836
   4188    0.0006401561    0.0000001062    0.0003974888
   4189    0.0006400033    0.0000001061    0.0003973940
   4190    0.0006398507    0.0000001061    0.0003972992
   4191    0.0006396981    0.0000001060    0.0003972045
   4192    0.0006395456    0.0000001060    0.0003971098
   4193    0.0006393931    0.0000001059    0.0003970152
   4194    0.0006392408    0.0000001059    0.0003969206
   4195    0.0006390885    0.0000001058    0.0003968261
   4196    0.0006389362    0.0000001058    0.0003967316
   4197    0.0006387841    0.0000001057    0.0003966371
   4198    0.0006386320    0.0000001057    0.0003965427
   4199    0.0006384800    0.0000001056    0.0003964484
   4200    0.0006383281    0.0000001056    0.0003963541
   4201    0.0006381762    0.0000001055    0.0003962598
   4202    0.0006380244    0.0000001055    0.0003961656
   4203    0.0006378727    0.0000001054    0.0003960714
   4204    0.0006377211    0.0000001054    0.0003959773
   4205    0.0006375695    0.0000001053    0.0003958832
   4206    0.0006374180    0.0000001052    0.0003957892
   4207    0.0006372666    0.0000001052    0.0003956952
   4208    0.0006371152    0.0000001051    0.0003956012
   4209    0.0006369639    0.0000001051    0.0003955073
   4210    0.0006368127    0.0000001050    0.0003954134
   4211    0.0006366616    0.0000001050    0.0003953196
   4212    0.0006365105    0.0000001049    0.0003952259
   4213    0.0006363595    0.0000001049    0.0003951321
   4214    0.0006362086    0.0000001048    0.0003950384
   4215    0.0006360577    0.0000001048    0.0003949448
   4216    0.0006359070    0.0000001047    0.0003948512
   4217    0.0006357562    0.0000001047    0.0003947577
   4218    0.0006356056    0.0000001046    0.0003946642
   4219    0.0006354550    0.0000001046    0.0003945707
   4220    0.0006353045    0.0000001045    0.0003944773
   4221    0.0006351541    0.0000001045    0.0003943839
   4222    0.0006350038    0.0000001044    0.0003942906
   4223    0.0006348535    0.0000001044    0.0003941973
   4224    0.0006347033    0.0000001043    0.0003941040
   4225    0.0006345531    0.0000001043    0.0003940108
   4226    0.0006344031    0.0000001042    0.0003939177
   4227    0.0006342531    0.0000001042    0.0003938246
   4228    0.0006341031    0.0000001041    0.0003937315
   4229    0.0006339533    0.0000001041    0.0003936385
   4230    0.0006338035    0.0000001040    0.0003935455
   4231    0.0006336538    0.0000001040    0.0003934526
   4232    0.0006335041    0.0000001039    0.0003933597
   4233    0.0006333546    0.0000001039    0.0003932668
   4234    0.0006332050    0.0000001038    0.0003931740
   4235    0.0006330556    0.0000001038    0.0003930813
   4236    0.0006329063    0.0000001037    0.0003929886
   4237    0.0006327570    0.0000001037    0.0003928959
   4238    0.0006326077    0.0000001037    0.0003928033
   4239    0.0006324586    0.0000001036    0.0003927107
   4240    0.0006323095    0.0000001036    0.0003926181
   4241    0.0006321605    0.0000001035    0.0003925257
   4242    0.0006320116    0.0000001035    0.0003924332
   4243    0.0006318627    0.0000001034    0.0003923408
   4244    0.0006317139    0.0000001034    0.0003922484
   4245    0.0006315652    0.0000001033    0.0003921561
   4246    0.0006314165    0.0000001033    0.0003920638
   4247    0.0006312679    0.0000001032    0.0003919716
   4248    0.0006311194    0.0000001032    0.0003918794
   4249    0.0006309709    0.0000001031    0.0003917873
   4250    0.0006308226    0.0000001031    0.0003916951
   4251    0.0006306742    0.0000001030    0.0003916031
   4252    0.0006305260    0.0000001030    0.0003915111
   4253    0.0006303778    0.0000001029    0.0003914191
   4254    0.0006302297    0.0000001029    0.0003913272
   4255    0.0006300817    0.0000001028    0.0003912353
   4256    0.0006299337    0.0000001028    0.0003911434
   4257    0.0006297858    0.0000001027    0.0003910516
   4258    0.0006296380    0.0000001027    0.0003909599
   4259    0.0006294903    0.0000001026    0.0003908681
   4260    0.0006293426    0.0000001026    0.0003907765
   4261    0.0006291950    0.0000001025    0.0003906848
   4262    0.0006290474    0.0000001025    0.0003905933
   4263    0.0006288999    0.0000001024    0.0003905017
   4264    0.0006287525    0.0000001024    0.0003904102
   4265    0.0006286052    0.0000001023    0.0003903187
   4266    0.0006284579    0.0000001023    0.0003902273
   4267    0.0006283107    0.0000001022    0.0003901360
   4268    0.0006281636    0.0000001022    0.0003900446
   4269    0.0006280165    0.0000001021    0.0003899533
   4270    0.0006278695    0.0000001021    0.0003898621
   4271    0.0006277226    0.0000001020    0.0003897709
   4272    0.0006275758    0.0000001020    0.0003896797
   4273    0.0006274290    0.0000001019    0.0003895886
   4274    0.0006272822    0.0000001019    0.0003894975
   4275    0.0006271356    0.0000001018    0.0003894065
   4276    0.0006269890    0.0000001018    0.0003893155
   4277    0.0006268425    0.0000001018    0.0003892246
   4278    0.0006266961    0.0000001017    0.0003891337
   4279    0.0006265497    0.0000001017    0.0003890428
   4280    0.0006264034    0.0000001016    0.0003889520
   4281    0.0006262571    0.0000001016    0.0003888612
   4282    0.0006261110    0.0000001015    0.0003887705
   4283    0.0006259649    0.0000001015    0.0003886798
   4284    0.0006258188    0.0000001014    0.0003885891
   4285    0.0006256729    0.0000001014    0.0003884985
   4286    0.0006255270    0.0000001013    0.0003884080
   4287    0.0006253811    0.0000001013    0.0003883174
   4288    0.0006252354    0.0000001012    0.0003882270
   4289    0.0006250897    0.0000001012    0.0003881365
   4290    0.0006249440    0.0000001011    0.0003880461
   4291    0.0006247985    0.0000001011    0.0003879558
   4292    0.0006246530    0.0000001010    0.0003878654
   4293    0.0006245076    0.0000001010    0.0003877752
   4294    0.0006243622    0.0000001009    0.0003876849
   4295    0.0006242169    0.0000001009    0.0003875948
   4296    0.0006240717    0.0000001008    0.0003875046
   4297    0.0006239265    0.0000001008    0.0003874145
   4298    0.0006237815    0.0000001008    0.0003873245
   4299    0.0006236364    0.0000001007    0.0003872344
   4300    0.0006234915    0.0000001007    0.0003871445
   4301    0.0006233466    0.0000001006    0.0003870545
   4302    0.0006232018    0.0000001006    0.0003869646
   4303    0.0006230570    0.0000001005    0.0003868748
   4304    0.0006229124    0.0000001005    0.0003867850
   4305    0.0006227677    0.0000001004    0.0003866952
   4306    0.0006226232    0.0000001004    0.0003866055
   4307    0.0006224787    0.0000001003    0.0003865158
   4308    0.0006223343    0.0000001003    0.0003864261
   4309    0.0006221899    0.0000001002    0.0003863365
   4310    0.0006220457    0.0000001002    0.0003862470
   4311    0.0006219015    0.0000001001    0.0003861575
   4312    0.0006217573    0.0000001001    0.0003860680
   4313    0.0006216132    0.0000001001    0.0003859785
   4314    0.0006214692    0.0000001000    0.0003858892
   4315    0.0006213253    0.0000001000    0.0003857998
   4316    0.0006211814    0.0000000999    0.0003857105
   4317    0.0006210376    0.0000000999    0.0003856212
   4318    0.0006208938    0.0000000998    0.0003855320
   4319    0.0006207502    0.0000000998    0.0003854428
   4320    0.0006206065    0.0000000997    0.0003853537
   4321    0.0006204630    0.0000000997    0.0003852645
   4322    0.0006203195    0.0000000996    0.0003851755
   4323    0.0006201761    0.0000000996    0.0003850865
   4324    0.0006200328    0.0000000995    0.0003849975
   4325    0.0006198895    0.0000000995    0.0003849085
   4326    0.0006197463    0.0000000994    0.0003848196
   4327    0.0006196031    0.0000000994    0.0003847308
   4328    0.0006194600    0.0000000994    0.0003846420
   4329    0.0006193170    0.0000000993    0.0003845532
   4330    0.0006191741    0.0000000993    0.0003844645
   4331    0.0006190312    0.0000000992    0.0003843758
   4332    0.0006188884    0.0000000992    0.0003842871
   4333    0.0006187456    0.0000000991    0.0003841985
   4334    0.0006186029    0.0000000991    0.0003841099
   4335    0.0006184603    0.0000000990    0.0003840214
   4336    0.0006183177    0.0000000990    0.0003839329
   4337    0.0006181752    0.0000000989    0.0003838444
   4338    0.0006180328    0.0000000989    0.0003837560
   4339    0.0006178905    0.0000000988    0.0003836677
   4340    0.0006177482    0.0000000988    0.0003835793
   4341    0.0006176059    0.0000000988    0.0003834911
   4342    0.0006174638    0.0000000987    0.0003834028
   4343    0.0006173217    0.0000000987    0.0003833146
   4344    0.0006171797    0.0000000986    0.0003832264
   4345    0.0006170377    0.0000000986    0.0003831383
   4346    0.0006168958    0.0000000985    0.0003830502
   4347    0.0006167540    0.0000000985    0.0003829622
   4348    0.0006166122    0.0000000984    0.0003828742
   4349    0.0006164705    0.0000000984    0.0003827862
   4350    0.0006163288    0.0000000983    0.0003826983
   4351    0.0006161873    0.0000000983    0.0003826104
   4352    0.0006160458    0.0000000983    0.0003825226
   4353    0.0006159043    0.0000000982    0.0003824348
   4354    0.0006157629    0.0000000982    0.0003823470
   4355    0.0006156216    0.0000000981    0.0003822593
   4356    0.0006154804    0.0000000981    0.0003821716
   4357    0.0006153392    0.0000000980    0.0003820840
   4358    0.0006151981    0.0000000980    0.0003819964
   4359    0.0006150570    0.0000000979    0.0003819088
   4360    0.0006149160    0.0000000979    0.0003818213
   4361    0.0006147751    0.0000000978    0.0003817338
   4362    0.0006146342    0.0000000978    0.0003816464
   4363    0.0006144934    0.0000000978    0.0003815590
   4364    0.0006143527    0.0000000977    0.0003814716
   4365    0.0006142120    0.0000000977    0.0003813843
   4366    0.0006140714    0.0000000976    0.0003812970
   4367    0.0006139309    0.0000000976    0.0003812098
   4368    0.0006137904    0.0000000975    0.0003811226
   4369    0.0006136500    0.0000000975    0.0003810354
   4370    0.0006135097    0.0000000974    0.0003809483
   4371    0.0006133694    0.0000000974    0.0003808612
   4372    0.0006132292    0.0000000974    0.0003807742
   4373    0.0006130890    0.0000000973    0.0003806872
   4374    0.0006129489    0.0000000973    0.0003806002
   4375    0.0006128089    0.0000000972    0.0003805133
   4376    0.0006126689    0.0000000972    0.0003804264
   4377    0.0006125290    0.0000000971    0.0003803396
   4378    0.0006123892    0.0000000971    0.0003802528
   4379    0.0006122494    0.0000000970    0.0003801660
   4380    0.0006121097    0.0000000970    0.0003800793
   4381    0.0006119701    0.0000000970    0.0003799926
   4382    0.0006118305    0.0000000969    0.0003799060
   4383    0.0006116910    0.0000000969    0.0003798193
   4384    0.0006115515    0.0000000968    0.0003797328
   4385    0.0006114121    0.0000000968    0.0003796463
   4386    0.0006112728    0.0000000967    0.0003795598
   4387    0.0006111335    0.0000000967    0.0003794733
   4388    0.0006109943    0.0000000966    0.0003793869
   4389    0.0006108552    0.0000000966    0.0003793006
   4390    0.0006107161    0.0000000966    0.0003792142
   4391    0.0006105771    0.0000000965    0.0003791279
   4392    0.0006104382    0.0000000965    0.0003790417
   4393    0.0006102993    0.0000000964    0.0003789555
   4394    0.0006101605    0.0000000964    0.0003788693
   4395    0.0006100217    0.0000000963    0.0003787832
   4396    0.0006098830    0.0000000963    0.0003786971
   4397    0.0006097444    0.0000000962    0.0003786110
   4398    0.0006096058    0.0000000962    0.0003785250
   4399    0.0006094673    0.0000000962    0.0003784390
   4400    0.0006093289    0.0000000961    0.0003783531
   4401    0.0006091905    0.0000000961    0.0003782672
   4402    0.0006090522    0.0000000960    0.0003781813
   4403    0.0006089140    0.0000000960    0.0003780955
   4404    0.0006087758    0.0000000959    0.0003780097
   4405    0.0006086376    0.0000000959    0.0003779240
   4406    0.0006084996    0.0000000958    0.0003778383
   4407    0.0006083616    0.0000000958    0.0003777526
   4408    0.0006082236    0.0000000958    0.0003776670
   4409    0.0006080858    0.0000000957    0.0003775814
   4410    0.0006079479    0.0000000957    0.0003774959
   4411    0.0006078102    0.0000000956    0.0003774104
   4412    0.0006076725    0.0000000956    0.0003773249
   4413    0.0006075349    0.0000000955    0.0003772395
   4414    0.0006073973    0.0000000955    0.0003771541
   4415    0.0006072598    0.0000000955    0.0003770687
   4416    0.0006071224    0.0000000954    0.0003769834
   4417    0.0006069850    0.0000000954    0.0003768981
   4418    0.0006068477    0.0000000953    0.0003768129
   4419    0.0006067104    0.0000000953    0.0003767277
   4420    0.0006065732    0.0000000952    0.0003766425
   4421    0.0006064361    0.0000000952    0.0003765574
   4422    0.0006062990    0.0000000952    0.0003764723
   4423    0.0006061620    0.0000000951    0.0003763873
   4424    0.0006060251    0.0000000951    0.0003763023
   4425    0.0006058882    0.0000000950    0.0003762173
   4426    0.0006057514    0.0000000950    0.0003761324
   4427    0.0006056146    0.0000000949    0.0003760475
   4428    0.0006054779    0.0000000949    0.0003759626
   4429    0.0006053413    0.0000000949    0.0003758778
   4430    0.0006052047    0.0000000948    0.0003757930
   4431    0.0006050682    0.0000000948    0.0003757083
   4432    0.0006049318    0.0000000947    0.0003756236
   4433    0.0006047954    0.0000000947    0.0003755389
   4434    0.0006046591    0.0000000946    0.0003754543
   4435    0.0006045228    0.0000000946    0.0003753697
   4436    0.0006043866    0.0000000946    0.0003752852
   4437    0.0006042504    0.0000000945    0.0003752006
   4438    0.0006041144    0.0000000945    0.0003751162
   4439    0.0006039783    0.0000000944    0.0003750317
   4440    0.0006038424    0.0000000944    0.0003749473
   4441    0.0006037065    0.0000000943    0.0003748630
   4442    0.0006035707    0.0000000943    0.0003747787
   4443    0.0006034349    0.0000000943    0.0003746944
   4444    0.0006032992    0.0000000942    0.0003746101
   4445    0.0006031635    0.0000000942    0.0003745259
   4446    0.0006030279    0.0000000941    0.0003744418
   4447    0.0006028924    0.0000000941    0.0003743576
   4448    0.0006027569    0.0000000940    0.0003742735
   4449    0.0006026215    0.0000000940    0.0003741895
   4450    0.0006024862    0.0000000940    0.0003741055
   4451    0.0006023509    0.0000000939    0.0003740215
   4452    0.0006022157    0.0000000939    0.0003739375
   4453    0.0006020805    0.0000000938    0.0003738536
   4454    0.0006019454    0.0000000938    0.0003737698
   4455    0.0006018103    0.0000000937    0.0003736859
   4456    0.0006016754    0.0000000937    0.0003736021
   4457    0.0006015404    0.0000000937    0.0003735184
   4458    0.0006014056    0.0000000936    0.0003734347
   4459    0.0006012708    0.0000000936    0.0003733510
   4460    0.0006011360    0.0000000935    0.0003732674
   4461    0.0006010013    0.0000000935    0.0003731837
   4462    0.0006008667    0.0000000934    0.0003731002
   4463    0.0006007322    0.0000000934    0.0003730166
   4464    0.0006005977    0.0000000934    0.0003729332
   4465    0.0006004632    0.0000000933    0.0003728497
   4466    0.0006003288    0.0000000933    0.0003727663
   4467    0.0006001945    0.0000000932    0.0003726829
   4468    0.0006000603    0.0000000932    0.0003725996
   4469    0.0005999261    0.0000000932    0.0003725163
   4470    0.0005997919    0.0000000931    0.0003724330
   4471    0.0005996578    0.0000000931    0.0003723498
   4472    0.0005995238    0.0000000930    0.0003722666
   4473    0.0005993899    0.0000000930    0.0003721834
   4474    0.0005992560    0.0000000929    0.0003721003
   4475    0.0005991221    0.0000000929    0.0003720172
   4476    0.0005989883    0.0000000929    0.0003719342
   4477    0.0005988546    0.0000000928    0.0003718512
   4478    0.0005987209    0.0000000928    0.0003717682
   4479    0.0005985873    0.0000000927    0.0003716852
   4480    0.0005984538    0.0000000927    0.0003716024
   4481    0.0005983203    0.0000000927    0.0003715195
   4482    0.0005981869    0.0000000926    0.0003714367
   4483    0.0005980535    0.0000000926    0.0003713539
   4484    0.0005979202    0.0000000925    0.0003712711
   4485    0.0005977870    0.0000000925    0.0003711884
   4486    0.0005976538    0.0000000924    0.0003711057
   4487    0.0005975207    0.0000000924    0.0003710231
   4488    0.0005973876    0.0000000924    0.0003709405
   4489    0.0005972546    0.0000000923    0.0003708579
   4490    0.0005971217    0.0000000923    0.0003707754
   4491    0.0005969888    0.0000000922    0.0003706929
   4492    0.0005968559    0.0000000922    0.0003706105
   4493    0.0005967232    0.0000000922    0.0003705280
   4494    0.0005965904    0.0000000921    0.0003704457
   4495    0.0005964578    0.0000000921    0.0003703633
   4496    0.0005963252    0.0000000920    0.0003702810
   4497    0.0005961927    0.0000000920    0.0003701987
   4498    0.0005960602    0.0000000920    0.0003701165
   4499    0.0005959278    0.0000000919    0.0003700343
   4500    0.0005957954    0.0000000919    0.0003699521
   4501    0.0005956631    0.0000000918    0.0003698700
   4502    0.0005955309    0.0000000918    0.0003697879
   4503    0.0005953987    0.0000000917    0.0003697059
   4504    0.0005952666    0.0000000917    0.0003696238
   4505    0.0005951345    0.0000000917    0.0003695419
   4506    0.0005950025    0.0000000916    0.0003694599
   4507    0.0005948705    0.0000000916    0.0003693780
   4508    0.0005947387    0.0000000915    0.0003692961
   4509    0.0005946068    0.0000000915    0.0003692143
   4510    0.0005944751    0.0000000915    0.0003691325
   4511    0.0005943433    0.0000000914    0.0003690508
   4512    0.0005942117    0.0000000914    0.0003689690
   4513    0.0005940801    0.0000000913    0.0003688873
   4514    0.0005939486    0.0000000913    0.0003688057
   4515    0.0005938171    0.0000000913    0.0003687241
   4516    0.0005936856    0.0000000912    0.0003686425
   4517    0.0005935543    0.0000000912    0.0003685609
   4518    0.0005934230    0.0000000911    0.0003684794
   4519    0.0005932917    0.0000000911    0.0003683980
   4520    0.0005931605    0.0000000911    0.0003683165
   4521    0.0005930294    0.0000000910    0.0003682351
   4522    0.0005928983    0.0000000910    0.0003681537
   4523    0.0005927673    0.0000000909    0.0003680724
   4524    0.0005926364    0.0000000909    0.0003679911
   4525    0.0005925055    0.0000000909    0.0003679099
   4526    0.0005923746    0.0000000908    0.0003678286
   4527    0.0005922438    0.0000000908    0.0003677475
   4528    0.0005921131    0.0000000907    0.0003676663
   4529    0.0005919824    0.0000000907    0.0003675852
   4530    0.0005918518    0.0000000907    0.0003675041
   4531    0.0005917213    0.0000000906    0.0003674231
   4532    0.0005915908    0.0000000906    0.0003673421
   4533    0.0005914603    0.0000000905    0.0003672611
   4534    0.0005913299    0.0000000905    0.0003671802
   4535    0.0005911996    0.0000000905    0.0003670993
   4536    0.0005910694    0.0000000904    0.0003670184
   4537    0.0005909391    0.0000000904    0.0003669376
   4538    0.0005908090    0.0000000903    0.0003668568
   4539    0.0005906789    0.0000000903    0.0003667760
   4540    0.0005905489    0.0000000903    0.0003666953
   4541    0.0005904189    0.0000000902    0.0003666146
   4542    0.0005902890    0.0000000902    0.0003665340
   4543    0.0005901591    0.0000000901    0.0003664533
   4544    0.0005900293    0.0000000901    0.0003663728
   4545    0.0005898995    0.0000000901    0.0003662922
   4546    0.0005897698    0.0000000900    0.0003662117
   4547    0.0005896402    0.0000000900    0.0003661312
   4548    0.0005895106    0.0000000899    0.0003660508
   4549    0.0005893811    0.0000000899    0.0003659704
   4550    0.0005892516    0.0000000899    0.0003658900
   4551    0.0005891222    0.0000000898    0.0003658097
   4552    0.0005889929    0.0000000898    0.0003657294
   4553    0.0005888636    0.0000000897    0.0003656491
   4554    0.0005887343    0.0000000897    0.0003655689
   4555    0.0005886052    0.0000000897    0.0003654887
   4556    0.0005884760    0.0000000896    0.0003654086
   4557    0.0005883470    0.0000000896    0.0003653284
   4558    0.0005882179    0.0000000895    0.0003652483
   4559    0.0005880890    0.0000000895    0.0003651683
   4560    0.0005879601    0.0000000895    0.0003650883
   4561    0.0005878312    0.0000000894    0.0003650083
   4562    0.0005877025    0.0000000894    0.0003649283
   4563    0.0005875737    0.0000000893    0.0003648484
   4564    0.0005874451    0.0000000893    0.0003647686
   4565    0.0005873164    0.0000000893    0.0003646887
   4566    0.0005871879    0.0000000892    0.0003646089
   4567    0.0005870594    0.0000000892    0.0003645291
   4568    0.0005869309    0.0000000892    0.0003644494
   4569    0.0005868025    0.0000000891    0.0003643697
   4570    0.0005866742    0.0000000891    0.0003642900
   4571    0.0005865459    0.0000000890    0.0003642104
   4572    0.0005864177    0.0000000890    0.0003641308
   4573    0.0005862895    0.0000000890    0.0003640513
   4574    0.0005861614    0.0000000889    0.0003639717
   4575    0.0005860334    0.0000000889    0.0003638922
   4576    0.0005859054    0.0000000888    0.0003638128
   4577    0.0005857774    0.0000000888    0.0003637333
   4578    0.0005856495    0.0000000888    0.0003636540
   4579    0.0005855217    0.0000000887    0.0003635746
   4580    0.0005853939    0.0000000887    0.0003634953
   4581    0.0005852662    0.0000000886    0.0003634160
   4582    0.0005851385    0.0000000886    0.0003633368
   4583    0.0005850109    0.0000000886    0.0003632575
   4584    0.0005848834    0.0000000885    0.0003631784
   4585    0.0005847559    0.0000000885    0.0003630992
   4586    0.0005846284    0.0000000885    0.0003630201
   4587    0.0005845010    0.0000000884    0.0003629410
   4588    0.0005843737    0.0000000884    0.0003628620
   4589    0.0005842464    0.0000000883    0.0003627830
   4590    0.0005841192    0.0000000883    0.0003627040
   4591    0.0005839920    0.0000000883    0.0003626251
   4592    0.0005838649    0.0000000882    0.0003625461
   4593    0.0005837379    0.0000000882    0.0003624673
   4594    0.0005836109    0.0000000881    0.0003623884
   4595    0.0005834839    0.0000000881    0.0003623096
   4596    0.0005833570    0.0000000881    0.0003622309
   4597    0.0005832302    0.0000000880    0.0003621521
   4598    0.0005831034    0.0000000880    0.0003620734
   4599    0.0005829767    0.0000000880    0.0003619948
   4600    0.0005828500    0.0000000879    0.0003619161
   4601    0.0005827234    0.0000000879    0.0003618375
   4602    0.0005825969    0.0000000878    0.0003617590
   4603    0.0005824704    0.0000000878    0.0003616804
   4604    0.0005823439    0.0000000878    0.0003616020
   4605    0.0005822175    0.0000000877    0.0003615235
   4606    0.0005820912    0.0000000877    0.0003614451
   4607    0.0005819649    0.0000000876    0.0003613667
   4608    0.0005818387    0.0000000876    0.0003612883
   4609    0.0005817125    0.0000000876    0.0003612100
   4610    0.0005815864    0.0000000875    0.0003611317
   4611    0.0005814603    0.0000000875    0.0003610534
   4612    0.0005813343    0.0000000875    0.0003609752
   4613    0.0005812083    0.0000000874    0.0003608970
   4614    0.0005810824    0.0000000874    0.0003608189
   4615    0.0005809566    0.0000000873    0.0003607408
   4616    0.0005808308    0.0000000873    0.0003606627
   4617    0.0005807051    0.0000000873    0.0003605846
   4618    0.0005805794    0.0000000872    0.0003605066
   4619    0.0005804537    0.0000000872    0.0003604286
   4620    0.0005803282    0.0000000872    0.0003603506
   4621    0.0005802027    0.0000000871    0.0003602727
   4622    0.0005800772    0.0000000871    0.0003601948
   4623    0.0005799518    0.0000000870    0.0003601170
   4624    0.0005798264    0.0000000870    0.0003600392
   4625    0.0005797011    0.0000000870    0.0003599614
   4626    0.0005795759    0.0000000869    0.0003598836
   4627    0.0005794507    0.0000000869    0.0003598059
   4628    0.0005793255    0.0000000868    0.0003597282
   4629    0.0005792004    0.0000000868    0.0003596506
   4630    0.0005790754    0.0000000868    0.0003595730
   4631    0.0005789504    0.0000000867    0.0003594954
   4632    0.0005788255    0.0000000867    0.0003594178
   4633    0.0005787006    0.0000000867    0.0003593403
   4634    0.0005785758    0.0000000866    0.0003592628
   4635    0.0005784511    0.0000000866    0.0003591854
   4636    0.0005783263    0.0000000865    0.0003591080
   4637    0.0005782017    0.0000000865    0.0003590306
   4638    0.0005780771    0.0000000865    0.0003589532
   4639    0.0005779525    0.0000000864    0.0003588759
   4640    0.0005778280    0.0000000864    0.0003587986
   4641    0.0005777036    0.0000000864    0.0003587214
   4642    0.0005775792    0.0000000863    0.0003586442
   4643    0.0005774549    0.0000000863    0.0003585670
   4644    0.0005773306    0.0000000863    0.0003584898
   4645    0.0005772064    0.0000000862    0.0003584127
   4646    0.0005770822    0.0000000862    0.0003583356
   4647    0.0005769581    0.0000000861    0.0003582586
   4648    0.0005768340    0.0000000861    0.0003581816
   4649    0.0005767100    0.0000000861    0.0003581046
   4650    0.0005765860    0.0000000860    0.0003580276
   4651    0.0005764621    0.0000000860    0.0003579507
   4652    0.0005763383    0.0000000860    0.0003578738
   4653    0.0005762145    0.0000000859    0.0003577970
   4654    0.0005760907    0.0000000859    0.0003577202
   4655    0.0005759670    0.0000000858    0.0003576434
   4656    0.0005758434    0.0000000858    0.0003575666
   4657    0.0005757198    0.0000000858    0.0003574899
   4658    0.0005755963    0.0000000857    0.0003574132
   4659    0.0005754728    0.0000000857    0.0003573366
   4660    0.0005753494    0.0000000857    0.0003572600
   4661    0.0005752260    0.0000000856    0.0003571834
   4662    0.0005751027    0.0000000856    0.0003571068
   4663    0.0005749794    0.0000000855    0.0003570303
   4664    0.0005748562    0.0000000855    0.0003569538
   4665    0.0005747330    0.0000000855    0.0003568773
   4666    0.0005746099    0.0000000854    0.0003568009
   4667    0.0005744868    0.0000000854    0.0003567245
   4668    0.0005743638    0.0000000854    0.0003566482
   4669    0.0005742409    0.0000000853    0.0003565718
   4670    0.0005741180    0.0000000853    0.0003564955
   4671    0.0005739951    0.0000000853    0.0003564193
   4672    0.0005738723    0.0000000852    0.0003563431
   4673    0.0005737496    0.0000000852    0.0003562669
   4674    0.0005736269    0.0000000851    0.0003561907
   4675    0.0005735043    0.0000000851    0.0003561146
   4676    0.0005733817    0.0000000851    0.0003560385
   4677    0.0005732591    0.0000000850    0.0003559624
   4678    0.0005731367    0.0000000850    0.0003558864
   4679    0.0005730142    0.0000000850    0.0003558104
   4680    0.0005728918    0.0000000849    0.0003557344
   4681    0.0005727695    0.0000000849    0.0003556585
   4682    0.0005726472    0.0000000849    0.0003555826
   4683    0.0005725250    0.0000000848    0.0003555067
   4684    0.0005724029    0.0000000848    0.0003554309
   4685    0.0005722807    0.0000000847    0.0003553551
   4686    0.0005721587    0.0000000847    0.0003552793
   4687    0.0005720367    0.0000000847    0.0003552035
   4688    0.0005719147    0.0000000846    0.0003551278
   4689    0.0005717928    0.0000000846    0.0003550521
   4690    0.0005716709    0.0000000846    0.0003549765
   4691    0.0005715491    0.0000000845    0.0003549009
   4692    0.0005714274    0.0000000845    0.0003548253
   4693    0.0005713057    0.0000000845    0.0003547498
   4694    0.0005711840    0.0000000844    0.0003546742
   4695    0.0005710624    0.0000000844    0.0003545988
   4696    0.0005709409    0.0000000843    0.0003545233
   4697    0.0005708194    0.0000000843    0.0003544479
   4698    0.0005706980    0.0000000843    0.0003543725
   4699    0.0005705766    0.0000000842    0.0003542971
   4700    0.0005704552    0.0000000842    0.0003542218
   4701    0.0005703340    0.0000000842    0.0003541465
   4702    0.0005702127    0.0000000841    0.0003540713
   4703    0.0005700915    0.0000000841    0.0003539960
   4704    0.0005699704    0.0000000841    0.0003539209
   4705    0.0005698493    0.0000000840    0.0003538457
   4706    0.0005697283    0.0000000840    0.0003537706
   4707    0.0005696073    0.0000000840    0.0003536955
   4708    0.0005694864    0.0000000839    0.0003536204
   4709    0.0005693655    0.0000000839    0.0003535454
   4710    0.0005692447    0.0000000838    0.0003534704
   4711    0.0005691239    0.0000000838    0.0003533954
   4712    0.0005690032    0.0000000838    0.0003533204
   4713    0.0005688825    0.0000000837    0.0003532455
   4714    0.0005687619    0.0000000837    0.0003531707
   4715    0.0005686413    0.0000000837    0.0003530958
   4716    0.0005685208    0.0000000836    0.0003530210
   4717    0.0005684004    0.0000000836    0.0003529462
   4718    0.0005682799    0.0000000836    0.0003528715
   4719    0.0005681596    0.0000000835    0.0003527967
   4720    0.0005680393    0.0000000835    0.0003527221
   4721    0.0005679190    0.0000000835    0.0003526474
   4722    0.0005677988    0.0000000834    0.0003525728
   4723    0.0005676786    0.0000000834    0.0003524982
   4724    0.0005675585    0.0000000834    0.0003524236
   4725    0.0005674385    0.0000000833    0.0003523491
   4726    0.0005673185    0.0000000833    0.0003522746
   4727    0.0005671985    0.0000000832    0.0003522001
   4728    0.0005670786    0.0000000832    0.0003521257
   4729    0.0005669588    0.0000000832    0.0003520513
   4730    0.0005668389    0.0000000831    0.0003519769
   4731    0.0005667192    0.0000000831    0.0003519026
   4732    0.0005665995    0.0000000831    0.0003518283
   4733    0.0005664798    0.0000000830    0.0003517540
   4734    0.0005663602    0.0000000830    0.0003516798
   4735    0.0005662407    0.0000000830    0.0003516055
   4736    0.0005661212    0.0000000829    0.0003515314
   4737    0.0005660017    0.0000000829    0.0003514572
   4738    0.0005658823    0.0000000829    0.0003513831
   4739    0.0005657630    0.0000000828    0.0003513090
   4740    0.0005656437    0.0000000828    0.0003512349
   4741    0.0005655244    0.0000000828    0.0003511609
   4742    0.0005654052    0.0000000827    0.0003510869
   4743    0.0005652861    0.0000000827    0.0003510129
   4744    0.0005651670    0.0000000826    0.0003509390
   4745    0.0005650479    0.0000000826    0.0003508651
   4746    0.0005649289    0.0000000826    0.0003507912
   4747    0.0005648100    0.0000000825    0.0003507174
   4748    0.0005646911    0.0000000825    0.0003506436
   4749    0.0005645722    0.0000000825    0.0003505698
   4750    0.0005644534    0.0000000824    0.0003504961
   4751    0.0005643347    0.0000000824    0.0003504223
   4752    0.0005642160    0.0000000824    0.0003503487
   4753    0.0005640974    0.0000000823    0.0003502750
   4754    0.0005639788    0.0000000823    0.0003502014
   4755    0.0005638602    0.0000000823    0.0003501278
   4756    0.0005637417    0.0000000822    0.0003500542
   4757    0.0005636233    0.0000000822    0.0003499807
   4758    0.0005635049    0.0000000822    0.0003499072
   4759    0.0005633865    0.0000000821    0.0003498337
   4760    0.0005632682    0.0000000821    0.0003497603
   4761    0.0005631500    0.0000000821    0.0003496869
   4762    0.0005630318    0.0000000820    0.0003496135
   4763    0.0005629136    0.0000000820    0.0003495402
   4764    0.0005627955    0.0000000820    0.0003494669
   4765    0.0005626775    0.0000000819    0.0003493936
   4766    0.0005625595    0.0000000819    0.0003493203
   4767    0.0005624415    0.0000000819    0.0003492471
   4768    0.0005623236    0.0000000818    0.0003491739
   4769    0.0005622058    0.0000000818    0.0003491007
   4770    0.0005620879    0.0000000818    0.0003490276
   4771    0.0005619702    0.0000000817    0.0003489545
   4772    0.0005618525    0.0000000817    0.0003488814
   4773    0.0005617348    0.0000000816    0.0003488084
   4774    0.0005616172    0.0000000816    0.0003487354
   4775    0.0005614997    0.0000000816    0.0003486624
   4776    0.0005613822    0.0000000815    0.0003485895
   4777    0.0005612647    0.0000000815    0.0003485166
   4778    0.0005611473    0.0000000815    0.0003484437
   4779    0.0005610299    0.0000000814    0.0003483708
   4780    0.0005609126    0.0000000814    0.0003482980
   4781    0.0005607954    0.0000000814    0.0003482252
   4782    0.0005606781    0.0000000813    0.0003481524
   4783    0.0005605610    0.0000000813    0.0003480797
   4784    0.0005604439    0.0000000813    0.0003480070
   4785    0.0005603268    0.0000000812    0.0003479343
   4786    0.0005602098    0.0000000812    0.0003478617
   4787    0.0005600928    0.0000000812    0.0003477891
   4788    0.0005599759    0.0000000811    0.0003477165
   4789    0.0005598590    0.0000000811    0.0003476439
   4790    0.0005597422    0.0000000811    0.0003475714
   4791    0.0005596254    0.0000000810    0.0003474989
   4792    0.0005595087    0.0000000810    0.0003474265
   4793    0.0005593920    0.0000000810    0.0003473540
   4794    0.0005592754    0.0000000809    0.0003472816
   4795    0.0005591588    0.0000000809    0.0003472093
   4796    0.0005590423    0.0000000809    0.0003471369
   4797    0.0005589258    0.0000000808    0.0003470646
   4798    0.0005588094    0.0000000808    0.0003469923
   4799    0.0005586930    0.0000000808    0.0003469201
   4800    0.0005585766    0.0000000807    0.0003468479
   4801    0.0005584603    0.0000000807    0.0003467757
   4802    0.0005583441    0.0000000807    0.0003467035
   4803    0.0005582279    0.0000000806    0.0003466314
   4804    0.0005581118    0.0000000806    0.0003465593
   4805    0.0005579957    0.0000000806    0.0003464872
   4806    0.0005578796    0.0000000805    0.0003464152
   4807    0.0005577636    0.0000000805    0.0003463432
   4808    0.0005576477    0.0000000805    0.0003462712
   4809    0.0005575318    0.0000000804    0.0003461992
   4810    0.0005574159    0.0000000804    0.0003461273
   4811    0.0005573001    0.0000000804    0.0003460554
   4812    0.0005571844    0.0000000803    0.0003459836
   4813    0.0005570687    0.0000000803    0.0003459117
   4814    0.0005569530    0.0000000803    0.0003458399
   4815    0.0005568374    0.0000000802    0.0003457682
   4816    0.0005567218    0.0000000802    0.0003456964
   4817    0.0005566063    0.0000000802    0.0003456247
   4818    0.0005564908    0.0000000801    0.0003455530
   4819    0.0005563754    0.0000000801    0.0003454814
   4820    0.0005562600    0.0000000801    0.0003454098
   4821    0.0005561447    0.0000000800    0.0003453382
   4822    0.0005560294    0.0000000800    0.0003452666
   4823    0.0005559142    0.0000000800    0.0003451951
   4824    0.0005557990    0.0000000799    0.0003451236
   4825    0.0005556839    0.0000000799    0.0003450521
   4826    0.0005555688    0.0000000799    0.0003449807
   4827    0.0005554538    0.0000000798    0.0003449092
   4828    0.0005553388    0.0000000798    0.0003448379
   4829    0.0005552238    0.0000000798    0.0003447665
   4830    0.0005551089    0.0000000797    0.0003446952
   4831    0.0005549941    0.0000000797    0.0003446239
   4832    0.0005548793    0.0000000797    0.0003445526
   4833    0.0005547645    0.0000000796    0.0003444814
   4834    0.0005546498    0.0000000796    0.0003444102
   4835    0.0005545352    0.0000000796    0.0003443390
   4836    0.0005544205    0.0000000795    0.0003442678
   4837    0.0005543060    0.0000000795    0.0003441967
   4838    0.0005541915    0.0000000795    0.0003441256
   4839    0.0005540770    0.0000000794    0.0003440546
   4840    0.0005539626    0.0000000794    0.0003439835
   4841    0.0005538482    0.0000000794    0.0003439125
   4842    0.0005537339    0.0000000793    0.0003438416
   4843    0.0005536196    0.0000000793    0.0003437706
   4844    0.0005535053    0.0000000793    0.0003436997
   4845    0.0005533912    0.0000000792    0.0003436288
   4846    0.0005532770    0.0000000792    0.0003435580
   4847    0.0005531629    0.0000000792    0.0003434871
   4848    0.0005530489    0.0000000791    0.0003434163
   4849    0.0005529349    0.0000000791    0.0003433456
   4850    0.0005528209    0.0000000791    0.0003432748
   4851    0.0005527070    0.0000000790    0.0003432041
   4852    0.0005525932    0.0000000790    0.0003431334
   4853    0.0005524794    0.0000000790    0.0003430628
   4854    0.0005523656    0.0000000789    0.0003429922
   4855    0.0005522519    0.0000000789    0.0003429216
   4856    0.0005521382    0.0000000789    0.0003428510
   4857    0.0005520246    0.0000000788    0.0003427805
   4858    0.0005519110    0.0000000788    0.0003427100
   4859    0.0005517975    0.0000000788    0.0003426395
   4860    0.0005516840    0.0000000787    0.0003425690
   4861    0.0005515706    0.0000000787    0.0003424986
   4862    0.0005514572    0.0000000787    0.0003424282
   4863    0.0005513438    0.0000000787    0.0003423579
   4864    0.0005512305    0.0000000786    0.0003422875
   4865    0.0005511173    0.0000000786    0.0003422172
   4866    0.0005510041    0.0000000786    0.0003421470
   4867    0.0005508909    0.0000000785    0.0003420767
   4868    0.0005507778    0.0000000785    0.0003420065
   4869    0.0005506647    0.0000000785    0.0003419363
   4870    0.0005505517    0.0000000784    0.0003418661
   4871    0.0005504388    0.0000000784    0.0003417960
   4872    0.0005503258    0.0000000784    0.0003417259
   4873    0.0005502130    0.0000000783    0.0003416558
   4874    0.0005501001    0.0000000783    0.0003415858
   4875    0.0005499873    0.0000000783    0.0003415158
   4876    0.0005498746    0.0000000782    0.0003414458
   4877    0.0005497619    0.0000000782    0.0003413758
   4878    0.0005496493    0.0000000782    0.0003413059
   4879    0.0005495367    0.0000000781    0.0003412360
   4880    0.0005494241    0.0000000781    0.0003411661
   4881    0.0005493116    0.0000000781    0.0003410963
   4882    0.0005491991    0.0000000780    0.0003410265
   4883    0.0005490867    0.0000000780    0.0003409567
   4884    0.0005489743    0.0000000780    0.0003408869
   4885    0.0005488620    0.0000000779    0.0003408172
   4886    0.0005487497    0.0000000779    0.0003407475
   4887    0.0005486375    0.0000000779    0.0003406778
   4888    0.0005485253    0.0000000778    0.0003406082
   4889    0.0005484132    0.0000000778    0.0003405386
   4890    0.0005483011    0.0000000778    0.0003404690
   4891    0.0005481890    0.0000000777    0.0003403994
   4892    0.0005480770    0.0000000777    0.0003403299
   4893    0.0005479651    0.0000000777    0.0003402604
   4894    0.0005478532    0.0000000777    0.0003401909
   4895    0.0005477413    0.0000000776    0.0003401215
   4896    0.0005476295    0.0000000776    0.0003400520
   4897    0.0005475177    0.0000000776    0.0003399827
   4898    0.0005474060    0.0000000775    0.0003399133
   4899    0.0005472943    0.0000000775    0.0003398440
   4900    0.0005471826    0.0000000775    0.0003397747
   4901    0.0005470710    0.0000000774    0.0003397054
   4902    0.0005469595    0.0000000774    0.0003396361
   4903    0.0005468480    0.0000000774    0.0003395669
   4904    0.0005467365    0.0000000773    0.0003394977
   4905    0.0005466251    0.0000000773    0.0003394286
   4906    0.0005465138    0.0000000773    0.0003393594
   4907    0.0005464024    0.0000000772    0.0003392903
   4908    0.0005462912    0.0000000772    0.0003392212
   4909    0.0005461799    0.0000000772    0.0003391522
   4910    0.0005460688    0.0000000771    0.0003390832
   4911    0.0005459576    0.0000000771    0.0003390142
   4912    0.0005458465    0.0000000771    0.0003389452
   4913    0.0005457355    0.0000000771    0.0003388763
   4914    0.0005456245    0.0000000770    0.0003388074
   4915    0.0005455135    0.0000000770    0.0003387385
   4916    0.0005454026    0.0000000770    0.0003386696
   4917    0.0005452917    0.0000000769    0.0003386008
   4918    0.0005451809    0.0000000769    0.0003385320
   4919    0.0005450701    0.0000000769    0.0003384632
   4920    0.0005449594    0.0000000768    0.0003383945
   4921    0.0005448487    0.0000000768    0.0003383258
   4922    0.0005447381    0.0000000768    0.0003382571
   4923    0.0005446275    0.0000000767    0.0003381884
   4924    0.0005445169    0.0000000767    0.0003381198
   4925    0.0005444064    0.0000000767    0.0003380512
   4926    0.0005442959    0.0000000766    0.0003379826
   4927    0.0005441855    0.0000000766    0.0003379141
   4928    0.0005440751    0.0000000766    0.0003378456
   4929    0.0005439648    0.0000000766    0.0003377771
   4930    0.0005438545    0.0000000765    0.0003377086
   4931    0.0005437443    0.0000000765    0.0003376402
   4932    0.0005436341    0.0000000765    0.0003375718
   4933    0.0005435239    0.0000000764    0.0003375034
   4934    0.0005434138    0.0000000764    0.0003374350
   4935    0.0005433038    0.0000000764    0.0003373667
   4936    0.0005431938    0.0000000763    0.0003372984
   4937    0.0005430838    0.0000000763    0.0003372301
   4938    0.0005429739    0.0000000763    0.0003371619
   4939    0.0005428640    0.0000000762    0.0003370937
   4940    0.0005427541    0.0000000762    0.0003370255
   4941    0.0005426443    0.0000000762    0.0003369573
   4942    0.0005425346    0.0000000762    0.0003368892
   4943    0.0005424249    0.0000000761    0.0003368211
   4944    0.0005423152    0.0000000761    0.0003367530
   4945    0.0005422056    0.0000000761    0.0003366850
   4946    0.0005420960    0.0000000760    0.0003366169
   4947    0.0005419865    0.0000000760    0.0003365490
   4948    0.0005418770    0.0000000760    0.0003364810
   4949    0.0005417676    0.0000000759    0.0003364131
   4950    0.0005416582    0.0000000759    0.0003363451
   4951    0.0005415488    0.0000000759    0.0003362773
   4952    0.0005414395    0.0000000758    0.0003362094
   4953    0.0005413303    0.0000000758    0.0003361416
   4954    0.0005412211    0.0000000758    0.0003360738
   4955    0.0005411119    0.0000000758    0.0003360060
   4956    0.0005410027    0.0000000757    0.0003359382
   4957    0.0005408937    0.0000000757    0.0003358705
   4958    0.0005407846    0.0000000757    0.0003358028
   4959    0.0005406756    0.0000000756    0.0003357352
   4960    0.0005405667    0.0000000756    0.0003356675
   4961    0.0005404578    0.0000000756    0.0003355999
   4962    0.0005403489    0.0000000755    0.0003355323
   4963    0.0005402401    0.0000000755    0.0003354648
   4964    0.0005401313    0.0000000755    0.0003353972
   4965    0.0005400225    0.0000000754    0.0003353297
   4966    0.0005399139    0.0000000754    0.0003352623
   4967    0.0005398052    0.0000000754    0.0003351948
   4968    0.0005396966    0.0000000754    0.0003351274
   4969    0.0005395880    0.0000000753    0.0003350600
   4970    0.0005394795    0.0000000753    0.0003349926
   4971    0.0005393711    0.0000000753    0.0003349253
   4972    0.0005392626    0.0000000752    0.0003348580
   4973    0.0005391542    0.0000000752    0.0003347907
   4974    0.0005390459    0.0000000752    0.0003347234
   4975    0.0005389376    0.0000000751    0.0003346562
   4976    0.0005388293    0.0000000751    0.0003345890
   4977    0.0005387211    0.0000000751    0.0003345218
   4978    0.0005386130    0.0000000751    0.0003344547
   4979    0.0005385048    0.0000000750    0.0003343876
   4980    0.0005383967    0.0000000750    0.0003343205
   4981    0.0005382887    0.0000000750    0.0003342534
   4982    0.0005381807    0.0000000749    0.0003341863
   4983    0.0005380728    0.0000000749    0.0003341193
   4984    0.0005379649    0.0000000749    0.0003340523
   4985    0.0005378570    0.0000000748    0.0003339854
   4986    0.0005377492    0.0000000748    0.0003339184
   4987    0.0005376414    0.0000000748    0.0003338515
   4988    0.0005375337    0.0000000748    0.0003337847
   4989    0.0005374260    0.0000000747    0.0003337178
   4990    0.0005373183    0.0000000747    0.0003336510
   4991    0.0005372107    0.0000000747    0.0003335842
   4992    0.0005371031    0.0000000746    0.0003335174
   4993    0.0005369956    0.0000000746    0.0003334506
   4994    0.0005368881    0.0000000746    0.0003333839
   4995    0.0005367807    0.0000000745    0.0003333172
   4996    0.0005366733    0.0000000745    0.0003332506
   4997    0.0005365660    0.0000000745    0.0003331839
   4998    0.0005364587    0.0000000745    0.0003331173
   4999    0.0005363514    0.0000000744    0.0003330507
   5000    0.0005362442    0.0000000744    0.0003329842
   5001    0.0005361370    0.0000000744    0.0003329176
   5002    0.0005360299    0.0000000743    0.0003328511
   5003    0.0005359228    0.0000000743    0.0003327846
   5004    0.0005358157    0.0000000743    0.0003327182
   5005    0.0005357087    0.0000000742    0.0003326518
   5006    0.0005356018    0.0000000742    0.0003325854
   5007    0.0005354948    0.0000000742    0.0003325190
   5008    0.0005353880    0.0000000742    0.0003324526
   5009    0.0005352811    0.0000000741    0.0003323863
   5010    0.0005351743    0.0000000741    0.0003323200
   5011    0.0005350676    0.0000000741    0.0003322537
   5012    0.0005349609    0.0000000740    0.0003321875
   5013    0.0005348542    0.0000000740    0.0003321213
   5014    0.0005347476    0.0000000740    0.0003320551
   5015    0.0005346410    0.0000000740    0.0003319889
   5016    0.0005345345    0.0000000739    0.0003319228
   5017    0.0005344280    0.0000000739    0.0003318567
   5018    0.0005343215    0.0000000739    0.0003317906
   5019    0.0005342151    0.0000000738    0.0003317245
   5020    0.0005341088    0.0000000738    0.0003316585
   5021    0.0005340024    0.0000000738    0.0003315925
   5022    0.0005338962    0.0000000737    0.0003315265
   5023    0.0005337899    0.0000000737    0.0003314606
   5024    0.0005336837    0.0000000737    0.0003313946
   5025    0.0005335776    0.0000000737    0.0003313287
   5026    0.0005334714    0.0000000736    0.0003312629
   5027    0.0005333654    0.0000000736    0.0003311970
   5028    0.0005332593    0.0000000736    0.0003311312
   5029    0.0005331534    0.0000000735    0.0003310654
   5030    0.0005330474    0.0000000735    0.0003309996
   5031    0.0005329415    0.0000000735    0.0003309339
   5032    0.0005328357    0.0000000735    0.0003308682
   5033    0.0005327298    0.0000000734    0.0003308025
   5034    0.0005326241    0.0000000734    0.0003307368
   5035    0.0005325183    0.0000000734    0.0003306712
   5036    0.0005324126    0.0000000733    0.0003306056
   5037    0.0005323070    0.0000000733    0.0003305400
   5038    0.0005322014    0.0000000733    0.0003304744
   5039    0.0005320958    0.0000000733    0.0003304089
   5040    0.0005319903    0.0000000732    0.0003303434
   5041    0.0005318848    0.0000000732    0.0003302779
   5042    0.0005317794    0.0000000732    0.0003302124
   5043    0.0005316740    0.0000000731    0.0003301470
   5044    0.0005315686    0.0000000731    0.0003300816
   5045    0.0005314633    0.0000000731    0.0003300162
   5046    0.0005313580    0.0000000730    0.0003299508
   5047    0.0005312528    0.0000000730    0.0003298855
   5048    0.0005311476    0.0000000730    0.0003298202
   5049    0.0005310424    0.0000000730    0.0003297549
   5050    0.0005309373    0.0000000729    0.0003296897
   5051    0.0005308323    0.0000000729    0.0003296245
   5052    0.0005307272    0.0000000729    0.0003295593
   5053    0.0005306223    0.0000000728    0.0003294941
   5054    0.0005305173    0.0000000728    0.0003294289
   5055    0.0005304124    0.0000000728    0.0003293638
   5056    0.0005303076    0.0000000728    0.0003292987
   5057    0.0005302027    0.0000000727    0.0003292337
   5058    0.0005300980    0.0000000727    0.0003291686
   5059    0.0005299932    0.0000000727    0.0003291036
   5060    0.0005298885    0.0000000726    0.0003290386
   5061    0.0005297839    0.0000000726    0.0003289736
   5062    0.0005296793    0.0000000726    0.0003289087
   5063    0.0005295747    0.0000000726    0.0003288438
   5064    0.0005294702    0.0000000725    0.0003287789
   5065    0.0005293657    0.0000000725    0.0003287140
   5066    0.0005292613    0.0000000725    0.0003286492
   5067    0.0005291568    0.0000000724    0.0003285844
   5068    0.0005290525    0.0000000724    0.0003285196
   5069    0.0005289482    0.0000000724    0.0003284548
   5070    0.0005288439    0.0000000724    0.0003283901
   5071    0.0005287396    0.0000000723    0.0003283254
   5072    0.0005286354    0.0000000723    0.0003282607
   5073    0.0005285313    0.0000000723    0.0003281960
   5074    0.0005284272    0.0000000722    0.0003281314
   5075    0.0005283231    0.0000000722    0.0003280668
   5076    0.0005282191    0.0000000722    0.0003280022
   5077    0.0005281151    0.0000000722    0.0003279376
   5078    0.0005280111    0.0000000721    0.0003278731
   5079    0.0005279072    0.0000000721    0.0003278086
   5080    0.0005278033    0.0000000721    0.0003277441
   5081    0.0005276995    0.0000000720    0.0003276797
   5082    0.0005275957    0.0000000720    0.0003276152
   5083    0.0005274920    0.0000000720    0.0003275508
   5084    0.0005273883    0.0000000720    0.0003274864
   5085    0.0005272846    0.0000000719    0.0003274221
   5086    0.0005271810    0.0000000719    0.0003273578
   5087    0.0005270774    0.0000000719    0.0003272934
   5088    0.0005269738    0.0000000718    0.0003272292
   5089    0.0005268703    0.0000000718    0.0003271649
   5090    0.0005267669    0.0000000718    0.0003271007
   5091    0.0005266635    0.0000000718    0.0003270365
   5092    0.0005265601    0.0000000717    0.0003269723
   5093    0.0005264567    0.0000000717    0.0003269081
   5094    0.0005263534    0.0000000717    0.0003268440
   5095    0.0005262502    0.0000000717    0.0003267799
   5096    0.0005261470    0.0000000716    0.0003267158
   5097    0.0005260438    0.0000000716    0.0003266518
   5098    0.0005259406    0.0000000716    0.0003265878
   5099    0.0005258375    0.0000000715    0.0003265237
   5100    0.0005257345    0.0000000715    0.0003264598
   5101    0.0005256315    0.0000000715    0.0003263958
   5102    0.0005255285    0.0000000715    0.0003263319
   5103    0.0005254256    0.0000000714    0.0003262680
   5104    0.0005253227    0.0000000714    0.0003262041
   5105    0.0005252198    0.0000000714    0.0003261403
   5106    0.0005251170    0.0000000713    0.0003260764
   5107    0.0005250142    0.0000000713    0.0003260126
   5108    0.0005249115    0.0000000713    0.0003259488
   5109    0.0005248088    0.0000000713    0.0003258851
   5110    0.0005247061    0.0000000712    0.0003258214
   5111    0.0005246035    0.0000000712    0.0003257577
   5112    0.0005245009    0.0000000712    0.0003256940
   5113    0.0005243984    0.0000000711    0.0003256303
   5114    0.0005242959    0.0000000711    0.0003255667
   5115    0.0005241935    0.0000000711    0.0003255031
   5116    0.0005240910    0.0000000711    0.0003254395
   5117    0.0005239887    0.0000000710    0.0003253760
   5118    0.0005238863    0.0000000710    0.0003253124
   5119    0.0005237840    0.0000000710    0.0003252489
   5120    0.0005236818    0.0000000710    0.0003251855
   5121    0.0005235796    0.0000000709    0.0003251220
   5122    0.0005234774    0.0000000709    0.0003250586
   5123    0.0005233753    0.0000000709    0.0003249952
   5124    0.0005232732    0.0000000708    0.0003249318
   5125    0.0005231711    0.0000000708    0.0003248684
   5126    0.0005230691    0.0000000708    0.0003248051
   5127    0.0005229671    0.0000000708    0.0003247418
   5128    0.0005228652    0.0000000707    0.0003246785
   5129    0.0005227633    0.0000000707    0.0003246153
   5130    0.0005226614    0.0000000707    0.0003245520
   5131    0.0005225596    0.0000000706    0.0003244888
   5132    0.0005224578    0.0000000706    0.0003244256
   5133    0.0005223561    0.0000000706    0.0003243625
   5134    0.0005222544    0.0000000706    0.0003242993
   5135    0.0005221528    0.0000000705    0.0003242362
   5136    0.0005220511    0.0000000705    0.0003241731
   5137    0.0005219496    0.0000000705    0.0003241101
   5138    0.0005218480    0.0000000705    0.0003240470
   5139    0.0005217465    0.0000000704    0.0003239840
   5140    0.0005216451    0.0000000704    0.0003239210
   5141    0.0005215436    0.0000000704    0.0003238581
   5142    0.0005214423    0.0000000703    0.0003237951
   5143    0.0005213409    0.0000000703    0.0003237322
   5144    0.0005212396    0.0000000703    0.0003236693
   5145    0.0005211383    0.0000000703    0.0003236065
   5146    0.0005210371    0.0000000702    0.0003235436
   5147    0.0005209359    0.0000000702    0.0003234808
   5148    0.0005208348    0.0000000702    0.0003234180
   5149    0.0005207337    0.0000000702    0.0003233553
   5150    0.0005206326    0.0000000701    0.0003232925
   5151    0.0005205316    0.0000000701    0.0003232298
   5152    0.0005204306    0.0000000701    0.0003231671
   5153    0.0005203297    0.0000000700    0.0003231044
   5154    0.0005202287    0.0000000700    0.0003230418
   5155    0.0005201279    0.0000000700    0.0003229792
   5156    0.0005200270    0.0000000700    0.0003229166
   5157    0.0005199262    0.0000000699    0.0003228540
   5158    0.0005198255    0.0000000699    0.0003227915
   5159    0.0005197248    0.0000000699    0.0003227289
   5160    0.0005196241    0.0000000699    0.0003226664
   5161    0.0005195235    0.0000000698    0.0003226040
   5162    0.0005194229    0.0000000698    0.0003225415
   5163    0.0005193223    0.0000000698    0.0003224791
   5164    0.0005192218    0.0000000697    0.0003224167
   5165    0.0005191213    0.0000000697    0.0003223543
   5166    0.0005190209    0.0000000697    0.0003222919
   5167    0.0005189205    0.0000000697    0.0003222296
   5168    0.0005188201    0.0000000696    0.0003221673
   5169    0.0005187198    0.0000000696    0.0003221050
   5170    0.0005186195    0.0000000696    0.0003220428
   5171    0.0005185192    0.0000000696    0.0003219805
   5172    0.0005184190    0.0000000695    0.0003219183
   5173    0.0005183189    0.0000000695    0.0003218561
   5174    0.0005182187    0.0000000695    0.0003217940
   5175    0.0005181186    0.0000000695    0.0003217318
   5176    0.0005180186    0.0000000694    0.0003216697
   5177    0.0005179186    0.0000000694    0.0003216076
   5178    0.0005178186    0.0000000694    0.0003215456
   5179    0.0005177187    0.0000000693    0.0003214835
   5180    0.0005176188    0.0000000693    0.0003214215
   5181    0.0005175189    0.0000000693    0.0003213595
   5182    0.0005174191    0.0000000693    0.0003212975
   5183    0.0005173193    0.0000000692    0.0003212356
   5184    0.0005172195    0.0000000692    0.0003211737
   5185    0.0005171198    0.0000000692    0.0003211118
   5186    0.0005170202    0.0000000692    0.0003210499
   5187    0.0005169205    0.0000000691    0.0003209880
   5188    0.0005168209    0.0000000691    0.0003209262
   5189    0.0005167214    0.0000000691    0.0003208644
   5190    0.0005166219    0.0000000691    0.0003208026
   5191    0.0005165224    0.0000000690    0.0003207409
   5192    0.0005164230    0.0000000690    0.0003206791
   5193    0.0005163236    0.0000000690    0.0003206174
   5194    0.0005162242    0.0000000689    0.0003205557
   5195    0.0005161249    0.0000000689    0.0003204941
   5196    0.0005160256    0.0000000689    0.0003204325
   5197    0.0005159263    0.0000000689    0.0003203708
   5198    0.0005158271    0.0000000688    0.0003203092
   5199    0.0005157280    0.0000000688    0.0003202477
   5200    0.0005156288    0.0000000688    0.0003201861
   5201    0.0005155297    0.0000000688    0.0003201246
   5202    0.0005154307    0.0000000687    0.0003200631
   5203    0.0005153316    0.0000000687    0.0003200017
   5204    0.0005152327    0.0000000687    0.0003199402
   5205    0.0005151337    0.0000000687    0.0003198788
   5206    0.0005150348    0.0000000686    0.0003198174
   5207    0.0005149360    0.0000000686    0.0003197560
   5208    0.0005148371    0.0000000686    0.0003196946
   5209    0.0005147383    0.0000000686    0.0003196333
   5210    0.0005146396    0.0000000685    0.0003195720
   5211    0.0005145409    0.0000000685    0.0003195107
   5212    0.0005144422    0.0000000685    0.0003194495
   5213    0.0005143435    0.0000000684    0.0003193882
   5214    0.0005142449    0.0000000684    0.0003193270
   5215    0.0005141464    0.0000000684    0.0003192658
   5216    0.0005140479    0.0000000684    0.0003192047
   5217    0.0005139494    0.0000000683    0.0003191435
   5218    0.0005138509    0.0000000683    0.0003190824
   5219    0.0005137525    0.0000000683    0.0003190213
   5220    0.0005136541    0.0000000683    0.0003189602
   5221    0.0005135558    0.0000000682    0.0003188992
   5222    0.0005134575    0.0000000682    0.0003188382
   5223    0.0005133592    0.0000000682    0.0003187772
   5224    0.0005132610    0.0000000682    0.0003187162
   5225    0.0005131628    0.0000000681    0.0003186552
   5226    0.0005130647    0.0000000681    0.0003185943
   5227    0.0005129666    0.0000000681    0.0003185334
   5228    0.0005128685    0.0000000681    0.0003184725
   5229    0.0005127704    0.0000000680    0.0003184116
   5230    0.0005126724    0.0000000680    0.0003183508
   5231    0.0005125745    0.0000000680    0.0003182900
   5232    0.0005124766    0.0000000679    0.0003182292
   5233    0.0005123787    0.0000000679    0.0003181684
   5234    0.0005122808    0.0000000679    0.0003181077
   5235    0.0005121830    0.0000000679    0.0003180470
   5236    0.0005120852    0.0000000678    0.0003179863
   5237    0.0005119875    0.0000000678    0.0003179256
   5238    0.0005118898    0.0000000678    0.0003178649
   5239    0.0005117921    0.0000000678    0.0003178043
   5240    0.0005116945    0.0000000677    0.0003177437
   5241    0.0005115969    0.0000000677    0.0003176831
   5242    0.0005114994    0.0000000677    0.0003176225
   5243    0.0005114018    0.0000000677    0.0003175620
   5244    0.0005113044    0.0000000676    0.0003175015
   5245    0.0005112069    0.0000000676    0.0003174410
   5246    0.0005111095    0.0000000676    0.0003173805
   5247    0.0005110122    0.0000000676    0.0003173201
   5248    0.0005109148    0.0000000675    0.0003172597
   5249    0.0005108175    0.0000000675    0.0003171993
   5250    0.0005107203    0.0000000675    0.0003171389
   5251    0.0005106231    0.0000000675    0.0003170785
   5252    0.0005105259    0.0000000674    0.0003170182
   5253    0.0005104287    0.0000000674    0.0003169579
   5254    0.0005103316    0.0000000674    0.0003168976
   5255    0.0005102346    0.0000000674    0.0003168373
   5256    0.0005101375    0.0000000673    0.0003167771
   5257    0.0005100405    0.0000000673    0.0003167169
   5258    0.0005099436    0.0000000673    0.0003166567
   5259    0.0005098467    0.0000000673    0.0003165965
   5260    0.0005097498    0.0000000672    0.0003165364
   5261    0.0005096529    0.0000000672    0.0003164763
   5262    0.0005095561    0.0000000672    0.0003164162
   5263    0.0005094593    0.0000000672    0.0003163561
   5264    0.0005093626    0.0000000671    0.0003162960
   5265    0.0005092659    0.0000000671    0.0003162360
   5266    0.0005091692    0.0000000671    0.0003161760
   5267    0.0005090726    0.0000000670    0.0003161160
   5268    0.0005089760    0.0000000670    0.0003160560
   5269    0.0005088795    0.0000000670    0.0003159961
   5270    0.0005087829    0.0000000670    0.0003159362
   5271    0.0005086865    0.0000000669    0.0003158763
   5272    0.0005085900    0.0000000669    0.0003158164
   5273    0.0005084936    0.0000000669    0.0003157565
   5274    0.0005083972    0.0000000669    0.0003156967
   5275    0.0005083009    0.0000000668    0.0003156369
   5276    0.0005082046    0.0000000668    0.0003155771
   5277    0.0005081083    0.0000000668    0.0003155174
   5278    0.0005080121    0.0000000668    0.0003154576
   5279    0.0005079159    0.0000000667    0.0003153979
   5280    0.0005078198    0.0000000667    0.0003153382
   5281    0.0005077237    0.0000000667    0.0003152785
   5282    0.0005076276    0.0000000667    0.0003152189
   5283    0.0005075315    0.0000000666    0.0003151593
   5284    0.0005074355    0.0000000666    0.0003150997
   5285    0.0005073396    0.0000000666    0.0003150401
   5286    0.0005072436    0.0000000666    0.0003149805
   5287    0.0005071477    0.0000000665    0.0003149210
   5288    0.0005070519    0.0000000665    0.0003148615
   5289    0.0005069560    0.0000000665    0.0003148020
   5290    0.0005068602    0.0000000665    0.0003147425
   5291    0.0005067645    0.0000000664    0.0003146831
   5292    0.0005066688    0.0000000664    0.0003146237
   5293    0.0005065731    0.0000000664    0.0003145643
   5294    0.0005064774    0.0000000664    0.0003145049
   5295    0.0005063818    0.0000000663    0.0003144455
   5296    0.0005062863    0.0000000663    0.0003143862
   5297    0.0005061907    0.0000000663    0.0003143269
   5298    0.0005060952    0.0000000663    0.0003142676
   5299    0.0005059998    0.0000000662    0.0003142083
   5300    0.0005059043    0.0000000662    0.0003141491
   5301    0.0005058089    0.0000000662    0.0003140899
   5302    0.0005057136    0.0000000662    0.0003140307
   5303    0.0005056183    0.0000000661    0.0003139715
   5304    0.0005055230    0.0000000661    0.0003139123
   5305    0.0005054277    0.0000000661    0.0003138532
   5306    0.0005053325    0.0000000661    0.0003137941
   5307    0.0005052373    0.0000000660    0.0003137350
   5308    0.0005051422    0.0000000660    0.0003136759
   5309    0.0005050471    0.0000000660    0.0003136169
   5310    0.0005049520    0.0000000660    0.0003135579
   5311    0.0005048570    0.0000000659    0.0003134989
   5312    0.0005047620    0.0000000659    0.0003134399
   5313    0.0005046670    0.0000000659    0.0003133809
   5314    0.0005045721    0.0000000659    0.0003133220
   5315    0.0005044772    0.0000000658    0.0003132631
   5316    0.0005043823    0.0000000658    0.0003132042
   5317    0.0005042875    0.0000000658    0.0003131454
   5318    0.0005041927    0.0000000658    0.0003130865
   5319    0.0005040980    0.0000000657    0.0003130277
   5320    0.0005040033    0.0000000657    0.0003129689
   5321    0.0005039086    0.0000000657    0.0003129101
   5322    0.0005038140    0.0000000657    0.0003128514
   5323    0.0005037194    0.0000000656    0.0003127926
   5324    0.0005036248    0.0000000656    0.0003127339
   5325    0.0005035303    0.0000000656    0.0003126752
   5326    0.0005034358    0.0000000656    0.0003126166
   5327    0.0005033413    0.0000000655    0.0003125579
   5328    0.0005032469    0.0000000655    0.0003124993
   5329    0.0005031525    0.0000000655    0.0003124407
   5330    0.0005030581    0.0000000655    0.0003123821
   5331    0.0005029638    0.0000000655    0.0003123236
   5332    0.0005028695    0.0000000654    0.0003122650
   5333    0.0005027752    0.0000000654    0.0003122065
   5334    0.0005026810    0.0000000654    0.0003121480
   5335    0.0005025868    0.0000000654    0.0003120895
   5336    0.0005024927    0.0000000653    0.0003120311
   5337    0.0005023986    0.0000000653    0.0003119727
   5338    0.0005023045    0.0000000653    0.0003119143
   5339    0.0005022105    0.0000000653    0.0003118559
   5340    0.0005021165    0.0000000652    0.0003117975
   5341    0.0005020225    0.0000000652    0.0003117392
   5342    0.0005019286    0.0000000652    0.0003116809
   5343    0.0005018347    0.0000000652    0.0003116226
   5344    0.0005017408    0.0000000651    0.0003115643
   5345    0.0005016470    0.0000000651    0.0003115061
   5346    0.0005015532    0.0000000651    0.0003114478
   5347    0.0005014594    0.0000000651    0.0003113896
   5348    0.0005013657    0.0000000650    0.0003113314
   5349    0.0005012720    0.0000000650    0.0003112733
   5350    0.0005011783    0.0000000650    0.0003112151
   5351    0.0005010847    0.0000000650    0.0003111570
   5352    0.0005009911    0.0000000649    0.0003110989
   5353    0.0005008976    0.0000000649    0.0003110408
   5354    0.0005008041    0.0000000649    0.0003109828
   5355    0.0005007106    0.0000000649    0.0003109247
   5356    0.0005006172    0.0000000648    0.0003108667
   5357    0.0005005237    0.0000000648    0.0003108087
   5358    0.0005004304    0.0000000648    0.0003107508
   5359    0.0005003370    0.0000000648    0.0003106928
   5360    0.0005002437    0.0000000647    0.0003106349
   5361    0.0005001505    0.0000000647    0.0003105770
   5362    0.0005000572    0.0000000647    0.0003105191
   5363    0.0004999640    0.0000000647    0.0003104613
   5364    0.0004998709    0.0000000646    0.0003104034
   5365    0.0004997777    0.0000000646    0.0003103456
   5366    0.0004996846    0.0000000646    0.0003102878
   5367    0.0004995916    0.0000000646    0.0003102300
   5368    0.0004994985    0.0000000646    0.0003101723
   5369    0.0004994055    0.0000000645    0.0003101145
   5370    0.0004993126    0.0000000645    0.0003100568
   5371    0.0004992197    0.0000000645    0.0003099991
   5372    0.0004991268    0.0000000645    0.0003099415
   5373    0.0004990339    0.0000000644    0.0003098838
   5374    0.0004989411    0.0000000644    0.0003098262
   5375    0.0004988483    0.0000000644    0.0003097686
   5376    0.0004987556    0.0000000644    0.0003097110
   5377    0.0004986628    0.0000000643    0.0003096535
   5378    0.0004985702    0.0000000643    0.0003095959
   5379    0.0004984775    0.0000000643    0.0003095384
   5380    0.0004983849    0.0000000643    0.0003094809
   5381    0.0004982923    0.0000000642    0.0003094234
   5382    0.0004981998    0.0000000642    0.0003093660
   5383    0.0004981073    0.0000000642    0.0003093086
   5384    0.0004980148    0.0000000642    0.0003092511
   5385    0.0004979224    0.0000000641    0.0003091938
   5386    0.0004978300    0.0000000641    0.0003091364
   5387    0.0004977376    0.0000000641    0.0003090790
   5388    0.0004976452    0.0000000641    0.0003090217
   5389    0.0004975529    0.0000000641    0.0003089644
   5390    0.0004974607    0.0000000640    0.0003089071
   5391    0.0004973684    0.0000000640    0.0003088499
   5392    0.0004972762    0.0000000640    0.0003087926
   5393    0.0004971841    0.0000000640    0.0003087354
   5394    0.0004970919    0.0000000639    0.0003086782
   5395    0.0004969998    0.0000000639    0.0003086210
   5396    0.0004969078    0.0000000639    0.0003085639
   5397    0.0004968157    0.0000000639    0.0003085067
   5398    0.0004967237    0.0000000638    0.0003084496
   5399    0.0004966318    0.0000000638    0.0003083925
   5400    0.0004965398    0.0000000638    0.0003083355
   5401    0.0004964480    0.0000000638    0.0003082784
   5402    0.0004963561    0.0000000637    0.0003082214
   5403    0.0004962643    0.0000000637    0.0003081644
   5404    0.0004961725    0.0000000637    0.0003081074
   5405    0.0004960807    0.0000000637    0.0003080504
   5406    0.0004959890    0.0000000636    0.0003079935
   5407    0.0004958973    0.0000000636    0.0003079366
   5408    0.0004958056    0.0000000636    0.0003078797
   5409    0.0004957140    0.0000000636    0.0003078228
   5410    0.0004956224    0.0000000636    0.0003077659
   5411    0.0004955309    0.0000000635    0.0003077091
   5412    0.0004954394    0.0000000635    0.0003076523
   5413    0.0004953479    0.0000000635    0.0003075955
   5414    0.0004952564    0.0000000635    0.0003075387
   5415    0.0004951650    0.0000000634    0.0003074819
   5416    0.0004950736    0.0000000634    0.0003074252
   5417    0.0004949823    0.0000000634    0.0003073685
   5418    0.0004948909    0.0000000634    0.0003073118
   5419    0.0004947997    0.0000000633    0.0003072551
   5420    0.0004947084    0.0000000633    0.0003071985
   5421    0.0004946172    0.0000000633    0.0003071418
   5422    0.0004945260    0.0000000633    0.0003070852
   5423    0.0004944348    0.0000000633    0.0003070286
   5424    0.0004943437    0.0000000632    0.0003069721
   5425    0.0004942526    0.0000000632    0.0003069155
   5426    0.0004941616    0.0000000632    0.0003068590
   5427    0.0004940706    0.0000000632    0.0003068025
   5428    0.0004939796    0.0000000631    0.0003067460
   5429    0.0004938886    0.0000000631    0.0003066896
   5430    0.0004937977    0.0000000631    0.0003066331
   5431    0.0004937069    0.0000000631    0.0003065767
   5432    0.0004936160    0.0000000630    0.0003065203
   5433    0.0004935252    0.0000000630    0.0003064639
   5434    0.0004934344    0.0000000630    0.0003064076
   5435    0.0004933437    0.0000000630    0.0003063512
   5436    0.0004932529    0.0000000629    0.0003062949
   5437    0.0004931623    0.0000000629    0.0003062386
   5438    0.0004930716    0.0000000629    0.0003061823
   5439    0.0004929810    0.0000000629    0.0003061261
   5440    0.0004928904    0.0000000629    0.0003060698
   5441    0.0004927999    0.0000000628    0.0003060136
   5442    0.0004927093    0.0000000628    0.0003059574
   5443    0.0004926189    0.0000000628    0.0003059013
   5444    0.0004925284    0.0000000628    0.0003058451
   5445    0.0004924380    0.0000000627    0.0003057890
   5446    0.0004923476    0.0000000627    0.0003057329
   5447    0.0004922573    0.0000000627    0.0003056768
   5448    0.0004921670    0.0000000627    0.0003056207
   5449    0.0004920767    0.0000000626    0.0003055646
   5450    0.0004919864    0.0000000626    0.0003055086
   5451    0.0004918962    0.0000000626    0.0003054526
   5452    0.0004918060    0.0000000626    0.0003053966
   5453    0.0004917159    0.0000000626    0.0003053407
   5454    0.0004916258    0.0000000625    0.0003052847
   5455    0.0004915357    0.0000000625    0.0003052288
   5456    0.0004914456    0.0000000625    0.0003051729
   5457    0.0004913556    0.0000000625    0.0003051170
   5458    0.0004912656    0.0000000624    0.0003050611
   5459    0.0004911757    0.0000000624    0.0003050053
   5460    0.0004910857    0.0000000624    0.0003049495
   5461    0.0004909959    0.0000000624    0.0003048937
   5462    0.0004909060    0.0000000624    0.0003048379
   5463    0.0004908162    0.0000000623    0.0003047821
   5464    0.0004907264    0.0000000623    0.0003047264
   5465    0.0004906366    0.0000000623    0.0003046706
   5466    0.0004905469    0.0000000623    0.0003046149
   5467    0.0004904572    0.0000000622    0.0003045593
   5468    0.0004903676    0.0000000622    0.0003045036
   5469    0.0004902779    0.0000000622    0.0003044480
   5470    0.0004901883    0.0000000622    0.0003043923
   5471    0.0004900988    0.0000000621    0.0003043367
   5472    0.0004900093    0.0000000621    0.0003042812
   5473    0.0004899198    0.0000000621    0.0003042256
   5474    0.0004898303    0.0000000621    0.0003041701
   5475    0.0004897409    0.0000000621    0.0003041145
   5476    0.0004896515    0.0000000620    0.0003040590
   5477    0.0004895621    0.0000000620    0.0003040036
   5478    0.0004894728    0.0000000620    0.0003039481
   5479    0.0004893835    0.0000000620    0.0003038927
   5480    0.0004892942    0.0000000619    0.0003038372
   5481    0.0004892050    0.0000000619    0.0003037819
   5482    0.0004891158    0.0000000619    0.0003037265
   5483    0.0004890266    0.0000000619    0.0003036711
   5484    0.0004889375    0.0000000619    0.0003036158
   5485    0.0004888484    0.0000000618    0.0003035605
   5486    0.0004887593    0.0000000618    0.0003035052
   5487    0.0004886703    0.0000000618    0.0003034499
   5488    0.0004885813    0.0000000618    0.0003033946
   5489    0.0004884923    0.0000000617    0.0003033394
   5490    0.0004884034    0.0000000617    0.0003032842
   5491    0.0004883145    0.0000000617    0.0003032290
   5492    0.0004882256    0.0000000617    0.0003031738
   5493    0.0004881367    0.0000000616    0.0003031187
   5494    0.0004880479    0.0000000616    0.0003030635
   5495    0.0004879592    0.0000000616    0.0003030084
   5496    0.0004878704    0.0000000616    0.0003029533
   5497    0.0004877817    0.0000000616    0.0003028982
   5498    0.0004876930    0.0000000615    0.0003028432
   5499    0.0004876044    0.0000000615    0.0003027881
   5500    0.0004875157    0.0000000615    0.0003027331
   5501    0.0004874272    0.0000000615    0.0003026781
   5502    0.0004873386    0.0000000614    0.0003026232
   5503    0.0004872501    0.0000000614    0.0003025682
   5504    0.0004871616    0.0000000614    0.0003025133
   5505    0.0004870731    0.0000000614    0.0003024583
   5506    0.0004869847    0.0000000614    0.0003024035
   5507    0.0004868963    0.0000000613    0.0003023486
   5508    0.0004868080    0.0000000613    0.0003022937
   5509    0.0004867196    0.0000000613    0.0003022389
   5510    0.0004866313    0.0000000613    0.0003021841
   5511    0.0004865431    0.0000000612    0.0003021293
   5512    0.0004864548    0.0000000612    0.0003020745
   5513    0.0004863666    0.0000000612    0.0003020197
   5514    0.0004862785    0.0000000612    0.0003019650
   5515    0.0004861903    0.0000000612    0.0003019103
   5516    0.0004861022    0.0000000611    0.0003018556
   5517    0.0004860142    0.0000000611    0.0003018009
   5518    0.0004859261    0.0000000611    0.0003017463
   5519    0.0004858381    0.0000000611    0.0003016916
   5520    0.0004857501    0.0000000610    0.0003016370
   5521    0.0004856622    0.0000000610    0.0003015824
   5522    0.0004855743    0.0000000610    0.0003015278
   5523    0.0004854864    0.0000000610    0.0003014733
   5524    0.0004853986    0.0000000610    0.0003014187
   5525    0.0004853107    0.0000000609    0.0003013642
   5526    0.0004852230    0.0000000609    0.0003013097
   5527    0.0004851352    0.0000000609    0.0003012552
   5528    0.0004850475    0.0000000609    0.0003012008
   5529    0.0004849598    0.0000000608    0.0003011463
   5530    0.0004848721    0.0000000608    0.0003010919
   5531    0.0004847845    0.0000000608    0.0003010375
   5532    0.0004846969    0.0000000608    0.0003009831
   5533    0.0004846093    0.0000000608    0.0003009288
   5534    0.0004845218    0.0000000607    0.0003008744
   5535    0.0004844343    0.0000000607    0.0003008201
   5536    0.0004843468    0.0000000607    0.0003007658
   5537    0.0004842594    0.0000000607    0.0003007115
   5538    0.0004841720    0.0000000607    0.0003006572
   5539    0.0004840846    0.0000000606    0.0003006030
   5540    0.0004839973    0.0000000606    0.0003005488
   5541    0.0004839100    0.0000000606    0.0003004946
   5542    0.0004838227    0.0000000606    0.0003004404
   5543    0.0004837354    0.0000000605    0.0003003862
   5544    0.0004836482    0.0000000605    0.0003003321
   5545    0.0004835610    0.0000000605    0.0003002779
   5546    0.0004834739    0.0000000605    0.0003002238
   5547    0.0004833868    0.0000000605    0.0003001698
   5548    0.0004832997    0.0000000604    0.0003001157
   5549    0.0004832126    0.0000000604    0.0003000616
   5550    0.0004831256    0.0000000604    0.0003000076
   5551    0.0004830386    0.0000000604    0.0002999536
   5552    0.0004829516    0.0000000603    0.0002998996
   5553    0.0004828647    0.0000000603    0.0002998456
   5554    0.0004827778    0.0000000603    0.0002997917
   5555    0.0004826909    0.0000000603    0.0002997377
   5556    0.0004826041    0.0000000603    0.0002996838
   5557    0.0004825173    0.0000000602    0.0002996299
   5558    0.0004824305    0.0000000602    0.0002995761
   5559    0.0004823437    0.0000000602    0.0002995222
   5560    0.0004822570    0.0000000602    0.0002994684
   5561    0.0004821703    0.0000000602    0.0002994146
   5562    0.0004820837    0.0000000601    0.0002993608
   5563    0.0004819971    0.0000000601    0.0002993070
   5564    0.0004819105    0.0000000601    0.0002992532
   5565    0.0004818239    0.0000000601    0.0002991995
   5566    0.0004817374    0.0000000600    0.0002991458
   5567    0.0004816509    0.0000000600    0.0002990921
   5568    0.0004815644    0.0000000600    0.0002990384
   5569    0.0004814780    0.0000000600    0.0002989847
   5570    0.0004813916    0.0000000600    0.0002989311
   5571    0.0004813052    0.0000000599    0.0002988775
   5572    0.0004812189    0.0000000599    0.0002988239
   5573    0.0004811326    0.0000000599    0.0002987703
   5574    0.0004810463    0.0000000599    0.0002987167
   5575    0.0004809600    0.0000000599    0.0002986632
   5576    0.0004808738    0.0000000598    0.0002986096
   5577    0.0004807876    0.0000000598    0.0002985561
   5578    0.0004807015    0.0000000598    0.0002985026
   5579    0.0004806153    0.0000000598    0.0002984492
   5580    0.0004805292    0.0000000597    0.0002983957
   5581    0.0004804432    0.0000000597    0.0002983423
   5582    0.0004803571    0.0000000597    0.0002982889
   5583    0.0004802711    0.0000000597    0.0002982355
   5584    0.0004801852    0.0000000597    0.0002981821
   5585    0.0004800992    0.0000000596    0.0002981288
   5586    0.0004800133    0.0000000596    0.0002980754
   5587    0.0004799274    0.0000000596    0.0002980221
   5588    0.0004798416    0.0000000596    0.0002979688
   5589    0.0004797558    0.0000000596    0.0002979155
   5590    0.0004796700    0.0000000595    0.0002978623
   5591    0.0004795842    0.0000000595    0.0002978090
   5592    0.0004794985    0.0000000595    0.0002977558
   5593    0.0004794128    0.0000000595    0.0002977026
   5594    0.0004793271    0.0000000594    0.0002976494
   5595    0.0004792415    0.0000000594    0.0002975963
   5596    0.0004791559    0.0000000594    0.0002975431
   5597    0.0004790703    0.0000000594    0.0002974900
   5598    0.0004789848    0.0000000594    0.0002974369
   5599    0.0004788993    0.0000000593    0.0002973838
   5600    0.0004788138    0.0000000593    0.0002973307
   5601    0.0004787283    0.0000000593    0.0002972777
   5602    0.0004786429    0.0000000593    0.0002972246
   5603    0.0004785575    0.0000000593    0.0002971716
   5604    0.0004784722    0.0000000592    0.0002971186
   5605    0.0004783868    0.0000000592    0.0002970657
   5606    0.0004783015    0.0000000592    0.0002970127
   5607    0.0004782163    0.0000000592    0.0002969598
   5608    0.0004781310    0.0000000591    0.0002969069
   5609    0.0004780458    0.0000000591    0.0002968540
   5610    0.0004779607    0.0000000591    0.0002968011
   5611    0.0004778755    0.0000000591    0.0002967482
   5612    0.0004777904    0.0000000591    0.0002966954
   5613    0.0004777053    0.0000000590    0.0002966425
   5614    0.0004776203    0.0000000590    0.0002965897
   5615    0.0004775352    0.0000000590    0.0002965370
   5616    0.0004774502    0.0000000590    0.0002964842
   5617    0.0004773653    0.0000000590    0.0002964314
   5618    0.0004772803    0.0000000589    0.0002963787
   5619    0.0004771954    0.0000000589    0.0002963260
   5620    0.0004771106    0.0000000589    0.0002962733
   5621    0.0004770257    0.0000000589    0.0002962206
   5622    0.0004769409    0.0000000589    0.0002961680
   5623    0.0004768561    0.0000000588    0.0002961153
   5624    0.0004767714    0.0000000588    0.0002960627
   5625    0.0004766866    0.0000000588    0.0002960101
   5626    0.0004766019    0.0000000588    0.0002959575
   5627    0.0004765173    0.0000000587    0.0002959050
   5628    0.0004764326    0.0000000587    0.0002958524
   5629    0.0004763480    0.0000000587    0.0002957999
   5630    0.0004762635    0.0000000587    0.0002957474
   5631    0.0004761789    0.0000000587    0.0002956949
   5632    0.0004760944    0.0000000586    0.0002956425
   5633    0.0004760099    0.0000000586    0.0002955900
   5634    0.0004759255    0.0000000586    0.0002955376
   5635    0.0004758411    0.0000000586    0.0002954852
   5636    0.0004757567    0.0000000586    0.0002954328
   5637    0.0004756723    0.0000000585    0.0002953804
   5638    0.0004755880    0.0000000585    0.0002953280
   5639    0.0004755037    0.0000000585    0.0002952757
   5640    0.0004754194    0.0000000585    0.0002952234
   5641    0.0004753351    0.0000000585    0.0002951711
   5642    0.0004752509    0.0000000584    0.0002951188
   5643    0.0004751667    0.0000000584    0.0002950665
   5644    0.0004750826    0.0000000584    0.0002950143
   5645    0.0004749985    0.0000000584    0.0002949621
   5646    0.0004749144    0.0000000584    0.0002949098
   5647    0.0004748303    0.0000000583    0.0002948577
   5648    0.0004747463    0.0000000583    0.0002948055
   5649    0.0004746623    0.0000000583    0.0002947533
   5650    0.0004745783    0.0000000583    0.0002947012
   5651    0.0004744943    0.0000000583    0.0002946491
   5652    0.0004744104    0.0000000582    0.0002945970
   5653    0.0004743265    0.0000000582    0.0002945449
   5654    0.0004742427    0.0000000582    0.0002944928
   5655    0.0004741589    0.0000000582    0.0002944408
   5656    0.0004740751    0.0000000581    0.0002943888
   5657    0.0004739913    0.0000000581    0.0002943368
   5658    0.0004739076    0.0000000581    0.0002942848
   5659    0.0004738238    0.0000000581    0.0002942328
   5660    0.0004737402    0.0000000581    0.0002941809
   5661    0.0004736565    0.0000000580    0.0002941289
   5662    0.0004735729    0.0000000580    0.0002940770
   5663    0.0004734893    0.0000000580    0.0002940251
   5664    0.0004734057    0.0000000580    0.0002939732
   5665    0.0004733222    0.0000000580    0.0002939214
   5666    0.0004732387    0.0000000579    0.0002938695
   5667    0.0004731552    0.0000000579    0.0002938177
   5668    0.0004730718    0.0000000579    0.0002937659
   5669    0.0004729884    0.0000000579    0.0002937141
   5670    0.0004729050    0.0000000579    0.0002936624
   5671    0.0004728216    0.0000000578    0.0002936106
   5672    0.0004727383    0.0000000578    0.0002935589
   5673    0.0004726550    0.0000000578    0.0002935072
   5674    0.0004725717    0.0000000578    0.0002934555
   5675    0.0004724885    0.0000000578    0.0002934038
   5676    0.0004724053    0.0000000577    0.0002933521
   5677    0.0004723221    0.0000000577    0.0002933005
   5678    0.0004722390    0.0000000577    0.0002932489
   5679    0.0004721559    0.0000000577    0.0002931973
   5680    0.0004720728    0.0000000577    0.0002931457
   5681    0.0004719897    0.0000000576    0.0002930941
   5682    0.0004719067    0.0000000576    0.0002930426
   5683    0.0004718237    0.0000000576    0.0002929910
   5684    0.0004717407    0.0000000576    0.0002929395
   5685    0.0004716577    0.0000000576    0.0002928880
   5686    0.0004715748    0.0000000575    0.0002928365
   5687    0.0004714919    0.0000000575    0.0002927851
   5688    0.0004714091    0.0000000575    0.0002927336
   5689    0.0004713263    0.0000000575    0.0002926822
   5690    0.0004712435    0.0000000575    0.0002926308
   5691    0.0004711607    0.0000000574    0.0002925794
   5692    0.0004710779    0.0000000574    0.0002925281
   5693    0.0004709952    0.0000000574    0.0002924767
   5694    0.0004709125    0.0000000574    0.0002924254
   5695    0.0004708299    0.0000000574    0.0002923741
   5696    0.0004707473    0.0000000573    0.0002923228
   5697    0.0004706647    0.0000000573    0.0002922715
   5698    0.0004705821    0.0000000573    0.0002922202
   5699    0.0004704996    0.0000000573    0.0002921690
   5700    0.0004704171    0.0000000573    0.0002921178
   5701    0.0004703346    0.0000000572    0.0002920666
   5702    0.0004702521    0.0000000572    0.0002920154
   5703    0.0004701697    0.0000000572    0.0002919642
   5704    0.0004700873    0.0000000572    0.0002919130
   5705    0.0004700049    0.0000000572    0.0002918619
   5706    0.0004699226    0.0000000571    0.0002918108
   5707    0.0004698403    0.0000000571    0.0002917597
   5708    0.0004697580    0.0000000571    0.0002917086
   5709    0.0004696758    0.0000000571    0.0002916575
   5710    0.0004695935    0.0000000571    0.0002916065
   5711    0.0004695114    0.0000000570    0.0002915555
   5712    0.0004694292    0.0000000570    0.0002915045
   5713    0.0004693471    0.0000000570    0.0002914535
   5714    0.0004692650    0.0000000570    0.0002914025
   5715    0.0004691829    0.0000000570    0.0002913515
   5716    0.0004691008    0.0000000569    0.0002913006
   5717    0.0004690188    0.0000000569    0.0002912497
   5718    0.0004689368    0.0000000569    0.0002911988
   5719    0.0004688549    0.0000000569    0.0002911479
   5720    0.0004687729    0.0000000569    0.0002910970
   5721    0.0004686910    0.0000000568    0.0002910462
   5722    0.0004686091    0.0000000568    0.0002909954
   5723    0.0004685273    0.0000000568    0.0002909445
   5724    0.0004684455    0.0000000568    0.0002908937
   5725    0.0004683637    0.0000000568    0.0002908430
   5726    0.0004682819    0.0000000567    0.0002907922
   5727    0.0004682002    0.0000000567    0.0002907415
   5728    0.0004681185    0.0000000567    0.0002906907
   5729    0.0004680368    0.0000000567    0.0002906400
   5730    0.0004679552    0.0000000567    0.0002905893
   5731    0.0004678735    0.0000000566    0.0002905387
   5732    0.0004677919    0.0000000566    0.0002904880
   5733    0.0004677104    0.0000000566    0.0002904374
   5734    0.0004676289    0.0000000566    0.0002903868
   5735    0.0004675473    0.0000000566    0.0002903361
   5736    0.0004674659    0.0000000565    0.0002902856
   5737    0.0004673844    0.0000000565    0.0002902350
   5738    0.0004673030    0.0000000565    0.0002901844
   5739    0.0004672216    0.0000000565    0.0002901339
   5740    0.0004671402    0.0000000565    0.0002900834
   5741    0.0004670589    0.0000000564    0.0002900329
   5742    0.0004669776    0.0000000564    0.0002899824
   5743    0.0004668963    0.0000000564    0.0002899320
   5744    0.0004668151    0.0000000564    0.0002898815
   5745    0.0004667338    0.0000000564    0.0002898311
   5746    0.0004666527    0.0000000563    0.0002897807
   5747    0.0004665715    0.0000000563    0.0002897303
   5748    0.0004664903    0.0000000563    0.0002896799
   5749    0.0004664092    0.0000000563    0.0002896296
   5750    0.0004663282    0.0000000563    0.0002895792
   5751    0.0004662471    0.0000000562    0.0002895289
   5752    0.0004661661    0.0000000562    0.0002894786
   5753    0.0004660851    0.0000000562    0.0002894283
   5754    0.0004660041    0.0000000562    0.0002893781
   5755    0.0004659232    0.0000000562    0.0002893278
   5756    0.0004658423    0.0000000561    0.0002892776
   5757    0.0004657614    0.0000000561    0.0002892274
   5758    0.0004656805    0.0000000561    0.0002891772
   5759    0.0004655997    0.0000000561    0.0002891270
   5760    0.0004655189    0.0000000561    0.0002890768
   5761    0.0004654381    0.0000000560    0.0002890267
   5762    0.0004653574    0.0000000560    0.0002889765
   5763    0.0004652767    0.0000000560    0.0002889264
   5764    0.0004651960    0.0000000560    0.0002888763
   5765    0.0004651153    0.0000000560    0.0002888263
   5766    0.0004650347    0.0000000560    0.0002887762
   5767    0.0004649541    0.0000000559    0.0002887262
   5768    0.0004648735    0.0000000559    0.0002886761
   5769    0.0004647930    0.0000000559    0.0002886261
   5770    0.0004647124    0.0000000559    0.0002885761
   5771    0.0004646319    0.0000000559    0.0002885262
   5772    0.0004645515    0.0000000558    0.0002884762
   5773    0.0004644710    0.0000000558    0.0002884263
   5774    0.0004643906    0.0000000558    0.0002883763
   5775    0.0004643103    0.0000000558    0.0002883264
   5776    0.0004642299    0.0000000558    0.0002882766
   5777    0.0004641496    0.0000000557    0.0002882267
   5778    0.0004640693    0.0000000557    0.0002881768
   5779    0.0004639890    0.0000000557    0.0002881270
   5780    0.0004639088    0.0000000557    0.0002880772
   5781    0.0004638286    0.0000000557    0.0002880274
   5782    0.0004637484    0.0000000556    0.0002879776
   5783    0.0004636682    0.0000000556    0.0002879278
   5784    0.0004635881    0.0000000556    0.0002878781
   5785    0.0004635080    0.0000000556    0.0002878284
   5786    0.0004634279    0.0000000556    0.0002877786
   5787    0.0004633478    0.0000000555    0.0002877289
   5788    0.0004632678    0.0000000555    0.0002876793
   5789    0.0004631878    0.0000000555    0.0002876296
   5790    0.0004631079    0.0000000555    0.0002875800
   5791    0.0004630279    0.0000000555    0.0002875303
   5792    0.0004629480    0.0000000555    0.0002874807
   5793    0.0004628681    0.0000000554    0.0002874311
   5794    0.0004627883    0.0000000554    0.0002873815
   5795    0.0004627085    0.0000000554    0.0002873320
   5796    0.0004626287    0.0000000554    0.0002872824
   5797    0.0004625489    0.0000000554    0.0002872329
   5798    0.0004624691    0.0000000553    0.0002871834
   5799    0.0004623894    0.0000000553    0.0002871339
   5800    0.0004623097    0.0000000553    0.0002870844
   5801    0.0004622301    0.0000000553    0.0002870350
   5802    0.0004621504    0.0000000553    0.0002869855
   5803    0.0004620708    0.0000000552    0.0002869361
   5804    0.0004619912    0.0000000552    0.0002868867
   5805    0.0004619117    0.0000000552    0.0002868373
   5806    0.0004618322    0.0000000552    0.0002867880
   5807    0.0004617527    0.0000000552    0.0002867386
   5808    0.0004616732    0.0000000551    0.0002866893
   5809    0.0004615938    0.0000000551    0.0002866399
   5810    0.0004615143    0.0000000551    0.0002865906
   5811    0.0004614350    0.0000000551    0.0002865413
   5812    0.0004613556    0.0000000551    0.0002864921
   5813    0.0004612763    0.0000000551    0.0002864428
   5814    0.0004611970    0.0000000550    0.0002863936
   5815    0.0004611177    0.0000000550    0.0002863444
   5816    0.0004610384    0.0000000550    0.0002862952
   5817    0.0004609592    0.0000000550    0.0002862460
   5818    0.0004608800    0.0000000550    0.0002861968
   5819    0.0004608008    0.0000000549    0.0002861477
   5820    0.0004607217    0.0000000549    0.0002860985
   5821    0.0004606426    0.0000000549    0.0002860494
   5822    0.0004605635    0.0000000549    0.0002860003
   5823    0.0004604844    0.0000000549    0.0002859512
   5824    0.0004604054    0.0000000548    0.0002859022
   5825    0.0004603264    0.0000000548    0.0002858531
   5826    0.0004602474    0.0000000548    0.0002858041
   5827    0.0004601684    0.0000000548    0.0002857551
   5828    0.0004600895    0.0000000548    0.0002857060
   5829    0.0004600106    0.0000000548    0.0002856571
   5830    0.0004599318    0.0000000547    0.0002856081
   5831    0.0004598529    0.0000000547    0.0002855592
   5832    0.0004597741    0.0000000547    0.0002855102
   5833    0.0004596953    0.0000000547    0.0002854613
   5834    0.0004596165    0.0000000547    0.0002854124
   5835    0.0004595378    0.0000000546    0.0002853635
   5836    0.0004594591    0.0000000546    0.0002853147
   5837    0.0004593804    0.0000000546    0.0002852658
   5838    0.0004593017    0.0000000546    0.0002852170
   5839    0.0004592231    0.0000000546    0.0002851682
   5840    0.0004591445    0.0000000545    0.0002851194
   5841    0.0004590659    0.0000000545    0.0002850706
   5842    0.0004589874    0.0000000545    0.0002850218
   5843    0.0004589089    0.0000000545    0.0002849731
   5844    0.0004588304    0.0000000545    0.0002849243
   5845    0.0004587519    0.0000000545    0.0002848756
   5846    0.0004586735    0.0000000544    0.0002848269
   5847    0.0004585951    0.0000000544    0.0002847782
   5848    0.0004585167    0.0000000544    0.0002847296
   5849    0.0004584383    0.0000000544    0.0002846809
   5850    0.0004583600    0.0000000544    0.0002846323
   5851    0.0004582817    0.0000000543    0.0002845837
   5852    0.0004582034    0.0000000543    0.0002845351
   5853    0.0004581251    0.0000000543    0.0002844865
   5854    0.0004580469    0.0000000543    0.0002844379
   5855    0.0004579687    0.0000000543    0.0002843894
   5856    0.0004578905    0.0000000542    0.0002843408
   5857    0.0004578124    0.0000000542    0.0002842923
   5858    0.0004577343    0.0000000542    0.0002842438
   5859    0.0004576562    0.0000000542    0.0002841953
   5860    0.0004575781    0.0000000542    0.0002841469
   5861    0.0004575001    0.0000000542    0.0002840984
   5862    0.0004574221    0.0000000541    0.0002840500
   5863    0.0004573441    0.0000000541    0.0002840016
   5864    0.0004572661    0.0000000541    0.0002839532
   5865    0.0004571882    0.0000000541    0.0002839048
   5866    0.0004571103    0.0000000541    0.0002838564
   5867    0.0004570324    0.0000000540    0.0002838081
   5868    0.0004569545    0.0000000540    0.0002837597
   5869    0.0004568767    0.0000000540    0.0002837114
   5870    0.0004567989    0.0000000540    0.0002836631
   5871    0.0004567211    0.0000000540    0.0002836148
   5872    0.0004566434    0.0000000540    0.0002835665
   5873    0.0004565657    0.0000000539    0.0002835183
   5874    0.0004564880    0.0000000539    0.0002834701
   5875    0.0004564103    0.0000000539    0.0002834218
   5876    0.0004563326    0.0000000539    0.0002833736
   5877    0.0004562550    0.0000000539    0.0002833254
   5878    0.0004561774    0.0000000538    0.0002832773
   5879    0.0004560999    0.0000000538    0.0002832291
   5880    0.0004560223    0.0000000538    0.0002831810
   5881    0.0004559448    0.0000000538    0.0002831329
   5882    0.0004558674    0.0000000538    0.0002830848
   5883    0.0004557899    0.0000000538    0.0002830367
   5884    0.0004557125    0.0000000537    0.0002829886
   5885    0.0004556351    0.0000000537    0.0002829405
   5886    0.0004555577    0.0000000537    0.0002828925
   5887    0.0004554803    0.0000000537    0.0002828445
   5888    0.0004554030    0.0000000537    0.0002827965
   5889    0.0004553257    0.0000000536    0.0002827485
   5890    0.0004552484    0.0000000536    0.0002827005
   5891    0.0004551712    0.0000000536    0.0002826525
   5892    0.0004550940    0.0000000536    0.0002826046
   5893    0.0004550168    0.0000000536    0.0002825567
   5894    0.0004549396    0.0000000536    0.0002825088
   5895    0.0004548624    0.0000000535    0.0002824609
   5896    0.0004547853    0.0000000535    0.0002824130
   5897    0.0004547082    0.0000000535    0.0002823651
   5898    0.0004546312    0.0000000535    0.0002823173
   5899    0.0004545541    0.0000000535    0.0002822695
   5900    0.0004544771    0.0000000534    0.0002822216
   5901    0.0004544001    0.0000000534    0.0002821738
   5902    0.0004543232    0.0000000534    0.0002821261
   5903    0.0004542462    0.0000000534    0.0002820783
   5904    0.0004541693    0.0000000534    0.0002820306
   5905    0.0004540925    0.0000000534    0.0002819828
   5906    0.0004540156    0.0000000533    0.0002819351
   5907    0.0004539388    0.0000000533    0.0002818874
   5908    0.0004538620    0.0000000533    0.0002818397
   5909    0.0004537852    0.0000000533    0.0002817921
   5910    0.0004537084    0.0000000533    0.0002817444
   5911    0.0004536317    0.0000000532    0.0002816968
   5912    0.0004535550    0.0000000532    0.0002816492
   5913    0.0004534783    0.0000000532    0.0002816016
   5914    0.0004534017    0.0000000532    0.0002815540
   5915    0.0004533251    0.0000000532    0.0002815064
   5916    0.0004532485    0.0000000532    0.0002814588
   5917    0.0004531719    0.0000000531    0.0002814113
   5918    0.0004530954    0.0000000531    0.0002813638
   5919    0.0004530188    0.0000000531    0.0002813163
   5920    0.0004529423    0.0000000531    0.0002812688
   5921    0.0004528659    0.0000000531    0.0002812213
   5922    0.0004527894    0.0000000530    0.0002811738
   5923    0.0004527130    0.0000000530    0.0002811264
   5924    0.0004526366    0.0000000530    0.0002810790
   5925    0.0004525603    0.0000000530    0.0002810316
   5926    0.0004524839    0.0000000530    0.0002809842
   5927    0.0004524076    0.0000000530    0.0002809368
   5928    0.0004523313    0.0000000529    0.0002808894
   5929    0.0004522551    0.0000000529    0.0002808421
   5930    0.0004521788    0.0000000529    0.0002807948
   5931    0.0004521026    0.0000000529    0.0002807474
   5932    0.0004520264    0.0000000529    0.0002807002
   5933    0.0004519503    0.0000000528    0.0002806529
   5934    0.0004518742    0.0000000528    0.0002806056
   5935    0.0004517980    0.0000000528    0.0002805584
   5936    0.0004517220    0.0000000528    0.0002805111
   5937    0.0004516459    0.0000000528    0.0002804639
   5938    0.0004515699    0.0000000528    0.0002804167
   5939    0.0004514939    0.0000000527    0.0002803695
   5940    0.0004514179    0.0000000527    0.0002803223
   5941    0.0004513419    0.0000000527    0.0002802752
   5942    0.0004512660    0.0000000527    0.0002802280
   5943    0.0004511901    0.0000000527    0.0002801809
   5944    0.0004511142    0.0000000527    0.0002801338
   5945    0.0004510384    0.0000000526    0.0002800867
   5946    0.0004509626    0.0000000526    0.0002800396
   5947    0.0004508868    0.0000000526    0.0002799926
   5948    0.0004508110    0.0000000526    0.0002799455
   5949    0.0004507352    0.0000000526    0.0002798985
   5950    0.0004506595    0.0000000525    0.0002798515
   5951    0.0004505838    0.0000000525    0.0002798045
   5952    0.0004505081    0.0000000525    0.0002797575
   5953    0.0004504325    0.0000000525    0.0002797106
   5954    0.0004503569    0.0000000525    0.0002796636
   5955    0.0004502813    0.0000000525    0.0002796167
   5956    0.0004502057    0.0000000524    0.0002795698
   5957    0.0004501302    0.0000000524    0.0002795229
   5958    0.0004500546    0.0000000524    0.0002794760
   5959    0.0004499791    0.0000000524    0.0002794291
   5960    0.0004499037    0.0000000524    0.0002793822
   5961    0.0004498282    0.0000000524    0.0002793354
   5962    0.0004497528    0.0000000523    0.0002792886
   5963    0.0004496774    0.0000000523    0.0002792418
   5964    0.0004496021    0.0000000523    0.0002791950
   5965    0.0004495267    0.0000000523    0.0002791482
   5966    0.0004494514    0.0000000523    0.0002791014
   5967    0.0004493761    0.0000000522    0.0002790547
   5968    0.0004493008    0.0000000522    0.0002790080
   5969    0.0004492256    0.0000000522    0.0002789612
   5970    0.0004491504    0.0000000522    0.0002789146
   5971    0.0004490752    0.0000000522    0.0002788679
   5972    0.0004490000    0.0000000522    0.0002788212
   5973    0.0004489249    0.0000000521    0.0002787745
   5974    0.0004488498    0.0000000521    0.0002787279
   5975    0.0004487747    0.0000000521    0.0002786813
   5976    0.0004486996    0.0000000521    0.0002786347
   5977    0.0004486246    0.0000000521    0.0002785881
   5978    0.0004485495    0.0000000521    0.0002785415
   5979    0.0004484745    0.0000000520    0.0002784950
   5980    0.0004483996    0.0000000520    0.0002784484
   5981    0.0004483246    0.0000000520    0.0002784019
   5982    0.0004482497    0.0000000520    0.0002783554
   5983    0.0004481748    0.0000000520    0.0002783089
   5984    0.0004481000    0.0000000520    0.0002782624
   5985    0.0004480251    0.0000000519    0.0002782159
   5986    0.0004479503    0.0000000519    0.0002781695
   5987    0.0004478755    0.0000000519    0.0002781231
   5988    0.0004478008    0.0000000519    0.0002780766
   5989    0.0004477260    0.0000000519    0.0002780302
   5990    0.0004476513    0.0000000518    0.0002779839
   5991    0.0004475766    0.0000000518    0.0002779375
   5992    0.0004475019    0.0000000518    0.0002778911
   5993    0.0004474273    0.0000000518    0.0002778448
   5994    0.0004473527    0.0000000518    0.0002777985
   5995    0.0004472781    0.0000000518    0.0002777521
   5996    0.0004472035    0.0000000517    0.0002777059
   5997    0.0004471290    0.0000000517    0.0002776596
   5998    0.0004470545    0.0000000517    0.0002776133
   5999    0.0004469800    0.0000000517    0.0002775671
   6000    0.0004469055    0.0000000517    0.0002775208
   6001    0.0004468311    0.0000000517    0.0002774746
   6002    0.0004467566    0.0000000516    0.0002774284
   6003    0.0004466823    0.0000000516    0.0002773822
   6004    0.0004466079    0.0000000516    0.0002773361
   6005    0.0004465335    0.0000000516    0.0002772899
   6006    0.0004464592    0.0000000516    0.0002772438
   6007    0.0004463849    0.0000000516    0.0002771976
   6008    0.0004463107    0.0000000515    0.0002771515
   6009    0.0004462364    0.0000000515    0.0002771054
   6010    0.0004461622    0.0000000515    0.0002770593
   6011    0.0004460880    0.0000000515    0.0002770133
   6012    0.0004460138    0.0000000515    0.0002769672
   6013    0.0004459397    0.0000000515    0.0002769212
   6014    0.0004458656    0.0000000514    0.0002768752
   6015    0.0004457915    0.0000000514    0.0002768292
   6016    0.0004457174    0.0000000514    0.0002767832
   6017    0.0004456433    0.0000000514    0.0002767372
   6018    0.0004455693    0.0000000514    0.0002766913
   6019    0.0004454953    0.0000000514    0.0002766453
   6020    0.0004454214    0.0000000513    0.0002765994
   6021    0.0004453474    0.0000000513    0.0002765535
   6022    0.0004452735    0.0000000513    0.0002765076
   6023    0.0004451996    0.0000000513    0.0002764617
   6024    0.0004451257    0.0000000513    0.0002764158
   6025    0.0004450519    0.0000000512    0.0002763700
   6026    0.0004449780    0.0000000512    0.0002763242
   6027    0.0004449042    0.0000000512    0.0002762783
   6028    0.0004448305    0.0000000512    0.0002762325
   6029    0.0004447567    0.0000000512    0.0002761867
   6030    0.0004446830    0.0000000512    0.0002761410
   6031    0.0004446093    0.0000000511    0.0002760952
   6032    0.0004445356    0.0000000511    0.0002760495
   6033    0.0004444619    0.0000000511    0.0002760037
   6034    0.0004443883    0.0000000511    0.0002759580
   6035    0.0004443147    0.0000000511    0.0002759123
   6036    0.0004442411    0.0000000511    0.0002758666
   6037    0.0004441676    0.0000000510    0.0002758210
   6038    0.0004440940    0.0000000510    0.0002757753
   6039    0.0004440205    0.0000000510    0.0002757297
   6040    0.0004439470    0.0000000510    0.0002756841
   6041    0.0004438736    0.0000000510    0.0002756385
   6042    0.0004438001    0.0000000510    0.0002755929
   6043    0.0004437267    0.0000000509    0.0002755473
   6044    0.0004436533    0.0000000509    0.0002755017
   6045    0.0004435800    0.0000000509    0.0002754562
   6046    0.0004435066    0.0000000509    0.0002754106
   6047    0.0004434333    0.0000000509    0.0002753651
   6048    0.0004433600    0.0000000509    0.0002753196
   6049    0.0004432868    0.0000000508    0.0002752741
   6050    0.0004432135    0.0000000508    0.0002752287
   6051    0.0004431403    0.0000000508    0.0002751832
   6052    0.0004430671    0.0000000508    0.0002751378
   6053    0.0004429939    0.0000000508    0.0002750923
   6054    0.0004429208    0.0000000508    0.0002750469
   6055    0.0004428477    0.0000000507    0.0002750015
   6056    0.0004427746    0.0000000507    0.0002749561
   6057    0.0004427015    0.0000000507    0.0002749108
   6058    0.0004426285    0.0000000507    0.0002748654
   6059    0.0004425554    0.0000000507    0.0002748201
   6060    0.0004424824    0.0000000507    0.0002747748
   6061    0.0004424095    0.0000000506    0.0002747295
   6062    0.0004423365    0.0000000506    0.0002746842
   6063    0.0004422636    0.0000000506    0.0002746389
   6064    0.0004421907    0.0000000506    0.0002745936
   6065    0.0004421178    0.0000000506    0.0002745484
   6066    0.0004420449    0.0000000506    0.0002745031
   6067    0.0004419721    0.0000000505    0.0002744579
   6068    0.0004418993    0.0000000505    0.0002744127
   6069    0.0004418265    0.0000000505    0.0002743675
   6070    0.0004417538    0.0000000505    0.0002743224
   6071    0.0004416810    0.0000000505    0.0002742772
   6072    0.0004416083    0.0000000505    0.0002742321
   6073    0.0004415356    0.0000000504    0.0002741869
   6074    0.0004414629    0.0000000504    0.0002741418
   6075    0.0004413903    0.0000000504    0.0002740967
   6076    0.0004413177    0.0000000504    0.0002740516
   6077    0.0004412451    0.0000000504    0.0002740066
   6078    0.0004411725    0.0000000504    0.0002739615
   6079    0.0004411000    0.0000000503    0.0002739165
   6080    0.0004410275    0.0000000503    0.0002738715
   6081    0.0004409550    0.0000000503    0.0002738264
   6082    0.0004408825    0.0000000503    0.0002737814
   6083    0.0004408100    0.0000000503    0.0002737365
   6084    0.0004407376    0.0000000503    0.0002736915
   6085    0.0004406652    0.0000000502    0.0002736465
   6086    0.0004405928    0.0000000502    0.0002736016
   6087    0.0004405205    0.0000000502    0.0002735567
   6088    0.0004404482    0.0000000502    0.0002735118
   6089    0.0004403758    0.0000000502    0.0002734669
   6090    0.0004403036    0.0000000502    0.0002734220
   6091    0.0004402313    0.0000000501    0.0002733772
   6092    0.0004401591    0.0000000501    0.0002733323
   6093    0.0004400869    0.0000000501    0.0002732875
   6094    0.0004400147    0.0000000501    0.0002732427
   6095    0.0004399425    0.0000000501    0.0002731979
   6096    0.0004398704    0.0000000501    0.0002731531
   6097    0.0004397982    0.0000000500    0.0002731083
   6098    0.0004397262    0.0000000500    0.0002730635
   6099    0.0004396541    0.0000000500    0.0002730188
   6100    0.0004395820    0.0000000500    0.0002729741
   6101    0.0004395100    0.0000000500    0.0002729293
   6102    0.0004394380    0.0000000500    0.0002728846
   6103    0.0004393660    0.0000000499    0.0002728400
   6104    0.0004392941    0.0000000499    0.0002727953
   6105    0.0004392222    0.0000000499    0.0002727506
   6106    0.0004391503    0.0000000499    0.0002727060
   6107    0.0004390784    0.0000000499    0.0002726614
   6108    0.0004390065    0.0000000499    0.0002726167
   6109    0.0004389347    0.0000000498    0.0002725721
   6110    0.0004388629    0.0000000498    0.0002725276
   6111    0.0004387911    0.0000000498    0.0002724830
   6112    0.0004387193    0.0000000498    0.0002724384
   6113    0.0004386476    0.0000000498    0.0002723939
   6114    0.0004385759    0.0000000498    0.0002723494
   6115    0.0004385042    0.0000000498    0.0002723049
   6116    0.0004384325    0.0000000497    0.0002722604
   6117    0.0004383609    0.0000000497    0.0002722159
   6118    0.0004382892    0.0000000497    0.0002721714
   6119    0.0004382176    0.0000000497    0.0002721270
   6120    0.0004381461    0.0000000497    0.0002720825
   6121    0.0004380745    0.0000000497    0.0002720381
   6122    0.0004380030    0.0000000496    0.0002719937
   6123    0.0004379315    0.0000000496    0.0002719493
   6124    0.0004378600    0.0000000496    0.0002719049
   6125    0.0004377885    0.0000000496    0.0002718605
   6126    0.0004377171    0.0000000496    0.0002718162
   6127    0.0004376457    0.0000000496    0.0002717719
   6128    0.0004375743    0.0000000495    0.0002717275
   6129    0.0004375029    0.0000000495    0.0002716832
   6130    0.0004374316    0.0000000495    0.0002716389
   6131    0.0004373603    0.0000000495    0.0002715947
   6132    0.0004372890    0.0000000495    0.0002715504
   6133    0.0004372177    0.0000000495    0.0002715061
   6134    0.0004371464    0.0000000494    0.0002714619
   6135    0.0004370752    0.0000000494    0.0002714177
   6136    0.0004370040    0.0000000494    0.0002713735
   6137    0.0004369328    0.0000000494    0.0002713293
   6138    0.0004368617    0.0000000494    0.0002712851
   6139    0.0004367905    0.0000000494    0.0002712409
   6140    0.0004367194    0.0000000493    0.0002711968
   6141    0.0004366483    0.0000000493    0.0002711527
   6142    0.0004365773    0.0000000493    0.0002711085
   6143    0.0004365062    0.0000000493    0.0002710644
   6144    0.0004364352    0.0000000493    0.0002710203
   6145    0.0004363642    0.0000000493    0.0002709763
   6146    0.0004362932    0.0000000493    0.0002709322
   6147    0.0004362223    0.0000000492    0.0002708881
   6148    0.0004361514    0.0000000492    0.0002708441
   6149    0.0004360805    0.0000000492    0.0002708001
   6150    0.0004360096    0.0000000492    0.0002707561
   6151    0.0004359387    0.0000000492    0.0002707121
   6152    0.0004358679    0.0000000492    0.0002706681
   6153    0.0004357971    0.0000000491    0.0002706241
   6154    0.0004357263    0.0000000491    0.0002705802
   6155    0.0004356555    0.0000000491    0.0002705363
   6156    0.0004355848    0.0000000491    0.0002704923
   6157    0.0004355141    0.0000000491    0.0002704484
   6158    0.0004354434    0.0000000491    0.0002704045
   6159    0.0004353727    0.0000000490    0.0002703607
   6160    0.0004353020    0.0000000490    0.0002703168
   6161    0.0004352314    0.0000000490    0.0002702730
   6162    0.0004351608    0.0000000490    0.0002702291
   6163    0.0004350902    0.0000000490    0.0002701853
   6164    0.0004350197    0.0000000490    0.0002701415
   6165    0.0004349491    0.0000000489    0.0002700977
   6166    0.0004348786    0.0000000489    0.0002700539
   6167    0.0004348081    0.0000000489    0.0002700102
   6168    0.0004347377    0.0000000489    0.0002699664
   6169    0.0004346672    0.0000000489    0.0002699227
   6170    0.0004345968    0.0000000489    0.0002698790
   6171    0.0004345264    0.0000000489    0.0002698352
   6172    0.0004344560    0.0000000488    0.0002697915
   6173    0.0004343857    0.0000000488    0.0002697479
   6174    0.0004343153    0.0000000488    0.0002697042
   6175    0.0004342450    0.0000000488    0.0002696606
   6176    0.0004341748    0.0000000488    0.0002696169
   6177    0.0004341045    0.0000000488    0.0002695733
   6178    0.0004340343    0.0000000487    0.0002695297
   6179    0.0004339640    0.0000000487    0.0002694861
   6180    0.0004338938    0.0000000487    0.0002694425
   6181    0.0004338237    0.0000000487    0.0002693989
   6182    0.0004337535    0.0000000487    0.0002693554
   6183    0.0004336834    0.0000000487    0.0002693119
   6184    0.0004336133    0.0000000486    0.0002692683
   6185    0.0004335432    0.0000000486    0.0002692248
   6186    0.0004334732    0.0000000486    0.0002691813
   6187    0.0004334031    0.0000000486    0.0002691378
   6188    0.0004333331    0.0000000486    0.0002690944
   6189    0.0004332631    0.0000000486    0.0002690509
   6190    0.0004331931    0.0000000486    0.0002690075
   6191    0.0004331232    0.0000000485    0.0002689641
   6192    0.0004330533    0.0000000485    0.0002689207
   6193    0.0004329834    0.0000000485    0.0002688773
   6194    0.0004329135    0.0000000485    0.0002688339
   6195    0.0004328437    0.0000000485    0.0002687905
   6196    0.0004327738    0.0000000485    0.0002687471
   6197    0.0004327040    0.0000000484    0.0002687038
   6198    0.0004326342    0.0000000484    0.0002686605
   6199    0.0004325645    0.0000000484    0.0002686172
   6200    0.0004324947    0.0000000484    0.0002685739
   6201    0.0004324250    0.0000000484    0.0002685306
   6202    0.0004323553    0.0000000484    0.0002684873
   6203    0.0004322856    0.0000000484    0.0002684440
   6204    0.0004322160    0.0000000483    0.0002684008
   6205    0.0004321463    0.0000000483    0.0002683576
   6206    0.0004320767    0.0000000483    0.0002683144
   6207    0.0004320072    0.0000000483    0.0002682712
   6208    0.0004319376    0.0000000483    0.0002682280
   6209    0.0004318681    0.0000000483    0.0002681848
   6210    0.0004317985    0.0000000482    0.0002681416
   6211    0.0004317290    0.0000000482    0.0002680985
   6212    0.0004316596    0.0000000482    0.0002680554
   6213    0.0004315901    0.0000000482    0.0002680122
   6214    0.0004315207    0.0000000482    0.0002679691
   6215    0.0004314513    0.0000000482    0.0002679260
   6216    0.0004313819    0.0000000481    0.0002678830
   6217    0.0004313125    0.0000000481    0.0002678399
   6218    0.0004312432    0.0000000481    0.0002677968
   6219    0.0004311739    0.0000000481    0.0002677538
   6220    0.0004311046    0.0000000481    0.0002677108
   6221    0.0004310353    0.0000000481    0.0002676678
   6222    0.0004309661    0.0000000481    0.0002676248
   6223    0.0004308968    0.0000000480    0.0002675818
   6224    0.0004308276    0.0000000480    0.0002675388
   6225    0.0004307585    0.0000000480    0.0002674959
   6226    0.0004306893    0.0000000480    0.0002674529
   6227    0.0004306202    0.0000000480    0.0002674100
   6228    0.0004305510    0.0000000480    0.0002673671
   6229    0.0004304819    0.0000000479    0.0002673242
   6230    0.0004304129    0.0000000479    0.0002672813
   6231    0.0004303438    0.0000000479    0.0002672385
   6232    0.0004302748    0.0000000479    0.0002671956
   6233    0.0004302058    0.0000000479    0.0002671528
   6234    0.0004301368    0.0000000479    0.0002671099
   6235    0.0004300678    0.0000000479    0.0002670671
   6236    0.0004299989    0.0000000478    0.0002670243
   6237    0.0004299300    0.0000000478    0.0002669815
   6238    0.0004298611    0.0000000478    0.0002669388
   6239    0.0004297922    0.0000000478    0.0002668960
   6240    0.0004297234    0.0000000478    0.0002668532
   6241    0.0004296545    0.0000000478    0.0002668105
   6242    0.0004295857    0.0000000477    0.0002667678
   6243    0.0004295170    0.0000000477    0.0002667251
   6244    0.0004294482    0.0000000477    0.0002666824
   6245    0.0004293794    0.0000000477    0.0002666397
   6246    0.0004293107    0.0000000477    0.0002665971
   6247    0.0004292420    0.0000000477    0.0002665544
   6248    0.0004291734    0.0000000477    0.0002665118
   6249    0.0004291047    0.0000000476    0.0002664691
   6250    0.0004290361    0.0000000476    0.0002664265
   6251    0.0004289675    0.0000000476    0.0002663839
   6252    0.0004288989    0.0000000476    0.0002663414
   6253    0.0004288303    0.0000000476    0.0002662988
   6254    0.0004287618    0.0000000476    0.0002662562
   6255    0.0004286933    0.0000000476    0.0002662137
   6256    0.0004286248    0.0000000475    0.0002661712
   6257    0.0004285563    0.0000000475    0.0002661286
   6258    0.0004284878    0.0000000475    0.0002660861
   6259    0.0004284194    0.0000000475    0.0002660437
   6260    0.0004283510    0.0000000475    0.0002660012
   6261    0.0004282826    0.0000000475    0.0002659587
   6262    0.0004282142    0.0000000474    0.0002659163
   6263    0.0004281459    0.0000000474    0.0002658738
   6264    0.0004280775    0.0000000474    0.0002658314
   6265    0.0004280092    0.0000000474    0.0002657890
   6266    0.0004279410    0.0000000474    0.0002657466
   6267    0.0004278727    0.0000000474    0.0002657042
   6268    0.0004278045    0.0000000474    0.0002656619
   6269    0.0004277363    0.0000000473    0.0002656195
   6270    0.0004276681    0.0000000473    0.0002655772
   6271    0.0004275999    0.0000000473    0.0002655349
   6272    0.0004275317    0.0000000473    0.0002654926
   6273    0.0004274636    0.0000000473    0.0002654503
   6274    0.0004273955    0.0000000473    0.0002654080
   6275    0.0004273274    0.0000000472    0.0002653657
   6276    0.0004272594    0.0000000472    0.0002653234
   6277    0.0004271913    0.0000000472    0.0002652812
   6278    0.0004271233    0.0000000472    0.0002652390
   6279    0.0004270553    0.0000000472    0.0002651967
   6280    0.0004269873    0.0000000472    0.0002651545
   6281    0.0004269194    0.0000000472    0.0002651123
   6282    0.0004268514    0.0000000471    0.0002650702
   6283    0.0004267835    0.0000000471    0.0002650280
   6284    0.0004267156    0.0000000471    0.0002649859
   6285    0.0004266478    0.0000000471    0.0002649437
   6286    0.0004265799    0.0000000471    0.0002649016
   6287    0.0004265121    0.0000000471    0.0002648595
   6288    0.0004264443    0.0000000471    0.0002648174
   6289    0.0004263765    0.0000000470    0.0002647753
   6290    0.0004263087    0.0000000470    0.0002647332
   6291    0.0004262410    0.0000000470    0.0002646912
   6292    0.0004261733    0.0000000470    0.0002646491
   6293    0.0004261056    0.0000000470    0.0002646071
   6294    0.0004260379    0.0000000470    0.0002645651
   6295    0.0004259703    0.0000000469    0.0002645231
   6296    0.0004259026    0.0000000469    0.0002644811
   6297    0.0004258350    0.0000000469    0.0002644391
   6298    0.0004257674    0.0000000469    0.0002643972
   6299    0.0004256999    0.0000000469    0.0002643552
   6300    0.0004256323    0.0000000469    0.0002643133
   6301    0.0004255648    0.0000000469    0.0002642713
   6302    0.0004254973    0.0000000468    0.0002642294
   6303    0.0004254298    0.0000000468    0.0002641875
   6304    0.0004253623    0.0000000468    0.0002641457
   6305    0.0004252949    0.0000000468    0.0002641038
   6306    0.0004252275    0.0000000468    0.0002640619
   6307    0.0004251601    0.0000000468    0.0002640201
   6308    0.0004250927    0.0000000468    0.0002639783
   6309    0.0004250254    0.0000000467    0.0002639364
   6310    0.0004249580    0.0000000467    0.0002638946
   6311    0.0004248907    0.0000000467    0.0002638528
   6312    0.0004248234    0.0000000467    0.0002638111
   6313    0.0004247562    0.0000000467    0.0002637693
   6314    0.0004246889    0.0000000467    0.0002637276
   6315    0.0004246217    0.0000000467    0.0002636858
   6316    0.0004245545    0.0000000466    0.0002636441
   6317    0.0004244873    0.0000000466    0.0002636024
   6318    0.0004244201    0.0000000466    0.0002635607
   6319    0.0004243530    0.0000000466    0.0002635190
   6320    0.0004242859    0.0000000466    0.0002634773
   6321    0.0004242188    0.0000000466    0.0002634357
   6322    0.0004241517    0.0000000465    0.0002633940
   6323    0.0004240846    0.0000000465    0.0002633524
   6324    0.0004240176    0.0000000465    0.0002633108
   6325    0.0004239506    0.0000000465    0.0002632692
   6326    0.0004238836    0.0000000465    0.0002632276
   6327    0.0004238166    0.0000000465    0.0002631860
   6328    0.0004237497    0.0000000465    0.0002631444
   6329    0.0004236828    0.0000000464    0.0002631029
   6330    0.0004236159    0.0000000464    0.0002630613
   6331    0.0004235490    0.0000000464    0.0002630198
   6332    0.0004234821    0.0000000464    0.0002629783
   6333    0.0004234153    0.0000000464    0.0002629368
   6334    0.0004233484    0.0000000464    0.0002628953
   6335    0.0004232816    0.0000000464    0.0002628538
   6336    0.0004232148    0.0000000463    0.0002628124
   6337    0.0004231481    0.0000000463    0.0002627709
   6338    0.0004230814    0.0000000463    0.0002627295
   6339    0.0004230146    0.0000000463    0.0002626881
   6340    0.0004229479    0.0000000463    0.0002626466
   6341    0.0004228813    0.0000000463    0.0002626053
   6342    0.0004228146    0.0000000463    0.0002625639
   6343    0.0004227480    0.0000000462    0.0002625225
   6344    0.0004226814    0.0000000462    0.0002624811
   6345    0.0004226148    0.0000000462    0.0002624398
   6346    0.0004225482    0.0000000462    0.0002623985
   6347    0.0004224816    0.0000000462    0.0002623571
   6348    0.0004224151    0.0000000462    0.0002623158
   6349    0.0004223486    0.0000000462    0.0002622746
   6350    0.0004222821    0.0000000461    0.0002622333
   6351    0.0004222157    0.0000000461    0.0002621920
   6352    0.0004221492    0.0000000461    0.0002621507
   6353    0.0004220828    0.0000000461    0.0002621095
   6354    0.0004220164    0.0000000461    0.0002620683
   6355    0.0004219500    0.0000000461    0.0002620271
   6356    0.0004218836    0.0000000461    0.0002619859
   6357    0.0004218173    0.0000000460    0.0002619447
   6358    0.0004217510    0.0000000460    0.0002619035
   6359    0.0004216847    0.0000000460    0.0002618623
   6360    0.0004216184    0.0000000460    0.0002618212
   6361    0.0004215522    0.0000000460    0.0002617801
   6362    0.0004214859    0.0000000460    0.0002617389
   6363    0.0004214197    0.0000000460    0.0002616978
   6364    0.0004213535    0.0000000459    0.0002616567
   6365    0.0004212873    0.0000000459    0.0002616156
   6366    0.0004212212    0.0000000459    0.0002615746
   6367    0.0004211550    0.0000000459    0.0002615335
   6368    0.0004210889    0.0000000459    0.0002614925
   6369    0.0004210228    0.0000000459    0.0002614514
   6370    0.0004209568    0.0000000458    0.0002614104
   6371    0.0004208907    0.0000000458    0.0002613694
   6372    0.0004208247    0.0000000458    0.0002613284
   6373    0.0004207587    0.0000000458    0.0002612874
   6374    0.0004206927    0.0000000458    0.0002612465
   6375    0.0004206267    0.0000000458    0.0002612055
   6376    0.0004205608    0.0000000458    0.0002611646
   6377    0.0004204949    0.0000000457    0.0002611236
   6378    0.0004204290    0.0000000457    0.0002610827
   6379    0.0004203631    0.0000000457    0.0002610418
   6380    0.0004202972    0.0000000457    0.0002610009
   6381    0.0004202314    0.0000000457    0.0002609600
   6382    0.0004201655    0.0000000457    0.0002609192
   6383    0.0004200997    0.0000000457    0.0002608783
   6384    0.0004200340    0.0000000456    0.0002608375
   6385    0.0004199682    0.0000000456    0.0002607966
   6386    0.0004199025    0.0000000456    0.0002607558
   6387    0.0004198367    0.0000000456    0.0002607150
   6388    0.0004197710    0.0000000456    0.0002606742
   6389    0.0004197054    0.0000000456    0.0002606335
   6390    0.0004196397    0.0000000456    0.0002605927
   6391    0.0004195741    0.0000000455    0.0002605519
   6392    0.0004195085    0.0000000455    0.0002605112
   6393    0.0004194429    0.0000000455    0.0002604705
   6394    0.0004193773    0.0000000455    0.0002604298
   6395    0.0004193117    0.0000000455    0.0002603891
   6396    0.0004192462    0.0000000455    0.0002603484
   6397    0.0004191807    0.0000000455    0.0002603077
   6398    0.0004191152    0.0000000454    0.0002602670
   6399    0.0004190497    0.0000000454    0.0002602264
   6400    0.0004189843    0.0000000454    0.0002601858
   6401    0.0004189188    0.0000000454    0.0002601451
   6402    0.0004188534    0.0000000454    0.0002601045
   6403    0.0004187880    0.0000000454    0.0002600639
   6404    0.0004187227    0.0000000454    0.0002600233
   6405    0.0004186573    0.0000000454    0.0002599828
   6406    0.0004185920    0.0000000453    0.0002599422
   6407    0.0004185267    0.0000000453    0.0002599016
   6408    0.0004184614    0.0000000453    0.0002598611
   6409    0.0004183961    0.0000000453    0.0002598206
   6410    0.0004183309    0.0000000453    0.0002597801
   6411    0.0004182656    0.0000000453    0.0002597396
   6412    0.0004182004    0.0000000453    0.0002596991
   6413    0.0004181352    0.0000000452    0.0002596586
   6414    0.0004180701    0.0000000452    0.0002596182
   6415    0.0004180049    0.0000000452    0.0002595777
   6416    0.0004179398    0.0000000452    0.0002595373
   6417    0.0004178747    0.0000000452    0.0002594969
   6418    0.0004178096    0.0000000452    0.0002594564
   6419    0.0004177446    0.0000000452    0.0002594161
   6420    0.0004176795    0.0000000451    0.0002593757
   6421    0.0004176145    0.0000000451    0.0002593353
   6422    0.0004175495    0.0000000451    0.0002592949
   6423    0.0004174845    0.0000000451    0.0002592546
   6424    0.0004174195    0.0000000451    0.0002592143
   6425    0.0004173546    0.0000000451    0.0002591739
   6426    0.0004172897    0.0000000451    0.0002591336
   6427    0.0004172248    0.0000000450    0.0002590933
   6428    0.0004171599    0.0000000450    0.0002590530
   6429    0.0004170950    0.0000000450    0.0002590128
   6430    0.0004170302    0.0000000450    0.0002589725
   6431    0.0004169653    0.0000000450    0.0002589323
   6432    0.0004169005    0.0000000450    0.0002588920
   6433    0.0004168358    0.0000000450    0.0002588518
   6434    0.0004167710    0.0000000449    0.0002588116
   6435    0.0004167063    0.0000000449    0.0002587714
   6436    0.0004166415    0.0000000449    0.0002587312
   6437    0.0004165768    0.0000000449    0.0002586911
   6438    0.0004165121    0.0000000449    0.0002586509
   6439    0.0004164475    0.0000000449    0.0002586107
   6440    0.0004163828    0.0000000449    0.0002585706
   6441    0.0004163182    0.0000000448    0.0002585305
   6442    0.0004162536    0.0000000448    0.0002584904
   6443    0.0004161890    0.0000000448    0.0002584503
   6444    0.0004161245    0.0000000448    0.0002584102
   6445    0.0004160599    0.0000000448    0.0002583701
   6446    0.0004159954    0.0000000448    0.0002583301
   6447    0.0004159309    0.0000000448    0.0002582900
   6448    0.0004158664    0.0000000447    0.0002582500
   6449    0.0004158020    0.0000000447    0.0002582100
   6450    0.0004157375    0.0000000447    0.0002581700
   6451    0.0004156731    0.0000000447    0.0002581300
   6452    0.0004156087    0.0000000447    0.0002580900
   6453    0.0004155443    0.0000000447    0.0002580500
   6454    0.0004154800    0.0000000447    0.0002580100
   6455    0.0004154156    0.0000000447    0.0002579701
   6456    0.0004153513    0.0000000446    0.0002579302
   6457    0.0004152870    0.0000000446    0.0002578902
   6458    0.0004152227    0.0000000446    0.0002578503
   6459    0.0004151584    0.0000000446    0.0002578104
   6460    0.0004150942    0.0000000446    0.0002577705
   6461    0.0004150300    0.0000000446    0.0002577307
   6462    0.0004149658    0.0000000446    0.0002576908
   6463    0.0004149016    0.0000000445    0.0002576510
   6464    0.0004148374    0.0000000445    0.0002576111
   6465    0.0004147733    0.0000000445    0.0002575713
   6466    0.0004147092    0.0000000445    0.0002575315
   6467    0.0004146451    0.0000000445    0.0002574917
   6468    0.0004145810    0.0000000445    0.0002574519
   6469    0.0004145169    0.0000000445    0.0002574121
   6470    0.0004144529    0.0000000444    0.0002573724
   6471    0.0004143888    0.0000000444    0.0002573326
   6472    0.0004143248    0.0000000444    0.0002572929
   6473    0.0004142609    0.0000000444    0.0002572531
   6474    0.0004141969    0.0000000444    0.0002572134
   6475    0.0004141330    0.0000000444    0.0002571737
   6476    0.0004140690    0.0000000444    0.0002571340
   6477    0.0004140051    0.0000000443    0.0002570944
   6478    0.0004139412    0.0000000443    0.0002570547
   6479    0.0004138774    0.0000000443    0.0002570150
   6480    0.0004138135    0.0000000443    0.0002569754
   6481    0.0004137497    0.0000000443    0.0002569358
   6482    0.0004136859    0.0000000443    0.0002568962
   6483    0.0004136221    0.0000000443    0.0002568566
   6484    0.0004135583    0.0000000443    0.0002568170
   6485    0.0004134946    0.0000000442    0.0002567774
   6486    0.0004134309    0.0000000442    0.0002567378
   6487    0.0004133671    0.0000000442    0.0002566983
   6488    0.0004133035    0.0000000442    0.0002566587
   6489    0.0004132398    0.0000000442    0.0002566192
   6490    0.0004131761    0.0000000442    0.0002565797
   6491    0.0004131125    0.0000000442    0.0002565402
   6492    0.0004130489    0.0000000441    0.0002565007
   6493    0.0004129853    0.0000000441    0.0002564612
   6494    0.0004129217    0.0000000441    0.0002564217
   6495    0.0004128582    0.0000000441    0.0002563823
   6496    0.0004127946    0.0000000441    0.0002563428
   6497    0.0004127311    0.0000000441    0.0002563034
   6498    0.0004126676    0.0000000441    0.0002562640
   6499    0.0004126042    0.0000000440    0.0002562246
   6500    0.0004125407    0.0000000440    0.0002561852
   6501    0.0004124773    0.0000000440    0.0002561458
   6502    0.0004124139    0.0000000440    0.0002561064
   6503    0.0004123505    0.0000000440    0.0002560670
   6504    0.0004122871    0.0000000440    0.0002560277
   6505    0.0004122237    0.0000000440    0.0002559884
   6506    0.0004121604    0.0000000440    0.0002559490
   6507    0.0004120971    0.0000000439    0.0002559097
   6508    0.0004120338    0.0000000439    0.0002558704
   6509    0.0004119705    0.0000000439    0.0002558311
   6510    0.0004119072    0.0000000439    0.0002557919
   6511    0.0004118440    0.0000000439    0.0002557526
   6512    0.0004117808    0.0000000439    0.0002557133
   6513    0.0004117176    0.0000000439    0.0002556741
   6514    0.0004116544    0.0000000438    0.0002556349
   6515    0.0004115912    0.0000000438    0.0002555957
   6516    0.0004115281    0.0000000438    0.0002555565
   6517    0.0004114650    0.0000000438    0.0002555173
   6518    0.0004114019    0.0000000438    0.0002554781
   6519    0.0004113388    0.0000000438    0.0002554389
   6520    0.0004112757    0.0000000438    0.0002553998
   6521    0.0004112127    0.0000000438    0.0002553606
   6522    0.0004111496    0.0000000437    0.0002553215
   6523    0.0004110866    0.0000000437    0.0002552824
   6524    0.0004110236    0.0000000437    0.0002552433
   6525    0.0004109607    0.0000000437    0.0002552042
   6526    0.0004108977    0.0000000437    0.0002551651
   6527    0.0004108348    0.0000000437    0.0002551260
   6528    0.0004107719    0.0000000437    0.0002550869
   6529    0.0004107090    0.0000000436    0.0002550479
   6530    0.0004106461    0.0000000436    0.0002550089
   6531    0.0004105833    0.0000000436    0.0002549698
   6532    0.0004105204    0.0000000436    0.0002549308
   6533    0.0004104576    0.0000000436    0.0002548918
   6534    0.0004103948    0.0000000436    0.0002548528
   6535    0.0004103320    0.0000000436    0.0002548139
   6536    0.0004102693    0.0000000436    0.0002547749
   6537    0.0004102065    0.0000000435    0.0002547359
   6538    0.0004101438    0.0000000435    0.0002546970
   6539    0.0004100811    0.0000000435    0.0002546581
   6540    0.0004100184    0.0000000435    0.0002546192
   6541    0.0004099558    0.0000000435    0.0002545803
   6542    0.0004098931    0.0000000435    0.0002545414
   6543    0.0004098305    0.0000000435    0.0002545025
   6544    0.0004097679    0.0000000434    0.0002544636
   6545    0.0004097053    0.0000000434    0.0002544248
   6546    0.0004096428    0.0000000434    0.0002543859
   6547    0.0004095802    0.0000000434    0.0002543471
   6548    0.0004095177    0.0000000434    0.0002543083
   6549    0.0004094552    0.0000000434    0.0002542694
   6550    0.0004093927    0.0000000434    0.0002542306
   6551    0.0004093302    0.0000000434    0.0002541919
   6552    0.0004092678    0.0000000433    0.0002541531
   6553    0.0004092053    0.0000000433    0.0002541143
   6554    0.0004091429    0.0000000433    0.0002540756
   6555    0.0004090805    0.0000000433    0.0002540368
   6556    0.0004090182    0.0000000433    0.0002539981
   6557    0.0004089558    0.0000000433    0.0002539594
   6558    0.0004088935    0.0000000433    0.0002539207
   6559    0.0004088311    0.0000000432    0.0002538820
   6560    0.0004087688    0.0000000432    0.0002538433
   6561    0.0004087066    0.0000000432    0.0002538047
   6562    0.0004086443    0.0000000432    0.0002537660
   6563    0.0004085821    0.0000000432    0.0002537273
   6564    0.0004085198    0.0000000432    0.0002536887
   6565    0.0004084576    0.0000000432    0.0002536501
   6566    0.0004083954    0.0000000432    0.0002536115
   6567    0.0004083333    0.0000000431    0.0002535729
   6568    0.0004082711    0.0000000431    0.0002535343
   6569    0.0004082090    0.0000000431    0.0002534957
   6570    0.0004081469    0.0000000431    0.0002534572
   6571    0.0004080848    0.0000000431    0.0002534186
   6572    0.0004080227    0.0000000431    0.0002533801
   6573    0.0004079607    0.0000000431    0.0002533416
   6574    0.0004078986    0.0000000430    0.0002533030
   6575    0.0004078366    0.0000000430    0.0002532645
   6576    0.0004077746    0.0000000430    0.0002532260
   6577    0.0004077127    0.0000000430    0.0002531876
   6578    0.0004076507    0.0000000430    0.0002531491
   6579    0.0004075888    0.0000000430    0.0002531106
   6580    0.0004075268    0.0000000430    0.0002530722
   6581    0.0004074649    0.0000000430    0.0002530338
   6582    0.0004074030    0.0000000429    0.0002529953
   6583    0.0004073412    0.0000000429    0.0002529569
   6584    0.0004072793    0.0000000429    0.0002529185
   6585    0.0004072175    0.0000000429    0.0002528801
   6586    0.0004071557    0.0000000429    0.0002528418
   6587    0.0004070939    0.0000000429    0.0002528034
   6588    0.0004070321    0.0000000429    0.0002527650
   6589    0.0004069704    0.0000000429    0.0002527267
   6590    0.0004069087    0.0000000428    0.0002526884
   6591    0.0004068469    0.0000000428    0.0002526501
   6592    0.0004067852    0.0000000428    0.0002526118
   6593    0.0004067236    0.0000000428    0.0002525735
   6594    0.0004066619    0.0000000428    0.0002525352
   6595    0.0004066003    0.0000000428    0.0002524969
   6596    0.0004065386    0.0000000428    0.0002524587
   6597    0.0004064770    0.0000000428    0.0002524204
   6598    0.0004064155    0.0000000427    0.0002523822
   6599    0.0004063539    0.0000000427    0.0002523439
   6600    0.0004062923    0.0000000427    0.0002523057
   6601    0.0004062308    0.0000000427    0.0002522675
   6602    0.0004061693    0.0000000427    0.0002522293
   6603    0.0004061078    0.0000000427    0.0002521912
   6604    0.0004060463    0.0000000427    0.0002521530
   6605    0.0004059849    0.0000000426    0.0002521148
   6606    0.0004059235    0.0000000426    0.0002520767
   6607    0.0004058620    0.0000000426    0.0002520386
   6608    0.0004058006    0.0000000426    0.0002520004
   6609    0.0004057393    0.0000000426    0.0002519623
   6610    0.0004056779    0.0000000426    0.0002519242
   6611    0.0004056166    0.0000000426    0.0002518862
   6612    0.0004055552    0.0000000426    0.0002518481
   6613    0.0004054939    0.0000000425    0.0002518100
   6614    0.0004054326    0.0000000425    0.0002517720
   6615    0.0004053714    0.0000000425    0.0002517339
   6616    0.0004053101    0.0000000425    0.0002516959
   6617    0.0004052489    0.0000000425    0.0002516579
   6618    0.0004051877    0.0000000425    0.0002516199
   6619    0.0004051265    0.0000000425    0.0002515819
   6620    0.0004050653    0.0000000425    0.0002515439
   6621    0.0004050042    0.0000000424    0.0002515059
   6622    0.0004049430    0.0000000424    0.0002514680
   6623    0.0004048819    0.0000000424    0.0002514300
   6624    0.0004048208    0.0000000424    0.0002513921
   6625    0.0004047597    0.0000000424    0.0002513542
   6626    0.0004046987    0.0000000424    0.0002513162
   6627    0.0004046376    0.0000000424    0.0002512783
   6628    0.0004045766    0.0000000424    0.0002512405
   6629    0.0004045156    0.0000000423    0.0002512026
   6630    0.0004044546    0.0000000423    0.0002511647
   6631    0.0004043936    0.0000000423    0.0002511269
   6632    0.0004043326    0.0000000423    0.0002510890
   6633    0.0004042717    0.0000000423    0.0002510512
   6634    0.0004042108    0.0000000423    0.0002510134
   6635    0.0004041499    0.0000000423    0.0002509755
   6636    0.0004040890    0.0000000422    0.0002509377
   6637    0.0004040282    0.0000000422    0.0002509000
   6638    0.0004039673    0.0000000422    0.0002508622
   6639    0.0004039065    0.0000000422    0.0002508244
   6640    0.0004038457    0.0000000422    0.0002507867
   6641    0.0004037849    0.0000000422    0.0002507489
   6642    0.0004037241    0.0000000422    0.0002507112
   6643    0.0004036634    0.0000000422    0.0002506735
   6644    0.0004036026    0.0000000421    0.0002506358
   6645    0.0004035419    0.0000000421    0.0002505981
   6646    0.0004034812    0.0000000421    0.0002505604
   6647    0.0004034205    0.0000000421    0.0002505227
   6648    0.0004033599    0.0000000421    0.0002504850
   6649    0.0004032992    0.0000000421    0.0002504474
   6650    0.0004032386    0.0000000421    0.0002504097
   6651    0.0004031780    0.0000000421    0.0002503721
   6652    0.0004031174    0.0000000420    0.0002503345
   6653    0.0004030568    0.0000000420    0.0002502969
   6654    0.0004029963    0.0000000420    0.0002502593
   6655    0.0004029358    0.0000000420    0.0002502217
   6656    0.0004028752    0.0000000420    0.0002501841
   6657    0.0004028147    0.0000000420    0.0002501466
   6658    0.0004027543    0.0000000420    0.0002501090
   6659    0.0004026938    0.0000000420    0.0002500715
   6660    0.0004026334    0.0000000419    0.0002500340
   6661    0.0004025729    0.0000000419    0.0002499964
   6662    0.0004025125    0.0000000419    0.0002499589
   6663    0.0004024521    0.0000000419    0.0002499214
   6664    0.0004023918    0.0000000419    0.0002498840
   6665    0.0004023314    0.0000000419    0.0002498465
   6666    0.0004022711    0.0000000419    0.0002498090
   6667    0.0004022108    0.0000000419    0.0002497716
   6668    0.0004021505    0.0000000418    0.0002497341
   6669    0.0004020902    0.0000000418    0.0002496967
   6670    0.0004020299    0.0000000418    0.0002496593
   6671    0.0004019697    0.0000000418    0.0002496219
   6672    0.0004019095    0.0000000418    0.0002495845
   6673    0.0004018492    0.0000000418    0.0002495471
   6674    0.0004017891    0.0000000418    0.0002495098
   6675    0.0004017289    0.0000000418    0.0002494724
   6676    0.0004016687    0.0000000417    0.0002494351
   6677    0.0004016086    0.0000000417    0.0002493977
   6678    0.0004015485    0.0000000417    0.0002493604
   6679    0.0004014884    0.0000000417    0.0002493231
   6680    0.0004014283    0.0000000417    0.0002492858
   6681    0.0004013682    0.0000000417    0.0002492485
   6682    0.0004013082    0.0000000417    0.0002492112
   6683    0.0004012482    0.0000000417    0.0002491739
   6684    0.0004011882    0.0000000416    0.0002491367
   6685    0.0004011282    0.0000000416    0.0002490994
   6686    0.0004010682    0.0000000416    0.0002490622
   6687    0.0004010082    0.0000000416    0.0002490250
   6688    0.0004009483    0.0000000416    0.0002489877
   6689    0.0004008884    0.0000000416    0.0002489505
   6690    0.0004008285    0.0000000416    0.0002489134
   6691    0.0004007686    0.0000000416    0.0002488762
   6692    0.0004007087    0.0000000415    0.0002488390
   6693    0.0004006489    0.0000000415    0.0002488018
   6694    0.0004005890    0.0000000415    0.0002487647
   6695    0.0004005292    0.0000000415    0.0002487276
   6696    0.0004004694    0.0000000415    0.0002486904
   6697    0.0004004097    0.0000000415    0.0002486533
   6698    0.0004003499    0.0000000415    0.0002486162
   6699    0.0004002902    0.0000000415    0.0002485791
   6700    0.0004002304    0.0000000414    0.0002485420
   6701    0.0004001707    0.0000000414    0.0002485050
   6702    0.0004001110    0.0000000414    0.0002484679
   6703    0.0004000514    0.0000000414    0.0002484309
   6704    0.0003999917    0.0000000414    0.0002483938
   6705    0.0003999321    0.0000000414    0.0002483568
   6706    0.0003998725    0.0000000414    0.0002483198
   6707    0.0003998129    0.0000000414    0.0002482828
   6708    0.0003997533    0.0000000413    0.0002482458
   6709    0.0003996937    0.0000000413    0.0002482088
   6710    0.0003996342    0.0000000413    0.0002481718
   6711    0.0003995746    0.0000000413    0.0002481349
   6712    0.0003995151    0.0000000413    0.0002480979
   6713    0.0003994556    0.0000000413    0.0002480610
   6714    0.0003993962    0.0000000413    0.0002480241
   6715    0.0003993367    0.0000000413    0.0002479872
   6716    0.0003992773    0.0000000412    0.0002479502
   6717    0.0003992178    0.0000000412    0.0002479134
   6718    0.0003991584    0.0000000412    0.0002478765
   6719    0.0003990991    0.0000000412    0.0002478396
   6720    0.0003990397    0.0000000412    0.0002478027
   6721    0.0003989803    0.0000000412    0.0002477659
   6722    0.0003989210    0.0000000412    0.0002477291
   6723    0.0003988617    0.0000000412    0.0002476922
   6724    0.0003988024    0.0000000412    0.0002476554
   6725    0.0003987431    0.0000000411    0.0002476186
   6726    0.0003986838    0.0000000411    0.0002475818
   6727    0.0003986246    0.0000000411    0.0002475450
   6728    0.0003985654    0.0000000411    0.0002475082
   6729    0.0003985062    0.0000000411    0.0002474715
   6730    0.0003984470    0.0000000411    0.0002474347
   6731    0.0003983878    0.0000000411    0.0002473980
   6732    0.0003983286    0.0000000411    0.0002473613
   6733    0.0003982695    0.0000000410    0.0002473245
   6734    0.0003982104    0.0000000410    0.0002472878
   6735    0.0003981513    0.0000000410    0.0002472511
   6736    0.0003980922    0.0000000410    0.0002472145
   6737    0.0003980331    0.0000000410    0.0002471778
   6738    0.0003979741    0.0000000410    0.0002471411
   6739    0.0003979150    0.0000000410    0.0002471045
   6740    0.0003978560    0.0000000410    0.0002470678
   6741    0.0003977970    0.0000000409    0.0002470312
   6742    0.0003977380    0.0000000409    0.0002469946
   6743    0.0003976791    0.0000000409    0.0002469580
   6744    0.0003976201    0.0000000409    0.0002469214
   6745    0.0003975612    0.0000000409    0.0002468848
   6746    0.0003975023    0.0000000409    0.0002468482
   6747    0.0003974434    0.0000000409    0.0002468116
   6748    0.0003973845    0.0000000409    0.0002467751
   6749    0.0003973256    0.0000000408    0.0002467385
   6750    0.0003972668    0.0000000408    0.0002467020
   6751    0.0003972080    0.0000000408    0.0002466655
   6752    0.0003971492    0.0000000408    0.0002466290
   6753    0.0003970904    0.0000000408    0.0002465925
   6754    0.0003970316    0.0000000408    0.0002465560
   6755    0.0003969729    0.0000000408    0.0002465195
   6756    0.0003969141    0.0000000408    0.0002464830
   6757    0.0003968554    0.0000000408    0.0002464466
   6758    0.0003967967    0.0000000407    0.0002464101
   6759    0.0003967380    0.0000000407    0.0002463737
   6760    0.0003966793    0.0000000407    0.0002463372
   6761    0.0003966207    0.0000000407    0.0002463008
   6762    0.0003965620    0.0000000407    0.0002462644
   6763    0.0003965034    0.0000000407    0.0002462280
   6764    0.0003964448    0.0000000407    0.0002461917
   6765    0.0003963863    0.0000000407    0.0002461553
   6766    0.0003963277    0.0000000406    0.0002461189
   6767    0.0003962691    0.0000000406    0.0002460826
   6768    0.0003962106    0.0000000406    0.0002460462
   6769    0.0003961521    0.0000000406    0.0002460099
   6770    0.0003960936    0.0000000406    0.0002459736
   6771    0.0003960351    0.0000000406    0.0002459373
   6772    0.0003959767    0.0000000406    0.0002459010
   6773    0.0003959182    0.0000000406    0.0002458647
   6774    0.0003958598    0.0000000405    0.0002458284
   6775    0.0003958014    0.0000000405    0.0002457921
   6776    0.0003957430    0.0000000405    0.0002457559
   6777    0.0003956846    0.0000000405    0.0002457197
   6778    0.0003956263    0.0000000405    0.0002456834
   6779    0.0003955679    0.0000000405    0.0002456472
   6780    0.0003955096    0.0000000405    0.0002456110
   6781    0.0003954513    0.0000000405    0.0002455748
   6782    0.0003953930    0.0000000405    0.0002455386
   6783    0.0003953347    0.0000000404    0.0002455024
   6784    0.0003952765    0.0000000404    0.0002454662
   6785    0.0003952182    0.0000000404    0.0002454301
   6786    0.0003951600    0.0000000404    0.0002453939
   6787    0.0003951018    0.0000000404    0.0002453578
   6788    0.0003950436    0.0000000404    0.0002453217
   6789    0.0003949855    0.0000000404    0.0002452856
   6790    0.0003949273    0.0000000404    0.0002452495
   6791    0.0003948692    0.0000000403    0.0002452134
   6792    0.0003948111    0.0000000403    0.0002451773
   6793    0.0003947530    0.0000000403    0.0002451412
   6794    0.0003946949    0.0000000403    0.0002451051
   6795    0.0003946368    0.0000000403    0.0002450691
   6796    0.0003945788    0.0000000403    0.0002450330
   6797    0.0003945207    0.0000000403    0.0002449970
   6798    0.0003944627    0.0000000403    0.0002449610
   6799    0.0003944047    0.0000000402    0.0002449250
   6800    0.0003943467    0.0000000402    0.0002448890
   6801    0.0003942888    0.0000000402    0.0002448530
   6802    0.0003942308    0.0000000402    0.0002448170
   6803    0.0003941729    0.0000000402    0.0002447811
   6804    0.0003941150    0.0000000402    0.0002447451
   6805    0.0003940571    0.0000000402    0.0002447092
   6806    0.0003939992    0.0000000402    0.0002446732
   6807    0.0003939414    0.0000000402    0.0002446373
   6808    0.0003938835    0.0000000401    0.0002446014
   6809    0.0003938257    0.0000000401    0.0002445655
   6810    0.0003937679    0.0000000401    0.0002445296
   6811    0.0003937101    0.0000000401    0.0002444937
   6812    0.0003936523    0.0000000401    0.0002444578
   6813    0.0003935945    0.0000000401    0.0002444220
   6814    0.0003935368    0.0000000401    0.0002443861
   6815    0.0003934791    0.0000000401    0.0002443503
   6816    0.0003934214    0.0000000400    0.0002443144
   6817    0.0003933637    0.0000000400    0.0002442786
   6818    0.0003933060    0.0000000400    0.0002442428
   6819    0.0003932483    0.0000000400    0.0002442070
   6820    0.0003931907    0.0000000400    0.0002441712
   6821    0.0003931331    0.0000000400    0.0002441354
   6822    0.0003930755    0.0000000400    0.0002440997
   6823    0.0003930179    0.0000000400    0.0002440639
   6824    0.0003929603    0.0000000400    0.0002440282
   6825    0.0003929028    0.0000000399    0.0002439924
   6826    0.0003928452    0.0000000399    0.0002439567
   6827    0.0003927877    0.0000000399    0.0002439210
   6828    0.0003927302    0.0000000399    0.0002438853
   6829    0.0003926727    0.0000000399    0.0002438496
   6830    0.0003926152    0.0000000399    0.0002438139
   6831    0.0003925578    0.0000000399    0.0002437783
   6832    0.0003925003    0.0000000399    0.0002437426
   6833    0.0003924429    0.0000000398    0.0002437069
   6834    0.0003923855    0.0000000398    0.0002436713
   6835    0.0003923281    0.0000000398    0.0002436357
   6836    0.0003922707    0.0000000398    0.0002436000
   6837    0.0003922134    0.0000000398    0.0002435644
   6838    0.0003921560    0.0000000398    0.0002435288
   6839    0.0003920987    0.0000000398    0.0002434932
   6840    0.0003920414    0.0000000398    0.0002434577
   6841    0.0003919841    0.0000000398    0.0002434221
   6842    0.0003919269    0.0000000397    0.0002433865
   6843    0.0003918696    0.0000000397    0.0002433510
   6844    0.0003918124    0.0000000397    0.0002433154
   6845    0.0003917551    0.0000000397    0.0002432799
   6846    0.0003916979    0.0000000397    0.0002432444
   6847    0.0003916408    0.0000000397    0.0002432089
   6848    0.0003915836    0.0000000397    0.0002431734
   6849    0.0003915264    0.0000000397    0.0002431379
   6850    0.0003914693    0.0000000397    0.0002431024
   6851    0.0003914122    0.0000000396    0.0002430670
   6852    0.0003913551    0.0000000396    0.0002430315
   6853    0.0003912980    0.0000000396    0.0002429961
   6854    0.0003912409    0.0000000396    0.0002429606
   6855    0.0003911839    0.0000000396    0.0002429252
   6856    0.0003911268    0.0000000396    0.0002428898
   6857    0.0003910698    0.0000000396    0.0002428544
   6858    0.0003910128    0.0000000396    0.0002428190
   6859    0.0003909558    0.0000000395    0.0002427836
   6860    0.0003908988    0.0000000395    0.0002427483
   6861    0.0003908419    0.0000000395    0.0002427129
   6862    0.0003907849    0.0000000395    0.0002426775
   6863    0.0003907280    0.0000000395    0.0002426422
   6864    0.0003906711    0.0000000395    0.0002426069
   6865    0.0003906142    0.0000000395    0.0002425715
   6866    0.0003905574    0.0000000395    0.0002425362
   6867    0.0003905005    0.0000000395    0.0002425009
   6868    0.0003904437    0.0000000394    0.0002424656
   6869    0.0003903868    0.0000000394    0.0002424304
   6870    0.0003903300    0.0000000394    0.0002423951
   6871    0.0003902733    0.0000000394    0.0002423598
   6872    0.0003902165    0.0000000394    0.0002423246
   6873    0.0003901597    0.0000000394    0.0002422894
   6874    0.0003901030    0.0000000394    0.0002422541
   6875    0.0003900463    0.0000000394    0.0002422189
   6876    0.0003899896    0.0000000394    0.0002421837
   6877    0.0003899329    0.0000000393    0.0002421485
   6878    0.0003898762    0.0000000393    0.0002421133
   6879    0.0003898195    0.0000000393    0.0002420781
   6880    0.0003897629    0.0000000393    0.0002420430
   6881    0.0003897063    0.0000000393    0.0002420078
   6882    0.0003896497    0.0000000393    0.0002419727
   6883    0.0003895931    0.0000000393    0.0002419375
   6884    0.0003895365    0.0000000393    0.0002419024
   6885    0.0003894799    0.0000000393    0.0002418673
   6886    0.0003894234    0.0000000392    0.0002418322
   6887    0.0003893669    0.0000000392    0.0002417971
   6888    0.0003893104    0.0000000392    0.0002417620
   6889    0.0003892539    0.0000000392    0.0002417269
   6890    0.0003891974    0.0000000392    0.0002416919
   6891    0.0003891409    0.0000000392    0.0002416568
   6892    0.0003890845    0.0000000392    0.0002416218
   6893    0.0003890281    0.0000000392    0.0002415867
   6894    0.0003889717    0.0000000391    0.0002415517
   6895    0.0003889153    0.0000000391    0.0002415167
   6896    0.0003888589    0.0000000391    0.0002414817
   6897    0.0003888025    0.0000000391    0.0002414467
   6898    0.0003887462    0.0000000391    0.0002414117
   6899    0.0003886899    0.0000000391    0.0002413767
   6900    0.0003886335    0.0000000391    0.0002413418
   6901    0.0003885772    0.0000000391    0.0002413068
   6902    0.0003885210    0.0000000391    0.0002412719
   6903    0.0003884647    0.0000000390    0.0002412369
   6904    0.0003884085    0.0000000390    0.0002412020
   6905    0.0003883522    0.0000000390    0.0002411671
   6906    0.0003882960    0.0000000390    0.0002411322
   6907    0.0003882398    0.0000000390    0.0002410973
   6908    0.0003881836    0.0000000390    0.0002410624
   6909    0.0003881275    0.0000000390    0.0002410276
   6910    0.0003880713    0.0000000390    0.0002409927
   6911    0.0003880152    0.0000000390    0.0002409578
   6912    0.0003879591    0.0000000389    0.0002409230
   6913    0.0003879030    0.0000000389    0.0002408882
   6914    0.0003878469    0.0000000389    0.0002408533
   6915    0.0003877908    0.0000000389    0.0002408185
   6916    0.0003877348    0.0000000389    0.0002407837
   6917    0.0003876787    0.0000000389    0.0002407489
   6918    0.0003876227    0.0000000389    0.0002407142
   6919    0.0003875667    0.0000000389    0.0002406794
   6920    0.0003875107    0.0000000389    0.0002406446
   6921    0.0003874547    0.0000000388    0.0002406099
   6922    0.0003873988    0.0000000388    0.0002405751
   6923    0.0003873428    0.0000000388    0.0002405404
   6924    0.0003872869    0.0000000388    0.0002405057
   6925    0.0003872310    0.0000000388    0.0002404710
   6926    0.0003871751    0.0000000388    0.0002404363
   6927    0.0003871192    0.0000000388    0.0002404016
   6928    0.0003870634    0.0000000388    0.0002403669
   6929    0.0003870075    0.0000000388    0.0002403322
   6930    0.0003869517    0.0000000387    0.0002402976
   6931    0.0003868959    0.0000000387    0.0002402629
   6932    0.0003868401    0.0000000387    0.0002402283
   6933    0.0003867843    0.0000000387    0.0002401936
   6934    0.0003867286    0.0000000387    0.0002401590
   6935    0.0003866728    0.0000000387    0.0002401244
   6936    0.0003866171    0.0000000387    0.0002400898
   6937    0.0003865614    0.0000000387    0.0002400552
   6938    0.0003865057    0.0000000387    0.0002400206
   6939    0.0003864500    0.0000000386    0.0002399860
   6940    0.0003863943    0.0000000386    0.0002399515
   6941    0.0003863387    0.0000000386    0.0002399169
   6942    0.0003862831    0.0000000386    0.0002398824
   6943    0.0003862274    0.0000000386    0.0002398479
   6944    0.0003861718    0.0000000386    0.0002398133
   6945    0.0003861163    0.0000000386    0.0002397788
   6946    0.0003860607    0.0000000386    0.0002397443
   6947    0.0003860051    0.0000000386    0.0002397098
   6948    0.0003859496    0.0000000385    0.0002396753
   6949    0.0003858941    0.0000000385    0.0002396409
   6950    0.0003858386    0.0000000385    0.0002396064
   6951    0.0003857831    0.0000000385    0.0002395720
   6952    0.0003857276    0.0000000385    0.0002395375
   6953    0.0003856721    0.0000000385    0.0002395031
   6954    0.0003856167    0.0000000385    0.0002394687
   6955    0.0003855613    0.0000000385    0.0002394342
   6956    0.0003855059    0.0000000385    0.0002393998
   6957    0.0003854505    0.0000000384    0.0002393655
   6958    0.0003853951    0.0000000384    0.0002393311
   6959    0.0003853397    0.0000000384    0.0002392967
   6960    0.0003852844    0.0000000384    0.0002392623
   6961    0.0003852291    0.0000000384    0.0002392280
   6962    0.0003851737    0.0000000384    0.0002391936
   6963    0.0003851184    0.0000000384    0.0002391593
   6964    0.0003850632    0.0000000384    0.0002391250
   6965    0.0003850079    0.0000000384    0.0002390907
   6966    0.0003849526    0.0000000383    0.0002390564
   6967    0.0003848974    0.0000000383    0.0002390221
   6968    0.0003848422    0.0000000383    0.0002389878
   6969    0.0003847870    0.0000000383    0.0002389535
   6970    0.0003847318    0.0000000383    0.0002389192
   6971    0.0003846766    0.0000000383    0.0002388850
   6972    0.0003846215    0.0000000383    0.0002388507
   6973    0.0003845663    0.0000000383    0.0002388165
   6974    0.0003845112    0.0000000383    0.0002387823
   6975    0.0003844561    0.0000000382    0.0002387481
   6976    0.0003844010    0.0000000382    0.0002387139
   6977    0.0003843459    0.0000000382    0.0002386797
   6978    0.0003842909    0.0000000382    0.0002386455
   6979    0.0003842358    0.0000000382    0.0002386113
   6980    0.0003841808    0.0000000382    0.0002385771
   6981    0.0003841258    0.0000000382    0.0002385430
   6982    0.0003840708    0.0000000382    0.0002385088
   6983    0.0003840158    0.0000000382    0.0002384747
   6984    0.0003839608    0.0000000381    0.0002384406
   6985    0.0003839059    0.0000000381    0.0002384064
   6986    0.0003838510    0.0000000381    0.0002383723
   6987    0.0003837960    0.0000000381    0.0002383382
   6988    0.0003837411    0.0000000381    0.0002383041
   6989    0.0003836862    0.0000000381    0.0002382701
   6990    0.0003836314    0.0000000381    0.0002382360
   6991    0.0003835765    0.0000000381    0.0002382019
   6992    0.0003835217    0.0000000381    0.0002381679
   6993    0.0003834668    0.0000000380    0.0002381338
   6994    0.0003834120    0.0000000380    0.0002380998
   6995    0.0003833572    0.0000000380    0.0002380658
   6996    0.0003833025    0.0000000380    0.0002380318
   6997    0.0003832477    0.0000000380    0.0002379978
   6998    0.0003831930    0.0000000380    0.0002379638
   6999    0.0003831382    0.0000000380    0.0002379298
   7000    0.0003830835    0.0000000380    0.0002378958
   7001    0.0003830288    0.0000000380    0.0002378619
   7002    0.0003829741    0.0000000380    0.0002378279
   7003    0.0003829195    0.0000000379    0.0002377940
   7004    0.0003828648    0.0000000379    0.0002377601
   7005    0.0003828102    0.0000000379    0.0002377261
   7006    0.0003827555    0.0000000379    0.0002376922
   7007    0.0003827009    0.0000000379    0.0002376583
   7008    0.0003826464    0.0000000379    0.0002376244
   7009    0.0003825918    0.0000000379    0.0002375905
   7010    0.0003825372    0.0000000379    0.0002375567
   7011    0.0003824827    0.0000000379    0.0002375228
   7012    0.0003824281    0.0000000378    0.0002374889
   7013    0.0003823736    0.0000000378    0.0002374551
   7014    0.0003823191    0.0000000378    0.0002374212
   7015    0.0003822647    0.0000000378    0.0002373874
   7016    0.0003822102    0.0000000378    0.0002373536
   7017    0.0003821557    0.0000000378    0.0002373198
   7018    0.0003821013    0.0000000378    0.0002372860
   7019    0.0003820469    0.0000000378    0.0002372522
   7020    0.0003819925    0.0000000378    0.0002372184
   7021    0.0003819381    0.0000000377    0.0002371847
   7022    0.0003818837    0.0000000377    0.0002371509
   7023    0.0003818294    0.0000000377    0.0002371172
   7024    0.0003817750    0.0000000377    0.0002370834
   7025    0.0003817207    0.0000000377    0.0002370497
   7026    0.0003816664    0.0000000377    0.0002370160
   7027    0.0003816121    0.0000000377    0.0002369822
   7028    0.0003815578    0.0000000377    0.0002369485
   7029    0.0003815035    0.0000000377    0.0002369149
   7030    0.0003814493    0.0000000376    0.0002368812
   7031    0.0003813951    0.0000000376    0.0002368475
   7032    0.0003813408    0.0000000376    0.0002368138
   7033    0.0003812866    0.0000000376    0.0002367802
   7034    0.0003812324    0.0000000376    0.0002367465
   7035    0.0003811783    0.0000000376    0.0002367129
   7036    0.0003811241    0.0000000376    0.0002366793
   7037    0.0003810700    0.0000000376    0.0002366457
   7038    0.0003810158    0.0000000376    0.0002366120
   7039    0.0003809617    0.0000000376    0.0002365785
   7040    0.0003809076    0.0000000375    0.0002365449
   7041    0.0003808536    0.0000000375    0.0002365113
   7042    0.0003807995    0.0000000375    0.0002364777
   7043    0.0003807454    0.0000000375    0.0002364442
   7044    0.0003806914    0.0000000375    0.0002364106
   7045    0.0003806374    0.0000000375    0.0002363771
   7046    0.0003805834    0.0000000375    0.0002363435
   7047    0.0003805294    0.0000000375    0.0002363100
   7048    0.0003804754    0.0000000375    0.0002362765
   7049    0.0003804215    0.0000000374    0.0002362430
   7050    0.0003803675    0.0000000374    0.0002362095
   7051    0.0003803136    0.0000000374    0.0002361760
   7052    0.0003802597    0.0000000374    0.0002361426
   7053    0.0003802058    0.0000000374    0.0002361091
   7054    0.0003801519    0.0000000374    0.0002360756
   7055    0.0003800980    0.0000000374    0.0002360422
   7056    0.0003800442    0.0000000374    0.0002360088
   7057    0.0003799904    0.0000000374    0.0002359753
   7058    0.0003799365    0.0000000374    0.0002359419
   7059    0.0003798827    0.0000000373    0.0002359085
   7060    0.0003798289    0.0000000373    0.0002358751
   7061    0.0003797752    0.0000000373    0.0002358417
   7062    0.0003797214    0.0000000373    0.0002358084
   7063    0.0003796677    0.0000000373    0.0002357750
   7064    0.0003796139    0.0000000373    0.0002357416
   7065    0.0003795602    0.0000000373    0.0002357083
   7066    0.0003795065    0.0000000373    0.0002356749
   7067    0.0003794528    0.0000000373    0.0002356416
   7068    0.0003793992    0.0000000372    0.0002356083
   7069    0.0003793455    0.0000000372    0.0002355750
   7070    0.0003792919    0.0000000372    0.0002355417
   7071    0.0003792383    0.0000000372    0.0002355084
   7072    0.0003791847    0.0000000372    0.0002354751
   7073    0.0003791311    0.0000000372    0.0002354418
   7074    0.0003790775    0.0000000372    0.0002354085
   7075    0.0003790239    0.0000000372    0.0002353753
   7076    0.0003789704    0.0000000372    0.0002353420
   7077    0.0003789168    0.0000000372    0.0002353088
   7078    0.0003788633    0.0000000371    0.0002352756
   7079    0.0003788098    0.0000000371    0.0002352424
   7080    0.0003787563    0.0000000371    0.0002352091
   7081    0.0003787029    0.0000000371    0.0002351760
   7082    0.0003786494    0.0000000371    0.0002351428
   7083    0.0003785960    0.0000000371    0.0002351096
   7084    0.0003785425    0.0000000371    0.0002350764
   7085    0.0003784891    0.0000000371    0.0002350432
   7086    0.0003784357    0.0000000371    0.0002350101
   7087    0.0003783824    0.0000000370    0.0002349769
   7088    0.0003783290    0.0000000370    0.0002349438
   7089    0.0003782756    0.0000000370    0.0002349107
   7090    0.0003782223    0.0000000370    0.0002348776
   7091    0.0003781690    0.0000000370    0.0002348445
   7092    0.0003781157    0.0000000370    0.0002348114
   7093    0.0003780624    0.0000000370    0.0002347783
   7094    0.0003780091    0.0000000370    0.0002347452
   7095    0.0003779559    0.0000000370    0.0002347121
   7096    0.0003779026    0.0000000370    0.0002346791
   7097    0.0003778494    0.0000000369    0.0002346460
   7098    0.0003777962    0.0000000369    0.0002346130
   7099    0.0003777430    0.0000000369    0.0002345800
   7100    0.0003776898    0.0000000369    0.0002345469
   7101    0.0003776366    0.0000000369    0.0002345139
   7102    0.0003775834    0.0000000369    0.0002344809
   7103    0.0003775303    0.0000000369    0.0002344479
   7104    0.0003774772    0.0000000369    0.0002344149
   7105    0.0003774241    0.0000000369    0.0002343820
   7106    0.0003773710    0.0000000368    0.0002343490
   7107    0.0003773179    0.0000000368    0.0002343160
   7108    0.0003772648    0.0000000368    0.0002342831
   7109    0.0003772118    0.0000000368    0.0002342502
   7110    0.0003771587    0.0000000368    0.0002342172
   7111    0.0003771057    0.0000000368    0.0002341843
   7112    0.0003770527    0.0000000368    0.0002341514
   7113    0.0003769997    0.0000000368    0.0002341185
   7114    0.0003769467    0.0000000368    0.0002340856
   7115    0.0003768938    0.0000000368    0.0002340527
   7116    0.0003768408    0.0000000367    0.0002340198
   7117    0.0003767879    0.0000000367    0.0002339870
   7118    0.0003767350    0.0000000367    0.0002339541
   7119    0.0003766821    0.0000000367    0.0002339213
   7120    0.0003766292    0.0000000367    0.0002338884
   7121    0.0003765763    0.0000000367    0.0002338556
   7122    0.0003765235    0.0000000367    0.0002338228
   7123    0.0003764706    0.0000000367    0.0002337900
   7124    0.0003764178    0.0000000367    0.0002337572
   7125    0.0003763650    0.0000000367    0.0002337244
   7126    0.0003763122    0.0000000366    0.0002336916
   7127    0.0003762594    0.0000000366    0.0002336588
   7128    0.0003762066    0.0000000366    0.0002336261
   7129    0.0003761539    0.0000000366    0.0002335933
   7130    0.0003761011    0.0000000366    0.0002335606
   7131    0.0003760484    0.0000000366    0.0002335278
   7132    0.0003759957    0.0000000366    0.0002334951
   7133    0.0003759430    0.0000000366    0.0002334624
   7134    0.0003758903    0.0000000366    0.0002334297
   7135    0.0003758377    0.0000000365    0.0002333970
   7136    0.0003757850    0.0000000365    0.0002333643
   7137    0.0003757324    0.0000000365    0.0002333316
   7138    0.0003756798    0.0000000365    0.0002332989
   7139    0.0003756272    0.0000000365    0.0002332663
   7140    0.0003755746    0.0000000365    0.0002332336
   7141    0.0003755220    0.0000000365    0.0002332010
   7142    0.0003754694    0.0000000365    0.0002331683
   7143    0.0003754169    0.0000000365    0.0002331357
   7144    0.0003753644    0.0000000365    0.0002331031
   7145    0.0003753118    0.0000000364    0.0002330705
   7146    0.0003752593    0.0000000364    0.0002330379
   7147    0.0003752068    0.0000000364    0.0002330053
   7148    0.0003751544    0.0000000364    0.0002329727
   7149    0.0003751019    0.0000000364    0.0002329401
   7150    0.0003750495    0.0000000364    0.0002329076
   7151    0.0003749970    0.0000000364    0.0002328750
   7152    0.0003749446    0.0000000364    0.0002328425
   7153    0.0003748922    0.0000000364    0.0002328100
   7154    0.0003748398    0.0000000364    0.0002327774
   7155    0.0003747875    0.0000000363    0.0002327449
   7156    0.0003747351    0.0000000363    0.0002327124
   7157    0.0003746828    0.0000000363    0.0002326799
   7158    0.0003746304    0.0000000363    0.0002326474
   7159    0.0003745781    0.0000000363    0.0002326149
   7160    0.0003745258    0.0000000363    0.0002325825
   7161    0.0003744735    0.0000000363    0.0002325500
   7162    0.0003744213    0.0000000363    0.0002325175
   7163    0.0003743690    0.0000000363    0.0002324851
   7164    0.0003743168    0.0000000363    0.0002324527
   7165    0.0003742646    0.0000000362    0.0002324202
   7166    0.0003742123    0.0000000362    0.0002323878
   7167    0.0003741601    0.0000000362    0.0002323554
   7168    0.0003741080    0.0000000362    0.0002323230
   7169    0.0003740558    0.0000000362    0.0002322906
   7170    0.0003740036    0.0000000362    0.0002322582
   7171    0.0003739515    0.0000000362    0.0002322259
   7172    0.0003738994    0.0000000362    0.0002321935
   7173    0.0003738473    0.0000000362    0.0002321612
   7174    0.0003737952    0.0000000362    0.0002321288
   7175    0.0003737431    0.0000000361    0.0002320965
   7176    0.0003736910    0.0000000361    0.0002320642
   7177    0.0003736390    0.0000000361    0.0002320318
   7178    0.0003735870    0.0000000361    0.0002319995
   7179    0.0003735349    0.0000000361    0.0002319672
   7180    0.0003734829    0.0000000361    0.0002319349
   7181    0.0003734309    0.0000000361    0.0002319027
   7182    0.0003733790    0.0000000361    0.0002318704
   7183    0.0003733270    0.0000000361    0.0002318381
   7184    0.0003732750    0.0000000361    0.0002318059
   7185    0.0003732231    0.0000000360    0.0002317736
   7186    0.0003731712    0.0000000360    0.0002317414
   7187    0.0003731193    0.0000000360    0.0002317092
   7188    0.0003730674    0.0000000360    0.0002316769
   7189    0.0003730155    0.0000000360    0.0002316447
   7190    0.0003729636    0.0000000360    0.0002316125
   7191    0.0003729118    0.0000000360    0.0002315803
   7192    0.0003728600    0.0000000360    0.0002315481
   7193    0.0003728081    0.0000000360    0.0002315160
   7194    0.0003727563    0.0000000360    0.0002314838
   7195    0.0003727046    0.0000000359    0.0002314516
   7196    0.0003726528    0.0000000359    0.0002314195
   7197    0.0003726010    0.0000000359    0.0002313874
   7198    0.0003725493    0.0000000359    0.0002313552
   7199    0.0003724975    0.0000000359    0.0002313231
   7200    0.0003724458    0.0000000359    0.0002312910
   7201    0.0003723941    0.0000000359    0.0002312589
   7202    0.0003723424    0.0000000359    0.0002312268
   7203    0.0003722907    0.0000000359    0.0002311947
   7204    0.0003722391    0.0000000359    0.0002311626
   7205    0.0003721874    0.0000000358    0.0002311306
   7206    0.0003721358    0.0000000358    0.0002310985
   7207    0.0003720842    0.0000000358    0.0002310665
   7208    0.0003720326    0.0000000358    0.0002310344
   7209    0.0003719810    0.0000000358    0.0002310024
   7210    0.0003719294    0.0000000358    0.0002309704
   7211    0.0003718779    0.0000000358    0.0002309384
   7212    0.0003718263    0.0000000358    0.0002309064
   7213    0.0003717748    0.0000000358    0.0002308744
   7214    0.0003717233    0.0000000358    0.0002308424
   7215    0.0003716718    0.0000000357    0.0002308104
   7216    0.0003716203    0.0000000357    0.0002307784
   7217    0.0003715688    0.0000000357    0.0002307465
   7218    0.0003715173    0.0000000357    0.0002307145
   7219    0.0003714659    0.0000000357    0.0002306826
   7220    0.0003714144    0.0000000357    0.0002306506
   7221    0.0003713630    0.0000000357    0.0002306187
   7222    0.0003713116    0.0000000357    0.0002305868
   7223    0.0003712602    0.0000000357    0.0002305549
   7224    0.0003712089    0.0000000357    0.0002305230
   7225    0.0003711575    0.0000000356    0.0002304911
   7226    0.0003711061    0.0000000356    0.0002304592
   7227    0.0003710548    0.0000000356    0.0002304273
   7228    0.0003710035    0.0000000356    0.0002303955
   7229    0.0003709522    0.0000000356    0.0002303636
   7230    0.0003709009    0.0000000356    0.0002303318
   7231    0.0003708496    0.0000000356    0.0002302999
   7232    0.0003707984    0.0000000356    0.0002302681
   7233    0.0003707471    0.0000000356    0.0002302363
   7234    0.0003706959    0.0000000356    0.0002302045
   7235    0.0003706447    0.0000000355    0.0002301727
   7236    0.0003705935    0.0000000355    0.0002301409
   7237    0.0003705423    0.0000000355    0.0002301091
   7238    0.0003704911    0.0000000355    0.0002300773
   7239    0.0003704399    0.0000000355    0.0002300456
   7240    0.0003703888    0.0000000355    0.0002300138
   7241    0.0003703376    0.0000000355    0.0002299820
   7242    0.0003702865    0.0000000355    0.0002299503
   7243    0.0003702354    0.0000000355    0.0002299186
   7244    0.0003701843    0.0000000355    0.0002298869
   7245    0.0003701332    0.0000000354    0.0002298551
   7246    0.0003700822    0.0000000354    0.0002298234
   7247    0.0003700311    0.0000000354    0.0002297917
   7248    0.0003699801    0.0000000354    0.0002297600
   7249    0.0003699291    0.0000000354    0.0002297284
   7250    0.0003698781    0.0000000354    0.0002296967
   7251    0.0003698271    0.0000000354    0.0002296650
   7252    0.0003697761    0.0000000354    0.0002296334
   7253    0.0003697251    0.0000000354    0.0002296017
   7254    0.0003696742    0.0000000354    0.0002295701
   7255    0.0003696232    0.0000000354    0.0002295385
   7256    0.0003695723    0.0000000353    0.0002295069
   7257    0.0003695214    0.0000000353    0.0002294752
   7258    0.0003694705    0.0000000353    0.0002294437
   7259    0.0003694196    0.0000000353    0.0002294121
   7260    0.0003693688    0.0000000353    0.0002293805
   7261    0.0003693179    0.0000000353    0.0002293489
   7262    0.0003692671    0.0000000353    0.0002293173
   7263    0.0003692162    0.0000000353    0.0002292858
   7264    0.0003691654    0.0000000353    0.0002292542
   7265    0.0003691146    0.0000000353    0.0002292227
   7266    0.0003690638    0.0000000352    0.0002291912
   7267    0.0003690131    0.0000000352    0.0002291596
   7268    0.0003689623    0.0000000352    0.0002291281
   7269    0.0003689116    0.0000000352    0.0002290966
   7270    0.0003688608    0.0000000352    0.0002290651
   7271    0.0003688101    0.0000000352    0.0002290336
   7272    0.0003687594    0.0000000352    0.0002290022
   7273    0.0003687087    0.0000000352    0.0002289707
   7274    0.0003686581    0.0000000352    0.0002289392
   7275    0.0003686074    0.0000000352    0.0002289078
   7276    0.0003685568    0.0000000351    0.0002288763
   7277    0.0003685061    0.0000000351    0.0002288449
   7278    0.0003684555    0.0000000351    0.0002288135
   7279    0.0003684049    0.0000000351    0.0002287820
   7280    0.0003683543    0.0000000351    0.0002287506
   7281    0.0003683038    0.0000000351    0.0002287192
   7282    0.0003682532    0.0000000351    0.0002286878
   7283    0.0003682027    0.0000000351    0.0002286564
   7284    0.0003681521    0.0000000351    0.0002286251
   7285    0.0003681016    0.0000000351    0.0002285937
   7286    0.0003680511    0.0000000351    0.0002285623
   7287    0.0003680006    0.0000000350    0.0002285310
   7288    0.0003679501    0.0000000350    0.0002284997
   7289    0.0003678997    0.0000000350    0.0002284683
   7290    0.0003678492    0.0000000350    0.0002284370
   7291    0.0003677988    0.0000000350    0.0002284057
   7292    0.0003677484    0.0000000350    0.0002283744
   7293    0.0003676979    0.0000000350    0.0002283431
   7294    0.0003676476    0.0000000350    0.0002283118
   7295    0.0003675972    0.0000000350    0.0002282805
   7296    0.0003675468    0.0000000350    0.0002282492
   7297    0.0003674965    0.0000000349    0.0002282180
   7298    0.0003674461    0.0000000349    0.0002281867
   7299    0.0003673958    0.0000000349    0.0002281555
   7300    0.0003673455    0.0000000349    0.0002281242
   7301    0.0003672952    0.0000000349    0.0002280930
   7302    0.0003672449    0.0000000349    0.0002280618
   7303    0.0003671946    0.0000000349    0.0002280306
   7304    0.0003671444    0.0000000349    0.0002279994
   7305    0.0003670941    0.0000000349    0.0002279682
   7306    0.0003670439    0.0000000349    0.0002279370
   7307    0.0003669937    0.0000000348    0.0002279058
   7308    0.0003669435    0.0000000348    0.0002278746
   7309    0.0003668933    0.0000000348    0.0002278435
   7310    0.0003668431    0.0000000348    0.0002278123
   7311    0.0003667930    0.0000000348    0.0002277812
   7312    0.0003667428    0.0000000348    0.0002277500
   7313    0.0003666927    0.0000000348    0.0002277189
   7314    0.0003666426    0.0000000348    0.0002276878
   7315    0.0003665924    0.0000000348    0.0002276567
   7316    0.0003665424    0.0000000348    0.0002276256
   7317    0.0003664923    0.0000000348    0.0002275945
   7318    0.0003664422    0.0000000347    0.0002275634
   7319    0.0003663922    0.0000000347    0.0002275323
   7320    0.0003663421    0.0000000347    0.0002275013
   7321    0.0003662921    0.0000000347    0.0002274702
   7322    0.0003662421    0.0000000347    0.0002274391
   7323    0.0003661921    0.0000000347    0.0002274081
   7324    0.0003661421    0.0000000347    0.0002273771
   7325    0.0003660921    0.0000000347    0.0002273460
   7326    0.0003660422    0.0000000347    0.0002273150
   7327    0.0003659922    0.0000000347    0.0002272840
   7328    0.0003659423    0.0000000347    0.0002272530
   7329    0.0003658924    0.0000000346    0.0002272220
   7330    0.0003658425    0.0000000346    0.0002271910
   7331    0.0003657926    0.0000000346    0.0002271601
   7332    0.0003657427    0.0000000346    0.0002271291
   7333    0.0003656929    0.0000000346    0.0002270981
   7334    0.0003656430    0.0000000346    0.0002270672
   7335    0.0003655932    0.0000000346    0.0002270362
   7336    0.0003655434    0.0000000346    0.0002270053
   7337    0.0003654936    0.0000000346    0.0002269744
   7338    0.0003654438    0.0000000346    0.0002269435
   7339    0.0003653940    0.0000000345    0.0002269126
   7340    0.0003653442    0.0000000345    0.0002268817
   7341    0.0003652945    0.0000000345    0.0002268508
   7342    0.0003652448    0.0000000345    0.0002268199
   7343    0.0003651950    0.0000000345    0.0002267890
   7344    0.0003651453    0.0000000345    0.0002267582
   7345    0.0003650956    0.0000000345    0.0002267273
   7346    0.0003650459    0.0000000345    0.0002266964
   7347    0.0003649963    0.0000000345    0.0002266656
   7348    0.0003649466    0.0000000345    0.0002266348
   7349    0.0003648970    0.0000000345    0.0002266040
   7350    0.0003648473    0.0000000344    0.0002265731
   7351    0.0003647977    0.0000000344    0.0002265423
   7352    0.0003647481    0.0000000344    0.0002265115
   7353    0.0003646985    0.0000000344    0.0002264807
   7354    0.0003646489    0.0000000344    0.0002264500
   7355    0.0003645994    0.0000000344    0.0002264192
   7356    0.0003645498    0.0000000344    0.0002263884
   7357    0.0003645003    0.0000000344    0.0002263577
   7358    0.0003644508    0.0000000344    0.0002263269
   7359    0.0003644013    0.0000000344    0.0002262962
   7360    0.0003643518    0.0000000343    0.0002262654
   7361    0.0003643023    0.0000000343    0.0002262347
   7362    0.0003642528    0.0000000343    0.0002262040
   7363    0.0003642034    0.0000000343    0.0002261733
   7364    0.0003641539    0.0000000343    0.0002261426
   7365    0.0003641045    0.0000000343    0.0002261119
   7366    0.0003640551    0.0000000343    0.0002260812
   7367    0.0003640057    0.0000000343    0.0002260506
   7368    0.0003639563    0.0000000343    0.0002260199
   7369    0.0003639069    0.0000000343    0.0002259892
   7370    0.0003638576    0.0000000343    0.0002259586
   7371    0.0003638082    0.0000000342    0.0002259280
   7372    0.0003637589    0.0000000342    0.0002258973
   7373    0.0003637096    0.0000000342    0.0002258667
   7374    0.0003636603    0.0000000342    0.0002258361
   7375    0.0003636110    0.0000000342    0.0002258055
   7376    0.0003635617    0.0000000342    0.0002257749
   7377    0.0003635124    0.0000000342    0.0002257443
   7378    0.0003634632    0.0000000342    0.0002257137
   7379    0.0003634139    0.0000000342    0.0002256831
   7380    0.0003633647    0.0000000342    0.0002256526
   7381    0.0003633155    0.0000000342    0.0002256220
   7382    0.0003632663    0.0000000341    0.0002255915
   7383    0.0003632171    0.0000000341    0.0002255609
   7384    0.0003631679    0.0000000341    0.0002255304
   7385    0.0003631188    0.0000000341    0.0002254999
   7386    0.0003630696    0.0000000341    0.0002254694
   7387    0.0003630205    0.0000000341    0.0002254388
   7388    0.0003629714    0.0000000341    0.0002254083
   7389    0.0003629222    0.0000000341    0.0002253779
   7390    0.0003628732    0.0000000341    0.0002253474
   7391    0.0003628241    0.0000000341    0.0002253169
   7392    0.0003627750    0.0000000341    0.0002252864
   7393    0.0003627259    0.0000000340    0.0002252560
   7394    0.0003626769    0.0000000340    0.0002252255
   7395    0.0003626279    0.0000000340    0.0002251951
   7396    0.0003625789    0.0000000340    0.0002251646
   7397    0.0003625299    0.0000000340    0.0002251342
   7398    0.0003624809    0.0000000340    0.0002251038
   7399    0.0003624319    0.0000000340    0.0002250734
   7400    0.0003623829    0.0000000340    0.0002250430
   7401    0.0003623340    0.0000000340    0.0002250126
   7402    0.0003622851    0.0000000340    0.0002249822
   7403    0.0003622361    0.0000000340    0.0002249518
   7404    0.0003621872    0.0000000339    0.0002249215
   7405    0.0003621383    0.0000000339    0.0002248911
   7406    0.0003620894    0.0000000339    0.0002248608
   7407    0.0003620406    0.0000000339    0.0002248304
   7408    0.0003619917    0.0000000339    0.0002248001
   7409    0.0003619429    0.0000000339    0.0002247698
   7410    0.0003618941    0.0000000339    0.0002247394
   7411    0.0003618452    0.0000000339    0.0002247091
   7412    0.0003617964    0.0000000339    0.0002246788
   7413    0.0003617476    0.0000000339    0.0002246485
   7414    0.0003616989    0.0000000339    0.0002246183
   7415    0.0003616501    0.0000000338    0.0002245880
   7416    0.0003616013    0.0000000338    0.0002245577
   7417    0.0003615526    0.0000000338    0.0002245275
   7418    0.0003615039    0.0000000338    0.0002244972
   7419    0.0003614552    0.0000000338    0.0002244670
   7420    0.0003614065    0.0000000338    0.0002244367
   7421    0.0003613578    0.0000000338    0.0002244065
   7422    0.0003613091    0.0000000338    0.0002243763
   7423    0.0003612605    0.0000000338    0.0002243461
   7424    0.0003612118    0.0000000338    0.0002243159
   7425    0.0003611632    0.0000000338    0.0002242857
   7426    0.0003611146    0.0000000337    0.0002242555
   7427    0.0003610660    0.0000000337    0.0002242253
   7428    0.0003610174    0.0000000337    0.0002241951
   7429    0.0003609688    0.0000000337    0.0002241650
   7430    0.0003609202    0.0000000337    0.0002241348
   7431    0.0003608717    0.0000000337    0.0002241046
   7432    0.0003608231    0.0000000337    0.0002240745
   7433    0.0003607746    0.0000000337    0.0002240444
   7434    0.0003607261    0.0000000337    0.0002240143
   7435    0.0003606776    0.0000000337    0.0002239841
   7436    0.0003606291    0.0000000337    0.0002239540
   7437    0.0003605806    0.0000000336    0.0002239239
   7438    0.0003605322    0.0000000336    0.0002238938
   7439    0.0003604837    0.0000000336    0.0002238638
   7440    0.0003604353    0.0000000336    0.0002238337
   7441    0.0003603868    0.0000000336    0.0002238036
   7442    0.0003603384    0.0000000336    0.0002237736
   7443    0.0003602900    0.0000000336    0.0002237435
   7444    0.0003602416    0.0000000336    0.0002237135
   7445    0.0003601933    0.0000000336    0.0002236834
   7446    0.0003601449    0.0000000336    0.0002236534
   7447    0.0003600966    0.0000000336    0.0002236234
   7448    0.0003600482    0.0000000335    0.0002235934
   7449    0.0003599999    0.0000000335    0.0002235634
   7450    0.0003599516    0.0000000335    0.0002235334
   7451    0.0003599033    0.0000000335    0.0002235034
   7452    0.0003598550    0.0000000335    0.0002234734
   7453    0.0003598068    0.0000000335    0.0002234435
   7454    0.0003597585    0.0000000335    0.0002234135
   7455    0.0003597103    0.0000000335    0.0002233835
   7456    0.0003596620    0.0000000335    0.0002233536
   7457    0.0003596138    0.0000000335    0.0002233237
   7458    0.0003595656    0.0000000335    0.0002232937
   7459    0.0003595174    0.0000000334    0.0002232638
   7460    0.0003594693    0.0000000334    0.0002232339
   7461    0.0003594211    0.0000000334    0.0002232040
   7462    0.0003593729    0.0000000334    0.0002231741
   7463    0.0003593248    0.0000000334    0.0002231442
   7464    0.0003592767    0.0000000334    0.0002231143
   7465    0.0003592286    0.0000000334    0.0002230844
   7466    0.0003591805    0.0000000334    0.0002230546
   7467    0.0003591324    0.0000000334    0.0002230247
   7468    0.0003590843    0.0000000334    0.0002229949
   7469    0.0003590362    0.0000000334    0.0002229650
   7470    0.0003589882    0.0000000333    0.0002229352
   7471    0.0003589402    0.0000000333    0.0002229054
   7472    0.0003588921    0.0000000333    0.0002228756
   7473    0.0003588441    0.0000000333    0.0002228457
   7474    0.0003587961    0.0000000333    0.0002228159
   7475    0.0003587481    0.0000000333    0.0002227862
   7476    0.0003587002    0.0000000333    0.0002227564
   7477    0.0003586522    0.0000000333    0.0002227266
   7478    0.0003586043    0.0000000333    0.0002226968
   7479    0.0003585563    0.0000000333    0.0002226671
   7480    0.0003585084    0.0000000333    0.0002226373
   7481    0.0003584605    0.0000000332    0.0002226076
   7482    0.0003584126    0.0000000332    0.0002225778
   7483    0.0003583647    0.0000000332    0.0002225481
   7484    0.0003583169    0.0000000332    0.0002225184
   7485    0.0003582690    0.0000000332    0.0002224887
   7486    0.0003582212    0.0000000332    0.0002224590
   7487    0.0003581733    0.0000000332    0.0002224293
   7488    0.0003581255    0.0000000332    0.0002223996
   7489    0.0003580777    0.0000000332    0.0002223699
   7490    0.0003580299    0.0000000332    0.0002223402
   7491    0.0003579821    0.0000000332    0.0002223105
   7492    0.0003579344    0.0000000332    0.0002222809
   7493    0.0003578866    0.0000000331    0.0002222512
   7494    0.0003578389    0.0000000331    0.0002222216
   7495    0.0003577911    0.0000000331    0.0002221920
   7496    0.0003577434    0.0000000331    0.0002221623
   7497    0.0003576957    0.0000000331    0.0002221327
   7498    0.0003576480    0.0000000331    0.0002221031
   7499    0.0003576004    0.0000000331    0.0002220735
   7500    0.0003575527    0.0000000331    0.0002220439
   7501    0.0003575050    0.0000000331    0.0002220143
   7502    0.0003574574    0.0000000331    0.0002219847
   7503    0.0003574098    0.0000000331    0.0002219552
   7504    0.0003573622    0.0000000330    0.0002219256
   7505    0.0003573146    0.0000000330    0.0002218960
   7506    0.0003572670    0.0000000330    0.0002218665
   7507    0.0003572194    0.0000000330    0.0002218370
   7508    0.0003571718    0.0000000330    0.0002218074
   7509    0.0003571243    0.0000000330    0.0002217779
   7510    0.0003570767    0.0000000330    0.0002217484
   7511    0.0003570292    0.0000000330    0.0002217189
   7512    0.0003569817    0.0000000330    0.0002216894
   7513    0.0003569342    0.0000000330    0.0002216599
   7514    0.0003568867    0.0000000330    0.0002216304
   7515    0.0003568392    0.0000000329    0.0002216009
   7516    0.0003567918    0.0000000329    0.0002215714
   7517    0.0003567443    0.0000000329    0.0002215420
   7518    0.0003566969    0.0000000329    0.0002215125
   7519    0.0003566495    0.0000000329    0.0002214831
   7520    0.0003566021    0.0000000329    0.0002214536
   7521    0.0003565547    0.0000000329    0.0002214242
   7522    0.0003565073    0.0000000329    0.0002213948
   7523    0.0003564599    0.0000000329    0.0002213654
   7524    0.0003564125    0.0000000329    0.0002213360
   7525    0.0003563652    0.0000000329    0.0002213066
   7526    0.0003563179    0.0000000329    0.0002212772
   7527    0.0003562705    0.0000000328    0.0002212478
   7528    0.0003562232    0.0000000328    0.0002212184
   7529    0.0003561759    0.0000000328    0.0002211891
   7530    0.0003561286    0.0000000328    0.0002211597
   7531    0.0003560814    0.0000000328    0.0002211303
   7532    0.0003560341    0.0000000328    0.0002211010
   7533    0.0003559869    0.0000000328    0.0002210717
   7534    0.0003559396    0.0000000328    0.0002210423
   7535    0.0003558924    0.0000000328    0.0002210130
   7536    0.0003558452    0.0000000328    0.0002209837
   7537    0.0003557980    0.0000000328    0.0002209544
   7538    0.0003557508    0.0000000327    0.0002209251
   7539    0.0003557036    0.0000000327    0.0002208958
   7540    0.0003556565    0.0000000327    0.0002208665
   7541    0.0003556093    0.0000000327    0.0002208372
   7542    0.0003555622    0.0000000327    0.0002208080
   7543    0.0003555151    0.0000000327    0.0002207787
   7544    0.0003554679    0.0000000327    0.0002207495
   7545    0.0003554208    0.0000000327    0.0002207202
   7546    0.0003553738    0.0000000327    0.0002206910
   7547    0.0003553267    0.0000000327    0.0002206618
   7548    0.0003552796    0.0000000327    0.0002206325
   7549    0.0003552326    0.0000000327    0.0002206033
   7550    0.0003551855    0.0000000326    0.0002205741
   7551    0.0003551385    0.0000000326    0.0002205449
   7552    0.0003550915    0.0000000326    0.0002205157
   7553    0.0003550445    0.0000000326    0.0002204866
   7554    0.0003549975    0.0000000326    0.0002204574
   7555    0.0003549505    0.0000000326    0.0002204282
   7556    0.0003549036    0.0000000326    0.0002203991
   7557    0.0003548566    0.0000000326    0.0002203699
   7558    0.0003548097    0.0000000326    0.0002203408
   7559    0.0003547628    0.0000000326    0.0002203116
   7560    0.0003547159    0.0000000326    0.0002202825
   7561    0.0003546690    0.0000000325    0.0002202534
   7562    0.0003546221    0.0000000325    0.0002202243
   7563    0.0003545752    0.0000000325    0.0002201952
   7564    0.0003545283    0.0000000325    0.0002201661
   7565    0.0003544815    0.0000000325    0.0002201370
   7566    0.0003544347    0.0000000325    0.0002201079
   7567    0.0003543878    0.0000000325    0.0002200788
   7568    0.0003543410    0.0000000325    0.0002200498
   7569    0.0003542942    0.0000000325    0.0002200207
   7570    0.0003542474    0.0000000325    0.0002199917
   7571    0.0003542007    0.0000000325    0.0002199626
   7572    0.0003541539    0.0000000325    0.0002199336
   7573    0.0003541071    0.0000000324    0.0002199045
   7574    0.0003540604    0.0000000324    0.0002198755
   7575    0.0003540137    0.0000000324    0.0002198465
   7576    0.0003539670    0.0000000324    0.0002198175
   7577    0.0003539203    0.0000000324    0.0002197885
   7578    0.0003538736    0.0000000324    0.0002197595
   7579    0.0003538269    0.0000000324    0.0002197305
   7580    0.0003537802    0.0000000324    0.0002197016
   7581    0.0003537336    0.0000000324    0.0002196726
   7582    0.0003536869    0.0000000324    0.0002196436
   7583    0.0003536403    0.0000000324    0.0002196147
   7584    0.0003535937    0.0000000324    0.0002195857
   7585    0.0003535471    0.0000000323    0.0002195568
   7586    0.0003535005    0.0000000323    0.0002195279
   7587    0.0003534539    0.0000000323    0.0002194990
   7588    0.0003534074    0.0000000323    0.0002194700
   7589    0.0003533608    0.0000000323    0.0002194411
   7590    0.0003533143    0.0000000323    0.0002194122
   7591    0.0003532677    0.0000000323    0.0002193834
   7592    0.0003532212    0.0000000323    0.0002193545
   7593    0.0003531747    0.0000000323    0.0002193256
   7594    0.0003531282    0.0000000323    0.0002192967
   7595    0.0003530817    0.0000000323    0.0002192679
   7596    0.0003530353    0.0000000322    0.0002192390
   7597    0.0003529888    0.0000000322    0.0002192102
   7598    0.0003529424    0.0000000322    0.0002191813
   7599    0.0003528959    0.0000000322    0.0002191525
   7600    0.0003528495    0.0000000322    0.0002191237
   7601    0.0003528031    0.0000000322    0.0002190949
   7602    0.0003527567    0.0000000322    0.0002190661
   7603    0.0003527103    0.0000000322    0.0002190373
   7604    0.0003526640    0.0000000322    0.0002190085
   7605    0.0003526176    0.0000000322    0.0002189797
   7606    0.0003525713    0.0000000322    0.0002189509
   7607    0.0003525249    0.0000000322    0.0002189221
   7608    0.0003524786    0.0000000321    0.0002188934
   7609    0.0003524323    0.0000000321    0.0002188646
   7610    0.0003523860    0.0000000321    0.0002188359
   7611    0.0003523397    0.0000000321    0.0002188071
   7612    0.0003522934    0.0000000321    0.0002187784
   7613    0.0003522472    0.0000000321    0.0002187497
   7614    0.0003522009    0.0000000321    0.0002187210
   7615    0.0003521547    0.0000000321    0.0002186923
   7616    0.0003521085    0.0000000321    0.0002186636
   7617    0.0003520623    0.0000000321    0.0002186349
   7618    0.0003520161    0.0000000321    0.0002186062
   7619    0.0003519699    0.0000000321    0.0002185775
   7620    0.0003519237    0.0000000320    0.0002185488
   7621    0.0003518775    0.0000000320    0.0002185202
   7622    0.0003518314    0.0000000320    0.0002184915
   7623    0.0003517852    0.0000000320    0.0002184629
   7624    0.0003517391    0.0000000320    0.0002184342
   7625    0.0003516930    0.0000000320    0.0002184056
   7626    0.0003516469    0.0000000320    0.0002183770
   7627    0.0003516008    0.0000000320    0.0002183483
   7628    0.0003515547    0.0000000320    0.0002183197
   7629    0.0003515087    0.0000000320    0.0002182911
   7630    0.0003514626    0.0000000320    0.0002182625
   7631    0.0003514166    0.0000000320    0.0002182339
   7632    0.0003513705    0.0000000319    0.0002182054
   7633    0.0003513245    0.0000000319    0.0002181768
   7634    0.0003512785    0.0000000319    0.0002181482
   7635    0.0003512325    0.0000000319    0.0002181197
   7636    0.0003511865    0.0000000319    0.0002180911
   7637    0.0003511406    0.0000000319    0.0002180626
   7638    0.0003510946    0.0000000319    0.0002180340
   7639    0.0003510487    0.0000000319    0.0002180055
   7640    0.0003510027    0.0000000319    0.0002179770
   7641    0.0003509568    0.0000000319    0.0002179485
   7642    0.0003509109    0.0000000319    0.0002179200
   7643    0.0003508650    0.0000000319    0.0002178915
   7644    0.0003508191    0.0000000318    0.0002178630
   7645    0.0003507732    0.0000000318    0.0002178345
   7646    0.0003507274    0.0000000318    0.0002178060
   7647    0.0003506815    0.0000000318    0.0002177776
   7648    0.0003506357    0.0000000318    0.0002177491
   7649    0.0003505898    0.0000000318    0.0002177206
   7650    0.0003505440    0.0000000318    0.0002176922
   7651    0.0003504982    0.0000000318    0.0002176638
   7652    0.0003504524    0.0000000318    0.0002176353
   7653    0.0003504067    0.0000000318    0.0002176069
   7654    0.0003503609    0.0000000318    0.0002175785
   7655    0.0003503151    0.0000000318    0.0002175501
   7656    0.0003502694    0.0000000317    0.0002175217
   7657    0.0003502237    0.0000000317    0.0002174933
   7658    0.0003501779    0.0000000317    0.0002174649
   7659    0.0003501322    0.0000000317    0.0002174365
   7660    0.0003500865    0.0000000317    0.0002174081
   7661    0.0003500409    0.0000000317    0.0002173798
   7662    0.0003499952    0.0000000317    0.0002173514
   7663    0.0003499495    0.0000000317    0.0002173231
   7664    0.0003499039    0.0000000317    0.0002172947
   7665    0.0003498583    0.0000000317    0.0002172664
   7666    0.0003498126    0.0000000317    0.0002172381
   7667    0.0003497670    0.0000000317    0.0002172097
   7668    0.0003497214    0.0000000316    0.0002171814
   7669    0.0003496758    0.0000000316    0.0002171531
   7670    0.0003496303    0.0000000316    0.0002171248
   7671    0.0003495847    0.0000000316    0.0002170965
   7672    0.0003495391    0.0000000316    0.0002170682
   7673    0.0003494936    0.0000000316    0.0002170400
   7674    0.0003494481    0.0000000316    0.0002170117
   7675    0.0003494026    0.0000000316    0.0002169834
   7676    0.0003493570    0.0000000316    0.0002169552
   7677    0.0003493116    0.0000000316    0.0002169269
   7678    0.0003492661    0.0000000316    0.0002168987
   7679    0.0003492206    0.0000000316    0.0002168705
   7680    0.0003491751    0.0000000315    0.0002168422
   7681    0.0003491297    0.0000000315    0.0002168140
   7682    0.0003490843    0.0000000315    0.0002167858
   7683    0.0003490388    0.0000000315    0.0002167576
   7684    0.0003489934    0.0000000315    0.0002167294
   7685    0.0003489480    0.0000000315    0.0002167012
   7686    0.0003489026    0.0000000315    0.0002166730
   7687    0.0003488573    0.0000000315    0.0002166449
   7688    0.0003488119    0.0000000315    0.0002166167
   7689    0.0003487666    0.0000000315    0.0002165885
   7690    0.0003487212    0.0000000315    0.0002165604
   7691    0.0003486759    0.0000000315    0.0002165323
   7692    0.0003486306    0.0000000314    0.0002165041
   7693    0.0003485853    0.0000000314    0.0002164760
   7694    0.0003485400    0.0000000314    0.0002164479
   7695    0.0003484947    0.0000000314    0.0002164197
   7696    0.0003484494    0.0000000314    0.0002163916
   7697    0.0003484042    0.0000000314    0.0002163635
   7698    0.0003483589    0.0000000314    0.0002163354
   7699    0.0003483137    0.0000000314    0.0002163074
   7700    0.0003482685    0.0000000314    0.0002162793
   7701    0.0003482233    0.0000000314    0.0002162512
   7702    0.0003481781    0.0000000314    0.0002162231
   7703    0.0003481329    0.0000000314    0.0002161951
   7704    0.0003480877    0.0000000314    0.0002161670
   7705    0.0003480425    0.0000000313    0.0002161390
   7706    0.0003479974    0.0000000313    0.0002161110
   7707    0.0003479523    0.0000000313    0.0002160829
   7708    0.0003479071    0.0000000313    0.0002160549
   7709    0.0003478620    0.0000000313    0.0002160269
   7710    0.0003478169    0.0000000313    0.0002159989
   7711    0.0003477718    0.0000000313    0.0002159709
   7712    0.0003477267    0.0000000313    0.0002159429
   7713    0.0003476817    0.0000000313    0.0002159149
   7714    0.0003476366    0.0000000313    0.0002158869
   7715    0.0003475916    0.0000000313    0.0002158590
   7716    0.0003475465    0.0000000313    0.0002158310
   7717    0.0003475015    0.0000000312    0.0002158031
   7718    0.0003474565    0.0000000312    0.0002157751
   7719    0.0003474115    0.0000000312    0.0002157472
   7720    0.0003473665    0.0000000312    0.0002157192
   7721    0.0003473215    0.0000000312    0.0002156913
   7722    0.0003472766    0.0000000312    0.0002156634
   7723    0.0003472316    0.0000000312    0.0002156355
   7724    0.0003471867    0.0000000312    0.0002156076
   7725    0.0003471417    0.0000000312    0.0002155797
   7726    0.0003470968    0.0000000312    0.0002155518
   7727    0.0003470519    0.0000000312    0.0002155239
   7728    0.0003470070    0.0000000312    0.0002154960
   7729    0.0003469621    0.0000000311    0.0002154682
   7730    0.0003469173    0.0000000311    0.0002154403
   7731    0.0003468724    0.0000000311    0.0002154125
   7732    0.0003468276    0.0000000311    0.0002153846
   7733    0.0003467827    0.0000000311    0.0002153568
   7734    0.0003467379    0.0000000311    0.0002153289
   7735    0.0003466931    0.0000000311    0.0002153011
   7736    0.0003466483    0.0000000311    0.0002152733
   7737    0.0003466035    0.0000000311    0.0002152455
   7738    0.0003465587    0.0000000311    0.0002152177
   7739    0.0003465139    0.0000000311    0.0002151899
   7740    0.0003464692    0.0000000311    0.0002151621
   7741    0.0003464244    0.0000000311    0.0002151343
   7742    0.0003463797    0.0000000310    0.0002151065
   7743    0.0003463350    0.0000000310    0.0002150788
   7744    0.0003462903    0.0000000310    0.0002150510
   7745    0.0003462456    0.0000000310    0.0002150233
   7746    0.0003462009    0.0000000310    0.0002149955
   7747    0.0003461562    0.0000000310    0.0002149678
   7748    0.0003461116    0.0000000310    0.0002149400
   7749    0.0003460669    0.0000000310    0.0002149123
   7750    0.0003460223    0.0000000310    0.0002148846
   7751    0.0003459776    0.0000000310    0.0002148569
   7752    0.0003459330    0.0000000310    0.0002148292
   7753    0.0003458884    0.0000000310    0.0002148015
   7754    0.0003458438    0.0000000309    0.0002147738
   7755    0.0003457992    0.0000000309    0.0002147461
   7756    0.0003457547    0.0000000309    0.0002147184
   7757    0.0003457101    0.0000000309    0.0002146908
   7758    0.0003456656    0.0000000309    0.0002146631
   7759    0.0003456210    0.0000000309    0.0002146355
   7760    0.0003455765    0.0000000309    0.0002146078
   7761    0.0003455320    0.0000000309    0.0002145802
   7762    0.0003454875    0.0000000309    0.0002145525
   7763    0.0003454430    0.0000000309    0.0002145249
   7764    0.0003453985    0.0000000309    0.0002144973
   7765    0.0003453540    0.0000000309    0.0002144697
   7766    0.0003453096    0.0000000309    0.0002144421
   7767    0.0003452651    0.0000000308    0.0002144145
   7768    0.0003452207    0.0000000308    0.0002143869
   7769    0.0003451763    0.0000000308    0.0002143593
   7770    0.0003451319    0.0000000308    0.0002143317
   7771    0.0003450875    0.0000000308    0.0002143042
   7772    0.0003450431    0.0000000308    0.0002142766
   7773    0.0003449987    0.0000000308    0.0002142491
   7774    0.0003449544    0.0000000308    0.0002142215
   7775    0.0003449100    0.0000000308    0.0002141940
   7776    0.0003448657    0.0000000308    0.0002141664
   7777    0.0003448213    0.0000000308    0.0002141389
   7778    0.0003447770    0.0000000308    0.0002141114
   7779    0.0003447327    0.0000000308    0.0002140839
   7780    0.0003446884    0.0000000307    0.0002140564
   7781    0.0003446441    0.0000000307    0.0002140289
   7782    0.0003445998    0.0000000307    0.0002140014
   7783    0.0003445556    0.0000000307    0.0002139739
   7784    0.0003445113    0.0000000307    0.0002139464
   7785    0.0003444671    0.0000000307    0.0002139190
   7786    0.0003444229    0.0000000307    0.0002138915
   7787    0.0003443786    0.0000000307    0.0002138641
   7788    0.0003443344    0.0000000307    0.0002138366
   7789    0.0003442902    0.0000000307    0.0002138092
   7790    0.0003442461    0.0000000307    0.0002137817
   7791    0.0003442019    0.0000000307    0.0002137543
   7792    0.0003441577    0.0000000306    0.0002137269
   7793    0.0003441136    0.0000000306    0.0002136995
   7794    0.0003440694    0.0000000306    0.0002136721
   7795    0.0003440253    0.0000000306    0.0002136447
   7796    0.0003439812    0.0000000306    0.0002136173
   7797    0.0003439371    0.0000000306    0.0002135899
   7798    0.0003438930    0.0000000306    0.0002135625
   7799    0.0003438489    0.0000000306    0.0002135351
   7800    0.0003438049    0.0000000306    0.0002135078
   7801    0.0003437608    0.0000000306    0.0002134804
   7802    0.0003437167    0.0000000306    0.0002134531
   7803    0.0003436727    0.0000000306    0.0002134257
   7804    0.0003436287    0.0000000306    0.0002133984
   7805    0.0003435847    0.0000000305    0.0002133711
   7806    0.0003435407    0.0000000305    0.0002133437
   7807    0.0003434967    0.0000000305    0.0002133164
   7808    0.0003434527    0.0000000305    0.0002132891
   7809    0.0003434087    0.0000000305    0.0002132618
   7810    0.0003433648    0.0000000305    0.0002132345
   7811    0.0003433208    0.0000000305    0.0002132072
   7812    0.0003432769    0.0000000305    0.0002131800
   7813    0.0003432330    0.0000000305    0.0002131527
   7814    0.0003431891    0.0000000305    0.0002131254
   7815    0.0003431452    0.0000000305    0.0002130982
   7816    0.0003431013    0.0000000305    0.0002130709
   7817    0.0003430574    0.0000000305    0.0002130437
   7818    0.0003430135    0.0000000304    0.0002130164
   7819    0.0003429697    0.0000000304    0.0002129892
   7820    0.0003429258    0.0000000304    0.0002129620
   7821    0.0003428820    0.0000000304    0.0002129348
   7822    0.0003428382    0.0000000304    0.0002129076
   7823    0.0003427944    0.0000000304    0.0002128803
   7824    0.0003427506    0.0000000304    0.0002128532
   7825    0.0003427068    0.0000000304    0.0002128260
   7826    0.0003426630    0.0000000304    0.0002127988
   7827    0.0003426192    0.0000000304    0.0002127716
   7828    0.0003425755    0.0000000304    0.0002127444
   7829    0.0003425317    0.0000000304    0.0002127173
   7830    0.0003424880    0.0000000304    0.0002126901
   7831    0.0003424443    0.0000000303    0.0002126630
   7832    0.0003424006    0.0000000303    0.0002126358
   7833    0.0003423569    0.0000000303    0.0002126087
   7834    0.0003423132    0.0000000303    0.0002125816
   7835    0.0003422695    0.0000000303    0.0002125545
   7836    0.0003422258    0.0000000303    0.0002125273
   7837    0.0003421822    0.0000000303    0.0002125002
   7838    0.0003421385    0.0000000303    0.0002124731
   7839    0.0003420949    0.0000000303    0.0002124460
   7840    0.0003420513    0.0000000303    0.0002124190
   7841    0.0003420077    0.0000000303    0.0002123919
   7842    0.0003419641    0.0000000303    0.0002123648
   7843    0.0003419205    0.0000000303    0.0002123378
   7844    0.0003418769    0.0000000302    0.0002123107
   7845    0.0003418333    0.0000000302    0.0002122836
   7846    0.0003417898    0.0000000302    0.0002122566
   7847    0.0003417462    0.0000000302    0.0002122296
   7848    0.0003417027    0.0000000302    0.0002122025
   7849    0.0003416592    0.0000000302    0.0002121755
   7850    0.0003416157    0.0000000302    0.0002121485
   7851    0.0003415722    0.0000000302    0.0002121215
   7852    0.0003415287    0.0000000302    0.0002120945
   7853    0.0003414852    0.0000000302    0.0002120675
   7854    0.0003414417    0.0000000302    0.0002120405
   7855    0.0003413983    0.0000000302    0.0002120135
   7856    0.0003413548    0.0000000302    0.0002119865
   7857    0.0003413114    0.0000000301    0.0002119596
   7858    0.0003412680    0.0000000301    0.0002119326
   7859    0.0003412246    0.0000000301    0.0002119057
   7860    0.0003411812    0.0000000301    0.0002118787
   7861    0.0003411378    0.0000000301    0.0002118518
   7862    0.0003410944    0.0000000301    0.0002118248
   7863    0.0003410511    0.0000000301    0.0002117979
   7864    0.0003410077    0.0000000301    0.0002117710
   7865    0.0003409644    0.0000000301    0.0002117441
   7866    0.0003409210    0.0000000301    0.0002117172
   7867    0.0003408777    0.0000000301    0.0002116903
   7868    0.0003408344    0.0000000301    0.0002116634
   7869    0.0003407911    0.0000000301    0.0002116365
   7870    0.0003407478    0.0000000300    0.0002116096
   7871    0.0003407045    0.0000000300    0.0002115827
   7872    0.0003406612    0.0000000300    0.0002115559
   7873    0.0003406180    0.0000000300    0.0002115290
   7874    0.0003405747    0.0000000300    0.0002115022
   7875    0.0003405315    0.0000000300    0.0002114753
   7876    0.0003404883    0.0000000300    0.0002114485
   7877    0.0003404451    0.0000000300    0.0002114217
   7878    0.0003404019    0.0000000300    0.0002113948
   7879    0.0003403587    0.0000000300    0.0002113680
   7880    0.0003403155    0.0000000300    0.0002113412
   7881    0.0003402723    0.0000000300    0.0002113144
   7882    0.0003402292    0.0000000300    0.0002112876
   7883    0.0003401860    0.0000000299    0.0002112608
   7884    0.0003401429    0.0000000299    0.0002112340
   7885    0.0003400998    0.0000000299    0.0002112072
   7886    0.0003400567    0.0000000299    0.0002111805
   7887    0.0003400136    0.0000000299    0.0002111537
   7888    0.0003399705    0.0000000299    0.0002111270
   7889    0.0003399274    0.0000000299    0.0002111002
   7890    0.0003398843    0.0000000299    0.0002110735
   7891    0.0003398412    0.0000000299    0.0002110467
   7892    0.0003397982    0.0000000299    0.0002110200
   7893    0.0003397552    0.0000000299    0.0002109933
   7894    0.0003397121    0.0000000299    0.0002109666
   7895    0.0003396691    0.0000000299    0.0002109399
   7896    0.0003396261    0.0000000298    0.0002109131
   7897    0.0003395831    0.0000000298    0.0002108865
   7898    0.0003395401    0.0000000298    0.0002108598
   7899    0.0003394972    0.0000000298    0.0002108331
   7900    0.0003394542    0.0000000298    0.0002108064
   7901    0.0003394113    0.0000000298    0.0002107797
   7902    0.0003393683    0.0000000298    0.0002107531
   7903    0.0003393254    0.0000000298    0.0002107264
   7904    0.0003392825    0.0000000298    0.0002106998
   7905    0.0003392396    0.0000000298    0.0002106731
   7906    0.0003391967    0.0000000298    0.0002106465
   7907    0.0003391538    0.0000000298    0.0002106199
   7908    0.0003391109    0.0000000298    0.0002105932
   7909    0.0003390680    0.0000000297    0.0002105666
   7910    0.0003390252    0.0000000297    0.0002105400
   7911    0.0003389823    0.0000000297    0.0002105134
   7912    0.0003389395    0.0000000297    0.0002104868
   7913    0.0003388967    0.0000000297    0.0002104602
   7914    0.0003388539    0.0000000297    0.0002104337
   7915    0.0003388111    0.0000000297    0.0002104071
   7916    0.0003387683    0.0000000297    0.0002103805
   7917    0.0003387255    0.0000000297    0.0002103540
   7918    0.0003386828    0.0000000297    0.0002103274
   7919    0.0003386400    0.0000000297    0.0002103009
   7920    0.0003385973    0.0000000297    0.0002102743
   7921    0.0003385545    0.0000000297    0.0002102478
   7922    0.0003385118    0.0000000297    0.0002102213
   7923    0.0003384691    0.0000000296    0.0002101947
   7924    0.0003384264    0.0000000296    0.0002101682
   7925    0.0003383837    0.0000000296    0.0002101417
   7926    0.0003383410    0.0000000296    0.0002101152
   7927    0.0003382983    0.0000000296    0.0002100887
   7928    0.0003382557    0.0000000296    0.0002100622
   7929    0.0003382130    0.0000000296    0.0002100358
   7930    0.0003381704    0.0000000296    0.0002100093
   7931    0.0003381278    0.0000000296    0.0002099828
   7932    0.0003380852    0.0000000296    0.0002099563
   7933    0.0003380426    0.0000000296    0.0002099299
   7934    0.0003380000    0.0000000296    0.0002099034
   7935    0.0003379574    0.0000000296    0.0002098770
   7936    0.0003379148    0.0000000295    0.0002098506
   7937    0.0003378722    0.0000000295    0.0002098241
   7938    0.0003378297    0.0000000295    0.0002097977
   7939    0.0003377871    0.0000000295    0.0002097713
   7940    0.0003377446    0.0000000295    0.0002097449
   7941    0.0003377021    0.0000000295    0.0002097185
   7942    0.0003376596    0.0000000295    0.0002096921
   7943    0.0003376171    0.0000000295    0.0002096657
   7944    0.0003375746    0.0000000295    0.0002096393
   7945    0.0003375321    0.0000000295    0.0002096130
   7946    0.0003374897    0.0000000295    0.0002095866
   7947    0.0003374472    0.0000000295    0.0002095602
   7948    0.0003374048    0.0000000295    0.0002095339
   7949    0.0003373623    0.0000000294    0.0002095075
   7950    0.0003373199    0.0000000294    0.0002094812
   7951    0.0003372775    0.0000000294    0.0002094549
   7952    0.0003372351    0.0000000294    0.0002094285
   7953    0.0003371927    0.0000000294    0.0002094022
   7954    0.0003371503    0.0000000294    0.0002093759
   7955    0.0003371080    0.0000000294    0.0002093496
   7956    0.0003370656    0.0000000294    0.0002093233
   7957    0.0003370232    0.0000000294    0.0002092970
   7958    0.0003369809    0.0000000294    0.0002092707
   7959    0.0003369386    0.0000000294    0.0002092444
   7960    0.0003368963    0.0000000294    0.0002092181
   7961    0.0003368540    0.0000000294    0.0002091919
   7962    0.0003368117    0.0000000294    0.0002091656
   7963    0.0003367694    0.0000000293    0.0002091394
   7964    0.0003367271    0.0000000293    0.0002091131
   7965    0.0003366848    0.0000000293    0.0002090869
   7966    0.0003366426    0.0000000293    0.0002090606
   7967    0.0003366003    0.0000000293    0.0002090344
   7968    0.0003365581    0.0000000293    0.0002090082
   7969    0.0003365159    0.0000000293    0.0002089820
   7970    0.0003364737    0.0000000293    0.0002089558
   7971    0.0003364315    0.0000000293    0.0002089296
   7972    0.0003363893    0.0000000293    0.0002089034
   7973    0.0003363471    0.0000000293    0.0002088772
   7974    0.0003363050    0.0000000293    0.0002088510
   7975    0.0003362628    0.0000000293    0.0002088248
   7976    0.0003362206    0.0000000293    0.0002087986
   7977    0.0003361785    0.0000000292    0.0002087725
   7978    0.0003361364    0.0000000292    0.0002087463
   7979    0.0003360943    0.0000000292    0.0002087202
   7980    0.0003360522    0.0000000292    0.0002086940
   7981    0.0003360101    0.0000000292    0.0002086679
   7982    0.0003359680    0.0000000292    0.0002086418
   7983    0.0003359259    0.0000000292    0.0002086156
   7984    0.0003358839    0.0000000292    0.0002085895
   7985    0.0003358418    0.0000000292    0.0002085634
   7986    0.0003357998    0.0000000292    0.0002085373
   7987    0.0003357577    0.0000000292    0.0002085112
   7988    0.0003357157    0.0000000292    0.0002084851
   7989    0.0003356737    0.0000000292    0.0002084590
   7990    0.0003356317    0.0000000291    0.0002084330
   7991    0.0003355897    0.0000000291    0.0002084069
   7992    0.0003355477    0.0000000291    0.0002083808
   7993    0.0003355058    0.0000000291    0.0002083548
   7994    0.0003354638    0.0000000291    0.0002083287
   7995    0.0003354219    0.0000000291    0.0002083027
   7996    0.0003353799    0.0000000291    0.0002082766
   7997    0.0003353380    0.0000000291    0.0002082506
   7998    0.0003352961    0.0000000291    0.0002082246
   7999    0.0003352542    0.0000000291    0.0002081986
   8000    0.0003352123    0.0000000291    0.0002081725
   8001    0.0003351704    0.0000000291    0.0002081465
   8002    0.0003351285    0.0000000291    0.0002081205
   8003    0.0003350867    0.0000000291    0.0002080945
   8004    0.0003350448    0.0000000290    0.0002080686
   8005    0.0003350030    0.0000000290    0.0002080426
   8006    0.0003349611    0.0000000290    0.0002080166
   8007    0.0003349193    0.0000000290    0.0002079906
   8008    0.0003348775    0.0000000290    0.0002079647
   8009    0.0003348357    0.0000000290    0.0002079387
   8010    0.0003347939    0.0000000290    0.0002079128
   8011    0.0003347521    0.0000000290    0.0002078868
   8012    0.0003347104    0.0000000290    0.0002078609
   8013    0.0003346686    0.0000000290    0.0002078350
   8014    0.0003346269    0.0000000290    0.0002078090
   8015    0.0003345851    0.0000000290    0.0002077831
   8016    0.0003345434    0.0000000290    0.0002077572
   8017    0.0003345017    0.0000000290    0.0002077313
   8018    0.0003344600    0.0000000289    0.0002077054
   8019    0.0003344183    0.0000000289    0.0002076795
   8020    0.0003343766    0.0000000289    0.0002076536
   8021    0.0003343349    0.0000000289    0.0002076278
   8022    0.0003342933    0.0000000289    0.0002076019
   8023    0.0003342516    0.0000000289    0.0002075760
   8024    0.0003342100    0.0000000289    0.0002075502
   8025    0.0003341683    0.0000000289    0.0002075243
   8026    0.0003341267    0.0000000289    0.0002074985
   8027    0.0003340851    0.0000000289    0.0002074726
   8028    0.0003340435    0.0000000289    0.0002074468
   8029    0.0003340019    0.0000000289    0.0002074210
   8030    0.0003339603    0.0000000289    0.0002073952
   8031    0.0003339187    0.0000000289    0.0002073694
   8032    0.0003338772    0.0000000288    0.0002073435
   8033    0.0003338356    0.0000000288    0.0002073177
   8034    0.0003337941    0.0000000288    0.0002072920
   8035    0.0003337526    0.0000000288    0.0002072662
   8036    0.0003337110    0.0000000288    0.0002072404
   8037    0.0003336695    0.0000000288    0.0002072146
   8038    0.0003336280    0.0000000288    0.0002071888
   8039    0.0003335865    0.0000000288    0.0002071631
   8040    0.0003335451    0.0000000288    0.0002071373
   8041    0.0003335036    0.0000000288    0.0002071116
   8042    0.0003334621    0.0000000288    0.0002070858
   8043    0.0003334207    0.0000000288    0.0002070601
   8044    0.0003333792    0.0000000288    0.0002070344
   8045    0.0003333378    0.0000000288    0.0002070087
   8046    0.0003332964    0.0000000287    0.0002069829
   8047    0.0003332550    0.0000000287    0.0002069572
   8048    0.0003332136    0.0000000287    0.0002069315
   8049    0.0003331722    0.0000000287    0.0002069058
   8050    0.0003331308    0.0000000287    0.0002068801
   8051    0.0003330895    0.0000000287    0.0002068544
   8052    0.0003330481    0.0000000287    0.0002068288
   8053    0.0003330068    0.0000000287    0.0002068031
   8054    0.0003329654    0.0000000287    0.0002067774
   8055    0.0003329241    0.0000000287    0.0002067518
   8056    0.0003328828    0.0000000287    0.0002067261
   8057    0.0003328415    0.0000000287    0.0002067005
   8058    0.0003328002    0.0000000287    0.0002066748
   8059    0.0003327589    0.0000000287    0.0002066492
   8060    0.0003327176    0.0000000286    0.0002066236
   8061    0.0003326764    0.0000000286    0.0002065980
   8062    0.0003326351    0.0000000286    0.0002065723
   8063    0.0003325939    0.0000000286    0.0002065467
   8064    0.0003325527    0.0000000286    0.0002065211
   8065    0.0003325114    0.0000000286    0.0002064955
   8066    0.0003324702    0.0000000286    0.0002064699
   8067    0.0003324290    0.0000000286    0.0002064444
   8068    0.0003323878    0.0000000286    0.0002064188
   8069    0.0003323466    0.0000000286    0.0002063932
   8070    0.0003323055    0.0000000286    0.0002063677
   8071    0.0003322643    0.0000000286    0.0002063421
   8072    0.0003322232    0.0000000286    0.0002063165
   8073    0.0003321820    0.0000000286    0.0002062910
   8074    0.0003321409    0.0000000285    0.0002062655
   8075    0.0003320998    0.0000000285    0.0002062399
   8076    0.0003320587    0.0000000285    0.0002062144
   8077    0.0003320176    0.0000000285    0.0002061889
   8078    0.0003319765    0.0000000285    0.0002061634
   8079    0.0003319354    0.0000000285    0.0002061379
   8080    0.0003318943    0.0000000285    0.0002061124
   8081    0.0003318533    0.0000000285    0.0002060869
   8082    0.0003318122    0.0000000285    0.0002060614
   8083    0.0003317712    0.0000000285    0.0002060359
   8084    0.0003317302    0.0000000285    0.0002060104
   8085    0.0003316891    0.0000000285    0.0002059850
   8086    0.0003316481    0.0000000285    0.0002059595
   8087    0.0003316071    0.0000000285    0.0002059340
   8088    0.0003315661    0.0000000284    0.0002059086
   8089    0.0003315252    0.0000000284    0.0002058831
   8090    0.0003314842    0.0000000284    0.0002058577
   8091    0.0003314432    0.0000000284    0.0002058323
   8092    0.0003314023    0.0000000284    0.0002058068
   8093    0.0003313614    0.0000000284    0.0002057814
   8094    0.0003313204    0.0000000284    0.0002057560
   8095    0.0003312795    0.0000000284    0.0002057306
   8096    0.0003312386    0.0000000284    0.0002057052
   8097    0.0003311977    0.0000000284    0.0002056798
   8098    0.0003311568    0.0000000284    0.0002056544
   8099    0.0003311159    0.0000000284    0.0002056291
   8100    0.0003310751    0.0000000284    0.0002056037
   8101    0.0003310342    0.0000000284    0.0002055783
   8102    0.0003309934    0.0000000283    0.0002055529
   8103    0.0003309525    0.0000000283    0.0002055276
   8104    0.0003309117    0.0000000283    0.0002055022
   8105    0.0003308709    0.0000000283    0.0002054769
   8106    0.0003308301    0.0000000283    0.0002054516
   8107    0.0003307893    0.0000000283    0.0002054262
   8108    0.0003307485    0.0000000283    0.0002054009
   8109    0.0003307077    0.0000000283    0.0002053756
   8110    0.0003306670    0.0000000283    0.0002053503
   8111    0.0003306262    0.0000000283    0.0002053250
   8112    0.0003305855    0.0000000283    0.0002052997
   8113    0.0003305447    0.0000000283    0.0002052744
   8114    0.0003305040    0.0000000283    0.0002052491
   8115    0.0003304633    0.0000000283    0.0002052238
   8116    0.0003304226    0.0000000283    0.0002051985
   8117    0.0003303819    0.0000000282    0.0002051733
   8118    0.0003303412    0.0000000282    0.0002051480
   8119    0.0003303005    0.0000000282    0.0002051227
   8120    0.0003302599    0.0000000282    0.0002050975
   8121    0.0003302192    0.0000000282    0.0002050722
   8122    0.0003301786    0.0000000282    0.0002050470
   8123    0.0003301379    0.0000000282    0.0002050218
   8124    0.0003300973    0.0000000282    0.0002049966
   8125    0.0003300567    0.0000000282    0.0002049713
   8126    0.0003300161    0.0000000282    0.0002049461
   8127    0.0003299755    0.0000000282    0.0002049209
   8128    0.0003299349    0.0000000282    0.0002048957
   8129    0.0003298943    0.0000000282    0.0002048705
   8130    0.0003298538    0.0000000282    0.0002048453
   8131    0.0003298132    0.0000000281    0.0002048202
   8132    0.0003297727    0.0000000281    0.0002047950
   8133    0.0003297321    0.0000000281    0.0002047698
   8134    0.0003296916    0.0000000281    0.0002047446
   8135    0.0003296511    0.0000000281    0.0002047195
   8136    0.0003296106    0.0000000281    0.0002046943
   8137    0.0003295701    0.0000000281    0.0002046692
   8138    0.0003295296    0.0000000281    0.0002046441
   8139    0.0003294891    0.0000000281    0.0002046189
   8140    0.0003294486    0.0000000281    0.0002045938
   8141    0.0003294082    0.0000000281    0.0002045687
   8142    0.0003293677    0.0000000281    0.0002045436
   8143    0.0003293273    0.0000000281    0.0002045185
   8144    0.0003292869    0.0000000281    0.0002044934
   8145    0.0003292465    0.0000000280    0.0002044683
   8146    0.0003292061    0.0000000280    0.0002044432
   8147    0.0003291657    0.0000000280    0.0002044181
   8148    0.0003291253    0.0000000280    0.0002043930
   8149    0.0003290849    0.0000000280    0.0002043679
   8150    0.0003290445    0.0000000280    0.0002043429
   8151    0.0003290042    0.0000000280    0.0002043178
   8152    0.0003289638    0.0000000280    0.0002042928
   8153    0.0003289235    0.0000000280    0.0002042677
   8154    0.0003288832    0.0000000280    0.0002042427
   8155    0.0003288428    0.0000000280    0.0002042176
   8156    0.0003288025    0.0000000280    0.0002041926
   8157    0.0003287622    0.0000000280    0.0002041676
   8158    0.0003287220    0.0000000280    0.0002041426
   8159    0.0003286817    0.0000000280    0.0002041176
   8160    0.0003286414    0.0000000279    0.0002040926
   8161    0.0003286011    0.0000000279    0.0002040676
   8162    0.0003285609    0.0000000279    0.0002040426
   8163    0.0003285207    0.0000000279    0.0002040176
   8164    0.0003284804    0.0000000279    0.0002039926
   8165    0.0003284402    0.0000000279    0.0002039676
   8166    0.0003284000    0.0000000279    0.0002039427
   8167    0.0003283598    0.0000000279    0.0002039177
   8168    0.0003283196    0.0000000279    0.0002038928
   8169    0.0003282794    0.0000000279    0.0002038678
   8170    0.0003282393    0.0000000279    0.0002038429
   8171    0.0003281991    0.0000000279    0.0002038179
   8172    0.0003281590    0.0000000279    0.0002037930
   8173    0.0003281188    0.0000000279    0.0002037681
   8174    0.0003280787    0.0000000279    0.0002037432
   8175    0.0003280386    0.0000000278    0.0002037183
   8176    0.0003279985    0.0000000278    0.0002036933
   8177    0.0003279584    0.0000000278    0.0002036684
   8178    0.0003279183    0.0000000278    0.0002036436
   8179    0.0003278782    0.0000000278    0.0002036187
   8180    0.0003278381    0.0000000278    0.0002035938
   8181    0.0003277981    0.0000000278    0.0002035689
   8182    0.0003277580    0.0000000278    0.0002035440
   8183    0.0003277180    0.0000000278    0.0002035192
   8184    0.0003276779    0.0000000278    0.0002034943
   8185    0.0003276379    0.0000000278    0.0002034695
   8186    0.0003275979    0.0000000278    0.0002034446
   8187    0.0003275579    0.0000000278    0.0002034198
   8188    0.0003275179    0.0000000278    0.0002033950
   8189    0.0003274779    0.0000000277    0.0002033701
   8190    0.0003274379    0.0000000277    0.0002033453
   8191    0.0003273980    0.0000000277    0.0002033205
   8192    0.0003273580    0.0000000277    0.0002032957
   8193    0.0003273181    0.0000000277    0.0002032709
   8194    0.0003272781    0.0000000277    0.0002032461
   8195    0.0003272382    0.0000000277    0.0002032213
   8196    0.0003271983    0.0000000277    0.0002031965
   8197    0.0003271584    0.0000000277    0.0002031717
   8198    0.0003271185    0.0000000277    0.0002031470
   8199    0.0003270786    0.0000000277    0.0002031222
   8200    0.0003270387    0.0000000277    0.0002030974
   8201    0.0003269989    0.0000000277    0.0002030727
   8202    0.0003269590    0.0000000277    0.0002030479
   8203    0.0003269192    0.0000000277    0.0002030232
   8204    0.0003268793    0.0000000276    0.0002029985
   8205    0.0003268395    0.0000000276    0.0002029737
   8206    0.0003267997    0.0000000276    0.0002029490
   8207    0.0003267599    0.0000000276    0.0002029243
   8208    0.0003267201    0.0000000276    0.0002028996
   8209    0.0003266803    0.0000000276    0.0002028749
   8210    0.0003266405    0.0000000276    0.0002028502
   8211    0.0003266007    0.0000000276    0.0002028255
   8212    0.0003265610    0.0000000276    0.0002028008
   8213    0.0003265212    0.0000000276    0.0002027761
   8214    0.0003264815    0.0000000276    0.0002027514
   8215    0.0003264418    0.0000000276    0.0002027268
   8216    0.0003264020    0.0000000276    0.0002027021
   8217    0.0003263623    0.0000000276    0.0002026774
   8218    0.0003263226    0.0000000276    0.0002026528
   8219    0.0003262829    0.0000000275    0.0002026281
   8220    0.0003262433    0.0000000275    0.0002026035
   8221    0.0003262036    0.0000000275    0.0002025789
   8222    0.0003261639    0.0000000275    0.0002025542
   8223    0.0003261243    0.0000000275    0.0002025296
   8224    0.0003260846    0.0000000275    0.0002025050
   8225    0.0003260450    0.0000000275    0.0002024804
   8226    0.0003260054    0.0000000275    0.0002024558
   8227    0.0003259658    0.0000000275    0.0002024312
   8228    0.0003259261    0.0000000275    0.0002024066
   8229    0.0003258866    0.0000000275    0.0002023820
   8230    0.0003258470    0.0000000275    0.0002023574
   8231    0.0003258074    0.0000000275    0.0002023329
   8232    0.0003257678    0.0000000275    0.0002023083
   8233    0.0003257283    0.0000000275    0.0002022837
   8234    0.0003256887    0.0000000274    0.0002022592
   8235    0.0003256492    0.0000000274    0.0002022346
   8236    0.0003256097    0.0000000274    0.0002022101
   8237    0.0003255701    0.0000000274    0.0002021855
   8238    0.0003255306    0.0000000274    0.0002021610
   8239    0.0003254911    0.0000000274    0.0002021365
   8240    0.0003254516    0.0000000274    0.0002021120
   8241    0.0003254122    0.0000000274    0.0002020875
   8242    0.0003253727    0.0000000274    0.0002020629
   8243    0.0003253332    0.0000000274    0.0002020384
   8244    0.0003252938    0.0000000274    0.0002020139
   8245    0.0003252543    0.0000000274    0.0002019895
   8246    0.0003252149    0.0000000274    0.0002019650
   8247    0.0003251755    0.0000000274    0.0002019405
   8248    0.0003251361    0.0000000274    0.0002019160
   8249    0.0003250967    0.0000000273    0.0002018916
   8250    0.0003250573    0.0000000273    0.0002018671
   8251    0.0003250179    0.0000000273    0.0002018426
   8252    0.0003249785    0.0000000273    0.0002018182
   8253    0.0003249391    0.0000000273    0.0002017937
   8254    0.0003248998    0.0000000273    0.0002017693
   8255    0.0003248604    0.0000000273    0.0002017449
   8256    0.0003248211    0.0000000273    0.0002017205
   8257    0.0003247818    0.0000000273    0.0002016960
   8258    0.0003247424    0.0000000273    0.0002016716
   8259    0.0003247031    0.0000000273    0.0002016472
   8260    0.0003246638    0.0000000273    0.0002016228
   8261    0.0003246246    0.0000000273    0.0002015984
   8262    0.0003245853    0.0000000273    0.0002015740
   8263    0.0003245460    0.0000000273    0.0002015496
   8264    0.0003245067    0.0000000272    0.0002015253
   8265    0.0003244675    0.0000000272    0.0002015009
   8266    0.0003244282    0.0000000272    0.0002014765
   8267    0.0003243890    0.0000000272    0.0002014522
   8268    0.0003243498    0.0000000272    0.0002014278
   8269    0.0003243106    0.0000000272    0.0002014035
   8270    0.0003242714    0.0000000272    0.0002013791
   8271    0.0003242322    0.0000000272    0.0002013548
   8272    0.0003241930    0.0000000272    0.0002013305
   8273    0.0003241538    0.0000000272    0.0002013061
   8274    0.0003241147    0.0000000272    0.0002012818
   8275    0.0003240755    0.0000000272    0.0002012575
   8276    0.0003240363    0.0000000272    0.0002012332
   8277    0.0003239972    0.0000000272    0.0002012089
   8278    0.0003239581    0.0000000272    0.0002011846
   8279    0.0003239190    0.0000000271    0.0002011603
   8280    0.0003238799    0.0000000271    0.0002011360
   8281    0.0003238408    0.0000000271    0.0002011117
   8282    0.0003238017    0.0000000271    0.0002010875
   8283    0.0003237626    0.0000000271    0.0002010632
   8284    0.0003237235    0.0000000271    0.0002010389
   8285    0.0003236844    0.0000000271    0.0002010147
   8286    0.0003236454    0.0000000271    0.0002009904
   8287    0.0003236064    0.0000000271    0.0002009662
   8288    0.0003235673    0.0000000271    0.0002009420
   8289    0.0003235283    0.0000000271    0.0002009177
   8290    0.0003234893    0.0000000271    0.0002008935
   8291    0.0003234503    0.0000000271    0.0002008693
   8292    0.0003234113    0.0000000271    0.0002008451
   8293    0.0003233723    0.0000000271    0.0002008209
   8294    0.0003233333    0.0000000271    0.0002007967
   8295    0.0003232943    0.0000000270    0.0002007725
   8296    0.0003232554    0.0000000270    0.0002007483
   8297    0.0003232164    0.0000000270    0.0002007241
   8298    0.0003231775    0.0000000270    0.0002006999
   8299    0.0003231386    0.0000000270    0.0002006757
   8300    0.0003230996    0.0000000270    0.0002006516
   8301    0.0003230607    0.0000000270    0.0002006274
   8302    0.0003230218    0.0000000270    0.0002006032
   8303    0.0003229829    0.0000000270    0.0002005791
   8304    0.0003229441    0.0000000270    0.0002005550
   8305    0.0003229052    0.0000000270    0.0002005308
   8306    0.0003228663    0.0000000270    0.0002005067
   8307    0.0003228275    0.0000000270    0.0002004826
   8308    0.0003227886    0.0000000270    0.0002004584
   8309    0.0003227498    0.0000000270    0.0002004343
   8310    0.0003227109    0.0000000269    0.0002004102
   8311    0.0003226721    0.0000000269    0.0002003861
   8312    0.0003226333    0.0000000269    0.0002003620
   8313    0.0003225945    0.0000000269    0.0002003379
   8314    0.0003225557    0.0000000269    0.0002003138
   8315    0.0003225169    0.0000000269    0.0002002898
   8316    0.0003224782    0.0000000269    0.0002002657
   8317    0.0003224394    0.0000000269    0.0002002416
   8318    0.0003224007    0.0000000269    0.0002002176
   8319    0.0003223619    0.0000000269    0.0002001935
   8320    0.0003223232    0.0000000269    0.0002001694
   8321    0.0003222845    0.0000000269    0.0002001454
   8322    0.0003222457    0.0000000269    0.0002001214
   8323    0.0003222070    0.0000000269    0.0002000973
   8324    0.0003221683    0.0000000269    0.0002000733
   8325    0.0003221297    0.0000000269    0.0002000493
   8326    0.0003220910    0.0000000268    0.0002000253
   8327    0.0003220523    0.0000000268    0.0002000012
   8328    0.0003220136    0.0000000268    0.0001999772
   8329    0.0003219750    0.0000000268    0.0001999532
   8330    0.0003219364    0.0000000268    0.0001999293
   8331    0.0003218977    0.0000000268    0.0001999053
   8332    0.0003218591    0.0000000268    0.0001998813
   8333    0.0003218205    0.0000000268    0.0001998573
   8334    0.0003217819    0.0000000268    0.0001998333
   8335    0.0003217433    0.0000000268    0.0001998094
   8336    0.0003217047    0.0000000268    0.0001997854
   8337    0.0003216661    0.0000000268    0.0001997615
   8338    0.0003216276    0.0000000268    0.0001997375
   8339    0.0003215890    0.0000000268    0.0001997136
   8340    0.0003215504    0.0000000268    0.0001996896
   8341    0.0003215119    0.0000000267    0.0001996657
   8342    0.0003214734    0.0000000267    0.0001996418
   8343    0.0003214349    0.0000000267    0.0001996179
   8344    0.0003213963    0.0000000267    0.0001995939
   8345    0.0003213578    0.0000000267    0.0001995700
   8346    0.0003213193    0.0000000267    0.0001995461
   8347    0.0003212809    0.0000000267    0.0001995222
   8348    0.0003212424    0.0000000267    0.0001994984
   8349    0.0003212039    0.0000000267    0.0001994745
   8350    0.0003211655    0.0000000267    0.0001994506
   8351    0.0003211270    0.0000000267    0.0001994267
   8352    0.0003210886    0.0000000267    0.0001994029
   8353    0.0003210502    0.0000000267    0.0001993790
   8354    0.0003210117    0.0000000267    0.0001993551
   8355    0.0003209733    0.0000000267    0.0001993313
   8356    0.0003209349    0.0000000267    0.0001993074
   8357    0.0003208965    0.0000000266    0.0001992836
   8358    0.0003208581    0.0000000266    0.0001992598
   8359    0.0003208198    0.0000000266    0.0001992359
   8360    0.0003207814    0.0000000266    0.0001992121
   8361    0.0003207431    0.0000000266    0.0001991883
   8362    0.0003207047    0.0000000266    0.0001991645
   8363    0.0003206664    0.0000000266    0.0001991407
   8364    0.0003206280    0.0000000266    0.0001991169
   8365    0.0003205897    0.0000000266    0.0001990931
   8366    0.0003205514    0.0000000266    0.0001990693
   8367    0.0003205131    0.0000000266    0.0001990455
   8368    0.0003204748    0.0000000266    0.0001990217
   8369    0.0003204365    0.0000000266    0.0001989980
   8370    0.0003203983    0.0000000266    0.0001989742
   8371    0.0003203600    0.0000000266    0.0001989505
   8372    0.0003203217    0.0000000266    0.0001989267
   8373    0.0003202835    0.0000000265    0.0001989030
   8374    0.0003202453    0.0000000265    0.0001988792
   8375    0.0003202070    0.0000000265    0.0001988555
   8376    0.0003201688    0.0000000265    0.0001988317
   8377    0.0003201306    0.0000000265    0.0001988080
   8378    0.0003200924    0.0000000265    0.0001987843
   8379    0.0003200542    0.0000000265    0.0001987606
   8380    0.0003200160    0.0000000265    0.0001987369
   8381    0.0003199779    0.0000000265    0.0001987132
   8382    0.0003199397    0.0000000265    0.0001986895
   8383    0.0003199015    0.0000000265    0.0001986658
   8384    0.0003198634    0.0000000265    0.0001986421
   8385    0.0003198253    0.0000000265    0.0001986184
   8386    0.0003197871    0.0000000265    0.0001985948
   8387    0.0003197490    0.0000000265    0.0001985711
   8388    0.0003197109    0.0000000264    0.0001985474
   8389    0.0003196728    0.0000000264    0.0001985238
   8390    0.0003196347    0.0000000264    0.0001985001
   8391    0.0003195966    0.0000000264    0.0001984765
   8392    0.0003195586    0.0000000264    0.0001984528
   8393    0.0003195205    0.0000000264    0.0001984292
   8394    0.0003194824    0.0000000264    0.0001984056
   8395    0.0003194444    0.0000000264    0.0001983819
   8396    0.0003194064    0.0000000264    0.0001983583
   8397    0.0003193683    0.0000000264    0.0001983347
   8398    0.0003193303    0.0000000264    0.0001983111
   8399    0.0003192923    0.0000000264    0.0001982875
   8400    0.0003192543    0.0000000264    0.0001982639
   8401    0.0003192163    0.0000000264    0.0001982403
   8402    0.0003191783    0.0000000264    0.0001982167
   8403    0.0003191404    0.0000000264    0.0001981931
   8404    0.0003191024    0.0000000263    0.0001981696
   8405    0.0003190644    0.0000000263    0.0001981460
   8406    0.0003190265    0.0000000263    0.0001981225
   8407    0.0003189886    0.0000000263    0.0001980989
   8408    0.0003189506    0.0000000263    0.0001980753
   8409    0.0003189127    0.0000000263    0.0001980518
   8410    0.0003188748    0.0000000263    0.0001980283
   8411    0.0003188369    0.0000000263    0.0001980047
   8412    0.0003187990    0.0000000263    0.0001979812
   8413    0.0003187611    0.0000000263    0.0001979577
   8414    0.0003187233    0.0000000263    0.0001979342
   8415    0.0003186854    0.0000000263    0.0001979106
   8416    0.0003186475    0.0000000263    0.0001978871
   8417    0.0003186097    0.0000000263    0.0001978636
   8418    0.0003185718    0.0000000263    0.0001978401
   8419    0.0003185340    0.0000000263    0.0001978167
   8420    0.0003184962    0.0000000262    0.0001977932
   8421    0.0003184584    0.0000000262    0.0001977697
   8422    0.0003184206    0.0000000262    0.0001977462
   8423    0.0003183828    0.0000000262    0.0001977228
   8424    0.0003183450    0.0000000262    0.0001976993
   8425    0.0003183072    0.0000000262    0.0001976758
   8426    0.0003182695    0.0000000262    0.0001976524
   8427    0.0003182317    0.0000000262    0.0001976289
   8428    0.0003181940    0.0000000262    0.0001976055
   8429    0.0003181562    0.0000000262    0.0001975821
   8430    0.0003181185    0.0000000262    0.0001975586
   8431    0.0003180808    0.0000000262    0.0001975352
   8432    0.0003180431    0.0000000262    0.0001975118
   8433    0.0003180054    0.0000000262    0.0001974884
   8434    0.0003179677    0.0000000262    0.0001974650
   8435    0.0003179300    0.0000000262    0.0001974416
   8436    0.0003178923    0.0000000261    0.0001974182
   8437    0.0003178546    0.0000000261    0.0001973948
   8438    0.0003178170    0.0000000261    0.0001973714
   8439    0.0003177793    0.0000000261    0.0001973480
   8440    0.0003177417    0.0000000261    0.0001973247
   8441    0.0003177040    0.0000000261    0.0001973013
   8442    0.0003176664    0.0000000261    0.0001972779
   8443    0.0003176288    0.0000000261    0.0001972546
   8444    0.0003175912    0.0000000261    0.0001972312
   8445    0.0003175536    0.0000000261    0.0001972079
   8446    0.0003175160    0.0000000261    0.0001971846
   8447    0.0003174784    0.0000000261    0.0001971612
   8448    0.0003174409    0.0000000261    0.0001971379
   8449    0.0003174033    0.0000000261    0.0001971146
   8450    0.0003173658    0.0000000261    0.0001970913
   8451    0.0003173282    0.0000000261    0.0001970679
   8452    0.0003172907    0.0000000260    0.0001970446
   8453    0.0003172532    0.0000000260    0.0001970213
   8454    0.0003172156    0.0000000260    0.0001969980
   8455    0.0003171781    0.0000000260    0.0001969748
   8456    0.0003171406    0.0000000260    0.0001969515
   8457    0.0003171031    0.0000000260    0.0001969282
   8458    0.0003170657    0.0000000260    0.0001969049
   8459    0.0003170282    0.0000000260    0.0001968817
   8460    0.0003169907    0.0000000260    0.0001968584
   8461    0.0003169533    0.0000000260    0.0001968351
   8462    0.0003169158    0.0000000260    0.0001968119
   8463    0.0003168784    0.0000000260    0.0001967886
   8464    0.0003168410    0.0000000260    0.0001967654
   8465    0.0003168035    0.0000000260    0.0001967422
   8466    0.0003167661    0.0000000260    0.0001967189
   8467    0.0003167287    0.0000000260    0.0001966957
   8468    0.0003166913    0.0000000260    0.0001966725
   8469    0.0003166540    0.0000000259    0.0001966493
   8470    0.0003166166    0.0000000259    0.0001966261
   8471    0.0003165792    0.0000000259    0.0001966029
   8472    0.0003165419    0.0000000259    0.0001965797
   8473    0.0003165045    0.0000000259    0.0001965565
   8474    0.0003164672    0.0000000259    0.0001965333
   8475    0.0003164298    0.0000000259    0.0001965101
   8476    0.0003163925    0.0000000259    0.0001964869
   8477    0.0003163552    0.0000000259    0.0001964638
   8478    0.0003163179    0.0000000259    0.0001964406
   8479    0.0003162806    0.0000000259    0.0001964175
   8480    0.0003162433    0.0000000259    0.0001963943
   8481    0.0003162060    0.0000000259    0.0001963712
   8482    0.0003161688    0.0000000259    0.0001963480
   8483    0.0003161315    0.0000000259    0.0001963249
   8484    0.0003160943    0.0000000259    0.0001963017
   8485    0.0003160570    0.0000000258    0.0001962786
   8486    0.0003160198    0.0000000258    0.0001962555
   8487    0.0003159826    0.0000000258    0.0001962324
   8488    0.0003159453    0.0000000258    0.0001962093
   8489    0.0003159081    0.0000000258    0.0001961862
   8490    0.0003158709    0.0000000258    0.0001961631
   8491    0.0003158337    0.0000000258    0.0001961400
   8492    0.0003157966    0.0000000258    0.0001961169
   8493    0.0003157594    0.0000000258    0.0001960938
   8494    0.0003157222    0.0000000258    0.0001960707
   8495    0.0003156851    0.0000000258    0.0001960477
   8496    0.0003156479    0.0000000258    0.0001960246
   8497    0.0003156108    0.0000000258    0.0001960015
   8498    0.0003155737    0.0000000258    0.0001959785
   8499    0.0003155365    0.0000000258    0.0001959554
   8500    0.0003154994    0.0000000258    0.0001959324
   8501    0.0003154623    0.0000000258    0.0001959094
   8502    0.0003154252    0.0000000257    0.0001958863
   8503    0.0003153881    0.0000000257    0.0001958633
   8504    0.0003153511    0.0000000257    0.0001958403
   8505    0.0003153140    0.0000000257    0.0001958173
   8506    0.0003152769    0.0000000257    0.0001957943
   8507    0.0003152399    0.0000000257    0.0001957712
   8508    0.0003152028    0.0000000257    0.0001957482
   8509    0.0003151658    0.0000000257    0.0001957253
   8510    0.0003151288    0.0000000257    0.0001957023
   8511    0.0003150918    0.0000000257    0.0001956793
   8512    0.0003150548    0.0000000257    0.0001956563
   8513    0.0003150178    0.0000000257    0.0001956333
   8514    0.0003149808    0.0000000257    0.0001956104
   8515    0.0003149438    0.0000000257    0.0001955874
   8516    0.0003149068    0.0000000257    0.0001955644
   8517    0.0003148699    0.0000000257    0.0001955415
   8518    0.0003148329    0.0000000256    0.0001955185
   8519    0.0003147960    0.0000000256    0.0001954956
   8520    0.0003147590    0.0000000256    0.0001954727
   8521    0.0003147221    0.0000000256    0.0001954497
   8522    0.0003146852    0.0000000256    0.0001954268
   8523    0.0003146483    0.0000000256    0.0001954039
   8524    0.0003146114    0.0000000256    0.0001953810
   8525    0.0003145745    0.0000000256    0.0001953581
   8526    0.0003145376    0.0000000256    0.0001953352
   8527    0.0003145007    0.0000000256    0.0001953123
   8528    0.0003144638    0.0000000256    0.0001952894
   8529    0.0003144270    0.0000000256    0.0001952665
   8530    0.0003143901    0.0000000256    0.0001952436
   8531    0.0003143533    0.0000000256    0.0001952207
   8532    0.0003143164    0.0000000256    0.0001951979
   8533    0.0003142796    0.0000000256    0.0001951750
   8534    0.0003142428    0.0000000256    0.0001951521
   8535    0.0003142060    0.0000000255    0.0001951293
   8536    0.0003141692    0.0000000255    0.0001951064
   8537    0.0003141324    0.0000000255    0.0001950836
   8538    0.0003140956    0.0000000255    0.0001950607
   8539    0.0003140589    0.0000000255    0.0001950379
   8540    0.0003140221    0.0000000255    0.0001950151
   8541    0.0003139853    0.0000000255    0.0001949923
   8542    0.0003139486    0.0000000255    0.0001949694
   8543    0.0003139118    0.0000000255    0.0001949466
   8544    0.0003138751    0.0000000255    0.0001949238
   8545    0.0003138384    0.0000000255    0.0001949010
   8546    0.0003138017    0.0000000255    0.0001948782
   8547    0.0003137650    0.0000000255    0.0001948554
   8548    0.0003137283    0.0000000255    0.0001948326
   8549    0.0003136916    0.0000000255    0.0001948099
   8550    0.0003136549    0.0000000255    0.0001947871
   8551    0.0003136182    0.0000000255    0.0001947643
   8552    0.0003135816    0.0000000254    0.0001947415
   8553    0.0003135449    0.0000000254    0.0001947188
   8554    0.0003135083    0.0000000254    0.0001946960
   8555    0.0003134716    0.0000000254    0.0001946733
   8556    0.0003134350    0.0000000254    0.0001946505
   8557    0.0003133984    0.0000000254    0.0001946278
   8558    0.0003133618    0.0000000254    0.0001946051
   8559    0.0003133252    0.0000000254    0.0001945824
   8560    0.0003132886    0.0000000254    0.0001945596
   8561    0.0003132520    0.0000000254    0.0001945369
   8562    0.0003132154    0.0000000254    0.0001945142
   8563    0.0003131789    0.0000000254    0.0001944915
   8564    0.0003131423    0.0000000254    0.0001944688
   8565    0.0003131058    0.0000000254    0.0001944461
   8566    0.0003130692    0.0000000254    0.0001944234
   8567    0.0003130327    0.0000000254    0.0001944007
   8568    0.0003129962    0.0000000253    0.0001943780
   8569    0.0003129596    0.0000000253    0.0001943554
   8570    0.0003129231    0.0000000253    0.0001943327
   8571    0.0003128866    0.0000000253    0.0001943100
   8572    0.0003128501    0.0000000253    0.0001942874
   8573    0.0003128137    0.0000000253    0.0001942647
   8574    0.0003127772    0.0000000253    0.0001942421
   8575    0.0003127407    0.0000000253    0.0001942194
   8576    0.0003127043    0.0000000253    0.0001941968
   8577    0.0003126678    0.0000000253    0.0001941742
   8578    0.0003126314    0.0000000253    0.0001941515
   8579    0.0003125949    0.0000000253    0.0001941289
   8580    0.0003125585    0.0000000253    0.0001941063
   8581    0.0003125221    0.0000000253    0.0001940837
   8582    0.0003124857    0.0000000253    0.0001940611
   8583    0.0003124493    0.0000000253    0.0001940385
   8584    0.0003124129    0.0000000253    0.0001940159
   8585    0.0003123765    0.0000000252    0.0001939933
   8586    0.0003123402    0.0000000252    0.0001939707
   8587    0.0003123038    0.0000000252    0.0001939481
   8588    0.0003122674    0.0000000252    0.0001939256
   8589    0.0003122311    0.0000000252    0.0001939030
   8590    0.0003121948    0.0000000252    0.0001938804
   8591    0.0003121584    0.0000000252    0.0001938579
   8592    0.0003121221    0.0000000252    0.0001938353
   8593    0.0003120858    0.0000000252    0.0001938128
   8594    0.0003120495    0.0000000252    0.0001937902
   8595    0.0003120132    0.0000000252    0.0001937677
   8596    0.0003119769    0.0000000252    0.0001937452
   8597    0.0003119406    0.0000000252    0.0001937226
   8598    0.0003119044    0.0000000252    0.0001937001
   8599    0.0003118681    0.0000000252    0.0001936776
   8600    0.0003118318    0.0000000252    0.0001936551
   8601    0.0003117956    0.0000000252    0.0001936326
   8602    0.0003117594    0.0000000251    0.0001936101
   8603    0.0003117231    0.0000000251    0.0001935876
   8604    0.0003116869    0.0000000251    0.0001935651
   8605    0.0003116507    0.0000000251    0.0001935426
   8606    0.0003116145    0.0000000251    0.0001935201
   8607    0.0003115783    0.0000000251    0.0001934977
   8608    0.0003115421    0.0000000251    0.0001934752
   8609    0.0003115059    0.0000000251    0.0001934527
   8610    0.0003114698    0.0000000251    0.0001934303
   8611    0.0003114336    0.0000000251    0.0001934078
   8612    0.0003113975    0.0000000251    0.0001933854
   8613    0.0003113613    0.0000000251    0.0001933629
   8614    0.0003113252    0.0000000251    0.0001933405
   8615    0.0003112890    0.0000000251    0.0001933181
   8616    0.0003112529    0.0000000251    0.0001932956
   8617    0.0003112168    0.0000000251    0.0001932732
   8618    0.0003111807    0.0000000251    0.0001932508
   8619    0.0003111446    0.0000000251    0.0001932284
   8620    0.0003111085    0.0000000250    0.0001932060
   8621    0.0003110725    0.0000000250    0.0001931836
   8622    0.0003110364    0.0000000250    0.0001931612
   8623    0.0003110003    0.0000000250    0.0001931388
   8624    0.0003109643    0.0000000250    0.0001931164
   8625    0.0003109282    0.0000000250    0.0001930940
   8626    0.0003108922    0.0000000250    0.0001930716
   8627    0.0003108562    0.0000000250    0.0001930493
   8628    0.0003108201    0.0000000250    0.0001930269
   8629    0.0003107841    0.0000000250    0.0001930045
   8630    0.0003107481    0.0000000250    0.0001929822
   8631    0.0003107121    0.0000000250    0.0001929598
   8632    0.0003106762    0.0000000250    0.0001929375
   8633    0.0003106402    0.0000000250    0.0001929152
   8634    0.0003106042    0.0000000250    0.0001928928
   8635    0.0003105682    0.0000000250    0.0001928705
   8636    0.0003105323    0.0000000250    0.0001928482
   8637    0.0003104964    0.0000000249    0.0001928258
   8638    0.0003104604    0.0000000249    0.0001928035
   8639    0.0003104245    0.0000000249    0.0001927812
   8640    0.0003103886    0.0000000249    0.0001927589
   8641    0.0003103527    0.0000000249    0.0001927366
   8642    0.0003103168    0.0000000249    0.0001927143
   8643    0.0003102809    0.0000000249    0.0001926920
   8644    0.0003102450    0.0000000249    0.0001926698
   8645    0.0003102091    0.0000000249    0.0001926475
   8646    0.0003101732    0.0000000249    0.0001926252
   8647    0.0003101374    0.0000000249    0.0001926029
   8648    0.0003101015    0.0000000249    0.0001925807
   8649    0.0003100657    0.0000000249    0.0001925584
   8650    0.0003100298    0.0000000249    0.0001925362
   8651    0.0003099940    0.0000000249    0.0001925139
   8652    0.0003099582    0.0000000249    0.0001924917
   8653    0.0003099224    0.0000000249    0.0001924694
   8654    0.0003098866    0.0000000248    0.0001924472
   8655    0.0003098508    0.0000000248    0.0001924250
   8656    0.0003098150    0.0000000248    0.0001924028
   8657    0.0003097792    0.0000000248    0.0001923806
   8658    0.0003097434    0.0000000248    0.0001923583
   8659    0.0003097077    0.0000000248    0.0001923361
   8660    0.0003096719    0.0000000248    0.0001923139
   8661    0.0003096362    0.0000000248    0.0001922917
   8662    0.0003096005    0.0000000248    0.0001922696
   8663    0.0003095647    0.0000000248    0.0001922474
   8664    0.0003095290    0.0000000248    0.0001922252
   8665    0.0003094933    0.0000000248    0.0001922030
   8666    0.0003094576    0.0000000248    0.0001921808
   8667    0.0003094219    0.0000000248    0.0001921587
   8668    0.0003093862    0.0000000248    0.0001921365
   8669    0.0003093505    0.0000000248    0.0001921144
   8670    0.0003093149    0.0000000248    0.0001920922
   8671    0.0003092792    0.0000000248    0.0001920701
   8672    0.0003092435    0.0000000247    0.0001920479
   8673    0.0003092079    0.0000000247    0.0001920258
   8674    0.0003091723    0.0000000247    0.0001920037
   8675    0.0003091366    0.0000000247    0.0001919815
   8676    0.0003091010    0.0000000247    0.0001919594
   8677    0.0003090654    0.0000000247    0.0001919373
   8678    0.0003090298    0.0000000247    0.0001919152
   8679    0.0003089942    0.0000000247    0.0001918931
   8680    0.0003089586    0.0000000247    0.0001918710
   8681    0.0003089230    0.0000000247    0.0001918489
   8682    0.0003088874    0.0000000247    0.0001918268
   8683    0.0003088519    0.0000000247    0.0001918047
   8684    0.0003088163    0.0000000247    0.0001917827
   8685    0.0003087808    0.0000000247    0.0001917606
   8686    0.0003087452    0.0000000247    0.0001917385
   8687    0.0003087097    0.0000000247    0.0001917165
   8688    0.0003086742    0.0000000247    0.0001916944
   8689    0.0003086387    0.0000000246    0.0001916724
   8690    0.0003086032    0.0000000246    0.0001916503
   8691    0.0003085677    0.0000000246    0.0001916283
   8692    0.0003085322    0.0000000246    0.0001916062
   8693    0.0003084967    0.0000000246    0.0001915842
   8694    0.0003084612    0.0000000246    0.0001915622
   8695    0.0003084258    0.0000000246    0.0001915401
   8696    0.0003083903    0.0000000246    0.0001915181
   8697    0.0003083548    0.0000000246    0.0001914961
   8698    0.0003083194    0.0000000246    0.0001914741
   8699    0.0003082840    0.0000000246    0.0001914521
   8700    0.0003082485    0.0000000246    0.0001914301
   8701    0.0003082131    0.0000000246    0.0001914081
   8702    0.0003081777    0.0000000246    0.0001913861
   8703    0.0003081423    0.0000000246    0.0001913642
   8704    0.0003081069    0.0000000246    0.0001913422
   8705    0.0003080715    0.0000000246    0.0001913202
   8706    0.0003080362    0.0000000246    0.0001912982
   8707    0.0003080008    0.0000000245    0.0001912763
   8708    0.0003079654    0.0000000245    0.0001912543
   8709    0.0003079301    0.0000000245    0.0001912324
   8710    0.0003078947    0.0000000245    0.0001912104
   8711    0.0003078594    0.0000000245    0.0001911885
   8712    0.0003078241    0.0000000245    0.0001911665
   8713    0.0003077888    0.0000000245    0.0001911446
   8714    0.0003077534    0.0000000245    0.0001911227
   8715    0.0003077181    0.0000000245    0.0001911008
   8716    0.0003076828    0.0000000245    0.0001910788
   8717    0.0003076476    0.0000000245    0.0001910569
   8718    0.0003076123    0.0000000245    0.0001910350
   8719    0.0003075770    0.0000000245    0.0001910131
   8720    0.0003075417    0.0000000245    0.0001909912
   8721    0.0003075065    0.0000000245    0.0001909693
   8722    0.0003074712    0.0000000245    0.0001909475
   8723    0.0003074360    0.0000000245    0.0001909256
   8724    0.0003074008    0.0000000245    0.0001909037
   8725    0.0003073655    0.0000000244    0.0001908818
   8726    0.0003073303    0.0000000244    0.0001908600
   8727    0.0003072951    0.0000000244    0.0001908381
   8728    0.0003072599    0.0000000244    0.0001908162
   8729    0.0003072247    0.0000000244    0.0001907944
   8730    0.0003071896    0.0000000244    0.0001907726
   8731    0.0003071544    0.0000000244    0.0001907507
   8732    0.0003071192    0.0000000244    0.0001907289
   8733    0.0003070841    0.0000000244    0.0001907070
   8734    0.0003070489    0.0000000244    0.0001906852
   8735    0.0003070138    0.0000000244    0.0001906634
   8736    0.0003069786    0.0000000244    0.0001906416
   8737    0.0003069435    0.0000000244    0.0001906198
   8738    0.0003069084    0.0000000244    0.0001905980
   8739    0.0003068733    0.0000000244    0.0001905762
   8740    0.0003068382    0.0000000244    0.0001905544
   8741    0.0003068031    0.0000000244    0.0001905326
   8742    0.0003067680    0.0000000244    0.0001905108
   8743    0.0003067329    0.0000000243    0.0001904890
   8744    0.0003066979    0.0000000243    0.0001904672
   8745    0.0003066628    0.0000000243    0.0001904455
   8746    0.0003066277    0.0000000243    0.0001904237
   8747    0.0003065927    0.0000000243    0.0001904019
   8748    0.0003065577    0.0000000243    0.0001903802
   8749    0.0003065226    0.0000000243    0.0001903584
   8750    0.0003064876    0.0000000243    0.0001903367
   8751    0.0003064526    0.0000000243    0.0001903149
   8752    0.0003064176    0.0000000243    0.0001902932
   8753    0.0003063826    0.0000000243    0.0001902715
   8754    0.0003063476    0.0000000243    0.0001902498
   8755    0.0003063126    0.0000000243    0.0001902280
   8756    0.0003062776    0.0000000243    0.0001902063
   8757    0.0003062427    0.0000000243    0.0001901846
   8758    0.0003062077    0.0000000243    0.0001901629
   8759    0.0003061728    0.0000000243    0.0001901412
   8760    0.0003061378    0.0000000243    0.0001901195
   8761    0.0003061029    0.0000000242    0.0001900978
   8762    0.0003060680    0.0000000242    0.0001900761
   8763    0.0003060330    0.0000000242    0.0001900544
   8764    0.0003059981    0.0000000242    0.0001900328
   8765    0.0003059632    0.0000000242    0.0001900111
   8766    0.0003059283    0.0000000242    0.0001899894
   8767    0.0003058935    0.0000000242    0.0001899678
   8768    0.0003058586    0.0000000242    0.0001899461
   8769    0.0003058237    0.0000000242    0.0001899244
   8770    0.0003057888    0.0000000242    0.0001899028
   8771    0.0003057540    0.0000000242    0.0001898812
   8772    0.0003057191    0.0000000242    0.0001898595
   8773    0.0003056843    0.0000000242    0.0001898379
   8774    0.0003056495    0.0000000242    0.0001898163
   8775    0.0003056147    0.0000000242    0.0001897946
   8776    0.0003055798    0.0000000242    0.0001897730
   8777    0.0003055450    0.0000000242    0.0001897514
   8778    0.0003055102    0.0000000242    0.0001897298
   8779    0.0003054754    0.0000000241    0.0001897082
   8780    0.0003054407    0.0000000241    0.0001896866
   8781    0.0003054059    0.0000000241    0.0001896650
   8782    0.0003053711    0.0000000241    0.0001896434
   8783    0.0003053364    0.0000000241    0.0001896218
   8784    0.0003053016    0.0000000241    0.0001896003
   8785    0.0003052669    0.0000000241    0.0001895787
   8786    0.0003052321    0.0000000241    0.0001895571
   8787    0.0003051974    0.0000000241    0.0001895356
   8788    0.0003051627    0.0000000241    0.0001895140
   8789    0.0003051280    0.0000000241    0.0001894924
   8790    0.0003050933    0.0000000241    0.0001894709
   8791    0.0003050586    0.0000000241    0.0001894494
   8792    0.0003050239    0.0000000241    0.0001894278
   8793    0.0003049892    0.0000000241    0.0001894063
   8794    0.0003049545    0.0000000241    0.0001893847
   8795    0.0003049199    0.0000000241    0.0001893632
   8796    0.0003048852    0.0000000241    0.0001893417
   8797    0.0003048506    0.0000000240    0.0001893202
   8798    0.0003048159    0.0000000240    0.0001892987
   8799    0.0003047813    0.0000000240    0.0001892772
   8800    0.0003047467    0.0000000240    0.0001892557
   8801    0.0003047120    0.0000000240    0.0001892342
   8802    0.0003046774    0.0000000240    0.0001892127
   8803    0.0003046428    0.0000000240    0.0001891912
   8804    0.0003046082    0.0000000240    0.0001891697
   8805    0.0003045737    0.0000000240    0.0001891483
   8806    0.0003045391    0.0000000240    0.0001891268
   8807    0.0003045045    0.0000000240    0.0001891053
   8808    0.0003044699    0.0000000240    0.0001890839
   8809    0.0003044354    0.0000000240    0.0001890624
   8810    0.0003044008    0.0000000240    0.0001890409
   8811    0.0003043663    0.0000000240    0.0001890195
   8812    0.0003043318    0.0000000240    0.0001889981
   8813    0.0003042973    0.0000000240    0.0001889766
   8814    0.0003042627    0.0000000240    0.0001889552
   8815    0.0003042282    0.0000000239    0.0001889338
   8816    0.0003041937    0.0000000239    0.0001889123
   8817    0.0003041592    0.0000000239    0.0001888909
   8818    0.0003041248    0.0000000239    0.0001888695
   8819    0.0003040903    0.0000000239    0.0001888481
   8820    0.0003040558    0.0000000239    0.0001888267
   8821    0.0003040214    0.0000000239    0.0001888053
   8822    0.0003039869    0.0000000239    0.0001887839
   8823    0.0003039525    0.0000000239    0.0001887625
   8824    0.0003039180    0.0000000239    0.0001887411
   8825    0.0003038836    0.0000000239    0.0001887198
   8826    0.0003038492    0.0000000239    0.0001886984
   8827    0.0003038148    0.0000000239    0.0001886770
   8828    0.0003037804    0.0000000239    0.0001886557
   8829    0.0003037460    0.0000000239    0.0001886343
   8830    0.0003037116    0.0000000239    0.0001886129
   8831    0.0003036772    0.0000000239    0.0001885916
   8832    0.0003036428    0.0000000239    0.0001885703
   8833    0.0003036084    0.0000000239    0.0001885489
   8834    0.0003035741    0.0000000238    0.0001885276
   8835    0.0003035397    0.0000000238    0.0001885063
   8836    0.0003035054    0.0000000238    0.0001884849
   8837    0.0003034711    0.0000000238    0.0001884636
   8838    0.0003034367    0.0000000238    0.0001884423
   8839    0.0003034024    0.0000000238    0.0001884210
   8840    0.0003033681    0.0000000238    0.0001883997
   8841    0.0003033338    0.0000000238    0.0001883784
   8842    0.0003032995    0.0000000238    0.0001883571
   8843    0.0003032652    0.0000000238    0.0001883358
   8844    0.0003032309    0.0000000238    0.0001883145
   8845    0.0003031966    0.0000000238    0.0001882932
   8846    0.0003031624    0.0000000238    0.0001882719
   8847    0.0003031281    0.0000000238    0.0001882507
   8848    0.0003030939    0.0000000238    0.0001882294
   8849    0.0003030596    0.0000000238    0.0001882081
   8850    0.0003030254    0.0000000238    0.0001881869
   8851    0.0003029912    0.0000000238    0.0001881656
   8852    0.0003029569    0.0000000237    0.0001881444
   8853    0.0003029227    0.0000000237    0.0001881231
   8854    0.0003028885    0.0000000237    0.0001881019
   8855    0.0003028543    0.0000000237    0.0001880807
   8856    0.0003028201    0.0000000237    0.0001880594
   8857    0.0003027860    0.0000000237    0.0001880382
   8858    0.0003027518    0.0000000237    0.0001880170
   8859    0.0003027176    0.0000000237    0.0001879958
   8860    0.0003026835    0.0000000237    0.0001879746
   8861    0.0003026493    0.0000000237    0.0001879534
   8862    0.0003026152    0.0000000237    0.0001879322
   8863    0.0003025810    0.0000000237    0.0001879110
   8864    0.0003025469    0.0000000237    0.0001878898
   8865    0.0003025128    0.0000000237    0.0001878686
   8866    0.0003024787    0.0000000237    0.0001878474
   8867    0.0003024446    0.0000000237    0.0001878262
   8868    0.0003024105    0.0000000237    0.0001878051
   8869    0.0003023764    0.0000000237    0.0001877839
   8870    0.0003023423    0.0000000237    0.0001877627
   8871    0.0003023082    0.0000000236    0.0001877416
   8872    0.0003022742    0.0000000236    0.0001877204
   8873    0.0003022401    0.0000000236    0.0001876993
   8874    0.0003022061    0.0000000236    0.0001876781
   8875    0.0003021720    0.0000000236    0.0001876570
   8876    0.0003021380    0.0000000236    0.0001876359
   8877    0.0003021040    0.0000000236    0.0001876147
   8878    0.0003020699    0.0000000236    0.0001875936
   8879    0.0003020359    0.0000000236    0.0001875725
   8880    0.0003020019    0.0000000236    0.0001875514
   8881    0.0003019679    0.0000000236    0.0001875303
   8882    0.0003019339    0.0000000236    0.0001875092
   8883    0.0003019000    0.0000000236    0.0001874881
   8884    0.0003018660    0.0000000236    0.0001874670
   8885    0.0003018320    0.0000000236    0.0001874459
   8886    0.0003017981    0.0000000236    0.0001874248
   8887    0.0003017641    0.0000000236    0.0001874037
   8888    0.0003017302    0.0000000236    0.0001873826
   8889    0.0003016962    0.0000000236    0.0001873616
   8890    0.0003016623    0.0000000235    0.0001873405
   8891    0.0003016284    0.0000000235    0.0001873194
   8892    0.0003015945    0.0000000235    0.0001872984
   8893    0.0003015606    0.0000000235    0.0001872773
   8894    0.0003015267    0.0000000235    0.0001872563
   8895    0.0003014928    0.0000000235    0.0001872352
   8896    0.0003014589    0.0000000235    0.0001872142
   8897    0.0003014250    0.0000000235    0.0001871932
   8898    0.0003013912    0.0000000235    0.0001871721
   8899    0.0003013573    0.0000000235    0.0001871511
   8900    0.0003013235    0.0000000235    0.0001871301
   8901    0.0003012896    0.0000000235    0.0001871091
   8902    0.0003012558    0.0000000235    0.0001870881
   8903    0.0003012219    0.0000000235    0.0001870671
   8904    0.0003011881    0.0000000235    0.0001870461
   8905    0.0003011543    0.0000000235    0.0001870251
   8906    0.0003011205    0.0000000235    0.0001870041
   8907    0.0003010867    0.0000000235    0.0001869831
   8908    0.0003010529    0.0000000235    0.0001869621
   8909    0.0003010191    0.0000000234    0.0001869411
   8910    0.0003009854    0.0000000234    0.0001869202
   8911    0.0003009516    0.0000000234    0.0001868992
   8912    0.0003009178    0.0000000234    0.0001868782
   8913    0.0003008841    0.0000000234    0.0001868573
   8914    0.0003008503    0.0000000234    0.0001868363
   8915    0.0003008166    0.0000000234    0.0001868154
   8916    0.0003007829    0.0000000234    0.0001867944
   8917    0.0003007491    0.0000000234    0.0001867735
   8918    0.0003007154    0.0000000234    0.0001867525
   8919    0.0003006817    0.0000000234    0.0001867316
   8920    0.0003006480    0.0000000234    0.0001867107
   8921    0.0003006143    0.0000000234    0.0001866898
   8922    0.0003005806    0.0000000234    0.0001866689
   8923    0.0003005470    0.0000000234    0.0001866479
   8924    0.0003005133    0.0000000234    0.0001866270
   8925    0.0003004796    0.0000000234    0.0001866061
   8926    0.0003004460    0.0000000234    0.0001865852
   8927    0.0003004123    0.0000000234    0.0001865643
   8928    0.0003003787    0.0000000233    0.0001865435
   8929    0.0003003451    0.0000000233    0.0001865226
   8930    0.0003003114    0.0000000233    0.0001865017
   8931    0.0003002778    0.0000000233    0.0001864808
   8932    0.0003002442    0.0000000233    0.0001864599
   8933    0.0003002106    0.0000000233    0.0001864391
   8934    0.0003001770    0.0000000233    0.0001864182
   8935    0.0003001434    0.0000000233    0.0001863974
   8936    0.0003001099    0.0000000233    0.0001863765
   8937    0.0003000763    0.0000000233    0.0001863557
   8938    0.0003000427    0.0000000233    0.0001863348
   8939    0.0003000092    0.0000000233    0.0001863140
   8940    0.0002999756    0.0000000233    0.0001862932
   8941    0.0002999421    0.0000000233    0.0001862723
   8942    0.0002999085    0.0000000233    0.0001862515
   8943    0.0002998750    0.0000000233    0.0001862307
   8944    0.0002998415    0.0000000233    0.0001862099
   8945    0.0002998080    0.0000000233    0.0001861891
   8946    0.0002997745    0.0000000233    0.0001861683
   8947    0.0002997410    0.0000000232    0.0001861475
   8948    0.0002997075    0.0000000232    0.0001861267
   8949    0.0002996740    0.0000000232    0.0001861059
   8950    0.0002996405    0.0000000232    0.0001860851
   8951    0.0002996071    0.0000000232    0.0001860643
   8952    0.0002995736    0.0000000232    0.0001860435
   8953    0.0002995402    0.0000000232    0.0001860228
   8954    0.0002995067    0.0000000232    0.0001860020
   8955    0.0002994733    0.0000000232    0.0001859812
   8956    0.0002994398    0.0000000232    0.0001859605
   8957    0.0002994064    0.0000000232    0.0001859397
   8958    0.0002993730    0.0000000232    0.0001859190
   8959    0.0002993396    0.0000000232    0.0001858982
   8960    0.0002993062    0.0000000232    0.0001858775
   8961    0.0002992728    0.0000000232    0.0001858568
   8962    0.0002992394    0.0000000232    0.0001858360
   8963    0.0002992060    0.0000000232    0.0001858153
   8964    0.0002991727    0.0000000232    0.0001857946
   8965    0.0002991393    0.0000000232    0.0001857739
   8966    0.0002991060    0.0000000231    0.0001857532
   8967    0.0002990726    0.0000000231    0.0001857325
   8968    0.0002990393    0.0000000231    0.0001857118
   8969    0.0002990059    0.0000000231    0.0001856911
   8970    0.0002989726    0.0000000231    0.0001856704
   8971    0.0002989393    0.0000000231    0.0001856497
   8972    0.0002989060    0.0000000231    0.0001856290
   8973    0.0002988727    0.0000000231    0.0001856083
   8974    0.0002988394    0.0000000231    0.0001855876
   8975    0.0002988061    0.0000000231    0.0001855670
   8976    0.0002987728    0.0000000231    0.0001855463
   8977    0.0002987395    0.0000000231    0.0001855256
   8978    0.0002987063    0.0000000231    0.0001855050
   8979    0.0002986730    0.0000000231    0.0001854843
   8980    0.0002986398    0.0000000231    0.0001854637
   8981    0.0002986065    0.0000000231    0.0001854430
   8982    0.0002985733    0.0000000231    0.0001854224
   8983    0.0002985401    0.0000000231    0.0001854018
   8984    0.0002985068    0.0000000231    0.0001853811
   8985    0.0002984736    0.0000000231    0.0001853605
   8986    0.0002984404    0.0000000230    0.0001853399
   8987    0.0002984072    0.0000000230    0.0001853193
   8988    0.0002983740    0.0000000230    0.0001852987
   8989    0.0002983408    0.0000000230    0.0001852781
   8990    0.0002983077    0.0000000230    0.0001852575
   8991    0.0002982745    0.0000000230    0.0001852369
   8992    0.0002982413    0.0000000230    0.0001852163
   8993    0.0002982082    0.0000000230    0.0001851957
   8994    0.0002981750    0.0000000230    0.0001851751
   8995    0.0002981419    0.0000000230    0.0001851545
   8996    0.0002981088    0.0000000230    0.0001851340
   8997    0.0002980756    0.0000000230    0.0001851134
   8998    0.0002980425    0.0000000230    0.0001850928
   8999    0.0002980094    0.0000000230    0.0001850723
   9000    0.0002979763    0.0000000230    0.0001850517
   9001    0.0002979432    0.0000000230    0.0001850312
   9002    0.0002979101    0.0000000230    0.0001850106
   9003    0.0002978770    0.0000000230    0.0001849901
   9004    0.0002978440    0.0000000230    0.0001849695
   9005    0.0002978109    0.0000000229    0.0001849490
   9006    0.0002977778    0.0000000229    0.0001849285
   9007    0.0002977448    0.0000000229    0.0001849080
   9008    0.0002977117    0.0000000229    0.0001848874
   9009    0.0002976787    0.0000000229    0.0001848669
   9010    0.0002976457    0.0000000229    0.0001848464
   9011    0.0002976126    0.0000000229    0.0001848259
   9012    0.0002975796    0.0000000229    0.0001848054
   9013    0.0002975466    0.0000000229    0.0001847849
   9014    0.0002975136    0.0000000229    0.0001847644
   9015    0.0002974806    0.0000000229    0.0001847439
   9016    0.0002974476    0.0000000229    0.0001847235
   9017    0.0002974147    0.0000000229    0.0001847030
   9018    0.0002973817    0.0000000229    0.0001846825
   9019    0.0002973487    0.0000000229    0.0001846620
   9020    0.0002973158    0.0000000229    0.0001846416
   9021    0.0002972828    0.0000000229    0.0001846211
   9022    0.0002972499    0.0000000229    0.0001846007
   9023    0.0002972169    0.0000000229    0.0001845802
   9024    0.0002971840    0.0000000229    0.0001845598
   9025    0.0002971511    0.0000000228    0.0001845393
   9026    0.0002971182    0.0000000228    0.0001845189
   9027    0.0002970853    0.0000000228    0.0001844984
   9028    0.0002970524    0.0000000228    0.0001844780
   9029    0.0002970195    0.0000000228    0.0001844576
   9030    0.0002969866    0.0000000228    0.0001844372
   9031    0.0002969537    0.0000000228    0.0001844168
   9032    0.0002969209    0.0000000228    0.0001843964
   9033    0.0002968880    0.0000000228    0.0001843759
   9034    0.0002968551    0.0000000228    0.0001843555
   9035    0.0002968223    0.0000000228    0.0001843352
   9036    0.0002967895    0.0000000228    0.0001843148
   9037    0.0002967566    0.0000000228    0.0001842944
   9038    0.0002967238    0.0000000228    0.0001842740
   9039    0.0002966910    0.0000000228    0.0001842536
   9040    0.0002966582    0.0000000228    0.0001842332
   9041    0.0002966254    0.0000000228    0.0001842129
   9042    0.0002965926    0.0000000228    0.0001841925
   9043    0.0002965598    0.0000000228    0.0001841721
   9044    0.0002965270    0.0000000228    0.0001841518
   9045    0.0002964942    0.0000000227    0.0001841314
   9046    0.0002964615    0.0000000227    0.0001841111
   9047    0.0002964287    0.0000000227    0.0001840907
   9048    0.0002963959    0.0000000227    0.0001840704
   9049    0.0002963632    0.0000000227    0.0001840501
   9050    0.0002963305    0.0000000227    0.0001840297
   9051    0.0002962977    0.0000000227    0.0001840094
   9052    0.0002962650    0.0000000227    0.0001839891
   9053    0.0002962323    0.0000000227    0.0001839688
   9054    0.0002961996    0.0000000227    0.0001839485
   9055    0.0002961669    0.0000000227    0.0001839282
   9056    0.0002961342    0.0000000227    0.0001839079
   9057    0.0002961015    0.0000000227    0.0001838876
   9058    0.0002960688    0.0000000227    0.0001838673
   9059    0.0002960361    0.0000000227    0.0001838470
   9060    0.0002960035    0.0000000227    0.0001838267
   9061    0.0002959708    0.0000000227    0.0001838064
   9062    0.0002959382    0.0000000227    0.0001837862
   9063    0.0002959055    0.0000000227    0.0001837659
   9064    0.0002958729    0.0000000227    0.0001837456
   9065    0.0002958402    0.0000000226    0.0001837253
   9066    0.0002958076    0.0000000226    0.0001837051
   9067    0.0002957750    0.0000000226    0.0001836848
   9068    0.0002957424    0.0000000226    0.0001836646
   9069    0.0002957098    0.0000000226    0.0001836443
   9070    0.0002956772    0.0000000226    0.0001836241
   9071    0.0002956446    0.0000000226    0.0001836039
   9072    0.0002956120    0.0000000226    0.0001835836
   9073    0.0002955795    0.0000000226    0.0001835634
   9074    0.0002955469    0.0000000226    0.0001835432
   9075    0.0002955143    0.0000000226    0.0001835230
   9076    0.0002954818    0.0000000226    0.0001835028
   9077    0.0002954492    0.0000000226    0.0001834826
   9078    0.0002954167    0.0000000226    0.0001834624
   9079    0.0002953842    0.0000000226    0.0001834422
   9080    0.0002953516    0.0000000226    0.0001834220
   9081    0.0002953191    0.0000000226    0.0001834018
   9082    0.0002952866    0.0000000226    0.0001833816
   9083    0.0002952541    0.0000000226    0.0001833614
   9084    0.0002952216    0.0000000226    0.0001833412
   9085    0.0002951891    0.0000000225    0.0001833211
   9086    0.0002951567    0.0000000225    0.0001833009
   9087    0.0002951242    0.0000000225    0.0001832807
   9088    0.0002950917    0.0000000225    0.0001832606
   9089    0.0002950593    0.0000000225    0.0001832404
   9090    0.0002950268    0.0000000225    0.0001832203
   9091    0.0002949944    0.0000000225    0.0001832001
   9092    0.0002949619    0.0000000225    0.0001831800
   9093    0.0002949295    0.0000000225    0.0001831598
   9094    0.0002948971    0.0000000225    0.0001831397
   9095    0.0002948647    0.0000000225    0.0001831196
   9096    0.0002948323    0.0000000225    0.0001830995
   9097    0.0002947999    0.0000000225    0.0001830793
   9098    0.0002947675    0.0000000225    0.0001830592
   9099    0.0002947351    0.0000000225    0.0001830391
   9100    0.0002947027    0.0000000225    0.0001830190
   9101    0.0002946703    0.0000000225    0.0001829989
   9102    0.0002946380    0.0000000225    0.0001829788
   9103    0.0002946056    0.0000000225    0.0001829587
   9104    0.0002945732    0.0000000225    0.0001829386
   9105    0.0002945409    0.0000000224    0.0001829185
   9106    0.0002945086    0.0000000224    0.0001828985
   9107    0.0002944762    0.0000000224    0.0001828784
   9108    0.0002944439    0.0000000224    0.0001828583
   9109    0.0002944116    0.0000000224    0.0001828382
   9110    0.0002943793    0.0000000224    0.0001828182
   9111    0.0002943470    0.0000000224    0.0001827981
   9112    0.0002943147    0.0000000224    0.0001827781
   9113    0.0002942824    0.0000000224    0.0001827580
   9114    0.0002942501    0.0000000224    0.0001827380
   9115    0.0002942178    0.0000000224    0.0001827179
   9116    0.0002941856    0.0000000224    0.0001826979
   9117    0.0002941533    0.0000000224    0.0001826779
   9118    0.0002941211    0.0000000224    0.0001826578
   9119    0.0002940888    0.0000000224    0.0001826378
   9120    0.0002940566    0.0000000224    0.0001826178
   9121    0.0002940244    0.0000000224    0.0001825978
   9122    0.0002939921    0.0000000224    0.0001825778
   9123    0.0002939599    0.0000000224    0.0001825578
   9124    0.0002939277    0.0000000224    0.0001825378
   9125    0.0002938955    0.0000000224    0.0001825178
   9126    0.0002938633    0.0000000223    0.0001824978
   9127    0.0002938311    0.0000000223    0.0001824778
   9128    0.0002937989    0.0000000223    0.0001824578
   9129    0.0002937668    0.0000000223    0.0001824378
   9130    0.0002937346    0.0000000223    0.0001824179
   9131    0.0002937024    0.0000000223    0.0001823979
   9132    0.0002936703    0.0000000223    0.0001823779
   9133    0.0002936381    0.0000000223    0.0001823580
   9134    0.0002936060    0.0000000223    0.0001823380
   9135    0.0002935739    0.0000000223    0.0001823181
   9136    0.0002935417    0.0000000223    0.0001822981
   9137    0.0002935096    0.0000000223    0.0001822782
   9138    0.0002934775    0.0000000223    0.0001822582
   9139    0.0002934454    0.0000000223    0.0001822383
   9140    0.0002934133    0.0000000223    0.0001822184
   9141    0.0002933812    0.0000000223    0.0001821984
   9142    0.0002933491    0.0000000223    0.0001821785
   9143    0.0002933171    0.0000000223    0.0001821586
   9144    0.0002932850    0.0000000223    0.0001821387
   9145    0.0002932529    0.0000000223    0.0001821188
   9146    0.0002932209    0.0000000222    0.0001820989
   9147    0.0002931888    0.0000000222    0.0001820790
   9148    0.0002931568    0.0000000222    0.0001820591
   9149    0.0002931247    0.0000000222    0.0001820392
   9150    0.0002930927    0.0000000222    0.0001820193
   9151    0.0002930607    0.0000000222    0.0001819994
   9152    0.0002930287    0.0000000222    0.0001819795
   9153    0.0002929967    0.0000000222    0.0001819597
   9154    0.0002929647    0.0000000222    0.0001819398
   9155    0.0002929327    0.0000000222    0.0001819199
   9156    0.0002929007    0.0000000222    0.0001819001
   9157    0.0002928687    0.0000000222    0.0001818802
   9158    0.0002928367    0.0000000222    0.0001818604
   9159    0.0002928048    0.0000000222    0.0001818405
   9160    0.0002927728    0.0000000222    0.0001818207
   9161    0.0002927409    0.0000000222    0.0001818008
   9162    0.0002927089    0.0000000222    0.0001817810
   9163    0.0002926770    0.0000000222    0.0001817612
   9164    0.0002926451    0.0000000222    0.0001817413
   9165    0.0002926131    0.0000000222    0.0001817215
   9166    0.0002925812    0.0000000222    0.0001817017
   9167    0.0002925493    0.0000000221    0.0001816819
   9168    0.0002925174    0.0000000221    0.0001816621
   9169    0.0002924855    0.0000000221    0.0001816423
   9170    0.0002924536    0.0000000221    0.0001816225
   9171    0.0002924218    0.0000000221    0.0001816027
   9172    0.0002923899    0.0000000221    0.0001815829
   9173    0.0002923580    0.0000000221    0.0001815631
   9174    0.0002923262    0.0000000221    0.0001815433
   9175    0.0002922943    0.0000000221    0.0001815235
   9176    0.0002922625    0.0000000221    0.0001815038
   9177    0.0002922306    0.0000000221    0.0001814840
   9178    0.0002921988    0.0000000221    0.0001814642
   9179    0.0002921670    0.0000000221    0.0001814445
   9180    0.0002921351    0.0000000221    0.0001814247
   9181    0.0002921033    0.0000000221    0.0001814050
   9182    0.0002920715    0.0000000221    0.0001813852
   9183    0.0002920397    0.0000000221    0.0001813655
   9184    0.0002920079    0.0000000221    0.0001813457
   9185    0.0002919762    0.0000000221    0.0001813260
   9186    0.0002919444    0.0000000221    0.0001813063
   9187    0.0002919126    0.0000000220    0.0001812865
   9188    0.0002918808    0.0000000220    0.0001812668
   9189    0.0002918491    0.0000000220    0.0001812471
   9190    0.0002918173    0.0000000220    0.0001812274
   9191    0.0002917856    0.0000000220    0.0001812077
   9192    0.0002917539    0.0000000220    0.0001811880
   9193    0.0002917221    0.0000000220    0.0001811683
   9194    0.0002916904    0.0000000220    0.0001811486
   9195    0.0002916587    0.0000000220    0.0001811289
   9196    0.0002916270    0.0000000220    0.0001811092
   9197    0.0002915953    0.0000000220    0.0001810895
   9198    0.0002915636    0.0000000220    0.0001810698
   9199    0.0002915319    0.0000000220    0.0001810501
   9200    0.0002915002    0.0000000220    0.0001810305
   9201    0.0002914686    0.0000000220    0.0001810108
   9202    0.0002914369    0.0000000220    0.0001809911
   9203    0.0002914052    0.0000000220    0.0001809715
   9204    0.0002913736    0.0000000220    0.0001809518
   9205    0.0002913419    0.0000000220    0.0001809322
   9206    0.0002913103    0.0000000220    0.0001809125
   9207    0.0002912787    0.0000000220    0.0001808929
   9208    0.0002912470    0.0000000219    0.0001808732
   9209    0.0002912154    0.0000000219    0.0001808536
   9210    0.0002911838    0.0000000219    0.0001808340
   9211    0.0002911522    0.0000000219    0.0001808144
   9212    0.0002911206    0.0000000219    0.0001807947
   9213    0.0002910890    0.0000000219    0.0001807751
   9214    0.0002910574    0.0000000219    0.0001807555
   9215    0.0002910259    0.0000000219    0.0001807359
   9216    0.0002909943    0.0000000219    0.0001807163
   9217    0.0002909627    0.0000000219    0.0001806967
   9218    0.0002909312    0.0000000219    0.0001806771
   9219    0.0002908996    0.0000000219    0.0001806575
   9220    0.0002908681    0.0000000219    0.0001806379
   9221    0.0002908365    0.0000000219    0.0001806183
   9222    0.0002908050    0.0000000219    0.0001805988
   9223    0.0002907735    0.0000000219    0.0001805792
   9224    0.0002907420    0.0000000219    0.0001805596
   9225    0.0002907105    0.0000000219    0.0001805401
   9226    0.0002906790    0.0000000219    0.0001805205
   9227    0.0002906475    0.0000000219    0.0001805009
   9228    0.0002906160    0.0000000219    0.0001804814
   9229    0.0002905845    0.0000000218    0.0001804618
   9230    0.0002905530    0.0000000218    0.0001804423
   9231    0.0002905216    0.0000000218    0.0001804228
   9232    0.0002904901    0.0000000218    0.0001804032
   9233    0.0002904586    0.0000000218    0.0001803837
   9234    0.0002904272    0.0000000218    0.0001803642
   9235    0.0002903957    0.0000000218    0.0001803446
   9236    0.0002903643    0.0000000218    0.0001803251
   9237    0.0002903329    0.0000000218    0.0001803056
   9238    0.0002903015    0.0000000218    0.0001802861
   9239    0.0002902701    0.0000000218    0.0001802666
   9240    0.0002902386    0.0000000218    0.0001802471
   9241    0.0002902072    0.0000000218    0.0001802276
   9242    0.0002901759    0.0000000218    0.0001802081
   9243    0.0002901445    0.0000000218    0.0001801886
   9244    0.0002901131    0.0000000218    0.0001801691
   9245    0.0002900817    0.0000000218    0.0001801496
   9246    0.0002900504    0.0000000218    0.0001801302
   9247    0.0002900190    0.0000000218    0.0001801107
   9248    0.0002899876    0.0000000218    0.0001800912
   9249    0.0002899563    0.0000000218    0.0001800718
   9250    0.0002899250    0.0000000218    0.0001800523
   9251    0.0002898936    0.0000000217    0.0001800329
   9252    0.0002898623    0.0000000217    0.0001800134
   9253    0.0002898310    0.0000000217    0.0001799940
   9254    0.0002897997    0.0000000217    0.0001799745
   9255    0.0002897684    0.0000000217    0.0001799551
   9256    0.0002897371    0.0000000217    0.0001799356
   9257    0.0002897058    0.0000000217    0.0001799162
   9258    0.0002896745    0.0000000217    0.0001798968
   9259    0.0002896432    0.0000000217    0.0001798774
   9260    0.0002896119    0.0000000217    0.0001798579
   9261    0.0002895807    0.0000000217    0.0001798385
   9262    0.0002895494    0.0000000217    0.0001798191
   9263    0.0002895182    0.0000000217    0.0001797997
   9264    0.0002894869    0.0000000217    0.0001797803
   9265    0.0002894557    0.0000000217    0.0001797609
   9266    0.0002894245    0.0000000217    0.0001797415
   9267    0.0002893932    0.0000000217    0.0001797221
   9268    0.0002893620    0.0000000217    0.0001797028
   9269    0.0002893308    0.0000000217    0.0001796834
   9270    0.0002892996    0.0000000217    0.0001796640
   9271    0.0002892684    0.0000000217    0.0001796446
   9272    0.0002892372    0.0000000216    0.0001796253
   9273    0.0002892060    0.0000000216    0.0001796059
   9274    0.0002891749    0.0000000216    0.0001795865
   9275    0.0002891437    0.0000000216    0.0001795672
   9276    0.0002891125    0.0000000216    0.0001795478
   9277    0.0002890814    0.0000000216    0.0001795285
   9278    0.0002890502    0.0000000216    0.0001795091
   9279    0.0002890191    0.0000000216    0.0001794898
   9280    0.0002889879    0.0000000216    0.0001794705
   9281    0.0002889568    0.0000000216    0.0001794511
   9282    0.0002889257    0.0000000216    0.0001794318
   9283    0.0002888946    0.0000000216    0.0001794125
   9284    0.0002888635    0.0000000216    0.0001793932
   9285    0.0002888324    0.0000000216    0.0001793739
   9286    0.0002888013    0.0000000216    0.0001793546
   9287    0.0002887702    0.0000000216    0.0001793353
   9288    0.0002887391    0.0000000216    0.0001793160
   9289    0.0002887080    0.0000000216    0.0001792967
   9290    0.0002886769    0.0000000216    0.0001792774
   9291    0.0002886459    0.0000000216    0.0001792581
   9292    0.0002886148    0.0000000216    0.0001792388
   9293    0.0002885838    0.0000000215    0.0001792195
   9294    0.0002885527    0.0000000215    0.0001792002
   9295    0.0002885217    0.0000000215    0.0001791810
   9296    0.0002884907    0.0000000215    0.0001791617
   9297    0.0002884596    0.0000000215    0.0001791424
   9298    0.0002884286    0.0000000215    0.0001791232
   9299    0.0002883976    0.0000000215    0.0001791039
   9300    0.0002883666    0.0000000215    0.0001790847
   9301    0.0002883356    0.0000000215    0.0001790654
   9302    0.0002883046    0.0000000215    0.0001790462
   9303    0.0002882737    0.0000000215    0.0001790269
   9304    0.0002882427    0.0000000215    0.0001790077
   9305    0.0002882117    0.0000000215    0.0001789885
   9306    0.0002881807    0.0000000215    0.0001789692
   9307    0.0002881498    0.0000000215    0.0001789500
   9308    0.0002881188    0.0000000215    0.0001789308
   9309    0.0002880879    0.0000000215    0.0001789116
   9310    0.0002880570    0.0000000215    0.0001788924
   9311    0.0002880260    0.0000000215    0.0001788732
   9312    0.0002879951    0.0000000215    0.0001788540
   9313    0.0002879642    0.0000000215    0.0001788348
   9314    0.0002879333    0.0000000215    0.0001788156
   9315    0.0002879024    0.0000000214    0.0001787964
   9316    0.0002878715    0.0000000214    0.0001787772
   9317    0.0002878406    0.0000000214    0.0001787580
   9318    0.0002878097    0.0000000214    0.0001787389
   9319    0.0002877788    0.0000000214    0.0001787197
   9320    0.0002877480    0.0000000214    0.0001787005
   9321    0.0002877171    0.0000000214    0.0001786814
   9322    0.0002876862    0.0000000214    0.0001786622
   9323    0.0002876554    0.0000000214    0.0001786430
   9324    0.0002876246    0.0000000214    0.0001786239
   9325    0.0002875937    0.0000000214    0.0001786047
   9326    0.0002875629    0.0000000214    0.0001785856
   9327    0.0002875321    0.0000000214    0.0001785665
   9328    0.0002875012    0.0000000214    0.0001785473
   9329    0.0002874704    0.0000000214    0.0001785282
   9330    0.0002874396    0.0000000214    0.0001785091
   9331    0.0002874088    0.0000000214    0.0001784899
   9332    0.0002873780    0.0000000214    0.0001784708
   9333    0.0002873473    0.0000000214    0.0001784517
   9334    0.0002873165    0.0000000214    0.0001784326
   9335    0.0002872857    0.0000000214    0.0001784135
   9336    0.0002872549    0.0000000214    0.0001783944
   9337    0.0002872242    0.0000000213    0.0001783753
   9338    0.0002871934    0.0000000213    0.0001783562
   9339    0.0002871627    0.0000000213    0.0001783371
   9340    0.0002871320    0.0000000213    0.0001783180
   9341    0.0002871012    0.0000000213    0.0001782989
   9342    0.0002870705    0.0000000213    0.0001782799
   9343    0.0002870398    0.0000000213    0.0001782608
   9344    0.0002870091    0.0000000213    0.0001782417
   9345    0.0002869784    0.0000000213    0.0001782226
   9346    0.0002869477    0.0000000213    0.0001782036
   9347    0.0002869170    0.0000000213    0.0001781845
   9348    0.0002868863    0.0000000213    0.0001781655
   9349    0.0002868556    0.0000000213    0.0001781464
   9350    0.0002868249    0.0000000213    0.0001781274
   9351    0.0002867943    0.0000000213    0.0001781083
   9352    0.0002867636    0.0000000213    0.0001780893
   9353    0.0002867330    0.0000000213    0.0001780703
   9354    0.0002867023    0.0000000213    0.0001780512
   9355    0.0002866717    0.0000000213    0.0001780322
   9356    0.0002866410    0.0000000213    0.0001780132
   9357    0.0002866104    0.0000000213    0.0001779942
   9358    0.0002865798    0.0000000213    0.0001779752
   9359    0.0002865492    0.0000000212    0.0001779561
   9360    0.0002865186    0.0000000212    0.0001779371
   9361    0.0002864880    0.0000000212    0.0001779181
   9362    0.0002864574    0.0000000212    0.0001778991
   9363    0.0002864268    0.0000000212    0.0001778802
   9364    0.0002863962    0.0000000212    0.0001778612
   9365    0.0002863656    0.0000000212    0.0001778422
   9366    0.0002863351    0.0000000212    0.0001778232
   9367    0.0002863045    0.0000000212    0.0001778042
   9368    0.0002862740    0.0000000212    0.0001777852
   9369    0.0002862434    0.0000000212    0.0001777663
   9370    0.0002862129    0.0000000212    0.0001777473
   9371    0.0002861823    0.0000000212    0.0001777284
   9372    0.0002861518    0.0000000212    0.0001777094
   9373    0.0002861213    0.0000000212    0.0001776904
   9374    0.0002860908    0.0000000212    0.0001776715
   9375    0.0002860603    0.0000000212    0.0001776526
   9376    0.0002860298    0.0000000212    0.0001776336
   9377    0.0002859993    0.0000000212    0.0001776147
   9378    0.0002859688    0.0000000212    0.0001775957
   9379    0.0002859383    0.0000000212    0.0001775768
   9380    0.0002859078    0.0000000212    0.0001775579
   9381    0.0002858774    0.0000000211    0.0001775390
   9382    0.0002858469    0.0000000211    0.0001775201
   9383    0.0002858164    0.0000000211    0.0001775011
   9384    0.0002857860    0.0000000211    0.0001774822
   9385    0.0002857555    0.0000000211    0.0001774633
   9386    0.0002857251    0.0000000211    0.0001774444
   9387    0.0002856947    0.0000000211    0.0001774255
   9388    0.0002856642    0.0000000211    0.0001774066
   9389    0.0002856338    0.0000000211    0.0001773878
   9390    0.0002856034    0.0000000211    0.0001773689
   9391    0.0002855730    0.0000000211    0.0001773500
   9392    0.0002855426    0.0000000211    0.0001773311
   9393    0.0002855122    0.0000000211    0.0001773122
   9394    0.0002854818    0.0000000211    0.0001772934
   9395    0.0002854515    0.0000000211    0.0001772745
   9396    0.0002854211    0.0000000211    0.0001772557
   9397    0.0002853907    0.0000000211    0.0001772368
   9398    0.0002853604    0.0000000211    0.0001772179
   9399    0.0002853300    0.0000000211    0.0001771991
   9400    0.0002852997    0.0000000211    0.0001771803
   9401    0.0002852693    0.0000000211    0.0001771614
   9402    0.0002852390    0.0000000211    0.0001771426
   9403    0.0002852087    0.0000000210    0.0001771238
   9404    0.0002851783    0.0000000210    0.0001771049
   9405    0.0002851480    0.0000000210    0.0001770861
   9406    0.0002851177    0.0000000210    0.0001770673
   9407    0.0002850874    0.0000000210    0.0001770485
   9408    0.0002850571    0.0000000210    0.0001770297
   9409    0.0002850268    0.0000000210    0.0001770108
   9410    0.0002849966    0.0000000210    0.0001769920
   9411    0.0002849663    0.0000000210    0.0001769732
   9412    0.0002849360    0.0000000210    0.0001769544
   9413    0.0002849057    0.0000000210    0.0001769357
   9414    0.0002848755    0.0000000210    0.0001769169
   9415    0.0002848452    0.0000000210    0.0001768981
   9416    0.0002848150    0.0000000210    0.0001768793
   9417    0.0002847848    0.0000000210    0.0001768605
   9418    0.0002847545    0.0000000210    0.0001768418
   9419    0.0002847243    0.0000000210    0.0001768230
   9420    0.0002846941    0.0000000210    0.0001768042
   9421    0.0002846639    0.0000000210    0.0001767855
   9422    0.0002846337    0.0000000210    0.0001767667
   9423    0.0002846035    0.0000000210    0.0001767480
   9424    0.0002845733    0.0000000210    0.0001767292
   9425    0.0002845431    0.0000000210    0.0001767105
   9426    0.0002845129    0.0000000209    0.0001766917
   9427    0.0002844827    0.0000000209    0.0001766730
   9428    0.0002844526    0.0000000209    0.0001766543
   9429    0.0002844224    0.0000000209    0.0001766355
   9430    0.0002843923    0.0000000209    0.0001766168
   9431    0.0002843621    0.0000000209    0.0001765981
   9432    0.0002843320    0.0000000209    0.0001765794
   9433    0.0002843018    0.0000000209    0.0001765607
   9434    0.0002842717    0.0000000209    0.0001765420
   9435    0.0002842416    0.0000000209    0.0001765232
   9436    0.0002842115    0.0000000209    0.0001765045
   9437    0.0002841814    0.0000000209    0.0001764859
   9438    0.0002841513    0.0000000209    0.0001764672
   9439    0.0002841212    0.0000000209    0.0001764485
   9440    0.0002840911    0.0000000209    0.0001764298
   9441    0.0002840610    0.0000000209    0.0001764111
   9442    0.0002840309    0.0000000209    0.0001763924
   9443    0.0002840008    0.0000000209    0.0001763738
   9444    0.0002839708    0.0000000209    0.0001763551
   9445    0.0002839407    0.0000000209    0.0001763364
   9446    0.0002839107    0.0000000209    0.0001763178
   9447    0.0002838806    0.0000000209    0.0001762991
   9448    0.0002838506    0.0000000208    0.0001762805
   9449    0.0002838205    0.0000000208    0.0001762618
   9450    0.0002837905    0.0000000208    0.0001762432
   9451    0.0002837605    0.0000000208    0.0001762245
   9452    0.0002837305    0.0000000208    0.0001762059
   9453    0.0002837005    0.0000000208    0.0001761873
   9454    0.0002836705    0.0000000208    0.0001761686
   9455    0.0002836405    0.0000000208    0.0001761500
   9456    0.0002836105    0.0000000208    0.0001761314
   9457    0.0002835805    0.0000000208    0.0001761128
   9458    0.0002835505    0.0000000208    0.0001760941
   9459    0.0002835206    0.0000000208    0.0001760755
   9460    0.0002834906    0.0000000208    0.0001760569
   9461    0.0002834606    0.0000000208    0.0001760383
   9462    0.0002834307    0.0000000208    0.0001760197
   9463    0.0002834008    0.0000000208    0.0001760011
   9464    0.0002833708    0.0000000208    0.0001759826
   9465    0.0002833409    0.0000000208    0.0001759640
   9466    0.0002833110    0.0000000208    0.0001759454
   9467    0.0002832810    0.0000000208    0.0001759268
   9468    0.0002832511    0.0000000208    0.0001759082
   9469    0.0002832212    0.0000000208    0.0001758897
   9470    0.0002831913    0.0000000208    0.0001758711
   9471    0.0002831614    0.0000000207    0.0001758525
   9472    0.0002831315    0.0000000207    0.0001758340
   9473    0.0002831017    0.0000000207    0.0001758154
   9474    0.0002830718    0.0000000207    0.0001757969
   9475    0.0002830419    0.0000000207    0.0001757783
   9476    0.0002830121    0.0000000207    0.0001757598
   9477    0.0002829822    0.0000000207    0.0001757412
   9478    0.0002829524    0.0000000207    0.0001757227
   9479    0.0002829225    0.0000000207    0.0001757042
   9480    0.0002828927    0.0000000207    0.0001756856
   9481    0.0002828628    0.0000000207    0.0001756671
   9482    0.0002828330    0.0000000207    0.0001756486
   9483    0.0002828032    0.0000000207    0.0001756301
   9484    0.0002827734    0.0000000207    0.0001756116
   9485    0.0002827436    0.0000000207    0.0001755931
   9486    0.0002827138    0.0000000207    0.0001755746
   9487    0.0002826840    0.0000000207    0.0001755561
   9488    0.0002826542    0.0000000207    0.0001755376
   9489    0.0002826244    0.0000000207    0.0001755191
   9490    0.0002825947    0.0000000207    0.0001755006
   9491    0.0002825649    0.0000000207    0.0001754821
   9492    0.0002825351    0.0000000207    0.0001754636
   9493    0.0002825054    0.0000000207    0.0001754451
   9494    0.0002824756    0.0000000206    0.0001754267
   9495    0.0002824459    0.0000000206    0.0001754082
   9496    0.0002824161    0.0000000206    0.0001753897
   9497    0.0002823864    0.0000000206    0.0001753713
   9498    0.0002823567    0.0000000206    0.0001753528
   9499    0.0002823270    0.0000000206    0.0001753344
   9500    0.0002822973    0.0000000206    0.0001753159
   9501    0.0002822676    0.0000000206    0.0001752975
   9502    0.0002822379    0.0000000206    0.0001752790
   9503    0.0002822082    0.0000000206    0.0001752606
   9504    0.0002821785    0.0000000206    0.0001752422
   9505    0.0002821488    0.0000000206    0.0001752237
   9506    0.0002821191    0.0000000206    0.0001752053
   9507    0.0002820895    0.0000000206    0.0001751869
   9508    0.0002820598    0.0000000206    0.0001751685
   9509    0.0002820301    0.0000000206    0.0001751501
   9510    0.0002820005    0.0000000206    0.0001751316
   9511    0.0002819708    0.0000000206    0.0001751132
   9512    0.0002819412    0.0000000206    0.0001750948
   9513    0.0002819116    0.0000000206    0.0001750764
   9514    0.0002818820    0.0000000206    0.0001750580
   9515    0.0002818523    0.0000000206    0.0001750397
   9516    0.0002818227    0.0000000206    0.0001750213
   9517    0.0002817931    0.0000000205    0.0001750029
   9518    0.0002817635    0.0000000205    0.0001749845
   9519    0.0002817339    0.0000000205    0.0001749661
   9520    0.0002817043    0.0000000205    0.0001749478
   9521    0.0002816748    0.0000000205    0.0001749294
   9522    0.0002816452    0.0000000205    0.0001749110
   9523    0.0002816156    0.0000000205    0.0001748927
   9524    0.0002815861    0.0000000205    0.0001748743
   9525    0.0002815565    0.0000000205    0.0001748560
   9526    0.0002815270    0.0000000205    0.0001748376
   9527    0.0002814974    0.0000000205    0.0001748193
   9528    0.0002814679    0.0000000205    0.0001748009
   9529    0.0002814383    0.0000000205    0.0001747826
   9530    0.0002814088    0.0000000205    0.0001747643
   9531    0.0002813793    0.0000000205    0.0001747459
   9532    0.0002813498    0.0000000205    0.0001747276
   9533    0.0002813203    0.0000000205    0.0001747093
   9534    0.0002812908    0.0000000205    0.0001746910
   9535    0.0002812613    0.0000000205    0.0001746726
   9536    0.0002812318    0.0000000205    0.0001746543
   9537    0.0002812023    0.0000000205    0.0001746360
   9538    0.0002811728    0.0000000205    0.0001746177
   9539    0.0002811434    0.0000000205    0.0001745994
   9540    0.0002811139    0.0000000204    0.0001745811
   9541    0.0002810845    0.0000000204    0.0001745628
   9542    0.0002810550    0.0000000204    0.0001745446
   9543    0.0002810256    0.0000000204    0.0001745263
   9544    0.0002809961    0.0000000204    0.0001745080
   9545    0.0002809667    0.0000000204    0.0001744897
   9546    0.0002809373    0.0000000204    0.0001744714
   9547    0.0002809079    0.0000000204    0.0001744532
   9548    0.0002808784    0.0000000204    0.0001744349
   9549    0.0002808490    0.0000000204    0.0001744166
   9550    0.0002808196    0.0000000204    0.0001743984
   9551    0.0002807902    0.0000000204    0.0001743801
   9552    0.0002807608    0.0000000204    0.0001743619
   9553    0.0002807315    0.0000000204    0.0001743436
   9554    0.0002807021    0.0000000204    0.0001743254
   9555    0.0002806727    0.0000000204    0.0001743072
   9556    0.0002806434    0.0000000204    0.0001742889
   9557    0.0002806140    0.0000000204    0.0001742707
   9558    0.0002805846    0.0000000204    0.0001742525
   9559    0.0002805553    0.0000000204    0.0001742343
   9560    0.0002805260    0.0000000204    0.0001742160
   9561    0.0002804966    0.0000000204    0.0001741978
   9562    0.0002804673    0.0000000204    0.0001741796
   9563    0.0002804380    0.0000000204    0.0001741614
   9564    0.0002804087    0.0000000203    0.0001741432
   9565    0.0002803794    0.0000000203    0.0001741250
   9566    0.0002803501    0.0000000203    0.0001741068
   9567    0.0002803208    0.0000000203    0.0001740886
   9568    0.0002802915    0.0000000203    0.0001740704
   9569    0.0002802622    0.0000000203    0.0001740522
   9570    0.0002802329    0.0000000203    0.0001740341
   9571    0.0002802036    0.0000000203    0.0001740159
   9572    0.0002801744    0.0000000203    0.0001739977
   9573    0.0002801451    0.0000000203    0.0001739795
   9574    0.0002801158    0.0000000203    0.0001739614
   9575    0.0002800866    0.0000000203    0.0001739432
   9576    0.0002800574    0.0000000203    0.0001739251
   9577    0.0002800281    0.0000000203    0.0001739069
   9578    0.0002799989    0.0000000203    0.0001738888
   9579    0.0002799697    0.0000000203    0.0001738706
   9580    0.0002799405    0.0000000203    0.0001738525
   9581    0.0002799112    0.0000000203    0.0001738343
   9582    0.0002798820    0.0000000203    0.0001738162
   9583    0.0002798528    0.0000000203    0.0001737981
   9584    0.0002798236    0.0000000203    0.0001737799
   9585    0.0002797945    0.0000000203    0.0001737618
   9586    0.0002797653    0.0000000203    0.0001737437
   9587    0.0002797361    0.0000000202    0.0001737256
   9588    0.0002797069    0.0000000202    0.0001737075
   9589    0.0002796778    0.0000000202    0.0001736894
   9590    0.0002796486    0.0000000202    0.0001736713
   9591    0.0002796195    0.0000000202    0.0001736532
   9592    0.0002795903    0.0000000202    0.0001736351
   9593    0.0002795612    0.0000000202    0.0001736170
   9594    0.0002795321    0.0000000202    0.0001735989
   9595    0.0002795029    0.0000000202    0.0001735808
   9596    0.0002794738    0.0000000202    0.0001735627
   9597    0.0002794447    0.0000000202    0.0001735446
   9598    0.0002794156    0.0000000202    0.0001735266
   9599    0.0002793865    0.0000000202    0.0001735085
   9600    0.0002793574    0.0000000202    0.0001734904
   9601    0.0002793283    0.0000000202    0.0001734724
   9602    0.0002792992    0.0000000202    0.0001734543
   9603    0.0002792701    0.0000000202    0.0001734362
   9604    0.0002792411    0.0000000202    0.0001734182
   9605    0.0002792120    0.0000000202    0.0001734001
   9606    0.0002791829    0.0000000202    0.0001733821
   9607    0.0002791539    0.0000000202    0.0001733641
   9608    0.0002791248    0.0000000202    0.0001733460
   9609    0.0002790958    0.0000000202    0.0001733280
   9610    0.0002790668    0.0000000202    0.0001733100
   9611    0.0002790377    0.0000000201    0.0001732919
   9612    0.0002790087    0.0000000201    0.0001732739
   9613    0.0002789797    0.0000000201    0.0001732559
   9614    0.0002789507    0.0000000201    0.0001732379
   9615    0.0002789217    0.0000000201    0.0001732199
   9616    0.0002788927    0.0000000201    0.0001732019
   9617    0.0002788637    0.0000000201    0.0001731839
   9618    0.0002788347    0.0000000201    0.0001731659
   9619    0.0002788057    0.0000000201    0.0001731479
   9620    0.0002787767    0.0000000201    0.0001731299
   9621    0.0002787478    0.0000000201    0.0001731119
   9622    0.0002787188    0.0000000201    0.0001730939
   9623    0.0002786899    0.0000000201    0.0001730759
   9624    0.0002786609    0.0000000201    0.0001730579
   9625    0.0002786320    0.0000000201    0.0001730400
   9626    0.0002786030    0.0000000201    0.0001730220
   9627    0.0002785741    0.0000000201    0.0001730040
   9628    0.0002785452    0.0000000201    0.0001729861
   9629    0.0002785162    0.0000000201    0.0001729681
   9630    0.0002784873    0.0000000201    0.0001729502
   9631    0.0002784584    0.0000000201    0.0001729322
   9632    0.0002784295    0.0000000201    0.0001729143
   9633    0.0002784006    0.0000000201    0.0001728963
   9634    0.0002783717    0.0000000201    0.0001728784
   9635    0.0002783428    0.0000000200    0.0001728604
   9636    0.0002783140    0.0000000200    0.0001728425
   9637    0.0002782851    0.0000000200    0.0001728246
   9638    0.0002782562    0.0000000200    0.0001728067
   9639    0.0002782274    0.0000000200    0.0001727887
   9640    0.0002781985    0.0000000200    0.0001727708
   9641    0.0002781697    0.0000000200    0.0001727529
   9642    0.0002781408    0.0000000200    0.0001727350
   9643    0.0002781120    0.0000000200    0.0001727171
   9644    0.0002780832    0.0000000200    0.0001726992
   9645    0.0002780543    0.0000000200    0.0001726813
   9646    0.0002780255    0.0000000200    0.0001726634
   9647    0.0002779967    0.0000000200    0.0001726455
   9648    0.0002779679    0.0000000200    0.0001726276
   9649    0.0002779391    0.0000000200    0.0001726097
   9650    0.0002779103    0.0000000200    0.0001725918
   9651    0.0002778815    0.0000000200    0.0001725740
   9652    0.0002778527    0.0000000200    0.0001725561
   9653    0.0002778240    0.0000000200    0.0001725382
   9654    0.0002777952    0.0000000200    0.0001725204
   9655    0.0002777664    0.0000000200    0.0001725025
   9656    0.0002777377    0.0000000200    0.0001724846
   9657    0.0002777089    0.0000000200    0.0001724668
   9658    0.0002776802    0.0000000200    0.0001724489
   9659    0.0002776514    0.0000000199    0.0001724311
   9660    0.0002776227    0.0000000199    0.0001724132
   9661    0.0002775939    0.0000000199    0.0001723954
   9662    0.0002775652    0.0000000199    0.0001723776
   9663    0.0002775365    0.0000000199    0.0001723597
   9664    0.0002775078    0.0000000199    0.0001723419
   9665    0.0002774791    0.0000000199    0.0001723241
   9666    0.0002774504    0.0000000199    0.0001723063
   9667    0.0002774217    0.0000000199    0.0001722884
   9668    0.0002773930    0.0000000199    0.0001722706
   9669    0.0002773643    0.0000000199    0.0001722528
   9670    0.0002773357    0.0000000199    0.0001722350
   9671    0.0002773070    0.0000000199    0.0001722172
   9672    0.0002772783    0.0000000199    0.0001721994
   9673    0.0002772497    0.0000000199    0.0001721816
   9674    0.0002772210    0.0000000199    0.0001721638
   9675    0.0002771924    0.0000000199    0.0001721460
   9676    0.0002771637    0.0000000199    0.0001721283
   9677    0.0002771351    0.0000000199    0.0001721105
   9678    0.0002771065    0.0000000199    0.0001720927
   9679    0.0002770778    0.0000000199    0.0001720749
   9680    0.0002770492    0.0000000199    0.0001720572
   9681    0.0002770206    0.0000000199    0.0001720394
   9682    0.0002769920    0.0000000199    0.0001720216
   9683    0.0002769634    0.0000000198    0.0001720039
   9684    0.0002769348    0.0000000198    0.0001719861
   9685    0.0002769062    0.0000000198    0.0001719684
   9686    0.0002768776    0.0000000198    0.0001719506
   9687    0.0002768491    0.0000000198    0.0001719329
   9688    0.0002768205    0.0000000198    0.0001719151
   9689    0.0002767919    0.0000000198    0.0001718974
   9690    0.0002767634    0.0000000198    0.0001718797
   9691    0.0002767348    0.0000000198    0.0001718619
   9692    0.0002767063    0.0000000198    0.0001718442
   9693    0.0002766777    0.0000000198    0.0001718265
   9694    0.0002766492    0.0000000198    0.0001718088
   9695    0.0002766207    0.0000000198    0.0001717911
   9696    0.0002765922    0.0000000198    0.0001717733
   9697    0.0002765636    0.0000000198    0.0001717556
   9698    0.0002765351    0.0000000198    0.0001717379
   9699    0.0002765066    0.0000000198    0.0001717202
   9700    0.0002764781    0.0000000198    0.0001717025
   9701    0.0002764496    0.0000000198    0.0001716848
   9702    0.0002764211    0.0000000198    0.0001716672
   9703    0.0002763927    0.0000000198    0.0001716495
   9704    0.0002763642    0.0000000198    0.0001716318
   9705    0.0002763357    0.0000000198    0.0001716141
   9706    0.0002763073    0.0000000198    0.0001715964
   9707    0.0002762788    0.0000000198    0.0001715788
   9708    0.0002762503    0.0000000197    0.0001715611
   9709    0.0002762219    0.0000000197    0.0001715434
   9710    0.0002761935    0.0000000197    0.0001715258
   9711    0.0002761650    0.0000000197    0.0001715081
   9712    0.0002761366    0.0000000197    0.0001714905
   9713    0.0002761082    0.0000000197    0.0001714728
   9714    0.0002760798    0.0000000197    0.0001714552
   9715    0.0002760513    0.0000000197    0.0001714375
   9716    0.0002760229    0.0000000197    0.0001714199
   9717    0.0002759945    0.0000000197    0.0001714023
   9718    0.0002759661    0.0000000197    0.0001713846
   9719    0.0002759378    0.0000000197    0.0001713670
   9720    0.0002759094    0.0000000197    0.0001713494
   9721    0.0002758810    0.0000000197    0.0001713317
   9722    0.0002758526    0.0000000197    0.0001713141
   9723    0.0002758243    0.0000000197    0.0001712965
   9724    0.0002757959    0.0000000197    0.0001712789
   9725    0.0002757676    0.0000000197    0.0001712613
   9726    0.0002757392    0.0000000197    0.0001712437
   9727    0.0002757109    0.0000000197    0.0001712261
   9728    0.0002756825    0.0000000197    0.0001712085
   9729    0.0002756542    0.0000000197    0.0001711909
   9730    0.0002756259    0.0000000197    0.0001711733
   9731    0.0002755976    0.0000000197    0.0001711558
   9732    0.0002755693    0.0000000197    0.0001711382
   9733    0.0002755409    0.0000000196    0.0001711206
   9734    0.0002755126    0.0000000196    0.0001711030
   9735    0.0002754844    0.0000000196    0.0001710855
   9736    0.0002754561    0.0000000196    0.0001710679
   9737    0.0002754278    0.0000000196    0.0001710503
   9738    0.0002753995    0.0000000196    0.0001710328
   9739    0.0002753712    0.0000000196    0.0001710152
   9740    0.0002753430    0.0000000196    0.0001709977
   9741    0.0002753147    0.0000000196    0.0001709801
   9742    0.0002752865    0.0000000196    0.0001709626
   9743    0.0002752582    0.0000000196    0.0001709450
   9744    0.0002752300    0.0000000196    0.0001709275
   9745    0.0002752017    0.0000000196    0.0001709100
   9746    0.0002751735    0.0000000196    0.0001708924
   9747    0.0002751453    0.0000000196    0.0001708749
   9748    0.0002751171    0.0000000196    0.0001708574
   9749    0.0002750888    0.0000000196    0.0001708399
   9750    0.0002750606    0.0000000196    0.0001708223
   9751    0.0002750324    0.0000000196    0.0001708048
   9752    0.0002750042    0.0000000196    0.0001707873
   9753    0.0002749760    0.0000000196    0.0001707698
   9754    0.0002749479    0.0000000196    0.0001707523
   9755    0.0002749197    0.0000000196    0.0001707348
   9756    0.0002748915    0.0000000196    0.0001707173
   9757    0.0002748633    0.0000000195    0.0001706998
   9758    0.0002748352    0.0000000195    0.0001706823
   9759    0.0002748070    0.0000000195    0.0001706649
   9760    0.0002747789    0.0000000195    0.0001706474
   9761    0.0002747507    0.0000000195    0.0001706299
   9762    0.0002747226    0.0000000195    0.0001706124
   9763    0.0002746945    0.0000000195    0.0001705950
   9764    0.0002746663    0.0000000195    0.0001705775
   9765    0.0002746382    0.0000000195    0.0001705600
   9766    0.0002746101    0.0000000195    0.0001705426
   9767    0.0002745820    0.0000000195    0.0001705251
   9768    0.0002745539    0.0000000195    0.0001705077
   9769    0.0002745258    0.0000000195    0.0001704902
   9770    0.0002744977    0.0000000195    0.0001704728
   9771    0.0002744696    0.0000000195    0.0001704553
   9772    0.0002744415    0.0000000195    0.0001704379
   9773    0.0002744135    0.0000000195    0.0001704205
   9774    0.0002743854    0.0000000195    0.0001704030
   9775    0.0002743573    0.0000000195    0.0001703856
   9776    0.0002743293    0.0000000195    0.0001703682
   9777    0.0002743012    0.0000000195    0.0001703508
   9778    0.0002742732    0.0000000195    0.0001703334
   9779    0.0002742451    0.0000000195    0.0001703160
   9780    0.0002742171    0.0000000195    0.0001702985
   9781    0.0002741891    0.0000000195    0.0001702811
   9782    0.0002741610    0.0000000194    0.0001702637
   9783    0.0002741330    0.0000000194    0.0001702463
   9784    0.0002741050    0.0000000194    0.0001702289
   9785    0.0002740770    0.0000000194    0.0001702116
   9786    0.0002740490    0.0000000194    0.0001701942
   9787    0.0002740210    0.0000000194    0.0001701768
   9788    0.0002739930    0.0000000194    0.0001701594
   9789    0.0002739650    0.0000000194    0.0001701420
   9790    0.0002739371    0.0000000194    0.0001701247
   9791    0.0002739091    0.0000000194    0.0001701073
   9792    0.0002738811    0.0000000194    0.0001700899
   9793    0.0002738532    0.0000000194    0.0001700726
   9794    0.0002738252    0.0000000194    0.0001700552
   9795    0.0002737973    0.0000000194    0.0001700379
   9796    0.0002737693    0.0000000194    0.0001700205
   9797    0.0002737414    0.0000000194    0.0001700031
   9798    0.0002737134    0.0000000194    0.0001699858
   9799    0.0002736855    0.0000000194    0.0001699685
   9800    0.0002736576    0.0000000194    0.0001699511
   9801    0.0002736297    0.0000000194    0.0001699338
   9802    0.0002736018    0.0000000194    0.0001699165
   9803    0.0002735739    0.0000000194    0.0001698991
   9804    0.0002735460    0.0000000194    0.0001698818
   9805    0.0002735181    0.0000000194    0.0001698645
   9806    0.0002734902    0.0000000194    0.0001698472
   9807    0.0002734623    0.0000000194    0.0001698299
   9808    0.0002734344    0.0000000193    0.0001698126
   9809    0.0002734066    0.0000000193    0.0001697953
   9810    0.0002733787    0.0000000193    0.0001697780
   9811    0.0002733509    0.0000000193    0.0001697607
   9812    0.0002733230    0.0000000193    0.0001697434
   9813    0.0002732952    0.0000000193    0.0001697261
   9814    0.0002732673    0.0000000193    0.0001697088
   9815    0.0002732395    0.0000000193    0.0001696915
   9816    0.0002732116    0.0000000193    0.0001696742
   9817    0.0002731838    0.0000000193    0.0001696569
   9818    0.0002731560    0.0000000193    0.0001696397
   9819    0.0002731282    0.0000000193    0.0001696224
   9820    0.0002731004    0.0000000193    0.0001696051
   9821    0.0002730726    0.0000000193    0.0001695879
   9822    0.0002730448    0.0000000193    0.0001695706
   9823    0.0002730170    0.0000000193    0.0001695533
   9824    0.0002729892    0.0000000193    0.0001695361
   9825    0.0002729614    0.0000000193    0.0001695188
   9826    0.0002729337    0.0000000193    0.0001695016
   9827    0.0002729059    0.0000000193    0.0001694844
   9828    0.0002728781    0.0000000193    0.0001694671
   9829    0.0002728504    0.0000000193    0.0001694499
   9830    0.0002728226    0.0000000193    0.0001694326
   9831    0.0002727949    0.0000000193    0.0001694154
   9832    0.0002727671    0.0000000193    0.0001693982
   9833    0.0002727394    0.0000000192    0.0001693810
   9834    0.0002727117    0.0000000192    0.0001693638
   9835    0.0002726840    0.0000000192    0.0001693465
   9836    0.0002726562    0.0000000192    0.0001693293
   9837    0.0002726285    0.0000000192    0.0001693121
   9838    0.0002726008    0.0000000192    0.0001692949
   9839    0.0002725731    0.0000000192    0.0001692777
   9840    0.0002725454    0.0000000192    0.0001692605
   9841    0.0002725178    0.0000000192    0.0001692433
   9842    0.0002724901    0.0000000192    0.0001692261
   9843    0.0002724624    0.0000000192    0.0001692090
   9844    0.0002724347    0.0000000192    0.0001691918
   9845    0.0002724071    0.0000000192    0.0001691746
   9846    0.0002723794    0.0000000192    0.0001691574
   9847    0.0002723517    0.0000000192    0.0001691402
   9848    0.0002723241    0.0000000192    0.0001691231
   9849    0.0002722964    0.0000000192    0.0001691059
   9850    0.0002722688    0.0000000192    0.0001690887
   9851    0.0002722412    0.0000000192    0.0001690716
   9852    0.0002722136    0.0000000192    0.0001690544
   9853    0.0002721859    0.0000000192    0.0001690373
   9854    0.0002721583    0.0000000192    0.0001690201
   9855    0.0002721307    0.0000000192    0.0001690030
   9856    0.0002721031    0.0000000192    0.0001689859
   9857    0.0002720755    0.0000000192    0.0001689687
   9858    0.0002720479    0.0000000192    0.0001689516
   9859    0.0002720203    0.0000000191    0.0001689345
   9860    0.0002719927    0.0000000191    0.0001689173
   9861    0.0002719652    0.0000000191    0.0001689002
   9862    0.0002719376    0.0000000191    0.0001688831
   9863    0.0002719100    0.0000000191    0.0001688660
   9864    0.0002718825    0.0000000191    0.0001688489
   9865    0.0002718549    0.0000000191    0.0001688317
   9866    0.0002718274    0.0000000191    0.0001688146
   9867    0.0002717998    0.0000000191    0.0001687975
   9868    0.0002717723    0.0000000191    0.0001687804
   9869    0.0002717448    0.0000000191    0.0001687633
   9870    0.0002717172    0.0000000191    0.0001687462
   9871    0.0002716897    0.0000000191    0.0001687292
   9872    0.0002716622    0.0000000191    0.0001687121
   9873    0.0002716347    0.0000000191    0.0001686950
   9874    0.0002716072    0.0000000191    0.0001686779
   9875    0.0002715797    0.0000000191    0.0001686608
   9876    0.0002715522    0.0000000191    0.0001686438
   9877    0.0002715247    0.0000000191    0.0001686267
   9878    0.0002714972    0.0000000191    0.0001686096
   9879    0.0002714698    0.0000000191    0.0001685926
   9880    0.0002714423    0.0000000191    0.0001685755
   9881    0.0002714148    0.0000000191    0.0001685585
   9882    0.0002713874    0.0000000191    0.0001685414
   9883    0.0002713599    0.0000000191    0.0001685244
   9884    0.0002713325    0.0000000191    0.0001685073
   9885    0.0002713050    0.0000000190    0.0001684903
   9886    0.0002712776    0.0000000190    0.0001684732
   9887    0.0002712501    0.0000000190    0.0001684562
   9888    0.0002712227    0.0000000190    0.0001684392
   9889    0.0002711953    0.0000000190    0.0001684222
   9890    0.0002711679    0.0000000190    0.0001684051
   9891    0.0002711405    0.0000000190    0.0001683881
   9892    0.0002711131    0.0000000190    0.0001683711
   9893    0.0002710857    0.0000000190    0.0001683541
   9894    0.0002710583    0.0000000190    0.0001683371
   9895    0.0002710309    0.0000000190    0.0001683201
   9896    0.0002710035    0.0000000190    0.0001683031
   9897    0.0002709761    0.0000000190    0.0001682861
   9898    0.0002709488    0.0000000190    0.0001682691
   9899    0.0002709214    0.0000000190    0.0001682521
   9900    0.0002708940    0.0000000190    0.0001682351
   9901    0.0002708667    0.0000000190    0.0001682181
   9902    0.0002708393    0.0000000190    0.0001682011
   9903    0.0002708120    0.0000000190    0.0001681841
   9904    0.0002707847    0.0000000190    0.0001681672
   9905    0.0002707573    0.0000000190    0.0001681502
   9906    0.0002707300    0.0000000190    0.0001681332
   9907    0.0002707027    0.0000000190    0.0001681163
   9908    0.0002706754    0.0000000190    0.0001680993
   9909    0.0002706481    0.0000000190    0.0001680823
   9910    0.0002706208    0.0000000190    0.0001680654
   9911    0.0002705935    0.0000000189    0.0001680484
   9912    0.0002705662    0.0000000189    0.0001680315
   9913    0.0002705389    0.0000000189    0.0001680145
   9914    0.0002705116    0.0000000189    0.0001679976
   9915    0.0002704843    0.0000000189    0.0001679807
   9916    0.0002704570    0.0000000189    0.0001679637
   9917    0.0002704298    0.0000000189    0.0001679468
   9918    0.0002704025    0.0000000189    0.0001679299
   9919    0.0002703753    0.0000000189    0.0001679130
   9920    0.0002703480    0.0000000189    0.0001678960
   9921    0.0002703208    0.0000000189    0.0001678791
   9922    0.0002702935    0.0000000189    0.0001678622
   9923    0.0002702663    0.0000000189    0.0001678453
   9924    0.0002702391    0.0000000189    0.0001678284
   9925    0.0002702119    0.0000000189    0.0001678115
   9926    0.0002701846    0.0000000189    0.0001677946
   9927    0.0002701574    0.0000000189    0.0001677777
   9928    0.0002701302    0.0000000189    0.0001677608
   9929    0.0002701030    0.0000000189    0.0001677439
   9930    0.0002700758    0.0000000189    0.0001677270
   9931    0.0002700486    0.0000000189    0.0001677101
   9932    0.0002700215    0.0000000189    0.0001676933
   9933    0.0002699943    0.0000000189    0.0001676764
   9934    0.0002699671    0.0000000189    0.0001676595
   9935    0.0002699399    0.0000000189    0.0001676426
   9936    0.0002699128    0.0000000189    0.0001676258
   9937    0.0002698856    0.0000000188    0.0001676089
   9938    0.0002698585    0.0000000188    0.0001675920
   9939    0.0002698313    0.0000000188    0.0001675752
   9940    0.0002698042    0.0000000188    0.0001675583
   9941    0.0002697771    0.0000000188    0.0001675415
   9942    0.0002697499    0.0000000188    0.0001675246
   9943    0.0002697228    0.0000000188    0.0001675078
   9944    0.0002696957    0.0000000188    0.0001674910
   9945    0.0002696686    0.0000000188    0.0001674741
   9946    0.0002696415    0.0000000188    0.0001674573
   9947    0.0002696144    0.0000000188    0.0001674405
   9948    0.0002695873    0.0000000188    0.0001674236
   9949    0.0002695602    0.0000000188    0.0001674068
   9950    0.0002695331    0.0000000188    0.0001673900
   9951    0.0002695060    0.0000000188    0.0001673732
   9952    0.0002694789    0.0000000188    0.0001673564
   9953    0.0002694519    0.0000000188    0.0001673396
   9954    0.0002694248    0.0000000188    0.0001673228
   9955    0.0002693978    0.0000000188    0.0001673060
   9956    0.0002693707    0.0000000188    0.0001672892
   9957    0.0002693437    0.0000000188    0.0001672724
   9958    0.0002693166    0.0000000188    0.0001672556
   9959    0.0002692896    0.0000000188    0.0001672388
   9960    0.0002692625    0.0000000188    0.0001672220
   9961    0.0002692355    0.0000000188    0.0001672052
   9962    0.0002692085    0.0000000188    0.0001671884
   9963    0.0002691815    0.0000000187    0.0001671717
   9964    0.0002691545    0.0000000187    0.0001671549
   9965    0.0002691275    0.0000000187    0.0001671381
   9966    0.0002691005    0.0000000187    0.0001671214
   9967    0.0002690735    0.0000000187    0.0001671046
   9968    0.0002690465    0.0000000187    0.0001670878
   9969    0.0002690195    0.0000000187    0.0001670711
   9970    0.0002689925    0.0000000187    0.0001670543
   9971    0.0002689656    0.0000000187    0.0001670376
   9972    0.0002689386    0.0000000187    0.0001670208
   9973    0.0002689116    0.0000000187    0.0001670041
   9974    0.0002688847    0.0000000187    0.0001669874
   9975    0.0002688577    0.0000000187    0.0001669706
   9976    0.0002688308    0.0000000187    0.0001669539
   9977    0.0002688039    0.0000000187    0.0001669372
   9978    0.0002687769    0.0000000187    0.0001669204
   9979    0.0002687500    0.0000000187    0.0001669037
   9980    0.0002687231    0.0000000187    0.0001668870
   9981    0.0002686962    0.0000000187    0.0001668703
   9982    0.0002686692    0.0000000187    0.0001668536
   9983    0.0002686423    0.0000000187    0.0001668369
   9984    0.0002686154    0.0000000187    0.0001668202
   9985    0.0002685885    0.0000000187    0.0001668035
   9986    0.0002685616    0.0000000187    0.0001667868
   9987    0.0002685348    0.0000000187    0.0001667701
   9988    0.0002685079    0.0000000187    0.0001667534
   9989    0.0002684810    0.0000000187    0.0001667367
   9990    0.0002684541    0.0000000186    0.0001667200
   9991    0.0002684273    0.0000000186    0.0001667033
   9992    0.0002684004    0.0000000186    0.0001666867
   9993    0.0002683736    0.0000000186    0.0001666700
   9994    0.0002683467    0.0000000186    0.0001666533
   9995    0.0002683199    0.0000000186    0.0001666366
   9996    0.0002682930    0.0000000186    0.0001666200
   9997    0.0002682662    0.0000000186    0.0001666033
   9998    0.0002682394    0.0000000186    0.0001665867
   9999    0.0002682126    0.0000000186    0.0001665700
  10000    0.0002681857    0.0000000186    0.0001665534
